#usda 1.0
(
    "Generic chilled-water perimeter CRAH (3050 x 1150 x 3407 mm). Parametric asset generated by AIDC Studio tools/asset-pipeline/generic_usd.py. Not a model of any vendor product; no display, logo or lettering."
    defaultPrim = "GenericCRAH"
    metersPerUnit = 1
    upAxis = "Z"
)

def Xform "GenericCRAH" (
    kind = "component"
)
{
    custom string aidc:assetClass = "Computer Room Air Handler" (
        doc = "Generic equipment class"
    )
    custom string aidc:assetVersion = "1.0.0" (
        doc = "Asset revision"
    )
    custom string aidc:colorSpace = "linear" (
        doc = "diffuseColor / emissiveColor are linear (sRGB hex in generic_spec.json palette)"
    )
    custom string aidc:description = "Generic large perimeter CRAH, 3050 mm frontage, tall" (
        doc = "Description"
    )
    custom float3 aidc:dimsMm = (3050, 1150, 3407) (
        doc = "W x D x H in mm (catalog-sized body)"
    )
    custom string aidc:generator = "tools/asset-pipeline/generic_usd.py" (
        doc = "AIDC Studio generator"
    )
    custom string aidc:licence = "MIT (AIDC Studio original)" (
        doc = "Licence of this generated asset"
    )
    custom int aidc:lod = 0 (
        doc = "0 = full detail, 1 = explicit low detail"
    )
    custom string aidc:manufacturer = "generic" (
        doc = "Not a model of any vendor product"
    )
    custom string aidc:modelName = "generic_crah_3050x3407" (
        doc = "Generic model name (form factor / size keyed)"
    )
    custom string aidc:nativeFront = "+X" (
        doc = "Front axis (usd_to_glb maps it to glTF -Z)"
    )
    custom string aidc:sourceTag = "body dims: catalog; fan count / layout, doors, grille: estimate (generic design)" (
        doc = "Provenance summary"
    )
    custom string aidc:specFile = "tools/asset-pipeline/generic_spec.json" (
        doc = "Parameter source"
    )
    custom int aidc:triangles = 4932 (
        doc = "Authored triangle count"
    )

    def Scope "Looks"
    {
        def Material "Plinth"
        {
            token outputs:surface.connect = </GenericCRAH/Looks/Plinth/PreviewSurface.outputs:surface>

            def Shader "PreviewSurface"
            {
                custom string aidc:srgbDiffuse = "#111214" (
                    doc = "sRGB hex from the parameter spec; diffuseColor holds the linear conversion"
                )
                uniform token info:id = "UsdPreviewSurface"
                color3f inputs:diffuseColor = (0.0056053917, 0.006048833, 0.00699541)
                float inputs:metallic = 0.1
                float inputs:roughness = 0.85
                token outputs:surface
            }
        }

        def Material "CabinetLight"
        {
            token outputs:surface.connect = </GenericCRAH/Looks/CabinetLight/PreviewSurface.outputs:surface>

            def Shader "PreviewSurface"
            {
                custom string aidc:srgbDiffuse = "#c6c9cc" (
                    doc = "sRGB hex from the parameter spec; diffuseColor holds the linear conversion"
                )
                uniform token info:id = "UsdPreviewSurface"
                color3f inputs:diffuseColor = (0.5647115, 0.58407843, 0.60382736)
                float inputs:metallic = 0.15
                float inputs:roughness = 0.6
                token outputs:surface
            }
        }

        def Material "CabinetTrim"
        {
            token outputs:surface.connect = </GenericCRAH/Looks/CabinetTrim/PreviewSurface.outputs:surface>

            def Shader "PreviewSurface"
            {
                custom string aidc:srgbDiffuse = "#8e9296" (
                    doc = "sRGB hex from the parameter spec; diffuseColor holds the linear conversion"
                )
                uniform token info:id = "UsdPreviewSurface"
                color3f inputs:diffuseColor = (0.2704978, 0.28744084, 0.3049873)
                float inputs:metallic = 0.25
                float inputs:roughness = 0.55
                token outputs:surface
            }
        }

        def Material "FanGrille"
        {
            token outputs:surface.connect = </GenericCRAH/Looks/FanGrille/PreviewSurface.outputs:surface>

            def Shader "PreviewSurface"
            {
                custom string aidc:srgbDiffuse = "#26282b" (
                    doc = "sRGB hex from the parameter spec; diffuseColor holds the linear conversion"
                )
                uniform token info:id = "UsdPreviewSurface"
                color3f inputs:diffuseColor = (0.019382361, 0.02121901, 0.024157632)
                float inputs:metallic = 0.3
                float inputs:roughness = 0.6
                token outputs:surface
            }
        }

        def Material "FanRing"
        {
            token outputs:surface.connect = </GenericCRAH/Looks/FanRing/PreviewSurface.outputs:surface>

            def Shader "PreviewSurface"
            {
                custom string aidc:srgbDiffuse = "#6c7074" (
                    doc = "sRGB hex from the parameter spec; diffuseColor holds the linear conversion"
                )
                uniform token info:id = "UsdPreviewSurface"
                color3f inputs:diffuseColor = (0.14995979, 0.16202937, 0.1746474)
                float inputs:metallic = 0.35
                float inputs:roughness = 0.5
                token outputs:surface
            }
        }

        def Material "FanHub"
        {
            token outputs:surface.connect = </GenericCRAH/Looks/FanHub/PreviewSurface.outputs:surface>

            def Shader "PreviewSurface"
            {
                custom string aidc:srgbDiffuse = "#3e4043" (
                    doc = "sRGB hex from the parameter spec; diffuseColor holds the linear conversion"
                )
                uniform token info:id = "UsdPreviewSurface"
                color3f inputs:diffuseColor = (0.048171826, 0.051269457, 0.05612849)
                float inputs:metallic = 0.3
                float inputs:roughness = 0.55
                token outputs:surface
            }
        }

        def Material "DoorLine"
        {
            token outputs:surface.connect = </GenericCRAH/Looks/DoorLine/PreviewSurface.outputs:surface>

            def Shader "PreviewSurface"
            {
                custom string aidc:srgbDiffuse = "#55585c" (
                    doc = "sRGB hex from the parameter spec; diffuseColor holds the linear conversion"
                )
                uniform token info:id = "UsdPreviewSurface"
                color3f inputs:diffuseColor = (0.09084171, 0.09758735, 0.107023105)
                float inputs:metallic = 0.1
                float inputs:roughness = 0.8
                token outputs:surface
            }
        }

        def Material "Handle"
        {
            token outputs:surface.connect = </GenericCRAH/Looks/Handle/PreviewSurface.outputs:surface>

            def Shader "PreviewSurface"
            {
                custom string aidc:srgbDiffuse = "#a9adb2" (
                    doc = "sRGB hex from the parameter spec; diffuseColor holds the linear conversion"
                )
                uniform token info:id = "UsdPreviewSurface"
                color3f inputs:diffuseColor = (0.39675522, 0.41788507, 0.4452012)
                float inputs:metallic = 0.5
                float inputs:roughness = 0.4
                token outputs:surface
            }
        }

        def Material "FilterMesh"
        {
            token outputs:surface.connect = </GenericCRAH/Looks/FilterMesh/PreviewSurface.outputs:surface>

            def Shader "PreviewSurface"
            {
                custom string aidc:srgbDiffuse = "#9fa3a7" (
                    doc = "sRGB hex from the parameter spec; diffuseColor holds the linear conversion"
                )
                uniform token info:id = "UsdPreviewSurface"
                color3f inputs:diffuseColor = (0.34670407, 0.3662526, 0.38642943)
                float inputs:metallic = 0.1
                float inputs:roughness = 0.85
                token outputs:surface
            }
        }

        def Material "LouvreGap"
        {
            token outputs:surface.connect = </GenericCRAH/Looks/LouvreGap/PreviewSurface.outputs:surface>

            def Shader "PreviewSurface"
            {
                custom string aidc:srgbDiffuse = "#1c1d1f" (
                    doc = "sRGB hex from the parameter spec; diffuseColor holds the linear conversion"
                )
                uniform token info:id = "UsdPreviewSurface"
                color3f inputs:diffuseColor = (0.011612245, 0.012286488, 0.013702083)
                float inputs:metallic = 0
                float inputs:roughness = 0.95
                token outputs:surface
            }
        }

        def Material "Flange"
        {
            token outputs:surface.connect = </GenericCRAH/Looks/Flange/PreviewSurface.outputs:surface>

            def Shader "PreviewSurface"
            {
                custom string aidc:srgbDiffuse = "#5f6367" (
                    doc = "sRGB hex from the parameter spec; diffuseColor holds the linear conversion"
                )
                uniform token info:id = "UsdPreviewSurface"
                color3f inputs:diffuseColor = (0.114435375, 0.12477182, 0.13563333)
                float inputs:metallic = 0.5
                float inputs:roughness = 0.45
                token outputs:surface
            }
        }

        def Material "Louvre"
        {
            token outputs:surface.connect = </GenericCRAH/Looks/Louvre/PreviewSurface.outputs:surface>

            def Shader "PreviewSurface"
            {
                custom string aidc:srgbDiffuse = "#7b7f83" (
                    doc = "sRGB hex from the parameter spec; diffuseColor holds the linear conversion"
                )
                uniform token info:id = "UsdPreviewSurface"
                color3f inputs:diffuseColor = (0.19806932, 0.21223076, 0.22696587)
                float inputs:metallic = 0.2
                float inputs:roughness = 0.65
                token outputs:surface
            }
        }

        def Material "Marker"
        {
            token outputs:surface.connect = </GenericCRAH/Looks/Marker/PreviewSurface.outputs:surface>

            def Shader "PreviewSurface"
            {
                custom string aidc:srgbDiffuse = "#808080" (
                    doc = "sRGB hex from the parameter spec; diffuseColor holds the linear conversion"
                )
                uniform token info:id = "UsdPreviewSurface"
                color3f inputs:diffuseColor = (0.2158605, 0.2158605, 0.2158605)
                float inputs:metallic = 0
                float inputs:roughness = 1
                token outputs:surface
            }
        }
    }

    def Scope "Geometry"
    {
        def "Cabinet"
        {
            def Mesh "Plinth" (
                prepend apiSchemas = ["MaterialBindingAPI"]
            )
            {
                float3[] extent = [(-0.575, -1.525, 0), (0.575, 1.525, 0.06)]
                int[] faceVertexCounts = [4, 4, 4, 4, 4, 4]
                int[] faceVertexIndices = [0, 3, 2, 1, 4, 5, 6, 7, 0, 1, 5, 4, 2, 3, 7, 6, 1, 2, 6, 5, 3, 0, 4, 7]
                rel material:binding = </GenericCRAH/Looks/Plinth>
                uniform token orientation = "rightHanded"
                point3f[] points = [(-0.575, -1.525, 0), (0.575, -1.525, 0), (0.575, 1.525, 0), (-0.575, 1.525, 0), (-0.575, -1.525, 0.06), (0.575, -1.525, 0.06), (0.575, 1.525, 0.06), (-0.575, 1.525, 0.06)]
                uniform token subdivisionScheme = "none"
            }

            def Mesh "CabinetLight" (
                prepend apiSchemas = ["MaterialBindingAPI"]
            )
            {
                float3[] extent = [(-0.561, -1.523, 0.06), (0.561, 1.523, 3.407)]
                int[] faceVertexCounts = [4, 4, 4, 4, 4, 4]
                int[] faceVertexIndices = [0, 3, 2, 1, 4, 5, 6, 7, 0, 1, 5, 4, 2, 3, 7, 6, 1, 2, 6, 5, 3, 0, 4, 7]
                rel material:binding = </GenericCRAH/Looks/CabinetLight>
                uniform token orientation = "rightHanded"
                point3f[] points = [(-0.561, -1.523, 0.06), (0.561, -1.523, 0.06), (0.561, 1.523, 0.06), (-0.561, 1.523, 0.06), (-0.561, -1.523, 3.407), (0.561, -1.523, 3.407), (0.561, 1.523, 3.407), (-0.561, 1.523, 3.407)]
                uniform token subdivisionScheme = "none"
            }

            def Mesh "CabinetTrim" (
                prepend apiSchemas = ["MaterialBindingAPI"]
            )
            {
                float3[] extent = [(-0.575, -1.525, 0.06), (0.575, 1.525, 3.407)]
                int[] faceVertexCounts = [4, 4, 4, 4, 4, 4, 4, 4, 4, 4, 4, 4, 4, 4, 4, 4, 4, 4, 4, 4, 4, 4, 4, 4, 4, 4, 4, 4, 4, 4, 4, 4, 4, 4, 4, 4, 4, 4, 4, 4, 4, 4, 4, 4, 4, 4, 4, 4]
                int[] faceVertexIndices = [0, 3, 2, 1, 4, 5, 6, 7, 0, 1, 5, 4, 2, 3, 7, 6, 1, 2, 6, 5, 3, 0, 4, 7, 8, 11, 10, 9, 12, 13, 14, 15, 8, 9, 13, 12, 10, 11, 15, 14, 9, 10, 14, 13, 11, 8, 12, 15, 16, 19, 18, 17, 20, 21, 22, 23, 16, 17, 21, 20, 18, 19, 23, 22, 17, 18, 22, 21, 19, 16, 20, 23, 24, 27, 26, 25, 28, 29, 30, 31, 24, 25, 29, 28, 26, 27, 31, 30, 25, 26, 30, 29, 27, 24, 28, 31, 32, 35, 34, 33, 36, 37, 38, 39, 32, 33, 37, 36, 34, 35, 39, 38, 33, 34, 38, 37, 35, 32, 36, 39, 40, 43, 42, 41, 44, 45, 46, 47, 40, 41, 45, 44, 42, 43, 47, 46, 41, 42, 46, 45, 43, 40, 44, 47, 48, 51, 50, 49, 52, 53, 54, 55, 48, 49, 53, 52, 50, 51, 55, 54, 49, 50, 54, 53, 51, 48, 52, 55, 56, 59, 58, 57, 60, 61, 62, 63, 56, 57, 61, 60, 58, 59, 63, 62, 57, 58, 62, 61, 59, 56, 60, 63]
                rel material:binding = </GenericCRAH/Looks/CabinetTrim>
                uniform token orientation = "rightHanded"
                point3f[] points = [(0.561, -1.525, 0.06), (0.575, -1.525, 0.06), (0.575, -1.49, 0.06), (0.561, -1.49, 0.06), (0.561, -1.525, 3.407), (0.575, -1.525, 3.407), (0.575, -1.49, 3.407), (0.561, -1.49, 3.407), (0.561, 1.49, 0.06), (0.575, 1.49, 0.06), (0.575, 1.525, 0.06), (0.561, 1.525, 0.06), (0.561, 1.49, 3.407), (0.575, 1.49, 3.407), (0.575, 1.525, 3.407), (0.561, 1.525, 3.407), (0.561, -1.49, 3.372), (0.575, -1.49, 3.372), (0.575, 1.49, 3.372), (0.561, 1.49, 3.372), (0.561, -1.49, 3.407), (0.575, -1.49, 3.407), (0.575, 1.49, 3.407), (0.561, 1.49, 3.407), (0.561, -1.49, 0.06), (0.575, -1.49, 0.06), (0.575, 1.49, 0.06), (0.561, 1.49, 0.06), (0.561, -1.49, 0.095), (0.575, -1.49, 0.095), (0.575, 1.49, 0.095), (0.561, 1.49, 0.095), (-0.575, -1.525, 0.06), (-0.561, -1.525, 0.06), (-0.561, -1.49, 0.06), (-0.575, -1.49, 0.06), (-0.575, -1.525, 3.407), (-0.561, -1.525, 3.407), (-0.561, -1.49, 3.407), (-0.575, -1.49, 3.407), (-0.575, 1.49, 0.06), (-0.561, 1.49, 0.06), (-0.561, 1.525, 0.06), (-0.575, 1.525, 0.06), (-0.575, 1.49, 3.407), (-0.561, 1.49, 3.407), (-0.561, 1.525, 3.407), (-0.575, 1.525, 3.407), (-0.575, -1.49, 3.372), (-0.561, -1.49, 3.372), (-0.561, 1.49, 3.372), (-0.575, 1.49, 3.372), (-0.575, -1.49, 3.407), (-0.561, -1.49, 3.407), (-0.561, 1.49, 3.407), (-0.575, 1.49, 3.407), (-0.575, -1.49, 0.06), (-0.561, -1.49, 0.06), (-0.561, 1.49, 0.06), (-0.575, 1.49, 0.06), (-0.575, -1.49, 0.095), (-0.561, -1.49, 0.095), (-0.561, 1.49, 0.095), (-0.575, 1.49, 0.095)]
                uniform token subdivisionScheme = "none"
            }
        }

        def "Front"
        {
            def Mesh "FanGrille" (
                prepend apiSchemas = ["MaterialBindingAPI"]
            )
            {
                float3[] extent = [(0.562, -1.49, 0.095), (0.562, 1.49, 1.47134)]
                int[] faceVertexCounts = [4]
                int[] faceVertexIndices = [0, 1, 2, 3]
                rel material:binding = </GenericCRAH/Looks/FanGrille>
                uniform token orientation = "rightHanded"
                point3f[] points = [(0.562, -1.49, 0.095), (0.562, 1.49, 0.095), (0.562, 1.49, 1.47134), (0.562, -1.49, 1.47134)]
                uniform token subdivisionScheme = "none"
            }

            def "Fans"
            {
                def Mesh "FanRing" (
                    prepend apiSchemas = ["MaterialBindingAPI"]
                )
                {
                    float3[] extent = [(0.561, -1.4470885, 0.45358148), (0.576, 1.4470885, 1.1127585)]
                    int[] faceVertexCounts = [4, 4, 4, 4, 4, 4, 4, 4, 4, 4, 4, 4, 4, 4, 4, 4, 4, 4, 4, 4, 4, 4, 4, 4, 4, 4, 4, 4, 3, 3, 3, 3, 3, 3, 3, 3, 3, 3, 3, 3, 3, 3, 3, 3, 3, 3, 3, 3, 3, 3, 3, 3, 3, 3, 3, 3, 3, 3, 3, 3, 3, 3, 3, 3, 3, 3, 3, 3, 3, 3, 3, 3, 3, 3, 3, 3, 3, 3, 3, 3, 3, 3, 3, 3, 4, 4, 4, 4, 4, 4, 4, 4, 4, 4, 4, 4, 4, 4, 4, 4, 4, 4, 4, 4, 4, 4, 4, 4, 4, 4, 4, 4, 4, 4, 4, 4, 4, 4, 4, 4, 4, 4, 4, 4, 4, 4, 4, 4, 4, 4, 4, 4, 4, 4, 4, 4, 4, 4, 4, 4, 4, 4, 4, 4, 4, 4, 4, 4, 4, 4, 4, 4, 4, 4, 4, 4, 4, 4, 4, 4, 4, 4, 4, 4, 4, 4, 4, 4, 4, 4, 4, 4, 4, 4, 4, 4, 4, 4, 4, 4, 4, 4, 4, 4, 4, 4, 4, 4, 4, 4, 4, 4, 4, 4, 4, 4, 4, 4, 4, 4, 4, 4, 4, 4, 4, 4, 4, 4, 4, 4, 4, 4, 4, 4, 4, 4, 4, 4, 4, 4, 4, 4, 4, 4, 4, 4, 4, 4, 4, 4, 4, 4, 4, 4, 4, 4, 4, 4, 4, 4, 4, 4, 4, 4, 4, 4, 4, 4, 4, 4, 4, 4, 4, 4, 4, 4, 4, 4, 4, 4, 4, 4, 4, 4, 4, 4, 4, 4, 4, 4, 4, 4, 4, 4, 4, 4, 4, 4, 4, 4, 4, 4, 4, 4, 4, 4, 4, 4, 4, 4, 4, 4, 4, 4, 4, 4, 4, 4, 4, 4, 4, 4, 4, 4, 4, 4, 4, 4, 4, 4, 4, 4, 4, 4, 4, 4, 4, 4, 4, 4, 4, 4, 4, 4, 4, 4, 4, 4, 4, 4, 4, 4, 4, 4, 4, 4, 3, 3, 3, 3, 3, 3, 3, 3, 3, 3, 3, 3, 3, 3, 3, 3, 3, 3, 3, 3, 3, 3, 3, 3, 3, 3, 3, 3, 3, 3, 3, 3, 3, 3, 3, 3, 3, 3, 3, 3, 3, 3, 3, 3, 3, 3, 3, 3, 3, 3, 3, 3, 3, 3, 3, 3, 4, 4, 4, 4, 4, 4, 4, 4, 4, 4, 4, 4, 4, 4, 4, 4, 4, 4, 4, 4, 4, 4, 4, 4, 4, 4, 4, 4, 4, 4, 4, 4, 4, 4, 4, 4, 4, 4, 4, 4, 4, 4, 4, 4, 4, 4, 4, 4, 4, 4, 4, 4, 4, 4, 4, 4, 4, 4, 4, 4, 4, 4, 4, 4, 4, 4, 4, 4, 4, 4, 4, 4, 4, 4, 4, 4, 4, 4, 4, 4, 4, 4, 4, 4, 4, 4, 4, 4, 4, 4, 4, 4, 4, 4, 4, 4, 4, 4, 4, 4, 4, 4, 4, 4, 4, 4, 4, 4, 4, 4, 4, 4, 4, 4, 4, 4, 4, 4, 4, 4, 4, 4, 4, 4, 4, 4, 4, 4, 4, 4, 4, 4, 4, 4, 4, 4, 4, 4, 4, 4, 4, 4, 4, 4, 4, 4, 4, 4, 4, 4, 4, 4, 4, 4, 4, 4, 4, 4, 4, 4, 4, 4, 4, 4, 4, 4, 4, 4, 4, 4, 4, 4, 4, 4, 4, 4, 4, 4, 4, 4, 4, 4, 4, 4, 4, 4, 4, 4, 4, 4, 4, 4, 4, 4, 4, 4, 4, 4, 4, 4, 4, 4, 4, 4, 4, 4, 4, 4, 4, 4, 4, 4, 4, 4, 4, 4, 4, 4, 4, 4, 4, 4, 4, 4, 4, 4, 4, 4, 4, 4, 4, 4, 4, 4, 4, 4, 4, 4, 4, 4, 4, 4, 4, 4, 4, 4, 4, 4, 4, 4, 4, 4, 3, 3, 3, 3, 3, 3, 3, 3, 3, 3, 3, 3, 3, 3, 3, 3, 3, 3, 3, 3, 3, 3, 3, 3, 3, 3, 3, 3, 3, 3, 3, 3, 3, 3, 3, 3, 3, 3, 3, 3, 3, 3, 3, 3, 3, 3, 3, 3, 3, 3, 3, 3, 3, 3, 3, 3, 4, 4, 4, 4, 4, 4, 4, 4, 4, 4, 4, 4, 4, 4, 4, 4, 4, 4, 4, 4, 4, 4, 4, 4, 4, 4, 4, 4, 4, 4, 4, 4, 4, 4, 4, 4, 4, 4, 4, 4, 4, 4, 4, 4, 4, 4, 4, 4, 4, 4, 4, 4, 4, 4, 4, 4, 4, 4, 4, 4, 4, 4, 4, 4, 4, 4, 4, 4, 4, 4, 4, 4, 4, 4, 4, 4, 4, 4, 4, 4, 4, 4, 4, 4, 4, 4, 4, 4, 4, 4, 4, 4, 4, 4, 4, 4, 4, 4, 4, 4, 4, 4, 4, 4, 4, 4, 4, 4, 4, 4, 4, 4, 4, 4, 4, 4, 4, 4, 4, 4, 4, 4, 4, 4, 4, 4, 4, 4, 4, 4, 4, 4, 4, 4, 4, 4, 4, 4, 4, 4, 4, 4, 4, 4, 4, 4, 4, 4, 4, 4, 4, 4, 4, 4, 4, 4, 4, 4, 4, 4, 4, 4, 4, 4, 4, 4, 4, 4, 4, 4, 4, 4, 4, 4, 4, 4, 4, 4, 4, 4, 4, 4, 4, 4, 4, 4, 4, 4, 4, 4, 4, 4, 4, 4, 4, 4, 4, 4, 4, 4, 4, 4, 4, 4, 4, 4, 4, 4, 4, 4, 4, 4, 4, 4, 4, 4, 4, 4, 4, 4, 4, 4, 4, 4, 4, 4, 4, 4, 4, 4, 4, 4, 4, 4, 4, 4, 4, 4, 4, 4, 4, 4, 4, 4, 4, 4, 4, 4, 4, 4, 4, 4, 3, 3, 3, 3, 3, 3, 3, 3, 3, 3, 3, 3, 3, 3, 3, 3, 3, 3, 3, 3, 3, 3, 3, 3, 3, 3, 3, 3, 3, 3, 3, 3, 3, 3, 3, 3, 3, 3, 3, 3, 3, 3, 3, 3, 3, 3, 3, 3, 3, 3, 3, 3, 3, 3, 3, 3, 4, 4, 4, 4, 4, 4, 4, 4, 4, 4, 4, 4, 4, 4, 4, 4, 4, 4, 4, 4, 4, 4, 4, 4, 4, 4, 4, 4, 4, 4, 4, 4, 4, 4, 4, 4, 4, 4, 4, 4, 4, 4, 4, 4, 4, 4, 4, 4, 4, 4, 4, 4, 4, 4, 4, 4, 4, 4, 4, 4, 4, 4, 4, 4, 4, 4, 4, 4, 4, 4, 4, 4, 4, 4, 4, 4, 4, 4, 4, 4, 4, 4, 4, 4, 4, 4, 4, 4, 4, 4, 4, 4, 4, 4, 4, 4, 4, 4, 4, 4, 4, 4, 4, 4, 4, 4, 4, 4, 4, 4, 4, 4, 4, 4, 4, 4, 4, 4, 4, 4, 4, 4, 4, 4, 4, 4, 4, 4, 4, 4, 4, 4, 4, 4, 4, 4, 4, 4, 4, 4, 4, 4, 4, 4, 4, 4, 4, 4, 4, 4, 4, 4, 4, 4, 4, 4, 4, 4, 4, 4, 4, 4, 4, 4, 4, 4, 4, 4, 4, 4, 4, 4, 4, 4, 4, 4, 4, 4, 4, 4, 4, 4, 4, 4, 4, 4, 4, 4, 4, 4, 4, 4, 4, 4, 4, 4, 4, 4, 4, 4, 4, 4, 4, 4, 4, 4, 4, 4, 4, 4, 4, 4, 4, 4, 4, 4, 4, 4, 4, 4, 4, 4, 4, 4]
                    int[] faceVertexIndices = [0, 1, 29, 28, 1, 2, 30, 29, 2, 3, 31, 30, 3, 4, 32, 31, 4, 5, 33, 32, 5, 6, 34, 33, 6, 7, 35, 34, 7, 8, 36, 35, 8, 9, 37, 36, 9, 10, 38, 37, 10, 11, 39, 38, 11, 12, 40, 39, 12, 13, 41, 40, 13, 14, 42, 41, 14, 15, 43, 42, 15, 16, 44, 43, 16, 17, 45, 44, 17, 18, 46, 45, 18, 19, 47, 46, 19, 20, 48, 47, 20, 21, 49, 48, 21, 22, 50, 49, 22, 23, 51, 50, 23, 24, 52, 51, 24, 25, 53, 52, 25, 26, 54, 53, 26, 27, 55, 54, 27, 0, 28, 55, 56, 1, 0, 57, 28, 29, 56, 2, 1, 57, 29, 30, 56, 3, 2, 57, 30, 31, 56, 4, 3, 57, 31, 32, 56, 5, 4, 57, 32, 33, 56, 6, 5, 57, 33, 34, 56, 7, 6, 57, 34, 35, 56, 8, 7, 57, 35, 36, 56, 9, 8, 57, 36, 37, 56, 10, 9, 57, 37, 38, 56, 11, 10, 57, 38, 39, 56, 12, 11, 57, 39, 40, 56, 13, 12, 57, 40, 41, 56, 14, 13, 57, 41, 42, 56, 15, 14, 57, 42, 43, 56, 16, 15, 57, 43, 44, 56, 17, 16, 57, 44, 45, 56, 18, 17, 57, 45, 46, 56, 19, 18, 57, 46, 47, 56, 20, 19, 57, 47, 48, 56, 21, 20, 57, 48, 49, 56, 22, 21, 57, 49, 50, 56, 23, 22, 57, 50, 51, 56, 24, 23, 57, 51, 52, 56, 25, 24, 57, 52, 53, 56, 26, 25, 57, 53, 54, 56, 27, 26, 57, 54, 55, 56, 0, 27, 57, 55, 28, 58, 59, 65, 64, 59, 60, 66, 65, 60, 61, 67, 66, 61, 62, 68, 67, 62, 63, 69, 68, 63, 58, 64, 69, 70, 71, 77, 76, 71, 72, 78, 77, 72, 73, 79, 78, 73, 74, 80, 79, 74, 75, 81, 80, 75, 70, 76, 81, 82, 83, 89, 88, 83, 84, 90, 89, 84, 85, 91, 90, 85, 86, 92, 91, 86, 87, 93, 92, 87, 82, 88, 93, 94, 95, 101, 100, 95, 96, 102, 101, 96, 97, 103, 102, 97, 98, 104, 103, 98, 99, 105, 104, 99, 94, 100, 105, 106, 107, 112, 111, 107, 108, 113, 112, 108, 109, 114, 113, 109, 110, 115, 114, 110, 106, 111, 115, 116, 117, 122, 121, 117, 118, 123, 122, 118, 119, 124, 123, 119, 120, 125, 124, 120, 116, 121, 125, 126, 127, 132, 131, 127, 128, 133, 132, 128, 129, 134, 133, 129, 130, 135, 134, 130, 126, 131, 135, 136, 137, 142, 141, 137, 138, 143, 142, 138, 139, 144, 143, 139, 140, 145, 144, 140, 136, 141, 145, 146, 147, 152, 151, 147, 148, 153, 152, 148, 149, 154, 153, 149, 150, 155, 154, 150, 146, 151, 155, 156, 157, 162, 161, 157, 158, 163, 162, 158, 159, 164, 163, 159, 160, 165, 164, 160, 156, 161, 165, 166, 167, 172, 171, 167, 168, 173, 172, 168, 169, 174, 173, 169, 170, 175, 174, 170, 166, 171, 175, 176, 177, 182, 181, 177, 178, 183, 182, 178, 179, 184, 183, 179, 180, 185, 184, 180, 176, 181, 185, 186, 187, 192, 191, 187, 188, 193, 192, 188, 189, 194, 193, 189, 190, 195, 194, 190, 186, 191, 195, 196, 197, 202, 201, 197, 198, 203, 202, 198, 199, 204, 203, 199, 200, 205, 204, 200, 196, 201, 205, 206, 207, 212, 211, 207, 208, 213, 212, 208, 209, 214, 213, 209, 210, 215, 214, 210, 206, 211, 215, 216, 217, 222, 221, 217, 218, 223, 222, 218, 219, 224, 223, 219, 220, 225, 224, 220, 216, 221, 225, 226, 227, 232, 231, 227, 228, 233, 232, 228, 229, 234, 233, 229, 230, 235, 234, 230, 226, 231, 235, 236, 237, 242, 241, 237, 238, 243, 242, 238, 239, 244, 243, 239, 240, 245, 244, 240, 236, 241, 245, 246, 247, 252, 251, 247, 248, 253, 252, 248, 249, 254, 253, 249, 250, 255, 254, 250, 246, 251, 255, 256, 257, 262, 261, 257, 258, 263, 262, 258, 259, 264, 263, 259, 260, 265, 264, 260, 256, 261, 265, 266, 267, 272, 271, 267, 268, 273, 272, 268, 269, 274, 273, 269, 270, 275, 274, 270, 266, 271, 275, 276, 277, 282, 281, 277, 278, 283, 282, 278, 279, 284, 283, 279, 280, 285, 284, 280, 276, 281, 285, 286, 287, 292, 291, 287, 288, 293, 292, 288, 289, 294, 293, 289, 290, 295, 294, 290, 286, 291, 295, 296, 297, 302, 301, 297, 298, 303, 302, 298, 299, 304, 303, 299, 300, 305, 304, 300, 296, 301, 305, 306, 307, 312, 311, 307, 308, 313, 312, 308, 309, 314, 313, 309, 310, 315, 314, 310, 306, 311, 315, 316, 317, 322, 321, 317, 318, 323, 322, 318, 319, 324, 323, 319, 320, 325, 324, 320, 316, 321, 325, 326, 327, 332, 331, 327, 328, 333, 332, 328, 329, 334, 333, 329, 330, 335, 334, 330, 326, 331, 335, 336, 337, 342, 341, 337, 338, 343, 342, 338, 339, 344, 343, 339, 340, 345, 344, 340, 336, 341, 345, 346, 347, 352, 351, 347, 348, 353, 352, 348, 349, 354, 353, 349, 350, 355, 354, 350, 346, 351, 355, 356, 357, 362, 361, 357, 358, 363, 362, 358, 359, 364, 363, 359, 360, 365, 364, 360, 356, 361, 365, 366, 367, 372, 371, 367, 368, 373, 372, 368, 369, 374, 373, 369, 370, 375, 374, 370, 366, 371, 375, 376, 377, 382, 381, 377, 378, 383, 382, 378, 379, 384, 383, 379, 380, 385, 384, 380, 376, 381, 385, 386, 387, 392, 391, 387, 388, 393, 392, 388, 389, 394, 393, 389, 390, 395, 394, 390, 386, 391, 395, 396, 397, 402, 401, 397, 398, 403, 402, 398, 399, 404, 403, 399, 400, 405, 404, 400, 396, 401, 405, 406, 407, 412, 411, 407, 408, 413, 412, 408, 409, 414, 413, 409, 410, 415, 414, 410, 406, 411, 415, 416, 417, 422, 421, 417, 418, 423, 422, 418, 419, 424, 423, 419, 420, 425, 424, 420, 416, 421, 425, 426, 427, 432, 431, 427, 428, 433, 432, 428, 429, 434, 433, 429, 430, 435, 434, 430, 426, 431, 435, 436, 437, 442, 441, 437, 438, 443, 442, 438, 439, 444, 443, 439, 440, 445, 444, 440, 436, 441, 445, 446, 447, 452, 451, 447, 448, 453, 452, 448, 449, 454, 453, 449, 450, 455, 454, 450, 446, 451, 455, 456, 457, 462, 461, 457, 458, 463, 462, 458, 459, 464, 463, 459, 460, 465, 464, 460, 456, 461, 465, 466, 467, 472, 471, 467, 468, 473, 472, 468, 469, 474, 473, 469, 470, 475, 474, 470, 466, 471, 475, 476, 477, 482, 481, 477, 478, 483, 482, 478, 479, 484, 483, 479, 480, 485, 484, 480, 476, 481, 485, 486, 487, 492, 491, 487, 488, 493, 492, 488, 489, 494, 493, 489, 490, 495, 494, 490, 486, 491, 495, 496, 497, 502, 501, 497, 498, 503, 502, 498, 499, 504, 503, 499, 500, 505, 504, 500, 496, 501, 505, 506, 507, 535, 534, 507, 508, 536, 535, 508, 509, 537, 536, 509, 510, 538, 537, 510, 511, 539, 538, 511, 512, 540, 539, 512, 513, 541, 540, 513, 514, 542, 541, 514, 515, 543, 542, 515, 516, 544, 543, 516, 517, 545, 544, 517, 518, 546, 545, 518, 519, 547, 546, 519, 520, 548, 547, 520, 521, 549, 548, 521, 522, 550, 549, 522, 523, 551, 550, 523, 524, 552, 551, 524, 525, 553, 552, 525, 526, 554, 553, 526, 527, 555, 554, 527, 528, 556, 555, 528, 529, 557, 556, 529, 530, 558, 557, 530, 531, 559, 558, 531, 532, 560, 559, 532, 533, 561, 560, 533, 506, 534, 561, 562, 507, 506, 563, 534, 535, 562, 508, 507, 563, 535, 536, 562, 509, 508, 563, 536, 537, 562, 510, 509, 563, 537, 538, 562, 511, 510, 563, 538, 539, 562, 512, 511, 563, 539, 540, 562, 513, 512, 563, 540, 541, 562, 514, 513, 563, 541, 542, 562, 515, 514, 563, 542, 543, 562, 516, 515, 563, 543, 544, 562, 517, 516, 563, 544, 545, 562, 518, 517, 563, 545, 546, 562, 519, 518, 563, 546, 547, 562, 520, 519, 563, 547, 548, 562, 521, 520, 563, 548, 549, 562, 522, 521, 563, 549, 550, 562, 523, 522, 563, 550, 551, 562, 524, 523, 563, 551, 552, 562, 525, 524, 563, 552, 553, 562, 526, 525, 563, 553, 554, 562, 527, 526, 563, 554, 555, 562, 528, 527, 563, 555, 556, 562, 529, 528, 563, 556, 557, 562, 530, 529, 563, 557, 558, 562, 531, 530, 563, 558, 559, 562, 532, 531, 563, 559, 560, 562, 533, 532, 563, 560, 561, 562, 506, 533, 563, 561, 534, 564, 565, 571, 570, 565, 566, 572, 571, 566, 567, 573, 572, 567, 568, 574, 573, 568, 569, 575, 574, 569, 564, 570, 575, 576, 577, 583, 582, 577, 578, 584, 583, 578, 579, 585, 584, 579, 580, 586, 585, 580, 581, 587, 586, 581, 576, 582, 587, 588, 589, 595, 594, 589, 590, 596, 595, 590, 591, 597, 596, 591, 592, 598, 597, 592, 593, 599, 598, 593, 588, 594, 599, 600, 601, 607, 606, 601, 602, 608, 607, 602, 603, 609, 608, 603, 604, 610, 609, 604, 605, 611, 610, 605, 600, 606, 611, 612, 613, 618, 617, 613, 614, 619, 618, 614, 615, 620, 619, 615, 616, 621, 620, 616, 612, 617, 621, 622, 623, 628, 627, 623, 624, 629, 628, 624, 625, 630, 629, 625, 626, 631, 630, 626, 622, 627, 631, 632, 633, 638, 637, 633, 634, 639, 638, 634, 635, 640, 639, 635, 636, 641, 640, 636, 632, 637, 641, 642, 643, 648, 647, 643, 644, 649, 648, 644, 645, 650, 649, 645, 646, 651, 650, 646, 642, 647, 651, 652, 653, 658, 657, 653, 654, 659, 658, 654, 655, 660, 659, 655, 656, 661, 660, 656, 652, 657, 661, 662, 663, 668, 667, 663, 664, 669, 668, 664, 665, 670, 669, 665, 666, 671, 670, 666, 662, 667, 671, 672, 673, 678, 677, 673, 674, 679, 678, 674, 675, 680, 679, 675, 676, 681, 680, 676, 672, 677, 681, 682, 683, 688, 687, 683, 684, 689, 688, 684, 685, 690, 689, 685, 686, 691, 690, 686, 682, 687, 691, 692, 693, 698, 697, 693, 694, 699, 698, 694, 695, 700, 699, 695, 696, 701, 700, 696, 692, 697, 701, 702, 703, 708, 707, 703, 704, 709, 708, 704, 705, 710, 709, 705, 706, 711, 710, 706, 702, 707, 711, 712, 713, 718, 717, 713, 714, 719, 718, 714, 715, 720, 719, 715, 716, 721, 720, 716, 712, 717, 721, 722, 723, 728, 727, 723, 724, 729, 728, 724, 725, 730, 729, 725, 726, 731, 730, 726, 722, 727, 731, 732, 733, 738, 737, 733, 734, 739, 738, 734, 735, 740, 739, 735, 736, 741, 740, 736, 732, 737, 741, 742, 743, 748, 747, 743, 744, 749, 748, 744, 745, 750, 749, 745, 746, 751, 750, 746, 742, 747, 751, 752, 753, 758, 757, 753, 754, 759, 758, 754, 755, 760, 759, 755, 756, 761, 760, 756, 752, 757, 761, 762, 763, 768, 767, 763, 764, 769, 768, 764, 765, 770, 769, 765, 766, 771, 770, 766, 762, 767, 771, 772, 773, 778, 777, 773, 774, 779, 778, 774, 775, 780, 779, 775, 776, 781, 780, 776, 772, 777, 781, 782, 783, 788, 787, 783, 784, 789, 788, 784, 785, 790, 789, 785, 786, 791, 790, 786, 782, 787, 791, 792, 793, 798, 797, 793, 794, 799, 798, 794, 795, 800, 799, 795, 796, 801, 800, 796, 792, 797, 801, 802, 803, 808, 807, 803, 804, 809, 808, 804, 805, 810, 809, 805, 806, 811, 810, 806, 802, 807, 811, 812, 813, 818, 817, 813, 814, 819, 818, 814, 815, 820, 819, 815, 816, 821, 820, 816, 812, 817, 821, 822, 823, 828, 827, 823, 824, 829, 828, 824, 825, 830, 829, 825, 826, 831, 830, 826, 822, 827, 831, 832, 833, 838, 837, 833, 834, 839, 838, 834, 835, 840, 839, 835, 836, 841, 840, 836, 832, 837, 841, 842, 843, 848, 847, 843, 844, 849, 848, 844, 845, 850, 849, 845, 846, 851, 850, 846, 842, 847, 851, 852, 853, 858, 857, 853, 854, 859, 858, 854, 855, 860, 859, 855, 856, 861, 860, 856, 852, 857, 861, 862, 863, 868, 867, 863, 864, 869, 868, 864, 865, 870, 869, 865, 866, 871, 870, 866, 862, 867, 871, 872, 873, 878, 877, 873, 874, 879, 878, 874, 875, 880, 879, 875, 876, 881, 880, 876, 872, 877, 881, 882, 883, 888, 887, 883, 884, 889, 888, 884, 885, 890, 889, 885, 886, 891, 890, 886, 882, 887, 891, 892, 893, 898, 897, 893, 894, 899, 898, 894, 895, 900, 899, 895, 896, 901, 900, 896, 892, 897, 901, 902, 903, 908, 907, 903, 904, 909, 908, 904, 905, 910, 909, 905, 906, 911, 910, 906, 902, 907, 911, 912, 913, 918, 917, 913, 914, 919, 918, 914, 915, 920, 919, 915, 916, 921, 920, 916, 912, 917, 921, 922, 923, 928, 927, 923, 924, 929, 928, 924, 925, 930, 929, 925, 926, 931, 930, 926, 922, 927, 931, 932, 933, 938, 937, 933, 934, 939, 938, 934, 935, 940, 939, 935, 936, 941, 940, 936, 932, 937, 941, 942, 943, 948, 947, 943, 944, 949, 948, 944, 945, 950, 949, 945, 946, 951, 950, 946, 942, 947, 951, 952, 953, 958, 957, 953, 954, 959, 958, 954, 955, 960, 959, 955, 956, 961, 960, 956, 952, 957, 961, 962, 963, 968, 967, 963, 964, 969, 968, 964, 965, 970, 969, 965, 966, 971, 970, 966, 962, 967, 971, 972, 973, 978, 977, 973, 974, 979, 978, 974, 975, 980, 979, 975, 976, 981, 980, 976, 972, 977, 981, 982, 983, 988, 987, 983, 984, 989, 988, 984, 985, 990, 989, 985, 986, 991, 990, 986, 982, 987, 991, 992, 993, 998, 997, 993, 994, 999, 998, 994, 995, 1000, 999, 995, 996, 1001, 1000, 996, 992, 997, 1001, 1002, 1003, 1008, 1007, 1003, 1004, 1009, 1008, 1004, 1005, 1010, 1009, 1005, 1006, 1011, 1010, 1006, 1002, 1007, 1011, 1012, 1013, 1041, 1040, 1013, 1014, 1042, 1041, 1014, 1015, 1043, 1042, 1015, 1016, 1044, 1043, 1016, 1017, 1045, 1044, 1017, 1018, 1046, 1045, 1018, 1019, 1047, 1046, 1019, 1020, 1048, 1047, 1020, 1021, 1049, 1048, 1021, 1022, 1050, 1049, 1022, 1023, 1051, 1050, 1023, 1024, 1052, 1051, 1024, 1025, 1053, 1052, 1025, 1026, 1054, 1053, 1026, 1027, 1055, 1054, 1027, 1028, 1056, 1055, 1028, 1029, 1057, 1056, 1029, 1030, 1058, 1057, 1030, 1031, 1059, 1058, 1031, 1032, 1060, 1059, 1032, 1033, 1061, 1060, 1033, 1034, 1062, 1061, 1034, 1035, 1063, 1062, 1035, 1036, 1064, 1063, 1036, 1037, 1065, 1064, 1037, 1038, 1066, 1065, 1038, 1039, 1067, 1066, 1039, 1012, 1040, 1067, 1068, 1013, 1012, 1069, 1040, 1041, 1068, 1014, 1013, 1069, 1041, 1042, 1068, 1015, 1014, 1069, 1042, 1043, 1068, 1016, 1015, 1069, 1043, 1044, 1068, 1017, 1016, 1069, 1044, 1045, 1068, 1018, 1017, 1069, 1045, 1046, 1068, 1019, 1018, 1069, 1046, 1047, 1068, 1020, 1019, 1069, 1047, 1048, 1068, 1021, 1020, 1069, 1048, 1049, 1068, 1022, 1021, 1069, 1049, 1050, 1068, 1023, 1022, 1069, 1050, 1051, 1068, 1024, 1023, 1069, 1051, 1052, 1068, 1025, 1024, 1069, 1052, 1053, 1068, 1026, 1025, 1069, 1053, 1054, 1068, 1027, 1026, 1069, 1054, 1055, 1068, 1028, 1027, 1069, 1055, 1056, 1068, 1029, 1028, 1069, 1056, 1057, 1068, 1030, 1029, 1069, 1057, 1058, 1068, 1031, 1030, 1069, 1058, 1059, 1068, 1032, 1031, 1069, 1059, 1060, 1068, 1033, 1032, 1069, 1060, 1061, 1068, 1034, 1033, 1069, 1061, 1062, 1068, 1035, 1034, 1069, 1062, 1063, 1068, 1036, 1035, 1069, 1063, 1064, 1068, 1037, 1036, 1069, 1064, 1065, 1068, 1038, 1037, 1069, 1065, 1066, 1068, 1039, 1038, 1069, 1066, 1067, 1068, 1012, 1039, 1069, 1067, 1040, 1070, 1071, 1077, 1076, 1071, 1072, 1078, 1077, 1072, 1073, 1079, 1078, 1073, 1074, 1080, 1079, 1074, 1075, 1081, 1080, 1075, 1070, 1076, 1081, 1082, 1083, 1089, 1088, 1083, 1084, 1090, 1089, 1084, 1085, 1091, 1090, 1085, 1086, 1092, 1091, 1086, 1087, 1093, 1092, 1087, 1082, 1088, 1093, 1094, 1095, 1101, 1100, 1095, 1096, 1102, 1101, 1096, 1097, 1103, 1102, 1097, 1098, 1104, 1103, 1098, 1099, 1105, 1104, 1099, 1094, 1100, 1105, 1106, 1107, 1113, 1112, 1107, 1108, 1114, 1113, 1108, 1109, 1115, 1114, 1109, 1110, 1116, 1115, 1110, 1111, 1117, 1116, 1111, 1106, 1112, 1117, 1118, 1119, 1124, 1123, 1119, 1120, 1125, 1124, 1120, 1121, 1126, 1125, 1121, 1122, 1127, 1126, 1122, 1118, 1123, 1127, 1128, 1129, 1134, 1133, 1129, 1130, 1135, 1134, 1130, 1131, 1136, 1135, 1131, 1132, 1137, 1136, 1132, 1128, 1133, 1137, 1138, 1139, 1144, 1143, 1139, 1140, 1145, 1144, 1140, 1141, 1146, 1145, 1141, 1142, 1147, 1146, 1142, 1138, 1143, 1147, 1148, 1149, 1154, 1153, 1149, 1150, 1155, 1154, 1150, 1151, 1156, 1155, 1151, 1152, 1157, 1156, 1152, 1148, 1153, 1157, 1158, 1159, 1164, 1163, 1159, 1160, 1165, 1164, 1160, 1161, 1166, 1165, 1161, 1162, 1167, 1166, 1162, 1158, 1163, 1167, 1168, 1169, 1174, 1173, 1169, 1170, 1175, 1174, 1170, 1171, 1176, 1175, 1171, 1172, 1177, 1176, 1172, 1168, 1173, 1177, 1178, 1179, 1184, 1183, 1179, 1180, 1185, 1184, 1180, 1181, 1186, 1185, 1181, 1182, 1187, 1186, 1182, 1178, 1183, 1187, 1188, 1189, 1194, 1193, 1189, 1190, 1195, 1194, 1190, 1191, 1196, 1195, 1191, 1192, 1197, 1196, 1192, 1188, 1193, 1197, 1198, 1199, 1204, 1203, 1199, 1200, 1205, 1204, 1200, 1201, 1206, 1205, 1201, 1202, 1207, 1206, 1202, 1198, 1203, 1207, 1208, 1209, 1214, 1213, 1209, 1210, 1215, 1214, 1210, 1211, 1216, 1215, 1211, 1212, 1217, 1216, 1212, 1208, 1213, 1217, 1218, 1219, 1224, 1223, 1219, 1220, 1225, 1224, 1220, 1221, 1226, 1225, 1221, 1222, 1227, 1226, 1222, 1218, 1223, 1227, 1228, 1229, 1234, 1233, 1229, 1230, 1235, 1234, 1230, 1231, 1236, 1235, 1231, 1232, 1237, 1236, 1232, 1228, 1233, 1237, 1238, 1239, 1244, 1243, 1239, 1240, 1245, 1244, 1240, 1241, 1246, 1245, 1241, 1242, 1247, 1246, 1242, 1238, 1243, 1247, 1248, 1249, 1254, 1253, 1249, 1250, 1255, 1254, 1250, 1251, 1256, 1255, 1251, 1252, 1257, 1256, 1252, 1248, 1253, 1257, 1258, 1259, 1264, 1263, 1259, 1260, 1265, 1264, 1260, 1261, 1266, 1265, 1261, 1262, 1267, 1266, 1262, 1258, 1263, 1267, 1268, 1269, 1274, 1273, 1269, 1270, 1275, 1274, 1270, 1271, 1276, 1275, 1271, 1272, 1277, 1276, 1272, 1268, 1273, 1277, 1278, 1279, 1284, 1283, 1279, 1280, 1285, 1284, 1280, 1281, 1286, 1285, 1281, 1282, 1287, 1286, 1282, 1278, 1283, 1287, 1288, 1289, 1294, 1293, 1289, 1290, 1295, 1294, 1290, 1291, 1296, 1295, 1291, 1292, 1297, 1296, 1292, 1288, 1293, 1297, 1298, 1299, 1304, 1303, 1299, 1300, 1305, 1304, 1300, 1301, 1306, 1305, 1301, 1302, 1307, 1306, 1302, 1298, 1303, 1307, 1308, 1309, 1314, 1313, 1309, 1310, 1315, 1314, 1310, 1311, 1316, 1315, 1311, 1312, 1317, 1316, 1312, 1308, 1313, 1317, 1318, 1319, 1324, 1323, 1319, 1320, 1325, 1324, 1320, 1321, 1326, 1325, 1321, 1322, 1327, 1326, 1322, 1318, 1323, 1327, 1328, 1329, 1334, 1333, 1329, 1330, 1335, 1334, 1330, 1331, 1336, 1335, 1331, 1332, 1337, 1336, 1332, 1328, 1333, 1337, 1338, 1339, 1344, 1343, 1339, 1340, 1345, 1344, 1340, 1341, 1346, 1345, 1341, 1342, 1347, 1346, 1342, 1338, 1343, 1347, 1348, 1349, 1354, 1353, 1349, 1350, 1355, 1354, 1350, 1351, 1356, 1355, 1351, 1352, 1357, 1356, 1352, 1348, 1353, 1357, 1358, 1359, 1364, 1363, 1359, 1360, 1365, 1364, 1360, 1361, 1366, 1365, 1361, 1362, 1367, 1366, 1362, 1358, 1363, 1367, 1368, 1369, 1374, 1373, 1369, 1370, 1375, 1374, 1370, 1371, 1376, 1375, 1371, 1372, 1377, 1376, 1372, 1368, 1373, 1377, 1378, 1379, 1384, 1383, 1379, 1380, 1385, 1384, 1380, 1381, 1386, 1385, 1381, 1382, 1387, 1386, 1382, 1378, 1383, 1387, 1388, 1389, 1394, 1393, 1389, 1390, 1395, 1394, 1390, 1391, 1396, 1395, 1391, 1392, 1397, 1396, 1392, 1388, 1393, 1397, 1398, 1399, 1404, 1403, 1399, 1400, 1405, 1404, 1400, 1401, 1406, 1405, 1401, 1402, 1407, 1406, 1402, 1398, 1403, 1407, 1408, 1409, 1414, 1413, 1409, 1410, 1415, 1414, 1410, 1411, 1416, 1415, 1411, 1412, 1417, 1416, 1412, 1408, 1413, 1417, 1418, 1419, 1424, 1423, 1419, 1420, 1425, 1424, 1420, 1421, 1426, 1425, 1421, 1422, 1427, 1426, 1422, 1418, 1423, 1427, 1428, 1429, 1434, 1433, 1429, 1430, 1435, 1434, 1430, 1431, 1436, 1435, 1431, 1432, 1437, 1436, 1432, 1428, 1433, 1437, 1438, 1439, 1444, 1443, 1439, 1440, 1445, 1444, 1440, 1441, 1446, 1445, 1441, 1442, 1447, 1446, 1442, 1438, 1443, 1447, 1448, 1449, 1454, 1453, 1449, 1450, 1455, 1454, 1450, 1451, 1456, 1455, 1451, 1452, 1457, 1456, 1452, 1448, 1453, 1457, 1458, 1459, 1464, 1463, 1459, 1460, 1465, 1464, 1460, 1461, 1466, 1465, 1461, 1462, 1467, 1466, 1462, 1458, 1463, 1467, 1468, 1469, 1474, 1473, 1469, 1470, 1475, 1474, 1470, 1471, 1476, 1475, 1471, 1472, 1477, 1476, 1472, 1468, 1473, 1477, 1478, 1479, 1484, 1483, 1479, 1480, 1485, 1484, 1480, 1481, 1486, 1485, 1481, 1482, 1487, 1486, 1482, 1478, 1483, 1487, 1488, 1489, 1494, 1493, 1489, 1490, 1495, 1494, 1490, 1491, 1496, 1495, 1491, 1492, 1497, 1496, 1492, 1488, 1493, 1497, 1498, 1499, 1504, 1503, 1499, 1500, 1505, 1504, 1500, 1501, 1506, 1505, 1501, 1502, 1507, 1506, 1502, 1498, 1503, 1507, 1508, 1509, 1514, 1513, 1509, 1510, 1515, 1514, 1510, 1511, 1516, 1515, 1511, 1512, 1517, 1516, 1512, 1508, 1513, 1517, 1518, 1519, 1547, 1546, 1519, 1520, 1548, 1547, 1520, 1521, 1549, 1548, 1521, 1522, 1550, 1549, 1522, 1523, 1551, 1550, 1523, 1524, 1552, 1551, 1524, 1525, 1553, 1552, 1525, 1526, 1554, 1553, 1526, 1527, 1555, 1554, 1527, 1528, 1556, 1555, 1528, 1529, 1557, 1556, 1529, 1530, 1558, 1557, 1530, 1531, 1559, 1558, 1531, 1532, 1560, 1559, 1532, 1533, 1561, 1560, 1533, 1534, 1562, 1561, 1534, 1535, 1563, 1562, 1535, 1536, 1564, 1563, 1536, 1537, 1565, 1564, 1537, 1538, 1566, 1565, 1538, 1539, 1567, 1566, 1539, 1540, 1568, 1567, 1540, 1541, 1569, 1568, 1541, 1542, 1570, 1569, 1542, 1543, 1571, 1570, 1543, 1544, 1572, 1571, 1544, 1545, 1573, 1572, 1545, 1518, 1546, 1573, 1574, 1519, 1518, 1575, 1546, 1547, 1574, 1520, 1519, 1575, 1547, 1548, 1574, 1521, 1520, 1575, 1548, 1549, 1574, 1522, 1521, 1575, 1549, 1550, 1574, 1523, 1522, 1575, 1550, 1551, 1574, 1524, 1523, 1575, 1551, 1552, 1574, 1525, 1524, 1575, 1552, 1553, 1574, 1526, 1525, 1575, 1553, 1554, 1574, 1527, 1526, 1575, 1554, 1555, 1574, 1528, 1527, 1575, 1555, 1556, 1574, 1529, 1528, 1575, 1556, 1557, 1574, 1530, 1529, 1575, 1557, 1558, 1574, 1531, 1530, 1575, 1558, 1559, 1574, 1532, 1531, 1575, 1559, 1560, 1574, 1533, 1532, 1575, 1560, 1561, 1574, 1534, 1533, 1575, 1561, 1562, 1574, 1535, 1534, 1575, 1562, 1563, 1574, 1536, 1535, 1575, 1563, 1564, 1574, 1537, 1536, 1575, 1564, 1565, 1574, 1538, 1537, 1575, 1565, 1566, 1574, 1539, 1538, 1575, 1566, 1567, 1574, 1540, 1539, 1575, 1567, 1568, 1574, 1541, 1540, 1575, 1568, 1569, 1574, 1542, 1541, 1575, 1569, 1570, 1574, 1543, 1542, 1575, 1570, 1571, 1574, 1544, 1543, 1575, 1571, 1572, 1574, 1545, 1544, 1575, 1572, 1573, 1574, 1518, 1545, 1575, 1573, 1546, 1576, 1577, 1583, 1582, 1577, 1578, 1584, 1583, 1578, 1579, 1585, 1584, 1579, 1580, 1586, 1585, 1580, 1581, 1587, 1586, 1581, 1576, 1582, 1587, 1588, 1589, 1595, 1594, 1589, 1590, 1596, 1595, 1590, 1591, 1597, 1596, 1591, 1592, 1598, 1597, 1592, 1593, 1599, 1598, 1593, 1588, 1594, 1599, 1600, 1601, 1607, 1606, 1601, 1602, 1608, 1607, 1602, 1603, 1609, 1608, 1603, 1604, 1610, 1609, 1604, 1605, 1611, 1610, 1605, 1600, 1606, 1611, 1612, 1613, 1619, 1618, 1613, 1614, 1620, 1619, 1614, 1615, 1621, 1620, 1615, 1616, 1622, 1621, 1616, 1617, 1623, 1622, 1617, 1612, 1618, 1623, 1624, 1625, 1630, 1629, 1625, 1626, 1631, 1630, 1626, 1627, 1632, 1631, 1627, 1628, 1633, 1632, 1628, 1624, 1629, 1633, 1634, 1635, 1640, 1639, 1635, 1636, 1641, 1640, 1636, 1637, 1642, 1641, 1637, 1638, 1643, 1642, 1638, 1634, 1639, 1643, 1644, 1645, 1650, 1649, 1645, 1646, 1651, 1650, 1646, 1647, 1652, 1651, 1647, 1648, 1653, 1652, 1648, 1644, 1649, 1653, 1654, 1655, 1660, 1659, 1655, 1656, 1661, 1660, 1656, 1657, 1662, 1661, 1657, 1658, 1663, 1662, 1658, 1654, 1659, 1663, 1664, 1665, 1670, 1669, 1665, 1666, 1671, 1670, 1666, 1667, 1672, 1671, 1667, 1668, 1673, 1672, 1668, 1664, 1669, 1673, 1674, 1675, 1680, 1679, 1675, 1676, 1681, 1680, 1676, 1677, 1682, 1681, 1677, 1678, 1683, 1682, 1678, 1674, 1679, 1683, 1684, 1685, 1690, 1689, 1685, 1686, 1691, 1690, 1686, 1687, 1692, 1691, 1687, 1688, 1693, 1692, 1688, 1684, 1689, 1693, 1694, 1695, 1700, 1699, 1695, 1696, 1701, 1700, 1696, 1697, 1702, 1701, 1697, 1698, 1703, 1702, 1698, 1694, 1699, 1703, 1704, 1705, 1710, 1709, 1705, 1706, 1711, 1710, 1706, 1707, 1712, 1711, 1707, 1708, 1713, 1712, 1708, 1704, 1709, 1713, 1714, 1715, 1720, 1719, 1715, 1716, 1721, 1720, 1716, 1717, 1722, 1721, 1717, 1718, 1723, 1722, 1718, 1714, 1719, 1723, 1724, 1725, 1730, 1729, 1725, 1726, 1731, 1730, 1726, 1727, 1732, 1731, 1727, 1728, 1733, 1732, 1728, 1724, 1729, 1733, 1734, 1735, 1740, 1739, 1735, 1736, 1741, 1740, 1736, 1737, 1742, 1741, 1737, 1738, 1743, 1742, 1738, 1734, 1739, 1743, 1744, 1745, 1750, 1749, 1745, 1746, 1751, 1750, 1746, 1747, 1752, 1751, 1747, 1748, 1753, 1752, 1748, 1744, 1749, 1753, 1754, 1755, 1760, 1759, 1755, 1756, 1761, 1760, 1756, 1757, 1762, 1761, 1757, 1758, 1763, 1762, 1758, 1754, 1759, 1763, 1764, 1765, 1770, 1769, 1765, 1766, 1771, 1770, 1766, 1767, 1772, 1771, 1767, 1768, 1773, 1772, 1768, 1764, 1769, 1773, 1774, 1775, 1780, 1779, 1775, 1776, 1781, 1780, 1776, 1777, 1782, 1781, 1777, 1778, 1783, 1782, 1778, 1774, 1779, 1783, 1784, 1785, 1790, 1789, 1785, 1786, 1791, 1790, 1786, 1787, 1792, 1791, 1787, 1788, 1793, 1792, 1788, 1784, 1789, 1793, 1794, 1795, 1800, 1799, 1795, 1796, 1801, 1800, 1796, 1797, 1802, 1801, 1797, 1798, 1803, 1802, 1798, 1794, 1799, 1803, 1804, 1805, 1810, 1809, 1805, 1806, 1811, 1810, 1806, 1807, 1812, 1811, 1807, 1808, 1813, 1812, 1808, 1804, 1809, 1813, 1814, 1815, 1820, 1819, 1815, 1816, 1821, 1820, 1816, 1817, 1822, 1821, 1817, 1818, 1823, 1822, 1818, 1814, 1819, 1823, 1824, 1825, 1830, 1829, 1825, 1826, 1831, 1830, 1826, 1827, 1832, 1831, 1827, 1828, 1833, 1832, 1828, 1824, 1829, 1833, 1834, 1835, 1840, 1839, 1835, 1836, 1841, 1840, 1836, 1837, 1842, 1841, 1837, 1838, 1843, 1842, 1838, 1834, 1839, 1843, 1844, 1845, 1850, 1849, 1845, 1846, 1851, 1850, 1846, 1847, 1852, 1851, 1847, 1848, 1853, 1852, 1848, 1844, 1849, 1853, 1854, 1855, 1860, 1859, 1855, 1856, 1861, 1860, 1856, 1857, 1862, 1861, 1857, 1858, 1863, 1862, 1858, 1854, 1859, 1863, 1864, 1865, 1870, 1869, 1865, 1866, 1871, 1870, 1866, 1867, 1872, 1871, 1867, 1868, 1873, 1872, 1868, 1864, 1869, 1873, 1874, 1875, 1880, 1879, 1875, 1876, 1881, 1880, 1876, 1877, 1882, 1881, 1877, 1878, 1883, 1882, 1878, 1874, 1879, 1883, 1884, 1885, 1890, 1889, 1885, 1886, 1891, 1890, 1886, 1887, 1892, 1891, 1887, 1888, 1893, 1892, 1888, 1884, 1889, 1893, 1894, 1895, 1900, 1899, 1895, 1896, 1901, 1900, 1896, 1897, 1902, 1901, 1897, 1898, 1903, 1902, 1898, 1894, 1899, 1903, 1904, 1905, 1910, 1909, 1905, 1906, 1911, 1910, 1906, 1907, 1912, 1911, 1907, 1908, 1913, 1912, 1908, 1904, 1909, 1913, 1914, 1915, 1920, 1919, 1915, 1916, 1921, 1920, 1916, 1917, 1922, 1921, 1917, 1918, 1923, 1922, 1918, 1914, 1919, 1923, 1924, 1925, 1930, 1929, 1925, 1926, 1931, 1930, 1926, 1927, 1932, 1931, 1927, 1928, 1933, 1932, 1928, 1924, 1929, 1933, 1934, 1935, 1940, 1939, 1935, 1936, 1941, 1940, 1936, 1937, 1942, 1941, 1937, 1938, 1943, 1942, 1938, 1934, 1939, 1943, 1944, 1945, 1950, 1949, 1945, 1946, 1951, 1950, 1946, 1947, 1952, 1951, 1947, 1948, 1953, 1952, 1948, 1944, 1949, 1953, 1954, 1955, 1960, 1959, 1955, 1956, 1961, 1960, 1956, 1957, 1962, 1961, 1957, 1958, 1963, 1962, 1958, 1954, 1959, 1963, 1964, 1965, 1970, 1969, 1965, 1966, 1971, 1970, 1966, 1967, 1972, 1971, 1967, 1968, 1973, 1972, 1968, 1964, 1969, 1973, 1974, 1975, 1980, 1979, 1975, 1976, 1981, 1980, 1976, 1977, 1982, 1981, 1977, 1978, 1983, 1982, 1978, 1974, 1979, 1983, 1984, 1985, 1990, 1989, 1985, 1986, 1991, 1990, 1986, 1987, 1992, 1991, 1987, 1988, 1993, 1992, 1988, 1984, 1989, 1993, 1994, 1995, 2000, 1999, 1995, 1996, 2001, 2000, 1996, 1997, 2002, 2001, 1997, 1998, 2003, 2002, 1998, 1994, 1999, 2003, 2004, 2005, 2010, 2009, 2005, 2006, 2011, 2010, 2006, 2007, 2012, 2011, 2007, 2008, 2013, 2012, 2008, 2004, 2009, 2013, 2014, 2015, 2020, 2019, 2015, 2016, 2021, 2020, 2016, 2017, 2022, 2021, 2017, 2018, 2023, 2022, 2018, 2014, 2019, 2023]
                    rel material:binding = </GenericCRAH/Looks/FanRing>
                    uniform token orientation = "rightHanded"
                    point3f[] points = [(0.561, -1.4470885, 0.74603426), (0.561, -1.4305615, 0.67362505), (0.561, -1.3983364, 0.60670877), (0.561, -1.352029, 0.5486411), (0.561, -1.2939612, 0.5023336), (0.561, -1.2270449, 0.47010845), (0.561, -1.1546357, 0.45358148), (0.561, -1.0803643, 0.45358148), (0.561, -1.0079551, 0.47010845), (0.561, -0.9410388, 0.5023336), (0.561, -0.88297105, 0.5486411), (0.561, -0.8366636, 0.60670877), (0.561, -0.8044384, 0.67362505), (0.561, -0.7879115, 0.74603426), (0.561, -0.7879115, 0.8203057), (0.561, -0.8044384, 0.892715), (0.561, -0.8366636, 0.9596312), (0.561, -0.88297105, 1.0176989), (0.561, -0.9410388, 1.0640064), (0.561, -1.0079551, 1.0962316), (0.561, -1.0803643, 1.1127585), (0.561, -1.1546357, 1.1127585), (0.561, -1.2270449, 1.0962316), (0.561, -1.2939612, 1.0640064), (0.561, -1.352029, 1.0176989), (0.561, -1.3983364, 0.9596312), (0.561, -1.4305615, 0.892715), (0.561, -1.4470885, 0.8203057), (0.567, -1.4470885, 0.74603426), (0.567, -1.4305615, 0.67362505), (0.567, -1.3983364, 0.60670877), (0.567, -1.352029, 0.5486411), (0.567, -1.2939612, 0.5023336), (0.567, -1.2270449, 0.47010845), (0.567, -1.1546357, 0.45358148), (0.567, -1.0803643, 0.45358148), (0.567, -1.0079551, 0.47010845), (0.567, -0.9410388, 0.5023336), (0.567, -0.88297105, 0.5486411), (0.567, -0.8366636, 0.60670877), (0.567, -0.8044384, 0.67362505), (0.567, -0.7879115, 0.74603426), (0.567, -0.7879115, 0.8203057), (0.567, -0.8044384, 0.892715), (0.567, -0.8366636, 0.9596312), (0.567, -0.88297105, 1.0176989), (0.567, -0.9410388, 1.0640064), (0.567, -1.0079551, 1.0962316), (0.567, -1.0803643, 1.1127585), (0.567, -1.1546357, 1.1127585), (0.567, -1.2270449, 1.0962316), (0.567, -1.2939612, 1.0640064), (0.567, -1.352029, 1.0176989), (0.567, -1.3983364, 0.9596312), (0.567, -1.4305615, 0.892715), (0.567, -1.4470885, 0.8203057), (0.561, -1.1175, 0.78317), (0.567, -1.1175, 0.78317), (0.576, -1.414755, 0.78317), (0.5745, -1.414755, 0.78057194), (0.5715, -1.414755, 0.78057194), (0.57, -1.414755, 0.78317), (0.5715, -1.414755, 0.7857681), (0.5745, -1.414755, 0.7857681), (0.576, -0.820245, 0.78317), (0.5745, -0.820245, 0.78057194), (0.5715, -0.820245, 0.78057194), (0.57, -0.820245, 0.78317), (0.5715, -0.820245, 0.7857681), (0.5745, -0.820245, 0.7857681), (0.576, -1.3276911, 0.572979), (0.5745, -1.325854, 0.57114184), (0.5715, -1.325854, 0.57114184), (0.57, -1.3276911, 0.572979), (0.5715, -1.3295281, 0.5748161), (0.5745, -1.3295281, 0.5748161), (0.576, -0.907309, 0.99336106), (0.5745, -0.90547186, 0.9915239), (0.5715, -0.90547186, 0.9915239), (0.57, -0.907309, 0.99336106), (0.5715, -0.9091461, 0.99519813), (0.5745, -0.9091461, 0.99519813), (0.573, -1.1145, 0.485915), (0.5704019, -1.116, 0.485915), (0.5704019, -1.119, 0.485915), (0.573, -1.1205, 0.485915), (0.57559806, -1.119, 0.485915), (0.57559806, -1.116, 0.485915), (0.573, -1.1145, 1.080425), (0.5704019, -1.116, 1.080425), (0.5704019, -1.119, 1.080425), (0.573, -1.1205, 1.080425), (0.57559806, -1.119, 1.080425), (0.57559806, -1.116, 1.080425), (0.57, -0.907309, 0.572979), (0.5715, -0.9091461, 0.57114184), (0.5745, -0.9091461, 0.57114184), (0.576, -0.907309, 0.572979), (0.5745, -0.90547186, 0.5748161), (0.5715, -0.90547186, 0.5748161), (0.57, -1.3276911, 0.99336106), (0.5715, -1.3295281, 0.9915239), (0.5745, -1.3295281, 0.9915239), (0.576, -1.3276911, 0.99336106), (0.5745, -1.325854, 0.99519813), (0.5715, -1.325854, 0.99519813), (0.573, -0.97422576, 0.7835611), (0.5706224, -0.97593194, 0.78329086), (0.5715305, -0.97869265, 0.7828536), (0.57446945, -0.97869265, 0.7828536), (0.57537764, -0.97593194, 0.78329086), (0.573, -0.98111725, 0.8270722), (0.5706224, -0.98282343, 0.826802), (0.5715305, -0.98558414, 0.82636476), (0.57446945, -0.98558414, 0.82636476), (0.57537764, -0.98282343, 0.826802), (0.5705, -0.9835865, 0.82668114), (0.5722275, -0.98570496, 0.8256017), (0.5750225, -0.98489577, 0.82601404), (0.5750225, -0.9822772, 0.82734823), (0.5722275, -0.981468, 0.8277606), (0.5705, -1.0035864, 0.8659331), (0.5722275, -1.0057049, 0.8648537), (0.5750225, -1.0048957, 0.86526597), (0.5750225, -1.002277, 0.8666002), (0.5722275, -1.0014678, 0.8670125), (0.5705, -1.0035864, 0.8659331), (0.5722275, -1.0052676, 0.86425185), (0.5750225, -1.0046254, 0.86489403), (0.5750225, -1.0025473, 0.86697215), (0.5722275, -1.0019051, 0.8676143), (0.5705, -1.0347369, 0.89708364), (0.5722275, -1.0364182, 0.8954024), (0.5750225, -1.035776, 0.89604455), (0.5750225, -1.0336978, 0.8981227), (0.5722275, -1.0330557, 0.8987649), (0.5705, -1.0347369, 0.89708364), (0.5722275, -1.0358163, 0.8949652), (0.5750225, -1.035404, 0.89577436), (0.5750225, -1.0340698, 0.8983929), (0.5722275, -1.0336574, 0.8992021), (0.5705, -1.0739889, 0.9170835), (0.5722275, -1.0750682, 0.91496503), (0.5750225, -1.074656, 0.9157742), (0.5750225, -1.0733217, 0.91839284), (0.5722275, -1.0729095, 0.919202), (0.5705, -1.0739889, 0.9170835), (0.5722275, -1.0743608, 0.91473514), (0.5750225, -1.0742188, 0.9156321), (0.5750225, -1.073759, 0.9185349), (0.5722275, -1.0736169, 0.91943187), (0.5705, -1.1175, 0.923975), (0.5722275, -1.117872, 0.9216266), (0.5750225, -1.1177299, 0.9225236), (0.5750225, -1.1172701, 0.92542636), (0.5722275, -1.117128, 0.92632335), (0.5705, -1.1175, 0.923975), (0.5722275, -1.117128, 0.9216266), (0.5750225, -1.1172701, 0.9225236), (0.5750225, -1.1177299, 0.92542636), (0.5722275, -1.117872, 0.92632335), (0.5705, -1.1610111, 0.9170835), (0.5722275, -1.1606392, 0.91473514), (0.5750225, -1.1607813, 0.9156321), (0.5750225, -1.161241, 0.9185349), (0.5722275, -1.161383, 0.91943187), (0.5705, -1.1610111, 0.9170835), (0.5722275, -1.1599317, 0.91496503), (0.5750225, -1.160344, 0.9157742), (0.5750225, -1.1616783, 0.91839284), (0.5722275, -1.1620905, 0.919202), (0.5705, -1.2002631, 0.89708364), (0.5722275, -1.1991837, 0.8949652), (0.5750225, -1.1995959, 0.89577436), (0.5750225, -1.2009302, 0.8983929), (0.5722275, -1.2013426, 0.8992021), (0.5705, -1.2002631, 0.89708364), (0.5722275, -1.1985818, 0.8954024), (0.5750225, -1.199224, 0.89604455), (0.5750225, -1.2013022, 0.8981227), (0.5722275, -1.2019444, 0.8987649), (0.5705, -1.2314136, 0.8659331), (0.5722275, -1.2297324, 0.86425185), (0.5750225, -1.2303746, 0.86489403), (0.5750225, -1.2324528, 0.86697215), (0.5722275, -1.2330949, 0.8676143), (0.5705, -1.2314136, 0.8659331), (0.5722275, -1.2292951, 0.8648537), (0.5750225, -1.2301043, 0.86526597), (0.5750225, -1.232723, 0.8666002), (0.5722275, -1.2335322, 0.8670125), (0.5705, -1.2514135, 0.82668114), (0.5722275, -1.249295, 0.8256017), (0.5750225, -1.2501042, 0.82601404), (0.5750225, -1.2527229, 0.82734823), (0.5722275, -1.253532, 0.8277606), (0.573, -1.2538828, 0.8270722), (0.5706224, -1.2521765, 0.826802), (0.5715305, -1.2494159, 0.82636476), (0.57446945, -1.2494159, 0.82636476), (0.57537764, -1.2521765, 0.826802), (0.573, -1.2607743, 0.7835611), (0.5706224, -1.259068, 0.78329086), (0.5715305, -1.2563074, 0.7828536), (0.57446945, -1.2563074, 0.7828536), (0.57537764, -1.259068, 0.78329086), (0.573, -1.2607743, 0.7827789), (0.5706224, -1.259068, 0.78304917), (0.5715305, -1.2563074, 0.78348637), (0.57446945, -1.2563074, 0.78348637), (0.57537764, -1.259068, 0.78304917), (0.573, -1.2538828, 0.73926777), (0.5706224, -1.2521765, 0.739538), (0.5715305, -1.2494159, 0.7399753), (0.57446945, -1.2494159, 0.7399753), (0.57537764, -1.2521765, 0.739538), (0.5755, -1.2514135, 0.73965883), (0.57377255, -1.253532, 0.73857945), (0.57097745, -1.2527229, 0.73899174), (0.57097745, -1.2501042, 0.740326), (0.57377255, -1.249295, 0.7407383), (0.5755, -1.2314136, 0.7004069), (0.57377255, -1.2335322, 0.69932747), (0.57097745, -1.232723, 0.69973975), (0.57097745, -1.2301043, 0.701074), (0.57377255, -1.2292951, 0.70148635), (0.5755, -1.2314136, 0.7004069), (0.57377255, -1.2330949, 0.69872564), (0.57097745, -1.2324528, 0.6993678), (0.57097745, -1.2303746, 0.70144594), (0.57377255, -1.2297324, 0.7020881), (0.5755, -1.2002631, 0.6692564), (0.57377255, -1.2019444, 0.6675751), (0.57097745, -1.2013022, 0.6682173), (0.57097745, -1.199224, 0.6702954), (0.57377255, -1.1985818, 0.6709376), (0.5755, -1.2002631, 0.6692564), (0.57377255, -1.2013426, 0.66713786), (0.57097745, -1.2009302, 0.66794705), (0.57097745, -1.1995959, 0.67056566), (0.57377255, -1.1991837, 0.67137486), (0.5755, -1.1610111, 0.64925647), (0.57377255, -1.1620905, 0.647138), (0.57097745, -1.1616783, 0.6479472), (0.57097745, -1.160344, 0.6505658), (0.57377255, -1.1599317, 0.651375), (0.5755, -1.1610111, 0.64925647), (0.57377255, -1.161383, 0.6469081), (0.57097745, -1.161241, 0.6478051), (0.57097745, -1.1607813, 0.65070784), (0.57377255, -1.1606392, 0.65160483), (0.5755, -1.1175, 0.642365), (0.57377255, -1.117872, 0.6400166), (0.57097745, -1.1177299, 0.6409136), (0.57097745, -1.1172701, 0.64381635), (0.57377255, -1.117128, 0.64471334), (0.5755, -1.1175, 0.642365), (0.57377255, -1.117128, 0.6400166), (0.57097745, -1.1172701, 0.6409136), (0.57097745, -1.1177299, 0.64381635), (0.57377255, -1.117872, 0.64471334), (0.5755, -1.0739889, 0.64925647), (0.57377255, -1.0736169, 0.6469081), (0.57097745, -1.073759, 0.6478051), (0.57097745, -1.0742188, 0.65070784), (0.57377255, -1.0743608, 0.65160483), (0.5755, -1.0739889, 0.64925647), (0.57377255, -1.0729095, 0.647138), (0.57097745, -1.0733217, 0.6479472), (0.57097745, -1.074656, 0.6505658), (0.57377255, -1.0750682, 0.651375), (0.5755, -1.0347369, 0.6692564), (0.57377255, -1.0336574, 0.66713786), (0.57097745, -1.0340698, 0.66794705), (0.57097745, -1.035404, 0.67056566), (0.57377255, -1.0358163, 0.67137486), (0.5755, -1.0347369, 0.6692564), (0.57377255, -1.0330557, 0.6675751), (0.57097745, -1.0336978, 0.6682173), (0.57097745, -1.035776, 0.6702954), (0.57377255, -1.0364182, 0.6709376), (0.5755, -1.0035864, 0.7004069), (0.57377255, -1.0019051, 0.69872564), (0.57097745, -1.0025473, 0.6993678), (0.57097745, -1.0046254, 0.70144594), (0.57377255, -1.0052676, 0.7020881), (0.5755, -1.0035864, 0.7004069), (0.57377255, -1.0014678, 0.69932747), (0.57097745, -1.002277, 0.69973975), (0.57097745, -1.0048957, 0.701074), (0.57377255, -1.0057049, 0.70148635), (0.5755, -0.9835865, 0.73965883), (0.57377255, -0.981468, 0.73857945), (0.57097745, -0.9822772, 0.73899174), (0.57097745, -0.98489577, 0.740326), (0.57377255, -0.98570496, 0.7407383), (0.573, -0.98111725, 0.73926777), (0.5706224, -0.98282343, 0.739538), (0.5715305, -0.98558414, 0.7399753), (0.57446945, -0.98558414, 0.7399753), (0.57537764, -0.98282343, 0.739538), (0.573, -0.97422576, 0.7827789), (0.5706224, -0.97593194, 0.78304917), (0.5715305, -0.97869265, 0.78348637), (0.57446945, -0.97869265, 0.78348637), (0.57537764, -0.97593194, 0.78304917), (0.573, -0.8803558, 0.7835611), (0.5706224, -0.88206196, 0.78329086), (0.5715305, -0.88482267, 0.7828536), (0.57446945, -0.88482267, 0.7828536), (0.57537764, -0.88206196, 0.78329086), (0.573, -0.8918416, 0.85607964), (0.5706224, -0.8935478, 0.8558094), (0.5715305, -0.8963085, 0.8553722), (0.57446945, -0.8963085, 0.8553722), (0.57537764, -0.8935478, 0.8558094), (0.5705, -0.89431083, 0.8556886), (0.5722275, -0.8964293, 0.85460913), (0.5750225, -0.8956201, 0.8550214), (0.5750225, -0.8930015, 0.85635567), (0.5722275, -0.8921923, 0.856768), (0.5705, -0.92764395, 0.9211085), (0.5722275, -0.9297624, 0.9200291), (0.5750225, -0.92895323, 0.9204414), (0.5750225, -0.9263346, 0.92177564), (0.5722275, -0.9255254, 0.9221879), (0.5705, -0.92764395, 0.9211085), (0.5722275, -0.92932516, 0.9194273), (0.5750225, -0.928683, 0.92006946), (0.5750225, -0.92660487, 0.9221476), (0.5722275, -0.9259627, 0.92278975), (0.5705, -0.9795615, 0.97302604), (0.5722275, -0.9812427, 0.9713448), (0.5750225, -0.98060054, 0.971987), (0.5750225, -0.9785224, 0.9740651), (0.5722275, -0.97788024, 0.9747073), (0.5705, -0.9795615, 0.97302604), (0.5722275, -0.98064095, 0.97090757), (0.5750225, -0.9802286, 0.97171676), (0.5750225, -0.97889435, 0.9743354), (0.5722275, -0.97848207, 0.97514457), (0.5705, -1.0449815, 1.0063592), (0.5722275, -1.0460609, 1.0042408), (0.5750225, -1.0456486, 1.00505), (0.5750225, -1.0443143, 1.0076685), (0.5722275, -1.043902, 1.0084777), (0.5705, -1.0449815, 1.0063592), (0.5722275, -1.0453534, 1.0040108), (0.5750225, -1.0452113, 1.0049078), (0.5750225, -1.0447515, 1.0078106), (0.5722275, -1.0446095, 1.0087075), (0.5705, -1.1175, 1.017845), (0.5722275, -1.117872, 1.0154966), (0.5750225, -1.1177299, 1.0163937), (0.5750225, -1.1172701, 1.0192964), (0.5722275, -1.117128, 1.0201933), (0.5705, -1.1175, 1.017845), (0.5722275, -1.117128, 1.0154966), (0.5750225, -1.1172701, 1.0163937), (0.5750225, -1.1177299, 1.0192964), (0.5722275, -1.117872, 1.0201933), (0.5705, -1.1900185, 1.0063592), (0.5722275, -1.1896466, 1.0040108), (0.5750225, -1.1897887, 1.0049078), (0.5750225, -1.1902485, 1.0078106), (0.5722275, -1.1903905, 1.0087075), (0.5705, -1.1900185, 1.0063592), (0.5722275, -1.1889391, 1.0042408), (0.5750225, -1.1893514, 1.00505), (0.5750225, -1.1906856, 1.0076685), (0.5722275, -1.191098, 1.0084777), (0.5705, -1.2554384, 0.97302604), (0.5722275, -1.2543591, 0.97090757), (0.5750225, -1.2547714, 0.97171676), (0.5750225, -1.2561057, 0.9743354), (0.5722275, -1.2565179, 0.97514457), (0.5705, -1.2554384, 0.97302604), (0.5722275, -1.2537572, 0.9713448), (0.5750225, -1.2543994, 0.971987), (0.5750225, -1.2564776, 0.9740651), (0.5722275, -1.2571198, 0.9747073), (0.5705, -1.3073561, 0.9211085), (0.5722275, -1.3056748, 0.9194273), (0.5750225, -1.306317, 0.92006946), (0.5750225, -1.3083951, 0.9221476), (0.5722275, -1.3090373, 0.92278975), (0.5705, -1.3073561, 0.9211085), (0.5722275, -1.3052375, 0.9200291), (0.5750225, -1.3060467, 0.9204414), (0.5750225, -1.3086654, 0.92177564), (0.5722275, -1.3094746, 0.9221879), (0.5705, -1.3406892, 0.8556886), (0.5722275, -1.3385707, 0.85460913), (0.5750225, -1.3393799, 0.8550214), (0.5750225, -1.3419985, 0.85635567), (0.5722275, -1.3428077, 0.856768), (0.573, -1.3431584, 0.85607964), (0.5706224, -1.3414522, 0.8558094), (0.5715305, -1.3386916, 0.8553722), (0.57446945, -1.3386916, 0.8553722), (0.57537764, -1.3414522, 0.8558094), (0.573, -1.3546442, 0.7835611), (0.5706224, -1.352938, 0.78329086), (0.5715305, -1.3501774, 0.7828536), (0.57446945, -1.3501774, 0.7828536), (0.57537764, -1.352938, 0.78329086), (0.573, -1.3546442, 0.7827789), (0.5706224, -1.352938, 0.78304917), (0.5715305, -1.3501774, 0.78348637), (0.57446945, -1.3501774, 0.78348637), (0.57537764, -1.352938, 0.78304917), (0.573, -1.3431584, 0.71026033), (0.5706224, -1.3414522, 0.7105306), (0.5715305, -1.3386916, 0.71096784), (0.57446945, -1.3386916, 0.71096784), (0.57537764, -1.3414522, 0.7105306), (0.5755, -1.3406892, 0.71065146), (0.57377255, -1.3428077, 0.709572), (0.57097745, -1.3419985, 0.7099843), (0.57097745, -1.3393799, 0.71131855), (0.57377255, -1.3385707, 0.71173084), (0.5755, -1.3073561, 0.6452315), (0.57377255, -1.3094746, 0.64415205), (0.57097745, -1.3086654, 0.6445644), (0.57097745, -1.3060467, 0.64589864), (0.57377255, -1.3052375, 0.6463109), (0.5755, -1.3073561, 0.6452315), (0.57377255, -1.3090373, 0.6435503), (0.57097745, -1.3083951, 0.64419246), (0.57097745, -1.306317, 0.6462706), (0.57377255, -1.3056748, 0.64691275), (0.5755, -1.2554384, 0.59331393), (0.57377255, -1.2571198, 0.59163266), (0.57097745, -1.2564776, 0.59227484), (0.57097745, -1.2543994, 0.594353), (0.57377255, -1.2537572, 0.5949952), (0.5755, -1.2554384, 0.59331393), (0.57377255, -1.2565179, 0.59119546), (0.57097745, -1.2561057, 0.59200466), (0.57097745, -1.2547714, 0.59462327), (0.57377255, -1.2543591, 0.59543246), (0.5755, -1.1900185, 0.5599808), (0.57377255, -1.191098, 0.55786234), (0.57097745, -1.1906856, 0.55867153), (0.57097745, -1.1893514, 0.5612901), (0.57377255, -1.1889391, 0.5620993), (0.5755, -1.1900185, 0.5599808), (0.57377255, -1.1903905, 0.55763245), (0.57097745, -1.1902485, 0.55852944), (0.57097745, -1.1897887, 0.5614322), (0.57377255, -1.1896466, 0.5623292), (0.5755, -1.1175, 0.548495), (0.57377255, -1.117872, 0.54614663), (0.57097745, -1.1177299, 0.5470436), (0.57097745, -1.1172701, 0.54994637), (0.57377255, -1.117128, 0.55084336), (0.5755, -1.1175, 0.548495), (0.57377255, -1.117128, 0.54614663), (0.57097745, -1.1172701, 0.5470436), (0.57097745, -1.1177299, 0.54994637), (0.57377255, -1.117872, 0.55084336), (0.5755, -1.0449815, 0.5599808), (0.57377255, -1.0446095, 0.55763245), (0.57097745, -1.0447515, 0.55852944), (0.57097745, -1.0452113, 0.5614322), (0.57377255, -1.0453534, 0.5623292), (0.5755, -1.0449815, 0.5599808), (0.57377255, -1.043902, 0.55786234), (0.57097745, -1.0443143, 0.55867153), (0.57097745, -1.0456486, 0.5612901), (0.57377255, -1.0460609, 0.5620993), (0.5755, -0.9795615, 0.59331393), (0.57377255, -0.97848207, 0.59119546), (0.57097745, -0.97889435, 0.59200466), (0.57097745, -0.9802286, 0.59462327), (0.57377255, -0.98064095, 0.59543246), (0.5755, -0.9795615, 0.59331393), (0.57377255, -0.97788024, 0.59163266), (0.57097745, -0.9785224, 0.59227484), (0.57097745, -0.98060054, 0.594353), (0.57377255, -0.9812427, 0.5949952), (0.5755, -0.92764395, 0.6452315), (0.57377255, -0.9259627, 0.6435503), (0.57097745, -0.92660487, 0.64419246), (0.57097745, -0.928683, 0.6462706), (0.57377255, -0.92932516, 0.64691275), (0.5755, -0.92764395, 0.6452315), (0.57377255, -0.9255254, 0.64415205), (0.57097745, -0.9263346, 0.6445644), (0.57097745, -0.92895323, 0.64589864), (0.57377255, -0.9297624, 0.6463109), (0.5755, -0.89431083, 0.71065146), (0.57377255, -0.8921923, 0.709572), (0.57097745, -0.8930015, 0.7099843), (0.57097745, -0.8956201, 0.71131855), (0.57377255, -0.8964293, 0.71173084), (0.573, -0.8918416, 0.71026033), (0.5706224, -0.8935478, 0.7105306), (0.5715305, -0.8963085, 0.71096784), (0.57446945, -0.8963085, 0.71096784), (0.57537764, -0.8935478, 0.7105306), (0.573, -0.8803558, 0.7827789), (0.5706224, -0.88206196, 0.78304917), (0.5715305, -0.88482267, 0.78348637), (0.57446945, -0.88482267, 0.78348637), (0.57537764, -0.88206196, 0.78304917), (0.561, -0.7020885, 0.74603426), (0.561, -0.68556154, 0.67362505), (0.561, -0.6533364, 0.60670877), (0.561, -0.60702896, 0.5486411), (0.561, -0.5489612, 0.5023336), (0.561, -0.48204497, 0.47010845), (0.561, -0.4096357, 0.45358148), (0.561, -0.33536428, 0.45358148), (0.561, -0.262955, 0.47010845), (0.561, -0.1960388, 0.5023336), (0.561, -0.13797106, 0.5486411), (0.561, -0.0916636, 0.60670877), (0.561, -0.05943844, 0.67362505), (0.561, -0.042911496, 0.74603426), (0.561, -0.042911496, 0.8203057), (0.561, -0.05943844, 0.892715), (0.561, -0.0916636, 0.9596312), (0.561, -0.13797106, 1.0176989), (0.561, -0.1960388, 1.0640064), (0.561, -0.262955, 1.0962316), (0.561, -0.33536428, 1.1127585), (0.561, -0.4096357, 1.1127585), (0.561, -0.48204497, 1.0962316), (0.561, -0.5489612, 1.0640064), (0.561, -0.60702896, 1.0176989), (0.561, -0.6533364, 0.9596312), (0.561, -0.68556154, 0.892715), (0.561, -0.7020885, 0.8203057), (0.567, -0.7020885, 0.74603426), (0.567, -0.68556154, 0.67362505), (0.567, -0.6533364, 0.60670877), (0.567, -0.60702896, 0.5486411), (0.567, -0.5489612, 0.5023336), (0.567, -0.48204497, 0.47010845), (0.567, -0.4096357, 0.45358148), (0.567, -0.33536428, 0.45358148), (0.567, -0.262955, 0.47010845), (0.567, -0.1960388, 0.5023336), (0.567, -0.13797106, 0.5486411), (0.567, -0.0916636, 0.60670877), (0.567, -0.05943844, 0.67362505), (0.567, -0.042911496, 0.74603426), (0.567, -0.042911496, 0.8203057), (0.567, -0.05943844, 0.892715), (0.567, -0.0916636, 0.9596312), (0.567, -0.13797106, 1.0176989), (0.567, -0.1960388, 1.0640064), (0.567, -0.262955, 1.0962316), (0.567, -0.33536428, 1.1127585), (0.567, -0.4096357, 1.1127585), (0.567, -0.48204497, 1.0962316), (0.567, -0.5489612, 1.0640064), (0.567, -0.60702896, 1.0176989), (0.567, -0.6533364, 0.9596312), (0.567, -0.68556154, 0.892715), (0.567, -0.7020885, 0.8203057), (0.561, -0.3725, 0.78317), (0.567, -0.3725, 0.78317), (0.576, -0.669755, 0.78317), (0.5745, -0.669755, 0.78057194), (0.5715, -0.669755, 0.78057194), (0.57, -0.669755, 0.78317), (0.5715, -0.669755, 0.7857681), (0.5745, -0.669755, 0.7857681), (0.576, -0.075245, 0.78317), (0.5745, -0.075245, 0.78057194), (0.5715, -0.075245, 0.78057194), (0.57, -0.075245, 0.78317), (0.5715, -0.075245, 0.7857681), (0.5745, -0.075245, 0.7857681), (0.576, -0.582691, 0.572979), (0.5745, -0.5808539, 0.57114184), (0.5715, -0.5808539, 0.57114184), (0.57, -0.582691, 0.572979), (0.5715, -0.58452815, 0.5748161), (0.5745, -0.58452815, 0.5748161), (0.576, -0.16230898, 0.99336106), (0.5745, -0.16047186, 0.9915239), (0.5715, -0.16047186, 0.9915239), (0.57, -0.16230898, 0.99336106), (0.5715, -0.1641461, 0.99519813), (0.5745, -0.1641461, 0.99519813), (0.573, -0.3695, 0.485915), (0.5704019, -0.371, 0.485915), (0.5704019, -0.374, 0.485915), (0.573, -0.3755, 0.485915), (0.57559806, -0.374, 0.485915), (0.57559806, -0.371, 0.485915), (0.573, -0.3695, 1.080425), (0.5704019, -0.371, 1.080425), (0.5704019, -0.374, 1.080425), (0.573, -0.3755, 1.080425), (0.57559806, -0.374, 1.080425), (0.57559806, -0.371, 1.080425), (0.57, -0.16230898, 0.572979), (0.5715, -0.1641461, 0.57114184), (0.5745, -0.1641461, 0.57114184), (0.576, -0.16230898, 0.572979), (0.5745, -0.16047186, 0.5748161), (0.5715, -0.16047186, 0.5748161), (0.57, -0.582691, 0.99336106), (0.5715, -0.58452815, 0.9915239), (0.5745, -0.58452815, 0.9915239), (0.576, -0.582691, 0.99336106), (0.5745, -0.5808539, 0.99519813), (0.5715, -0.5808539, 0.99519813), (0.573, -0.22922578, 0.7835611), (0.5706224, -0.23093197, 0.78329086), (0.5715305, -0.23369265, 0.7828536), (0.57446945, -0.23369265, 0.7828536), (0.57537764, -0.23093197, 0.78329086), (0.573, -0.23611727, 0.8270722), (0.5706224, -0.23782346, 0.826802), (0.5715305, -0.24058414, 0.82636476), (0.57446945, -0.24058414, 0.82636476), (0.57537764, -0.23782346, 0.826802), (0.5705, -0.23858649, 0.82668114), (0.5722275, -0.24070498, 0.8256017), (0.5750225, -0.23989579, 0.82601404), (0.5750225, -0.23727718, 0.82734823), (0.5722275, -0.23646799, 0.8277606), (0.5705, -0.25858638, 0.8659331), (0.5722275, -0.26070485, 0.8648537), (0.5750225, -0.25989565, 0.86526597), (0.5750225, -0.25727707, 0.8666002), (0.5722275, -0.25646788, 0.8670125), (0.5705, -0.25858638, 0.8659331), (0.5722275, -0.26026762, 0.86425185), (0.5750225, -0.25962543, 0.86489403), (0.5750225, -0.2575473, 0.86697215), (0.5722275, -0.2569051, 0.8676143), (0.5705, -0.2897369, 0.89708364), (0.5722275, -0.29141814, 0.8954024), (0.5750225, -0.29077595, 0.89604455), (0.5750225, -0.28869784, 0.8981227), (0.5722275, -0.28805566, 0.8987649), (0.5705, -0.2897369, 0.89708364), (0.5722275, -0.29081634, 0.8949652), (0.5750225, -0.29040402, 0.89577436), (0.5750225, -0.28906977, 0.8983929), (0.5722275, -0.28865746, 0.8992021), (0.5705, -0.32898885, 0.9170835), (0.5722275, -0.3300683, 0.91496503), (0.5750225, -0.32965598, 0.9157742), (0.5750225, -0.32832173, 0.91839284), (0.5722275, -0.32790944, 0.919202), (0.5705, -0.32898885, 0.9170835), (0.5722275, -0.3293608, 0.91473514), (0.5750225, -0.32921875, 0.9156321), (0.5750225, -0.32875898, 0.9185349), (0.5722275, -0.32861692, 0.91943187), (0.5705, -0.3725, 0.923975), (0.5722275, -0.37287194, 0.9216266), (0.5750225, -0.37272987, 0.9225236), (0.5750225, -0.37227014, 0.92542636), (0.5722275, -0.37212807, 0.92632335), (0.5705, -0.3725, 0.923975), (0.5722275, -0.37212807, 0.9216266), (0.5750225, -0.37227014, 0.9225236), (0.5750225, -0.37272987, 0.92542636), (0.5722275, -0.37287194, 0.92632335), (0.5705, -0.41601112, 0.9170835), (0.5722275, -0.4156392, 0.91473514), (0.5750225, -0.41578126, 0.9156321), (0.5750225, -0.41624102, 0.9185349), (0.5722275, -0.4163831, 0.91943187), (0.5705, -0.41601112, 0.9170835), (0.5722275, -0.4149317, 0.91496503), (0.5750225, -0.41534403, 0.9157742), (0.5750225, -0.41667825, 0.91839284), (0.5722275, -0.41709056, 0.919202), (0.5705, -0.4552631, 0.89708364), (0.5722275, -0.45418367, 0.8949652), (0.5750225, -0.45459598, 0.89577436), (0.5750225, -0.45593023, 0.8983929), (0.5722275, -0.45634252, 0.8992021), (0.5705, -0.4552631, 0.89708364), (0.5722275, -0.45358187, 0.8954024), (0.5750225, -0.45422402, 0.89604455), (0.5750225, -0.45630217, 0.8981227), (0.5722275, -0.45694435, 0.8987649), (0.5705, -0.48641363, 0.8659331), (0.5722275, -0.4847324, 0.86425185), (0.5750225, -0.48537457, 0.86489403), (0.5750225, -0.48745272, 0.86697215), (0.5722275, -0.4880949, 0.8676143), (0.5705, -0.48641363, 0.8659331), (0.5722275, -0.48429513, 0.8648537), (0.5750225, -0.48510432, 0.86526597), (0.5750225, -0.48772293, 0.8666002), (0.5722275, -0.48853213, 0.8670125), (0.5705, -0.5064135, 0.82668114), (0.5722275, -0.504295, 0.8256017), (0.5750225, -0.5051042, 0.82601404), (0.5750225, -0.5077228, 0.82734823), (0.5722275, -0.508532, 0.8277606), (0.573, -0.50888276, 0.8270722), (0.5706224, -0.5071765, 0.826802), (0.5715305, -0.50441587, 0.82636476), (0.57446945, -0.50441587, 0.82636476), (0.57537764, -0.5071765, 0.826802), (0.573, -0.51577425, 0.7835611), (0.5706224, -0.514068, 0.78329086), (0.5715305, -0.51130736, 0.7828536), (0.57446945, -0.51130736, 0.7828536), (0.57537764, -0.514068, 0.78329086), (0.573, -0.51577425, 0.7827789), (0.5706224, -0.514068, 0.78304917), (0.5715305, -0.51130736, 0.78348637), (0.57446945, -0.51130736, 0.78348637), (0.57537764, -0.514068, 0.78304917), (0.573, -0.50888276, 0.73926777), (0.5706224, -0.5071765, 0.739538), (0.5715305, -0.50441587, 0.7399753), (0.57446945, -0.50441587, 0.7399753), (0.57537764, -0.5071765, 0.739538), (0.5755, -0.5064135, 0.73965883), (0.57377255, -0.508532, 0.73857945), (0.57097745, -0.5077228, 0.73899174), (0.57097745, -0.5051042, 0.740326), (0.57377255, -0.504295, 0.7407383), (0.5755, -0.48641363, 0.7004069), (0.57377255, -0.48853213, 0.69932747), (0.57097745, -0.48772293, 0.69973975), (0.57097745, -0.48510432, 0.701074), (0.57377255, -0.48429513, 0.70148635), (0.5755, -0.48641363, 0.7004069), (0.57377255, -0.4880949, 0.69872564), (0.57097745, -0.48745272, 0.6993678), (0.57097745, -0.48537457, 0.70144594), (0.57377255, -0.4847324, 0.7020881), (0.5755, -0.4552631, 0.6692564), (0.57377255, -0.45694435, 0.6675751), (0.57097745, -0.45630217, 0.6682173), (0.57097745, -0.45422402, 0.6702954), (0.57377255, -0.45358187, 0.6709376), (0.5755, -0.4552631, 0.6692564), (0.57377255, -0.45634252, 0.66713786), (0.57097745, -0.45593023, 0.66794705), (0.57097745, -0.45459598, 0.67056566), (0.57377255, -0.45418367, 0.67137486), (0.5755, -0.41601112, 0.64925647), (0.57377255, -0.41709056, 0.647138), (0.57097745, -0.41667825, 0.6479472), (0.57097745, -0.41534403, 0.6505658), (0.57377255, -0.4149317, 0.651375), (0.5755, -0.41601112, 0.64925647), (0.57377255, -0.4163831, 0.6469081), (0.57097745, -0.41624102, 0.6478051), (0.57097745, -0.41578126, 0.65070784), (0.57377255, -0.4156392, 0.65160483), (0.5755, -0.3725, 0.642365), (0.57377255, -0.37287194, 0.6400166), (0.57097745, -0.37272987, 0.6409136), (0.57097745, -0.37227014, 0.64381635), (0.57377255, -0.37212807, 0.64471334), (0.5755, -0.3725, 0.642365), (0.57377255, -0.37212807, 0.6400166), (0.57097745, -0.37227014, 0.6409136), (0.57097745, -0.37272987, 0.64381635), (0.57377255, -0.37287194, 0.64471334), (0.5755, -0.32898885, 0.64925647), (0.57377255, -0.32861692, 0.6469081), (0.57097745, -0.32875898, 0.6478051), (0.57097745, -0.32921875, 0.65070784), (0.57377255, -0.3293608, 0.65160483), (0.5755, -0.32898885, 0.64925647), (0.57377255, -0.32790944, 0.647138), (0.57097745, -0.32832173, 0.6479472), (0.57097745, -0.32965598, 0.6505658), (0.57377255, -0.3300683, 0.651375), (0.5755, -0.2897369, 0.6692564), (0.57377255, -0.28865746, 0.66713786), (0.57097745, -0.28906977, 0.66794705), (0.57097745, -0.29040402, 0.67056566), (0.57377255, -0.29081634, 0.67137486), (0.5755, -0.2897369, 0.6692564), (0.57377255, -0.28805566, 0.6675751), (0.57097745, -0.28869784, 0.6682173), (0.57097745, -0.29077595, 0.6702954), (0.57377255, -0.29141814, 0.6709376), (0.5755, -0.25858638, 0.7004069), (0.57377255, -0.2569051, 0.69872564), (0.57097745, -0.2575473, 0.6993678), (0.57097745, -0.25962543, 0.70144594), (0.57377255, -0.26026762, 0.7020881), (0.5755, -0.25858638, 0.7004069), (0.57377255, -0.25646788, 0.69932747), (0.57097745, -0.25727707, 0.69973975), (0.57097745, -0.25989565, 0.701074), (0.57377255, -0.26070485, 0.70148635), (0.5755, -0.23858649, 0.73965883), (0.57377255, -0.23646799, 0.73857945), (0.57097745, -0.23727718, 0.73899174), (0.57097745, -0.23989579, 0.740326), (0.57377255, -0.24070498, 0.7407383), (0.573, -0.23611727, 0.73926777), (0.5706224, -0.23782346, 0.739538), (0.5715305, -0.24058414, 0.7399753), (0.57446945, -0.24058414, 0.7399753), (0.57537764, -0.23782346, 0.739538), (0.573, -0.22922578, 0.7827789), (0.5706224, -0.23093197, 0.78304917), (0.5715305, -0.23369265, 0.78348637), (0.57446945, -0.23369265, 0.78348637), (0.57537764, -0.23093197, 0.78304917), (0.573, -0.13535579, 0.7835611), (0.5706224, -0.13706197, 0.78329086), (0.5715305, -0.13982265, 0.7828536), (0.57446945, -0.13982265, 0.7828536), (0.57537764, -0.13706197, 0.78329086), (0.573, -0.14684159, 0.85607964), (0.5706224, -0.14854778, 0.8558094), (0.5715305, -0.15130845, 0.8553722), (0.57446945, -0.15130845, 0.8553722), (0.57537764, -0.14854778, 0.8558094), (0.5705, -0.14931081, 0.8556886), (0.5722275, -0.15142931, 0.85460913), (0.5750225, -0.15062012, 0.8550214), (0.5750225, -0.1480015, 0.85635567), (0.5722275, -0.14719231, 0.856768), (0.5705, -0.18264394, 0.9211085), (0.5722275, -0.18476243, 0.9200291), (0.5750225, -0.18395324, 0.9204414), (0.5750225, -0.18133463, 0.92177564), (0.5722275, -0.18052544, 0.9221879), (0.5705, -0.18264394, 0.9211085), (0.5722275, -0.18432519, 0.9194273), (0.5750225, -0.18368301, 0.92006946), (0.5750225, -0.18160486, 0.9221476), (0.5722275, -0.1809627, 0.92278975), (0.5705, -0.2345615, 0.97302604), (0.5722275, -0.23624274, 0.9713448), (0.5750225, -0.23560056, 0.971987), (0.5750225, -0.23352243, 0.9740651), (0.5722275, -0.23288025, 0.9747073), (0.5705, -0.2345615, 0.97302604), (0.5722275, -0.23564093, 0.97090757), (0.5750225, -0.23522861, 0.97171676), (0.5750225, -0.23389438, 0.9743354), (0.5722275, -0.23348206, 0.97514457), (0.5705, -0.29998145, 1.0063592), (0.5722275, -0.30106086, 1.0042408), (0.5750225, -0.30064857, 1.00505), (0.5750225, -0.29931432, 1.0076685), (0.5722275, -0.298902, 1.0084777), (0.5705, -0.29998145, 1.0063592), (0.5722275, -0.30035338, 1.0040108), (0.5750225, -0.3002113, 1.0049078), (0.5750225, -0.29975155, 1.0078106), (0.5722275, -0.29960948, 1.0087075), (0.5705, -0.3725, 1.017845), (0.5722275, -0.37287194, 1.0154966), (0.5750225, -0.37272987, 1.0163937), (0.5750225, -0.37227014, 1.0192964), (0.5722275, -0.37212807, 1.0201933), (0.5705, -0.3725, 1.017845), (0.5722275, -0.37212807, 1.0154966), (0.5750225, -0.37227014, 1.0163937), (0.5750225, -0.37272987, 1.0192964), (0.5722275, -0.37287194, 1.0201933), (0.5705, -0.44501856, 1.0063592), (0.5722275, -0.44464663, 1.0040108), (0.5750225, -0.4447887, 1.0049078), (0.5750225, -0.44524843, 1.0078106), (0.5722275, -0.44539052, 1.0087075), (0.5705, -0.44501856, 1.0063592), (0.5722275, -0.44393915, 1.0042408), (0.5750225, -0.44435143, 1.00505), (0.5750225, -0.44568568, 1.0076685), (0.5722275, -0.446098, 1.0084777), (0.5705, -0.5104385, 0.97302604), (0.5722275, -0.50935906, 0.97090757), (0.5750225, -0.5097714, 0.97171676), (0.5750225, -0.5111056, 0.9743354), (0.5722275, -0.51151794, 0.97514457), (0.5705, -0.5104385, 0.97302604), (0.5722275, -0.50875723, 0.9713448), (0.5750225, -0.5093994, 0.971987), (0.5750225, -0.5114776, 0.9740651), (0.5722275, -0.51211977, 0.9747073), (0.5705, -0.56235605, 0.9211085), (0.5722275, -0.56067485, 0.9194273), (0.5750225, -0.56131697, 0.92006946), (0.5750225, -0.56339514, 0.9221476), (0.5722275, -0.5640373, 0.92278975), (0.5705, -0.56235605, 0.9211085), (0.5722275, -0.5602376, 0.9200291), (0.5750225, -0.5610468, 0.9204414), (0.5750225, -0.5636654, 0.92177564), (0.5722275, -0.5644746, 0.9221879), (0.5705, -0.5956892, 0.8556886), (0.5722275, -0.5935707, 0.85460913), (0.5750225, -0.5943799, 0.8550214), (0.5750225, -0.5969985, 0.85635567), (0.5722275, -0.5978077, 0.856768), (0.573, -0.5981584, 0.85607964), (0.5706224, -0.59645224, 0.8558094), (0.5715305, -0.5936915, 0.8553722), (0.57446945, -0.5936915, 0.8553722), (0.57537764, -0.59645224, 0.8558094), (0.573, -0.60964423, 0.7835611), (0.5706224, -0.60793805, 0.78329086), (0.5715305, -0.60517734, 0.7828536), (0.57446945, -0.60517734, 0.7828536), (0.57537764, -0.60793805, 0.78329086), (0.573, -0.60964423, 0.7827789), (0.5706224, -0.60793805, 0.78304917), (0.5715305, -0.60517734, 0.78348637), (0.57446945, -0.60517734, 0.78348637), (0.57537764, -0.60793805, 0.78304917), (0.573, -0.5981584, 0.71026033), (0.5706224, -0.59645224, 0.7105306), (0.5715305, -0.5936915, 0.71096784), (0.57446945, -0.5936915, 0.71096784), (0.57537764, -0.59645224, 0.7105306), (0.5755, -0.5956892, 0.71065146), (0.57377255, -0.5978077, 0.709572), (0.57097745, -0.5969985, 0.7099843), (0.57097745, -0.5943799, 0.71131855), (0.57377255, -0.5935707, 0.71173084), (0.5755, -0.56235605, 0.6452315), (0.57377255, -0.5644746, 0.64415205), (0.57097745, -0.5636654, 0.6445644), (0.57097745, -0.5610468, 0.64589864), (0.57377255, -0.5602376, 0.6463109), (0.5755, -0.56235605, 0.6452315), (0.57377255, -0.5640373, 0.6435503), (0.57097745, -0.56339514, 0.64419246), (0.57097745, -0.56131697, 0.6462706), (0.57377255, -0.56067485, 0.64691275), (0.5755, -0.5104385, 0.59331393), (0.57377255, -0.51211977, 0.59163266), (0.57097745, -0.5114776, 0.59227484), (0.57097745, -0.5093994, 0.594353), (0.57377255, -0.50875723, 0.5949952), (0.5755, -0.5104385, 0.59331393), (0.57377255, -0.51151794, 0.59119546), (0.57097745, -0.5111056, 0.59200466), (0.57097745, -0.5097714, 0.59462327), (0.57377255, -0.50935906, 0.59543246), (0.5755, -0.44501856, 0.5599808), (0.57377255, -0.446098, 0.55786234), (0.57097745, -0.44568568, 0.55867153), (0.57097745, -0.44435143, 0.5612901), (0.57377255, -0.44393915, 0.5620993), (0.5755, -0.44501856, 0.5599808), (0.57377255, -0.44539052, 0.55763245), (0.57097745, -0.44524843, 0.55852944), (0.57097745, -0.4447887, 0.5614322), (0.57377255, -0.44464663, 0.5623292), (0.5755, -0.3725, 0.548495), (0.57377255, -0.37287194, 0.54614663), (0.57097745, -0.37272987, 0.5470436), (0.57097745, -0.37227014, 0.54994637), (0.57377255, -0.37212807, 0.55084336), (0.5755, -0.3725, 0.548495), (0.57377255, -0.37212807, 0.54614663), (0.57097745, -0.37227014, 0.5470436), (0.57097745, -0.37272987, 0.54994637), (0.57377255, -0.37287194, 0.55084336), (0.5755, -0.29998145, 0.5599808), (0.57377255, -0.29960948, 0.55763245), (0.57097745, -0.29975155, 0.55852944), (0.57097745, -0.3002113, 0.5614322), (0.57377255, -0.30035338, 0.5623292), (0.5755, -0.29998145, 0.5599808), (0.57377255, -0.298902, 0.55786234), (0.57097745, -0.29931432, 0.55867153), (0.57097745, -0.30064857, 0.5612901), (0.57377255, -0.30106086, 0.5620993), (0.5755, -0.2345615, 0.59331393), (0.57377255, -0.23348206, 0.59119546), (0.57097745, -0.23389438, 0.59200466), (0.57097745, -0.23522861, 0.59462327), (0.57377255, -0.23564093, 0.59543246), (0.5755, -0.2345615, 0.59331393), (0.57377255, -0.23288025, 0.59163266), (0.57097745, -0.23352243, 0.59227484), (0.57097745, -0.23560056, 0.594353), (0.57377255, -0.23624274, 0.5949952), (0.5755, -0.18264394, 0.6452315), (0.57377255, -0.1809627, 0.6435503), (0.57097745, -0.18160486, 0.64419246), (0.57097745, -0.18368301, 0.6462706), (0.57377255, -0.18432519, 0.64691275), (0.5755, -0.18264394, 0.6452315), (0.57377255, -0.18052544, 0.64415205), (0.57097745, -0.18133463, 0.6445644), (0.57097745, -0.18395324, 0.64589864), (0.57377255, -0.18476243, 0.6463109), (0.5755, -0.14931081, 0.71065146), (0.57377255, -0.14719231, 0.709572), (0.57097745, -0.1480015, 0.7099843), (0.57097745, -0.15062012, 0.71131855), (0.57377255, -0.15142931, 0.71173084), (0.573, -0.14684159, 0.71026033), (0.5706224, -0.14854778, 0.7105306), (0.5715305, -0.15130845, 0.71096784), (0.57446945, -0.15130845, 0.71096784), (0.57537764, -0.14854778, 0.7105306), (0.573, -0.13535579, 0.7827789), (0.5706224, -0.13706197, 0.78304917), (0.5715305, -0.13982265, 0.78348637), (0.57446945, -0.13982265, 0.78348637), (0.57537764, -0.13706197, 0.78304917), (0.561, 0.042911496, 0.74603426), (0.561, 0.05943844, 0.67362505), (0.561, 0.0916636, 0.60670877), (0.561, 0.13797106, 0.5486411), (0.561, 0.1960388, 0.5023336), (0.561, 0.262955, 0.47010845), (0.561, 0.33536428, 0.45358148), (0.561, 0.4096357, 0.45358148), (0.561, 0.48204497, 0.47010845), (0.561, 0.5489612, 0.5023336), (0.561, 0.60702896, 0.5486411), (0.561, 0.6533364, 0.60670877), (0.561, 0.68556154, 0.67362505), (0.561, 0.7020885, 0.74603426), (0.561, 0.7020885, 0.8203057), (0.561, 0.68556154, 0.892715), (0.561, 0.6533364, 0.9596312), (0.561, 0.60702896, 1.0176989), (0.561, 0.5489612, 1.0640064), (0.561, 0.48204497, 1.0962316), (0.561, 0.4096357, 1.1127585), (0.561, 0.33536428, 1.1127585), (0.561, 0.262955, 1.0962316), (0.561, 0.1960388, 1.0640064), (0.561, 0.13797106, 1.0176989), (0.561, 0.0916636, 0.9596312), (0.561, 0.05943844, 0.892715), (0.561, 0.042911496, 0.8203057), (0.567, 0.042911496, 0.74603426), (0.567, 0.05943844, 0.67362505), (0.567, 0.0916636, 0.60670877), (0.567, 0.13797106, 0.5486411), (0.567, 0.1960388, 0.5023336), (0.567, 0.262955, 0.47010845), (0.567, 0.33536428, 0.45358148), (0.567, 0.4096357, 0.45358148), (0.567, 0.48204497, 0.47010845), (0.567, 0.5489612, 0.5023336), (0.567, 0.60702896, 0.5486411), (0.567, 0.6533364, 0.60670877), (0.567, 0.68556154, 0.67362505), (0.567, 0.7020885, 0.74603426), (0.567, 0.7020885, 0.8203057), (0.567, 0.68556154, 0.892715), (0.567, 0.6533364, 0.9596312), (0.567, 0.60702896, 1.0176989), (0.567, 0.5489612, 1.0640064), (0.567, 0.48204497, 1.0962316), (0.567, 0.4096357, 1.1127585), (0.567, 0.33536428, 1.1127585), (0.567, 0.262955, 1.0962316), (0.567, 0.1960388, 1.0640064), (0.567, 0.13797106, 1.0176989), (0.567, 0.0916636, 0.9596312), (0.567, 0.05943844, 0.892715), (0.567, 0.042911496, 0.8203057), (0.561, 0.3725, 0.78317), (0.567, 0.3725, 0.78317), (0.576, 0.075245, 0.78317), (0.5745, 0.075245, 0.78057194), (0.5715, 0.075245, 0.78057194), (0.57, 0.075245, 0.78317), (0.5715, 0.075245, 0.7857681), (0.5745, 0.075245, 0.7857681), (0.576, 0.669755, 0.78317), (0.5745, 0.669755, 0.78057194), (0.5715, 0.669755, 0.78057194), (0.57, 0.669755, 0.78317), (0.5715, 0.669755, 0.7857681), (0.5745, 0.669755, 0.7857681), (0.576, 0.16230898, 0.572979), (0.5745, 0.1641461, 0.57114184), (0.5715, 0.1641461, 0.57114184), (0.57, 0.16230898, 0.572979), (0.5715, 0.16047186, 0.5748161), (0.5745, 0.16047186, 0.5748161), (0.576, 0.582691, 0.99336106), (0.5745, 0.58452815, 0.9915239), (0.5715, 0.58452815, 0.9915239), (0.57, 0.582691, 0.99336106), (0.5715, 0.5808539, 0.99519813), (0.5745, 0.5808539, 0.99519813), (0.573, 0.3755, 0.485915), (0.5704019, 0.374, 0.485915), (0.5704019, 0.371, 0.485915), (0.573, 0.3695, 0.485915), (0.57559806, 0.371, 0.485915), (0.57559806, 0.374, 0.485915), (0.573, 0.3755, 1.080425), (0.5704019, 0.374, 1.080425), (0.5704019, 0.371, 1.080425), (0.573, 0.3695, 1.080425), (0.57559806, 0.371, 1.080425), (0.57559806, 0.374, 1.080425), (0.57, 0.582691, 0.572979), (0.5715, 0.5808539, 0.57114184), (0.5745, 0.5808539, 0.57114184), (0.576, 0.582691, 0.572979), (0.5745, 0.58452815, 0.5748161), (0.5715, 0.58452815, 0.5748161), (0.57, 0.16230898, 0.99336106), (0.5715, 0.16047186, 0.9915239), (0.5745, 0.16047186, 0.9915239), (0.576, 0.16230898, 0.99336106), (0.5745, 0.1641461, 0.99519813), (0.5715, 0.1641461, 0.99519813), (0.573, 0.51577425, 0.7835611), (0.5706224, 0.514068, 0.78329086), (0.5715305, 0.51130736, 0.7828536), (0.57446945, 0.51130736, 0.7828536), (0.57537764, 0.514068, 0.78329086), (0.573, 0.50888276, 0.8270722), (0.5706224, 0.5071765, 0.826802), (0.5715305, 0.50441587, 0.82636476), (0.57446945, 0.50441587, 0.82636476), (0.57537764, 0.5071765, 0.826802), (0.5705, 0.5064135, 0.82668114), (0.5722275, 0.504295, 0.8256017), (0.5750225, 0.5051042, 0.82601404), (0.5750225, 0.5077228, 0.82734823), (0.5722275, 0.508532, 0.8277606), (0.5705, 0.48641363, 0.8659331), (0.5722275, 0.48429513, 0.8648537), (0.5750225, 0.48510432, 0.86526597), (0.5750225, 0.48772293, 0.8666002), (0.5722275, 0.48853213, 0.8670125), (0.5705, 0.48641363, 0.8659331), (0.5722275, 0.4847324, 0.86425185), (0.5750225, 0.48537457, 0.86489403), (0.5750225, 0.48745272, 0.86697215), (0.5722275, 0.4880949, 0.8676143), (0.5705, 0.4552631, 0.89708364), (0.5722275, 0.45358187, 0.8954024), (0.5750225, 0.45422402, 0.89604455), (0.5750225, 0.45630217, 0.8981227), (0.5722275, 0.45694435, 0.8987649), (0.5705, 0.4552631, 0.89708364), (0.5722275, 0.45418367, 0.8949652), (0.5750225, 0.45459598, 0.89577436), (0.5750225, 0.45593023, 0.8983929), (0.5722275, 0.45634252, 0.8992021), (0.5705, 0.41601112, 0.9170835), (0.5722275, 0.4149317, 0.91496503), (0.5750225, 0.41534403, 0.9157742), (0.5750225, 0.41667825, 0.91839284), (0.5722275, 0.41709056, 0.919202), (0.5705, 0.41601112, 0.9170835), (0.5722275, 0.4156392, 0.91473514), (0.5750225, 0.41578126, 0.9156321), (0.5750225, 0.41624102, 0.9185349), (0.5722275, 0.4163831, 0.91943187), (0.5705, 0.3725, 0.923975), (0.5722275, 0.37212807, 0.9216266), (0.5750225, 0.37227014, 0.9225236), (0.5750225, 0.37272987, 0.92542636), (0.5722275, 0.37287194, 0.92632335), (0.5705, 0.3725, 0.923975), (0.5722275, 0.37287194, 0.9216266), (0.5750225, 0.37272987, 0.9225236), (0.5750225, 0.37227014, 0.92542636), (0.5722275, 0.37212807, 0.92632335), (0.5705, 0.32898885, 0.9170835), (0.5722275, 0.3293608, 0.91473514), (0.5750225, 0.32921875, 0.9156321), (0.5750225, 0.32875898, 0.9185349), (0.5722275, 0.32861692, 0.91943187), (0.5705, 0.32898885, 0.9170835), (0.5722275, 0.3300683, 0.91496503), (0.5750225, 0.32965598, 0.9157742), (0.5750225, 0.32832173, 0.91839284), (0.5722275, 0.32790944, 0.919202), (0.5705, 0.2897369, 0.89708364), (0.5722275, 0.29081634, 0.8949652), (0.5750225, 0.29040402, 0.89577436), (0.5750225, 0.28906977, 0.8983929), (0.5722275, 0.28865746, 0.8992021), (0.5705, 0.2897369, 0.89708364), (0.5722275, 0.29141814, 0.8954024), (0.5750225, 0.29077595, 0.89604455), (0.5750225, 0.28869784, 0.8981227), (0.5722275, 0.28805566, 0.8987649), (0.5705, 0.25858638, 0.8659331), (0.5722275, 0.26026762, 0.86425185), (0.5750225, 0.25962543, 0.86489403), (0.5750225, 0.2575473, 0.86697215), (0.5722275, 0.2569051, 0.8676143), (0.5705, 0.25858638, 0.8659331), (0.5722275, 0.26070485, 0.8648537), (0.5750225, 0.25989565, 0.86526597), (0.5750225, 0.25727707, 0.8666002), (0.5722275, 0.25646788, 0.8670125), (0.5705, 0.23858649, 0.82668114), (0.5722275, 0.24070498, 0.8256017), (0.5750225, 0.23989579, 0.82601404), (0.5750225, 0.23727718, 0.82734823), (0.5722275, 0.23646799, 0.8277606), (0.573, 0.23611727, 0.8270722), (0.5706224, 0.23782346, 0.826802), (0.5715305, 0.24058414, 0.82636476), (0.57446945, 0.24058414, 0.82636476), (0.57537764, 0.23782346, 0.826802), (0.573, 0.22922578, 0.7835611), (0.5706224, 0.23093197, 0.78329086), (0.5715305, 0.23369265, 0.7828536), (0.57446945, 0.23369265, 0.7828536), (0.57537764, 0.23093197, 0.78329086), (0.573, 0.22922578, 0.7827789), (0.5706224, 0.23093197, 0.78304917), (0.5715305, 0.23369265, 0.78348637), (0.57446945, 0.23369265, 0.78348637), (0.57537764, 0.23093197, 0.78304917), (0.573, 0.23611727, 0.73926777), (0.5706224, 0.23782346, 0.739538), (0.5715305, 0.24058414, 0.7399753), (0.57446945, 0.24058414, 0.7399753), (0.57537764, 0.23782346, 0.739538), (0.5755, 0.23858649, 0.73965883), (0.57377255, 0.23646799, 0.73857945), (0.57097745, 0.23727718, 0.73899174), (0.57097745, 0.23989579, 0.740326), (0.57377255, 0.24070498, 0.7407383), (0.5755, 0.25858638, 0.7004069), (0.57377255, 0.25646788, 0.69932747), (0.57097745, 0.25727707, 0.69973975), (0.57097745, 0.25989565, 0.701074), (0.57377255, 0.26070485, 0.70148635), (0.5755, 0.25858638, 0.7004069), (0.57377255, 0.2569051, 0.69872564), (0.57097745, 0.2575473, 0.6993678), (0.57097745, 0.25962543, 0.70144594), (0.57377255, 0.26026762, 0.7020881), (0.5755, 0.2897369, 0.6692564), (0.57377255, 0.28805566, 0.6675751), (0.57097745, 0.28869784, 0.6682173), (0.57097745, 0.29077595, 0.6702954), (0.57377255, 0.29141814, 0.6709376), (0.5755, 0.2897369, 0.6692564), (0.57377255, 0.28865746, 0.66713786), (0.57097745, 0.28906977, 0.66794705), (0.57097745, 0.29040402, 0.67056566), (0.57377255, 0.29081634, 0.67137486), (0.5755, 0.32898885, 0.64925647), (0.57377255, 0.32790944, 0.647138), (0.57097745, 0.32832173, 0.6479472), (0.57097745, 0.32965598, 0.6505658), (0.57377255, 0.3300683, 0.651375), (0.5755, 0.32898885, 0.64925647), (0.57377255, 0.32861692, 0.6469081), (0.57097745, 0.32875898, 0.6478051), (0.57097745, 0.32921875, 0.65070784), (0.57377255, 0.3293608, 0.65160483), (0.5755, 0.3725, 0.642365), (0.57377255, 0.37212807, 0.6400166), (0.57097745, 0.37227014, 0.6409136), (0.57097745, 0.37272987, 0.64381635), (0.57377255, 0.37287194, 0.64471334), (0.5755, 0.3725, 0.642365), (0.57377255, 0.37287194, 0.6400166), (0.57097745, 0.37272987, 0.6409136), (0.57097745, 0.37227014, 0.64381635), (0.57377255, 0.37212807, 0.64471334), (0.5755, 0.41601112, 0.64925647), (0.57377255, 0.4163831, 0.6469081), (0.57097745, 0.41624102, 0.6478051), (0.57097745, 0.41578126, 0.65070784), (0.57377255, 0.4156392, 0.65160483), (0.5755, 0.41601112, 0.64925647), (0.57377255, 0.41709056, 0.647138), (0.57097745, 0.41667825, 0.6479472), (0.57097745, 0.41534403, 0.6505658), (0.57377255, 0.4149317, 0.651375), (0.5755, 0.4552631, 0.6692564), (0.57377255, 0.45634252, 0.66713786), (0.57097745, 0.45593023, 0.66794705), (0.57097745, 0.45459598, 0.67056566), (0.57377255, 0.45418367, 0.67137486), (0.5755, 0.4552631, 0.6692564), (0.57377255, 0.45694435, 0.6675751), (0.57097745, 0.45630217, 0.6682173), (0.57097745, 0.45422402, 0.6702954), (0.57377255, 0.45358187, 0.6709376), (0.5755, 0.48641363, 0.7004069), (0.57377255, 0.4880949, 0.69872564), (0.57097745, 0.48745272, 0.6993678), (0.57097745, 0.48537457, 0.70144594), (0.57377255, 0.4847324, 0.7020881), (0.5755, 0.48641363, 0.7004069), (0.57377255, 0.48853213, 0.69932747), (0.57097745, 0.48772293, 0.69973975), (0.57097745, 0.48510432, 0.701074), (0.57377255, 0.48429513, 0.70148635), (0.5755, 0.5064135, 0.73965883), (0.57377255, 0.508532, 0.73857945), (0.57097745, 0.5077228, 0.73899174), (0.57097745, 0.5051042, 0.740326), (0.57377255, 0.504295, 0.7407383), (0.573, 0.50888276, 0.73926777), (0.5706224, 0.5071765, 0.739538), (0.5715305, 0.50441587, 0.7399753), (0.57446945, 0.50441587, 0.7399753), (0.57537764, 0.5071765, 0.739538), (0.573, 0.51577425, 0.7827789), (0.5706224, 0.514068, 0.78304917), (0.5715305, 0.51130736, 0.78348637), (0.57446945, 0.51130736, 0.78348637), (0.57537764, 0.514068, 0.78304917), (0.573, 0.60964423, 0.7835611), (0.5706224, 0.60793805, 0.78329086), (0.5715305, 0.60517734, 0.7828536), (0.57446945, 0.60517734, 0.7828536), (0.57537764, 0.60793805, 0.78329086), (0.573, 0.5981584, 0.85607964), (0.5706224, 0.59645224, 0.8558094), (0.5715305, 0.5936915, 0.8553722), (0.57446945, 0.5936915, 0.8553722), (0.57537764, 0.59645224, 0.8558094), (0.5705, 0.5956892, 0.8556886), (0.5722275, 0.5935707, 0.85460913), (0.5750225, 0.5943799, 0.8550214), (0.5750225, 0.5969985, 0.85635567), (0.5722275, 0.5978077, 0.856768), (0.5705, 0.56235605, 0.9211085), (0.5722275, 0.5602376, 0.9200291), (0.5750225, 0.5610468, 0.9204414), (0.5750225, 0.5636654, 0.92177564), (0.5722275, 0.5644746, 0.9221879), (0.5705, 0.56235605, 0.9211085), (0.5722275, 0.56067485, 0.9194273), (0.5750225, 0.56131697, 0.92006946), (0.5750225, 0.56339514, 0.9221476), (0.5722275, 0.5640373, 0.92278975), (0.5705, 0.5104385, 0.97302604), (0.5722275, 0.50875723, 0.9713448), (0.5750225, 0.5093994, 0.971987), (0.5750225, 0.5114776, 0.9740651), (0.5722275, 0.51211977, 0.9747073), (0.5705, 0.5104385, 0.97302604), (0.5722275, 0.50935906, 0.97090757), (0.5750225, 0.5097714, 0.97171676), (0.5750225, 0.5111056, 0.9743354), (0.5722275, 0.51151794, 0.97514457), (0.5705, 0.44501856, 1.0063592), (0.5722275, 0.44393915, 1.0042408), (0.5750225, 0.44435143, 1.00505), (0.5750225, 0.44568568, 1.0076685), (0.5722275, 0.446098, 1.0084777), (0.5705, 0.44501856, 1.0063592), (0.5722275, 0.44464663, 1.0040108), (0.5750225, 0.4447887, 1.0049078), (0.5750225, 0.44524843, 1.0078106), (0.5722275, 0.44539052, 1.0087075), (0.5705, 0.3725, 1.017845), (0.5722275, 0.37212807, 1.0154966), (0.5750225, 0.37227014, 1.0163937), (0.5750225, 0.37272987, 1.0192964), (0.5722275, 0.37287194, 1.0201933), (0.5705, 0.3725, 1.017845), (0.5722275, 0.37287194, 1.0154966), (0.5750225, 0.37272987, 1.0163937), (0.5750225, 0.37227014, 1.0192964), (0.5722275, 0.37212807, 1.0201933), (0.5705, 0.29998145, 1.0063592), (0.5722275, 0.30035338, 1.0040108), (0.5750225, 0.3002113, 1.0049078), (0.5750225, 0.29975155, 1.0078106), (0.5722275, 0.29960948, 1.0087075), (0.5705, 0.29998145, 1.0063592), (0.5722275, 0.30106086, 1.0042408), (0.5750225, 0.30064857, 1.00505), (0.5750225, 0.29931432, 1.0076685), (0.5722275, 0.298902, 1.0084777), (0.5705, 0.2345615, 0.97302604), (0.5722275, 0.23564093, 0.97090757), (0.5750225, 0.23522861, 0.97171676), (0.5750225, 0.23389438, 0.9743354), (0.5722275, 0.23348206, 0.97514457), (0.5705, 0.2345615, 0.97302604), (0.5722275, 0.23624274, 0.9713448), (0.5750225, 0.23560056, 0.971987), (0.5750225, 0.23352243, 0.9740651), (0.5722275, 0.23288025, 0.9747073), (0.5705, 0.18264394, 0.9211085), (0.5722275, 0.18432519, 0.9194273), (0.5750225, 0.18368301, 0.92006946), (0.5750225, 0.18160486, 0.9221476), (0.5722275, 0.1809627, 0.92278975), (0.5705, 0.18264394, 0.9211085), (0.5722275, 0.18476243, 0.9200291), (0.5750225, 0.18395324, 0.9204414), (0.5750225, 0.18133463, 0.92177564), (0.5722275, 0.18052544, 0.9221879), (0.5705, 0.14931081, 0.8556886), (0.5722275, 0.15142931, 0.85460913), (0.5750225, 0.15062012, 0.8550214), (0.5750225, 0.1480015, 0.85635567), (0.5722275, 0.14719231, 0.856768), (0.573, 0.14684159, 0.85607964), (0.5706224, 0.14854778, 0.8558094), (0.5715305, 0.15130845, 0.8553722), (0.57446945, 0.15130845, 0.8553722), (0.57537764, 0.14854778, 0.8558094), (0.573, 0.13535579, 0.7835611), (0.5706224, 0.13706197, 0.78329086), (0.5715305, 0.13982265, 0.7828536), (0.57446945, 0.13982265, 0.7828536), (0.57537764, 0.13706197, 0.78329086), (0.573, 0.13535579, 0.7827789), (0.5706224, 0.13706197, 0.78304917), (0.5715305, 0.13982265, 0.78348637), (0.57446945, 0.13982265, 0.78348637), (0.57537764, 0.13706197, 0.78304917), (0.573, 0.14684159, 0.71026033), (0.5706224, 0.14854778, 0.7105306), (0.5715305, 0.15130845, 0.71096784), (0.57446945, 0.15130845, 0.71096784), (0.57537764, 0.14854778, 0.7105306), (0.5755, 0.14931081, 0.71065146), (0.57377255, 0.14719231, 0.709572), (0.57097745, 0.1480015, 0.7099843), (0.57097745, 0.15062012, 0.71131855), (0.57377255, 0.15142931, 0.71173084), (0.5755, 0.18264394, 0.6452315), (0.57377255, 0.18052544, 0.64415205), (0.57097745, 0.18133463, 0.6445644), (0.57097745, 0.18395324, 0.64589864), (0.57377255, 0.18476243, 0.6463109), (0.5755, 0.18264394, 0.6452315), (0.57377255, 0.1809627, 0.6435503), (0.57097745, 0.18160486, 0.64419246), (0.57097745, 0.18368301, 0.6462706), (0.57377255, 0.18432519, 0.64691275), (0.5755, 0.2345615, 0.59331393), (0.57377255, 0.23288025, 0.59163266), (0.57097745, 0.23352243, 0.59227484), (0.57097745, 0.23560056, 0.594353), (0.57377255, 0.23624274, 0.5949952), (0.5755, 0.2345615, 0.59331393), (0.57377255, 0.23348206, 0.59119546), (0.57097745, 0.23389438, 0.59200466), (0.57097745, 0.23522861, 0.59462327), (0.57377255, 0.23564093, 0.59543246), (0.5755, 0.29998145, 0.5599808), (0.57377255, 0.298902, 0.55786234), (0.57097745, 0.29931432, 0.55867153), (0.57097745, 0.30064857, 0.5612901), (0.57377255, 0.30106086, 0.5620993), (0.5755, 0.29998145, 0.5599808), (0.57377255, 0.29960948, 0.55763245), (0.57097745, 0.29975155, 0.55852944), (0.57097745, 0.3002113, 0.5614322), (0.57377255, 0.30035338, 0.5623292), (0.5755, 0.3725, 0.548495), (0.57377255, 0.37212807, 0.54614663), (0.57097745, 0.37227014, 0.5470436), (0.57097745, 0.37272987, 0.54994637), (0.57377255, 0.37287194, 0.55084336), (0.5755, 0.3725, 0.548495), (0.57377255, 0.37287194, 0.54614663), (0.57097745, 0.37272987, 0.5470436), (0.57097745, 0.37227014, 0.54994637), (0.57377255, 0.37212807, 0.55084336), (0.5755, 0.44501856, 0.5599808), (0.57377255, 0.44539052, 0.55763245), (0.57097745, 0.44524843, 0.55852944), (0.57097745, 0.4447887, 0.5614322), (0.57377255, 0.44464663, 0.5623292), (0.5755, 0.44501856, 0.5599808), (0.57377255, 0.446098, 0.55786234), (0.57097745, 0.44568568, 0.55867153), (0.57097745, 0.44435143, 0.5612901), (0.57377255, 0.44393915, 0.5620993), (0.5755, 0.5104385, 0.59331393), (0.57377255, 0.51151794, 0.59119546), (0.57097745, 0.5111056, 0.59200466), (0.57097745, 0.5097714, 0.59462327), (0.57377255, 0.50935906, 0.59543246), (0.5755, 0.5104385, 0.59331393), (0.57377255, 0.51211977, 0.59163266), (0.57097745, 0.5114776, 0.59227484), (0.57097745, 0.5093994, 0.594353), (0.57377255, 0.50875723, 0.5949952), (0.5755, 0.56235605, 0.6452315), (0.57377255, 0.5640373, 0.6435503), (0.57097745, 0.56339514, 0.64419246), (0.57097745, 0.56131697, 0.6462706), (0.57377255, 0.56067485, 0.64691275), (0.5755, 0.56235605, 0.6452315), (0.57377255, 0.5644746, 0.64415205), (0.57097745, 0.5636654, 0.6445644), (0.57097745, 0.5610468, 0.64589864), (0.57377255, 0.5602376, 0.6463109), (0.5755, 0.5956892, 0.71065146), (0.57377255, 0.5978077, 0.709572), (0.57097745, 0.5969985, 0.7099843), (0.57097745, 0.5943799, 0.71131855), (0.57377255, 0.5935707, 0.71173084), (0.573, 0.5981584, 0.71026033), (0.5706224, 0.59645224, 0.7105306), (0.5715305, 0.5936915, 0.71096784), (0.57446945, 0.5936915, 0.71096784), (0.57537764, 0.59645224, 0.7105306), (0.573, 0.60964423, 0.7827789), (0.5706224, 0.60793805, 0.78304917), (0.5715305, 0.60517734, 0.78348637), (0.57446945, 0.60517734, 0.78348637), (0.57537764, 0.60793805, 0.78304917), (0.561, 0.7879115, 0.74603426), (0.561, 0.8044384, 0.67362505), (0.561, 0.8366636, 0.60670877), (0.561, 0.88297105, 0.5486411), (0.561, 0.9410388, 0.5023336), (0.561, 1.0079551, 0.47010845), (0.561, 1.0803643, 0.45358148), (0.561, 1.1546357, 0.45358148), (0.561, 1.2270449, 0.47010845), (0.561, 1.2939612, 0.5023336), (0.561, 1.352029, 0.5486411), (0.561, 1.3983364, 0.60670877), (0.561, 1.4305615, 0.67362505), (0.561, 1.4470885, 0.74603426), (0.561, 1.4470885, 0.8203057), (0.561, 1.4305615, 0.892715), (0.561, 1.3983364, 0.9596312), (0.561, 1.352029, 1.0176989), (0.561, 1.2939612, 1.0640064), (0.561, 1.2270449, 1.0962316), (0.561, 1.1546357, 1.1127585), (0.561, 1.0803643, 1.1127585), (0.561, 1.0079551, 1.0962316), (0.561, 0.9410388, 1.0640064), (0.561, 0.88297105, 1.0176989), (0.561, 0.8366636, 0.9596312), (0.561, 0.8044384, 0.892715), (0.561, 0.7879115, 0.8203057), (0.567, 0.7879115, 0.74603426), (0.567, 0.8044384, 0.67362505), (0.567, 0.8366636, 0.60670877), (0.567, 0.88297105, 0.5486411), (0.567, 0.9410388, 0.5023336), (0.567, 1.0079551, 0.47010845), (0.567, 1.0803643, 0.45358148), (0.567, 1.1546357, 0.45358148), (0.567, 1.2270449, 0.47010845), (0.567, 1.2939612, 0.5023336), (0.567, 1.352029, 0.5486411), (0.567, 1.3983364, 0.60670877), (0.567, 1.4305615, 0.67362505), (0.567, 1.4470885, 0.74603426), (0.567, 1.4470885, 0.8203057), (0.567, 1.4305615, 0.892715), (0.567, 1.3983364, 0.9596312), (0.567, 1.352029, 1.0176989), (0.567, 1.2939612, 1.0640064), (0.567, 1.2270449, 1.0962316), (0.567, 1.1546357, 1.1127585), (0.567, 1.0803643, 1.1127585), (0.567, 1.0079551, 1.0962316), (0.567, 0.9410388, 1.0640064), (0.567, 0.88297105, 1.0176989), (0.567, 0.8366636, 0.9596312), (0.567, 0.8044384, 0.892715), (0.567, 0.7879115, 0.8203057), (0.561, 1.1175, 0.78317), (0.567, 1.1175, 0.78317), (0.576, 0.820245, 0.78317), (0.5745, 0.820245, 0.78057194), (0.5715, 0.820245, 0.78057194), (0.57, 0.820245, 0.78317), (0.5715, 0.820245, 0.7857681), (0.5745, 0.820245, 0.7857681), (0.576, 1.414755, 0.78317), (0.5745, 1.414755, 0.78057194), (0.5715, 1.414755, 0.78057194), (0.57, 1.414755, 0.78317), (0.5715, 1.414755, 0.7857681), (0.5745, 1.414755, 0.7857681), (0.576, 0.907309, 0.572979), (0.5745, 0.9091461, 0.57114184), (0.5715, 0.9091461, 0.57114184), (0.57, 0.907309, 0.572979), (0.5715, 0.90547186, 0.5748161), (0.5745, 0.90547186, 0.5748161), (0.576, 1.3276911, 0.99336106), (0.5745, 1.3295281, 0.9915239), (0.5715, 1.3295281, 0.9915239), (0.57, 1.3276911, 0.99336106), (0.5715, 1.325854, 0.99519813), (0.5745, 1.325854, 0.99519813), (0.573, 1.1205, 0.485915), (0.5704019, 1.119, 0.485915), (0.5704019, 1.116, 0.485915), (0.573, 1.1145, 0.485915), (0.57559806, 1.116, 0.485915), (0.57559806, 1.119, 0.485915), (0.573, 1.1205, 1.080425), (0.5704019, 1.119, 1.080425), (0.5704019, 1.116, 1.080425), (0.573, 1.1145, 1.080425), (0.57559806, 1.116, 1.080425), (0.57559806, 1.119, 1.080425), (0.57, 1.3276911, 0.572979), (0.5715, 1.325854, 0.57114184), (0.5745, 1.325854, 0.57114184), (0.576, 1.3276911, 0.572979), (0.5745, 1.3295281, 0.5748161), (0.5715, 1.3295281, 0.5748161), (0.57, 0.907309, 0.99336106), (0.5715, 0.90547186, 0.9915239), (0.5745, 0.90547186, 0.9915239), (0.576, 0.907309, 0.99336106), (0.5745, 0.9091461, 0.99519813), (0.5715, 0.9091461, 0.99519813), (0.573, 1.2607743, 0.7835611), (0.5706224, 1.259068, 0.78329086), (0.5715305, 1.2563074, 0.7828536), (0.57446945, 1.2563074, 0.7828536), (0.57537764, 1.259068, 0.78329086), (0.573, 1.2538828, 0.8270722), (0.5706224, 1.2521765, 0.826802), (0.5715305, 1.2494159, 0.82636476), (0.57446945, 1.2494159, 0.82636476), (0.57537764, 1.2521765, 0.826802), (0.5705, 1.2514135, 0.82668114), (0.5722275, 1.249295, 0.8256017), (0.5750225, 1.2501042, 0.82601404), (0.5750225, 1.2527229, 0.82734823), (0.5722275, 1.253532, 0.8277606), (0.5705, 1.2314136, 0.8659331), (0.5722275, 1.2292951, 0.8648537), (0.5750225, 1.2301043, 0.86526597), (0.5750225, 1.232723, 0.8666002), (0.5722275, 1.2335322, 0.8670125), (0.5705, 1.2314136, 0.8659331), (0.5722275, 1.2297324, 0.86425185), (0.5750225, 1.2303746, 0.86489403), (0.5750225, 1.2324528, 0.86697215), (0.5722275, 1.2330949, 0.8676143), (0.5705, 1.2002631, 0.89708364), (0.5722275, 1.1985818, 0.8954024), (0.5750225, 1.199224, 0.89604455), (0.5750225, 1.2013022, 0.8981227), (0.5722275, 1.2019444, 0.8987649), (0.5705, 1.2002631, 0.89708364), (0.5722275, 1.1991837, 0.8949652), (0.5750225, 1.1995959, 0.89577436), (0.5750225, 1.2009302, 0.8983929), (0.5722275, 1.2013426, 0.8992021), (0.5705, 1.1610111, 0.9170835), (0.5722275, 1.1599317, 0.91496503), (0.5750225, 1.160344, 0.9157742), (0.5750225, 1.1616783, 0.91839284), (0.5722275, 1.1620905, 0.919202), (0.5705, 1.1610111, 0.9170835), (0.5722275, 1.1606392, 0.91473514), (0.5750225, 1.1607813, 0.9156321), (0.5750225, 1.161241, 0.9185349), (0.5722275, 1.161383, 0.91943187), (0.5705, 1.1175, 0.923975), (0.5722275, 1.117128, 0.9216266), (0.5750225, 1.1172701, 0.9225236), (0.5750225, 1.1177299, 0.92542636), (0.5722275, 1.117872, 0.92632335), (0.5705, 1.1175, 0.923975), (0.5722275, 1.117872, 0.9216266), (0.5750225, 1.1177299, 0.9225236), (0.5750225, 1.1172701, 0.92542636), (0.5722275, 1.117128, 0.92632335), (0.5705, 1.0739889, 0.9170835), (0.5722275, 1.0743608, 0.91473514), (0.5750225, 1.0742188, 0.9156321), (0.5750225, 1.073759, 0.9185349), (0.5722275, 1.0736169, 0.91943187), (0.5705, 1.0739889, 0.9170835), (0.5722275, 1.0750682, 0.91496503), (0.5750225, 1.074656, 0.9157742), (0.5750225, 1.0733217, 0.91839284), (0.5722275, 1.0729095, 0.919202), (0.5705, 1.0347369, 0.89708364), (0.5722275, 1.0358163, 0.8949652), (0.5750225, 1.035404, 0.89577436), (0.5750225, 1.0340698, 0.8983929), (0.5722275, 1.0336574, 0.8992021), (0.5705, 1.0347369, 0.89708364), (0.5722275, 1.0364182, 0.8954024), (0.5750225, 1.035776, 0.89604455), (0.5750225, 1.0336978, 0.8981227), (0.5722275, 1.0330557, 0.8987649), (0.5705, 1.0035864, 0.8659331), (0.5722275, 1.0052676, 0.86425185), (0.5750225, 1.0046254, 0.86489403), (0.5750225, 1.0025473, 0.86697215), (0.5722275, 1.0019051, 0.8676143), (0.5705, 1.0035864, 0.8659331), (0.5722275, 1.0057049, 0.8648537), (0.5750225, 1.0048957, 0.86526597), (0.5750225, 1.002277, 0.8666002), (0.5722275, 1.0014678, 0.8670125), (0.5705, 0.9835865, 0.82668114), (0.5722275, 0.98570496, 0.8256017), (0.5750225, 0.98489577, 0.82601404), (0.5750225, 0.9822772, 0.82734823), (0.5722275, 0.981468, 0.8277606), (0.573, 0.98111725, 0.8270722), (0.5706224, 0.98282343, 0.826802), (0.5715305, 0.98558414, 0.82636476), (0.57446945, 0.98558414, 0.82636476), (0.57537764, 0.98282343, 0.826802), (0.573, 0.97422576, 0.7835611), (0.5706224, 0.97593194, 0.78329086), (0.5715305, 0.97869265, 0.7828536), (0.57446945, 0.97869265, 0.7828536), (0.57537764, 0.97593194, 0.78329086), (0.573, 0.97422576, 0.7827789), (0.5706224, 0.97593194, 0.78304917), (0.5715305, 0.97869265, 0.78348637), (0.57446945, 0.97869265, 0.78348637), (0.57537764, 0.97593194, 0.78304917), (0.573, 0.98111725, 0.73926777), (0.5706224, 0.98282343, 0.739538), (0.5715305, 0.98558414, 0.7399753), (0.57446945, 0.98558414, 0.7399753), (0.57537764, 0.98282343, 0.739538), (0.5755, 0.9835865, 0.73965883), (0.57377255, 0.981468, 0.73857945), (0.57097745, 0.9822772, 0.73899174), (0.57097745, 0.98489577, 0.740326), (0.57377255, 0.98570496, 0.7407383), (0.5755, 1.0035864, 0.7004069), (0.57377255, 1.0014678, 0.69932747), (0.57097745, 1.002277, 0.69973975), (0.57097745, 1.0048957, 0.701074), (0.57377255, 1.0057049, 0.70148635), (0.5755, 1.0035864, 0.7004069), (0.57377255, 1.0019051, 0.69872564), (0.57097745, 1.0025473, 0.6993678), (0.57097745, 1.0046254, 0.70144594), (0.57377255, 1.0052676, 0.7020881), (0.5755, 1.0347369, 0.6692564), (0.57377255, 1.0330557, 0.6675751), (0.57097745, 1.0336978, 0.6682173), (0.57097745, 1.035776, 0.6702954), (0.57377255, 1.0364182, 0.6709376), (0.5755, 1.0347369, 0.6692564), (0.57377255, 1.0336574, 0.66713786), (0.57097745, 1.0340698, 0.66794705), (0.57097745, 1.035404, 0.67056566), (0.57377255, 1.0358163, 0.67137486), (0.5755, 1.0739889, 0.64925647), (0.57377255, 1.0729095, 0.647138), (0.57097745, 1.0733217, 0.6479472), (0.57097745, 1.074656, 0.6505658), (0.57377255, 1.0750682, 0.651375), (0.5755, 1.0739889, 0.64925647), (0.57377255, 1.0736169, 0.6469081), (0.57097745, 1.073759, 0.6478051), (0.57097745, 1.0742188, 0.65070784), (0.57377255, 1.0743608, 0.65160483), (0.5755, 1.1175, 0.642365), (0.57377255, 1.117128, 0.6400166), (0.57097745, 1.1172701, 0.6409136), (0.57097745, 1.1177299, 0.64381635), (0.57377255, 1.117872, 0.64471334), (0.5755, 1.1175, 0.642365), (0.57377255, 1.117872, 0.6400166), (0.57097745, 1.1177299, 0.6409136), (0.57097745, 1.1172701, 0.64381635), (0.57377255, 1.117128, 0.64471334), (0.5755, 1.1610111, 0.64925647), (0.57377255, 1.161383, 0.6469081), (0.57097745, 1.161241, 0.6478051), (0.57097745, 1.1607813, 0.65070784), (0.57377255, 1.1606392, 0.65160483), (0.5755, 1.1610111, 0.64925647), (0.57377255, 1.1620905, 0.647138), (0.57097745, 1.1616783, 0.6479472), (0.57097745, 1.160344, 0.6505658), (0.57377255, 1.1599317, 0.651375), (0.5755, 1.2002631, 0.6692564), (0.57377255, 1.2013426, 0.66713786), (0.57097745, 1.2009302, 0.66794705), (0.57097745, 1.1995959, 0.67056566), (0.57377255, 1.1991837, 0.67137486), (0.5755, 1.2002631, 0.6692564), (0.57377255, 1.2019444, 0.6675751), (0.57097745, 1.2013022, 0.6682173), (0.57097745, 1.199224, 0.6702954), (0.57377255, 1.1985818, 0.6709376), (0.5755, 1.2314136, 0.7004069), (0.57377255, 1.2330949, 0.69872564), (0.57097745, 1.2324528, 0.6993678), (0.57097745, 1.2303746, 0.70144594), (0.57377255, 1.2297324, 0.7020881), (0.5755, 1.2314136, 0.7004069), (0.57377255, 1.2335322, 0.69932747), (0.57097745, 1.232723, 0.69973975), (0.57097745, 1.2301043, 0.701074), (0.57377255, 1.2292951, 0.70148635), (0.5755, 1.2514135, 0.73965883), (0.57377255, 1.253532, 0.73857945), (0.57097745, 1.2527229, 0.73899174), (0.57097745, 1.2501042, 0.740326), (0.57377255, 1.249295, 0.7407383), (0.573, 1.2538828, 0.73926777), (0.5706224, 1.2521765, 0.739538), (0.5715305, 1.2494159, 0.7399753), (0.57446945, 1.2494159, 0.7399753), (0.57537764, 1.2521765, 0.739538), (0.573, 1.2607743, 0.7827789), (0.5706224, 1.259068, 0.78304917), (0.5715305, 1.2563074, 0.78348637), (0.57446945, 1.2563074, 0.78348637), (0.57537764, 1.259068, 0.78304917), (0.573, 1.3546442, 0.7835611), (0.5706224, 1.352938, 0.78329086), (0.5715305, 1.3501774, 0.7828536), (0.57446945, 1.3501774, 0.7828536), (0.57537764, 1.352938, 0.78329086), (0.573, 1.3431584, 0.85607964), (0.5706224, 1.3414522, 0.8558094), (0.5715305, 1.3386916, 0.8553722), (0.57446945, 1.3386916, 0.8553722), (0.57537764, 1.3414522, 0.8558094), (0.5705, 1.3406892, 0.8556886), (0.5722275, 1.3385707, 0.85460913), (0.5750225, 1.3393799, 0.8550214), (0.5750225, 1.3419985, 0.85635567), (0.5722275, 1.3428077, 0.856768), (0.5705, 1.3073561, 0.9211085), (0.5722275, 1.3052375, 0.9200291), (0.5750225, 1.3060467, 0.9204414), (0.5750225, 1.3086654, 0.92177564), (0.5722275, 1.3094746, 0.9221879), (0.5705, 1.3073561, 0.9211085), (0.5722275, 1.3056748, 0.9194273), (0.5750225, 1.306317, 0.92006946), (0.5750225, 1.3083951, 0.9221476), (0.5722275, 1.3090373, 0.92278975), (0.5705, 1.2554384, 0.97302604), (0.5722275, 1.2537572, 0.9713448), (0.5750225, 1.2543994, 0.971987), (0.5750225, 1.2564776, 0.9740651), (0.5722275, 1.2571198, 0.9747073), (0.5705, 1.2554384, 0.97302604), (0.5722275, 1.2543591, 0.97090757), (0.5750225, 1.2547714, 0.97171676), (0.5750225, 1.2561057, 0.9743354), (0.5722275, 1.2565179, 0.97514457), (0.5705, 1.1900185, 1.0063592), (0.5722275, 1.1889391, 1.0042408), (0.5750225, 1.1893514, 1.00505), (0.5750225, 1.1906856, 1.0076685), (0.5722275, 1.191098, 1.0084777), (0.5705, 1.1900185, 1.0063592), (0.5722275, 1.1896466, 1.0040108), (0.5750225, 1.1897887, 1.0049078), (0.5750225, 1.1902485, 1.0078106), (0.5722275, 1.1903905, 1.0087075), (0.5705, 1.1175, 1.017845), (0.5722275, 1.117128, 1.0154966), (0.5750225, 1.1172701, 1.0163937), (0.5750225, 1.1177299, 1.0192964), (0.5722275, 1.117872, 1.0201933), (0.5705, 1.1175, 1.017845), (0.5722275, 1.117872, 1.0154966), (0.5750225, 1.1177299, 1.0163937), (0.5750225, 1.1172701, 1.0192964), (0.5722275, 1.117128, 1.0201933), (0.5705, 1.0449815, 1.0063592), (0.5722275, 1.0453534, 1.0040108), (0.5750225, 1.0452113, 1.0049078), (0.5750225, 1.0447515, 1.0078106), (0.5722275, 1.0446095, 1.0087075), (0.5705, 1.0449815, 1.0063592), (0.5722275, 1.0460609, 1.0042408), (0.5750225, 1.0456486, 1.00505), (0.5750225, 1.0443143, 1.0076685), (0.5722275, 1.043902, 1.0084777), (0.5705, 0.9795615, 0.97302604), (0.5722275, 0.98064095, 0.97090757), (0.5750225, 0.9802286, 0.97171676), (0.5750225, 0.97889435, 0.9743354), (0.5722275, 0.97848207, 0.97514457), (0.5705, 0.9795615, 0.97302604), (0.5722275, 0.9812427, 0.9713448), (0.5750225, 0.98060054, 0.971987), (0.5750225, 0.9785224, 0.9740651), (0.5722275, 0.97788024, 0.9747073), (0.5705, 0.92764395, 0.9211085), (0.5722275, 0.92932516, 0.9194273), (0.5750225, 0.928683, 0.92006946), (0.5750225, 0.92660487, 0.9221476), (0.5722275, 0.9259627, 0.92278975), (0.5705, 0.92764395, 0.9211085), (0.5722275, 0.9297624, 0.9200291), (0.5750225, 0.92895323, 0.9204414), (0.5750225, 0.9263346, 0.92177564), (0.5722275, 0.9255254, 0.9221879), (0.5705, 0.89431083, 0.8556886), (0.5722275, 0.8964293, 0.85460913), (0.5750225, 0.8956201, 0.8550214), (0.5750225, 0.8930015, 0.85635567), (0.5722275, 0.8921923, 0.856768), (0.573, 0.8918416, 0.85607964), (0.5706224, 0.8935478, 0.8558094), (0.5715305, 0.8963085, 0.8553722), (0.57446945, 0.8963085, 0.8553722), (0.57537764, 0.8935478, 0.8558094), (0.573, 0.8803558, 0.7835611), (0.5706224, 0.88206196, 0.78329086), (0.5715305, 0.88482267, 0.7828536), (0.57446945, 0.88482267, 0.7828536), (0.57537764, 0.88206196, 0.78329086), (0.573, 0.8803558, 0.7827789), (0.5706224, 0.88206196, 0.78304917), (0.5715305, 0.88482267, 0.78348637), (0.57446945, 0.88482267, 0.78348637), (0.57537764, 0.88206196, 0.78304917), (0.573, 0.8918416, 0.71026033), (0.5706224, 0.8935478, 0.7105306), (0.5715305, 0.8963085, 0.71096784), (0.57446945, 0.8963085, 0.71096784), (0.57537764, 0.8935478, 0.7105306), (0.5755, 0.89431083, 0.71065146), (0.57377255, 0.8921923, 0.709572), (0.57097745, 0.8930015, 0.7099843), (0.57097745, 0.8956201, 0.71131855), (0.57377255, 0.8964293, 0.71173084), (0.5755, 0.92764395, 0.6452315), (0.57377255, 0.9255254, 0.64415205), (0.57097745, 0.9263346, 0.6445644), (0.57097745, 0.92895323, 0.64589864), (0.57377255, 0.9297624, 0.6463109), (0.5755, 0.92764395, 0.6452315), (0.57377255, 0.9259627, 0.6435503), (0.57097745, 0.92660487, 0.64419246), (0.57097745, 0.928683, 0.6462706), (0.57377255, 0.92932516, 0.64691275), (0.5755, 0.9795615, 0.59331393), (0.57377255, 0.97788024, 0.59163266), (0.57097745, 0.9785224, 0.59227484), (0.57097745, 0.98060054, 0.594353), (0.57377255, 0.9812427, 0.5949952), (0.5755, 0.9795615, 0.59331393), (0.57377255, 0.97848207, 0.59119546), (0.57097745, 0.97889435, 0.59200466), (0.57097745, 0.9802286, 0.59462327), (0.57377255, 0.98064095, 0.59543246), (0.5755, 1.0449815, 0.5599808), (0.57377255, 1.043902, 0.55786234), (0.57097745, 1.0443143, 0.55867153), (0.57097745, 1.0456486, 0.5612901), (0.57377255, 1.0460609, 0.5620993), (0.5755, 1.0449815, 0.5599808), (0.57377255, 1.0446095, 0.55763245), (0.57097745, 1.0447515, 0.55852944), (0.57097745, 1.0452113, 0.5614322), (0.57377255, 1.0453534, 0.5623292), (0.5755, 1.1175, 0.548495), (0.57377255, 1.117128, 0.54614663), (0.57097745, 1.1172701, 0.5470436), (0.57097745, 1.1177299, 0.54994637), (0.57377255, 1.117872, 0.55084336), (0.5755, 1.1175, 0.548495), (0.57377255, 1.117872, 0.54614663), (0.57097745, 1.1177299, 0.5470436), (0.57097745, 1.1172701, 0.54994637), (0.57377255, 1.117128, 0.55084336), (0.5755, 1.1900185, 0.5599808), (0.57377255, 1.1903905, 0.55763245), (0.57097745, 1.1902485, 0.55852944), (0.57097745, 1.1897887, 0.5614322), (0.57377255, 1.1896466, 0.5623292), (0.5755, 1.1900185, 0.5599808), (0.57377255, 1.191098, 0.55786234), (0.57097745, 1.1906856, 0.55867153), (0.57097745, 1.1893514, 0.5612901), (0.57377255, 1.1889391, 0.5620993), (0.5755, 1.2554384, 0.59331393), (0.57377255, 1.2565179, 0.59119546), (0.57097745, 1.2561057, 0.59200466), (0.57097745, 1.2547714, 0.59462327), (0.57377255, 1.2543591, 0.59543246), (0.5755, 1.2554384, 0.59331393), (0.57377255, 1.2571198, 0.59163266), (0.57097745, 1.2564776, 0.59227484), (0.57097745, 1.2543994, 0.594353), (0.57377255, 1.2537572, 0.5949952), (0.5755, 1.3073561, 0.6452315), (0.57377255, 1.3090373, 0.6435503), (0.57097745, 1.3083951, 0.64419246), (0.57097745, 1.306317, 0.6462706), (0.57377255, 1.3056748, 0.64691275), (0.5755, 1.3073561, 0.6452315), (0.57377255, 1.3094746, 0.64415205), (0.57097745, 1.3086654, 0.6445644), (0.57097745, 1.3060467, 0.64589864), (0.57377255, 1.3052375, 0.6463109), (0.5755, 1.3406892, 0.71065146), (0.57377255, 1.3428077, 0.709572), (0.57097745, 1.3419985, 0.7099843), (0.57097745, 1.3393799, 0.71131855), (0.57377255, 1.3385707, 0.71173084), (0.573, 1.3431584, 0.71026033), (0.5706224, 1.3414522, 0.7105306), (0.5715305, 1.3386916, 0.71096784), (0.57446945, 1.3386916, 0.71096784), (0.57537764, 1.3414522, 0.7105306), (0.573, 1.3546442, 0.7827789), (0.5706224, 1.352938, 0.78304917), (0.5715305, 1.3501774, 0.78348637), (0.57446945, 1.3501774, 0.78348637), (0.57537764, 1.352938, 0.78304917)]
                    uniform token subdivisionScheme = "none"
                }

                def Mesh "FanGrille" (
                    prepend apiSchemas = ["MaterialBindingAPI"]
                )
                {
                    float3[] extent = [(0.567, -1.4304, 0.47027), (0.57, 1.4304, 1.09607)]
                    int[] faceVertexCounts = [4, 4, 4, 4, 4, 4, 4, 4, 4, 4, 4, 4, 4, 4, 4, 4, 4, 4, 4, 4, 4, 4, 4, 4, 4, 4, 4, 4, 3, 3, 3, 3, 3, 3, 3, 3, 3, 3, 3, 3, 3, 3, 3, 3, 3, 3, 3, 3, 3, 3, 3, 3, 3, 3, 3, 3, 3, 3, 3, 3, 3, 3, 3, 3, 3, 3, 3, 3, 3, 3, 3, 3, 3, 3, 3, 3, 3, 3, 3, 3, 3, 3, 3, 3, 4, 4, 4, 4, 4, 4, 4, 4, 4, 4, 4, 4, 4, 4, 4, 4, 4, 4, 4, 4, 4, 4, 4, 4, 4, 4, 4, 4, 3, 3, 3, 3, 3, 3, 3, 3, 3, 3, 3, 3, 3, 3, 3, 3, 3, 3, 3, 3, 3, 3, 3, 3, 3, 3, 3, 3, 3, 3, 3, 3, 3, 3, 3, 3, 3, 3, 3, 3, 3, 3, 3, 3, 3, 3, 3, 3, 3, 3, 3, 3, 3, 3, 3, 3, 4, 4, 4, 4, 4, 4, 4, 4, 4, 4, 4, 4, 4, 4, 4, 4, 4, 4, 4, 4, 4, 4, 4, 4, 4, 4, 4, 4, 3, 3, 3, 3, 3, 3, 3, 3, 3, 3, 3, 3, 3, 3, 3, 3, 3, 3, 3, 3, 3, 3, 3, 3, 3, 3, 3, 3, 3, 3, 3, 3, 3, 3, 3, 3, 3, 3, 3, 3, 3, 3, 3, 3, 3, 3, 3, 3, 3, 3, 3, 3, 3, 3, 3, 3, 4, 4, 4, 4, 4, 4, 4, 4, 4, 4, 4, 4, 4, 4, 4, 4, 4, 4, 4, 4, 4, 4, 4, 4, 4, 4, 4, 4, 3, 3, 3, 3, 3, 3, 3, 3, 3, 3, 3, 3, 3, 3, 3, 3, 3, 3, 3, 3, 3, 3, 3, 3, 3, 3, 3, 3, 3, 3, 3, 3, 3, 3, 3, 3, 3, 3, 3, 3, 3, 3, 3, 3, 3, 3, 3, 3, 3, 3, 3, 3, 3, 3, 3, 3]
                    int[] faceVertexIndices = [0, 1, 29, 28, 1, 2, 30, 29, 2, 3, 31, 30, 3, 4, 32, 31, 4, 5, 33, 32, 5, 6, 34, 33, 6, 7, 35, 34, 7, 8, 36, 35, 8, 9, 37, 36, 9, 10, 38, 37, 10, 11, 39, 38, 11, 12, 40, 39, 12, 13, 41, 40, 13, 14, 42, 41, 14, 15, 43, 42, 15, 16, 44, 43, 16, 17, 45, 44, 17, 18, 46, 45, 18, 19, 47, 46, 19, 20, 48, 47, 20, 21, 49, 48, 21, 22, 50, 49, 22, 23, 51, 50, 23, 24, 52, 51, 24, 25, 53, 52, 25, 26, 54, 53, 26, 27, 55, 54, 27, 0, 28, 55, 56, 1, 0, 57, 28, 29, 56, 2, 1, 57, 29, 30, 56, 3, 2, 57, 30, 31, 56, 4, 3, 57, 31, 32, 56, 5, 4, 57, 32, 33, 56, 6, 5, 57, 33, 34, 56, 7, 6, 57, 34, 35, 56, 8, 7, 57, 35, 36, 56, 9, 8, 57, 36, 37, 56, 10, 9, 57, 37, 38, 56, 11, 10, 57, 38, 39, 56, 12, 11, 57, 39, 40, 56, 13, 12, 57, 40, 41, 56, 14, 13, 57, 41, 42, 56, 15, 14, 57, 42, 43, 56, 16, 15, 57, 43, 44, 56, 17, 16, 57, 44, 45, 56, 18, 17, 57, 45, 46, 56, 19, 18, 57, 46, 47, 56, 20, 19, 57, 47, 48, 56, 21, 20, 57, 48, 49, 56, 22, 21, 57, 49, 50, 56, 23, 22, 57, 50, 51, 56, 24, 23, 57, 51, 52, 56, 25, 24, 57, 52, 53, 56, 26, 25, 57, 53, 54, 56, 27, 26, 57, 54, 55, 56, 0, 27, 57, 55, 28, 58, 59, 87, 86, 59, 60, 88, 87, 60, 61, 89, 88, 61, 62, 90, 89, 62, 63, 91, 90, 63, 64, 92, 91, 64, 65, 93, 92, 65, 66, 94, 93, 66, 67, 95, 94, 67, 68, 96, 95, 68, 69, 97, 96, 69, 70, 98, 97, 70, 71, 99, 98, 71, 72, 100, 99, 72, 73, 101, 100, 73, 74, 102, 101, 74, 75, 103, 102, 75, 76, 104, 103, 76, 77, 105, 104, 77, 78, 106, 105, 78, 79, 107, 106, 79, 80, 108, 107, 80, 81, 109, 108, 81, 82, 110, 109, 82, 83, 111, 110, 83, 84, 112, 111, 84, 85, 113, 112, 85, 58, 86, 113, 114, 59, 58, 115, 86, 87, 114, 60, 59, 115, 87, 88, 114, 61, 60, 115, 88, 89, 114, 62, 61, 115, 89, 90, 114, 63, 62, 115, 90, 91, 114, 64, 63, 115, 91, 92, 114, 65, 64, 115, 92, 93, 114, 66, 65, 115, 93, 94, 114, 67, 66, 115, 94, 95, 114, 68, 67, 115, 95, 96, 114, 69, 68, 115, 96, 97, 114, 70, 69, 115, 97, 98, 114, 71, 70, 115, 98, 99, 114, 72, 71, 115, 99, 100, 114, 73, 72, 115, 100, 101, 114, 74, 73, 115, 101, 102, 114, 75, 74, 115, 102, 103, 114, 76, 75, 115, 103, 104, 114, 77, 76, 115, 104, 105, 114, 78, 77, 115, 105, 106, 114, 79, 78, 115, 106, 107, 114, 80, 79, 115, 107, 108, 114, 81, 80, 115, 108, 109, 114, 82, 81, 115, 109, 110, 114, 83, 82, 115, 110, 111, 114, 84, 83, 115, 111, 112, 114, 85, 84, 115, 112, 113, 114, 58, 85, 115, 113, 86, 116, 117, 145, 144, 117, 118, 146, 145, 118, 119, 147, 146, 119, 120, 148, 147, 120, 121, 149, 148, 121, 122, 150, 149, 122, 123, 151, 150, 123, 124, 152, 151, 124, 125, 153, 152, 125, 126, 154, 153, 126, 127, 155, 154, 127, 128, 156, 155, 128, 129, 157, 156, 129, 130, 158, 157, 130, 131, 159, 158, 131, 132, 160, 159, 132, 133, 161, 160, 133, 134, 162, 161, 134, 135, 163, 162, 135, 136, 164, 163, 136, 137, 165, 164, 137, 138, 166, 165, 138, 139, 167, 166, 139, 140, 168, 167, 140, 141, 169, 168, 141, 142, 170, 169, 142, 143, 171, 170, 143, 116, 144, 171, 172, 117, 116, 173, 144, 145, 172, 118, 117, 173, 145, 146, 172, 119, 118, 173, 146, 147, 172, 120, 119, 173, 147, 148, 172, 121, 120, 173, 148, 149, 172, 122, 121, 173, 149, 150, 172, 123, 122, 173, 150, 151, 172, 124, 123, 173, 151, 152, 172, 125, 124, 173, 152, 153, 172, 126, 125, 173, 153, 154, 172, 127, 126, 173, 154, 155, 172, 128, 127, 173, 155, 156, 172, 129, 128, 173, 156, 157, 172, 130, 129, 173, 157, 158, 172, 131, 130, 173, 158, 159, 172, 132, 131, 173, 159, 160, 172, 133, 132, 173, 160, 161, 172, 134, 133, 173, 161, 162, 172, 135, 134, 173, 162, 163, 172, 136, 135, 173, 163, 164, 172, 137, 136, 173, 164, 165, 172, 138, 137, 173, 165, 166, 172, 139, 138, 173, 166, 167, 172, 140, 139, 173, 167, 168, 172, 141, 140, 173, 168, 169, 172, 142, 141, 173, 169, 170, 172, 143, 142, 173, 170, 171, 172, 116, 143, 173, 171, 144, 174, 175, 203, 202, 175, 176, 204, 203, 176, 177, 205, 204, 177, 178, 206, 205, 178, 179, 207, 206, 179, 180, 208, 207, 180, 181, 209, 208, 181, 182, 210, 209, 182, 183, 211, 210, 183, 184, 212, 211, 184, 185, 213, 212, 185, 186, 214, 213, 186, 187, 215, 214, 187, 188, 216, 215, 188, 189, 217, 216, 189, 190, 218, 217, 190, 191, 219, 218, 191, 192, 220, 219, 192, 193, 221, 220, 193, 194, 222, 221, 194, 195, 223, 222, 195, 196, 224, 223, 196, 197, 225, 224, 197, 198, 226, 225, 198, 199, 227, 226, 199, 200, 228, 227, 200, 201, 229, 228, 201, 174, 202, 229, 230, 175, 174, 231, 202, 203, 230, 176, 175, 231, 203, 204, 230, 177, 176, 231, 204, 205, 230, 178, 177, 231, 205, 206, 230, 179, 178, 231, 206, 207, 230, 180, 179, 231, 207, 208, 230, 181, 180, 231, 208, 209, 230, 182, 181, 231, 209, 210, 230, 183, 182, 231, 210, 211, 230, 184, 183, 231, 211, 212, 230, 185, 184, 231, 212, 213, 230, 186, 185, 231, 213, 214, 230, 187, 186, 231, 214, 215, 230, 188, 187, 231, 215, 216, 230, 189, 188, 231, 216, 217, 230, 190, 189, 231, 217, 218, 230, 191, 190, 231, 218, 219, 230, 192, 191, 231, 219, 220, 230, 193, 192, 231, 220, 221, 230, 194, 193, 231, 221, 222, 230, 195, 194, 231, 222, 223, 230, 196, 195, 231, 223, 224, 230, 197, 196, 231, 224, 225, 230, 198, 197, 231, 225, 226, 230, 199, 198, 231, 226, 227, 230, 200, 199, 231, 227, 228, 230, 201, 200, 231, 228, 229, 230, 174, 201, 231, 229, 202]
                    rel material:binding = </GenericCRAH/Looks/FanGrille>
                    uniform token orientation = "rightHanded"
                    point3f[] points = [(0.567, -1.4304, 0.78317), (0.567, -1.422555, 0.7135432), (0.567, -1.3994131, 0.64740777), (0.567, -1.362135, 0.58808005), (0.567, -1.31259, 0.53853494), (0.567, -1.2532623, 0.5012568), (0.567, -1.1871268, 0.47811505), (0.567, -1.1175, 0.47027), (0.567, -1.0478733, 0.47811505), (0.567, -0.9817378, 0.5012568), (0.567, -0.92241, 0.53853494), (0.567, -0.8728649, 0.58808005), (0.567, -0.83558685, 0.64740777), (0.567, -0.81244504, 0.7135432), (0.567, -0.8046, 0.78317), (0.567, -0.81244504, 0.8527968), (0.567, -0.83558685, 0.9189322), (0.567, -0.8728649, 0.97826), (0.567, -0.92241, 1.0278051), (0.567, -0.9817378, 1.0650831), (0.567, -1.0478733, 1.0882249), (0.567, -1.1175, 1.09607), (0.567, -1.1871268, 1.0882249), (0.567, -1.2532623, 1.0650831), (0.567, -1.31259, 1.0278051), (0.567, -1.362135, 0.97826), (0.567, -1.3994131, 0.9189322), (0.567, -1.422555, 0.8527968), (0.57, -1.4304, 0.78317), (0.57, -1.422555, 0.7135432), (0.57, -1.3994131, 0.64740777), (0.57, -1.362135, 0.58808005), (0.57, -1.31259, 0.53853494), (0.57, -1.2532623, 0.5012568), (0.57, -1.1871268, 0.47811505), (0.57, -1.1175, 0.47027), (0.57, -1.0478733, 0.47811505), (0.57, -0.9817378, 0.5012568), (0.57, -0.92241, 0.53853494), (0.57, -0.8728649, 0.58808005), (0.57, -0.83558685, 0.64740777), (0.57, -0.81244504, 0.7135432), (0.57, -0.8046, 0.78317), (0.57, -0.81244504, 0.8527968), (0.57, -0.83558685, 0.9189322), (0.57, -0.8728649, 0.97826), (0.57, -0.92241, 1.0278051), (0.57, -0.9817378, 1.0650831), (0.57, -1.0478733, 1.0882249), (0.57, -1.1175, 1.09607), (0.57, -1.1871268, 1.0882249), (0.57, -1.2532623, 1.0650831), (0.57, -1.31259, 1.0278051), (0.57, -1.362135, 0.97826), (0.57, -1.3994131, 0.9189322), (0.57, -1.422555, 0.8527968), (0.567, -1.1175, 0.78317), (0.57, -1.1175, 0.78317), (0.567, -0.6854, 0.78317), (0.567, -0.67755497, 0.7135432), (0.567, -0.65441316, 0.64740777), (0.567, -0.61713505, 0.58808005), (0.567, -0.56758994, 0.53853494), (0.567, -0.5082622, 0.5012568), (0.567, -0.4421268, 0.47811505), (0.567, -0.3725, 0.47027), (0.567, -0.3028732, 0.47811505), (0.567, -0.23673777, 0.5012568), (0.567, -0.17741004, 0.53853494), (0.567, -0.12786493, 0.58808005), (0.567, -0.09058684, 0.64740777), (0.567, -0.067445055, 0.7135432), (0.567, -0.0596, 0.78317), (0.567, -0.067445055, 0.8527968), (0.567, -0.09058684, 0.9189322), (0.567, -0.12786493, 0.97826), (0.567, -0.17741004, 1.0278051), (0.567, -0.23673777, 1.0650831), (0.567, -0.3028732, 1.0882249), (0.567, -0.3725, 1.09607), (0.567, -0.4421268, 1.0882249), (0.567, -0.5082622, 1.0650831), (0.567, -0.56758994, 1.0278051), (0.567, -0.61713505, 0.97826), (0.567, -0.65441316, 0.9189322), (0.567, -0.67755497, 0.8527968), (0.57, -0.6854, 0.78317), (0.57, -0.67755497, 0.7135432), (0.57, -0.65441316, 0.64740777), (0.57, -0.61713505, 0.58808005), (0.57, -0.56758994, 0.53853494), (0.57, -0.5082622, 0.5012568), (0.57, -0.4421268, 0.47811505), (0.57, -0.3725, 0.47027), (0.57, -0.3028732, 0.47811505), (0.57, -0.23673777, 0.5012568), (0.57, -0.17741004, 0.53853494), (0.57, -0.12786493, 0.58808005), (0.57, -0.09058684, 0.64740777), (0.57, -0.067445055, 0.7135432), (0.57, -0.0596, 0.78317), (0.57, -0.067445055, 0.8527968), (0.57, -0.09058684, 0.9189322), (0.57, -0.12786493, 0.97826), (0.57, -0.17741004, 1.0278051), (0.57, -0.23673777, 1.0650831), (0.57, -0.3028732, 1.0882249), (0.57, -0.3725, 1.09607), (0.57, -0.4421268, 1.0882249), (0.57, -0.5082622, 1.0650831), (0.57, -0.56758994, 1.0278051), (0.57, -0.61713505, 0.97826), (0.57, -0.65441316, 0.9189322), (0.57, -0.67755497, 0.8527968), (0.567, -0.3725, 0.78317), (0.57, -0.3725, 0.78317), (0.567, 0.0596, 0.78317), (0.567, 0.067445055, 0.7135432), (0.567, 0.09058684, 0.64740777), (0.567, 0.12786493, 0.58808005), (0.567, 0.17741004, 0.53853494), (0.567, 0.23673777, 0.5012568), (0.567, 0.3028732, 0.47811505), (0.567, 0.3725, 0.47027), (0.567, 0.4421268, 0.47811505), (0.567, 0.5082622, 0.5012568), (0.567, 0.56758994, 0.53853494), (0.567, 0.61713505, 0.58808005), (0.567, 0.65441316, 0.64740777), (0.567, 0.67755497, 0.7135432), (0.567, 0.6854, 0.78317), (0.567, 0.67755497, 0.8527968), (0.567, 0.65441316, 0.9189322), (0.567, 0.61713505, 0.97826), (0.567, 0.56758994, 1.0278051), (0.567, 0.5082622, 1.0650831), (0.567, 0.4421268, 1.0882249), (0.567, 0.3725, 1.09607), (0.567, 0.3028732, 1.0882249), (0.567, 0.23673777, 1.0650831), (0.567, 0.17741004, 1.0278051), (0.567, 0.12786493, 0.97826), (0.567, 0.09058684, 0.9189322), (0.567, 0.067445055, 0.8527968), (0.57, 0.0596, 0.78317), (0.57, 0.067445055, 0.7135432), (0.57, 0.09058684, 0.64740777), (0.57, 0.12786493, 0.58808005), (0.57, 0.17741004, 0.53853494), (0.57, 0.23673777, 0.5012568), (0.57, 0.3028732, 0.47811505), (0.57, 0.3725, 0.47027), (0.57, 0.4421268, 0.47811505), (0.57, 0.5082622, 0.5012568), (0.57, 0.56758994, 0.53853494), (0.57, 0.61713505, 0.58808005), (0.57, 0.65441316, 0.64740777), (0.57, 0.67755497, 0.7135432), (0.57, 0.6854, 0.78317), (0.57, 0.67755497, 0.8527968), (0.57, 0.65441316, 0.9189322), (0.57, 0.61713505, 0.97826), (0.57, 0.56758994, 1.0278051), (0.57, 0.5082622, 1.0650831), (0.57, 0.4421268, 1.0882249), (0.57, 0.3725, 1.09607), (0.57, 0.3028732, 1.0882249), (0.57, 0.23673777, 1.0650831), (0.57, 0.17741004, 1.0278051), (0.57, 0.12786493, 0.97826), (0.57, 0.09058684, 0.9189322), (0.57, 0.067445055, 0.8527968), (0.567, 0.3725, 0.78317), (0.57, 0.3725, 0.78317), (0.567, 0.8046, 0.78317), (0.567, 0.81244504, 0.7135432), (0.567, 0.83558685, 0.64740777), (0.567, 0.8728649, 0.58808005), (0.567, 0.92241, 0.53853494), (0.567, 0.9817378, 0.5012568), (0.567, 1.0478733, 0.47811505), (0.567, 1.1175, 0.47027), (0.567, 1.1871268, 0.47811505), (0.567, 1.2532623, 0.5012568), (0.567, 1.31259, 0.53853494), (0.567, 1.362135, 0.58808005), (0.567, 1.3994131, 0.64740777), (0.567, 1.422555, 0.7135432), (0.567, 1.4304, 0.78317), (0.567, 1.422555, 0.8527968), (0.567, 1.3994131, 0.9189322), (0.567, 1.362135, 0.97826), (0.567, 1.31259, 1.0278051), (0.567, 1.2532623, 1.0650831), (0.567, 1.1871268, 1.0882249), (0.567, 1.1175, 1.09607), (0.567, 1.0478733, 1.0882249), (0.567, 0.9817378, 1.0650831), (0.567, 0.92241, 1.0278051), (0.567, 0.8728649, 0.97826), (0.567, 0.83558685, 0.9189322), (0.567, 0.81244504, 0.8527968), (0.57, 0.8046, 0.78317), (0.57, 0.81244504, 0.7135432), (0.57, 0.83558685, 0.64740777), (0.57, 0.8728649, 0.58808005), (0.57, 0.92241, 0.53853494), (0.57, 0.9817378, 0.5012568), (0.57, 1.0478733, 0.47811505), (0.57, 1.1175, 0.47027), (0.57, 1.1871268, 0.47811505), (0.57, 1.2532623, 0.5012568), (0.57, 1.31259, 0.53853494), (0.57, 1.362135, 0.58808005), (0.57, 1.3994131, 0.64740777), (0.57, 1.422555, 0.7135432), (0.57, 1.4304, 0.78317), (0.57, 1.422555, 0.8527968), (0.57, 1.3994131, 0.9189322), (0.57, 1.362135, 0.97826), (0.57, 1.31259, 1.0278051), (0.57, 1.2532623, 1.0650831), (0.57, 1.1871268, 1.0882249), (0.57, 1.1175, 1.09607), (0.57, 1.0478733, 1.0882249), (0.57, 0.9817378, 1.0650831), (0.57, 0.92241, 1.0278051), (0.57, 0.8728649, 0.97826), (0.57, 0.83558685, 0.9189322), (0.57, 0.81244504, 0.8527968), (0.567, 1.1175, 0.78317), (0.57, 1.1175, 0.78317)]
                    uniform token subdivisionScheme = "none"
                }

                def Mesh "FanHub" (
                    prepend apiSchemas = ["MaterialBindingAPI"]
                )
                {
                    float3[] extent = [(0.57, -1.18008, 0.722159), (0.577, 1.18008, 0.844181)]
                    int[] faceVertexCounts = [4, 4, 4, 4, 4, 4, 4, 4, 4, 4, 4, 4, 4, 4, 3, 3, 3, 3, 3, 3, 3, 3, 3, 3, 3, 3, 3, 3, 3, 3, 3, 3, 3, 3, 3, 3, 3, 3, 3, 3, 3, 3, 4, 4, 4, 4, 4, 4, 4, 4, 4, 4, 4, 4, 4, 4, 3, 3, 3, 3, 3, 3, 3, 3, 3, 3, 3, 3, 3, 3, 3, 3, 3, 3, 3, 3, 3, 3, 3, 3, 3, 3, 3, 3, 4, 4, 4, 4, 4, 4, 4, 4, 4, 4, 4, 4, 4, 4, 3, 3, 3, 3, 3, 3, 3, 3, 3, 3, 3, 3, 3, 3, 3, 3, 3, 3, 3, 3, 3, 3, 3, 3, 3, 3, 3, 3, 4, 4, 4, 4, 4, 4, 4, 4, 4, 4, 4, 4, 4, 4, 3, 3, 3, 3, 3, 3, 3, 3, 3, 3, 3, 3, 3, 3, 3, 3, 3, 3, 3, 3, 3, 3, 3, 3, 3, 3, 3, 3]
                    int[] faceVertexIndices = [0, 1, 15, 14, 1, 2, 16, 15, 2, 3, 17, 16, 3, 4, 18, 17, 4, 5, 19, 18, 5, 6, 20, 19, 6, 7, 21, 20, 7, 8, 22, 21, 8, 9, 23, 22, 9, 10, 24, 23, 10, 11, 25, 24, 11, 12, 26, 25, 12, 13, 27, 26, 13, 0, 14, 27, 28, 1, 0, 29, 14, 15, 28, 2, 1, 29, 15, 16, 28, 3, 2, 29, 16, 17, 28, 4, 3, 29, 17, 18, 28, 5, 4, 29, 18, 19, 28, 6, 5, 29, 19, 20, 28, 7, 6, 29, 20, 21, 28, 8, 7, 29, 21, 22, 28, 9, 8, 29, 22, 23, 28, 10, 9, 29, 23, 24, 28, 11, 10, 29, 24, 25, 28, 12, 11, 29, 25, 26, 28, 13, 12, 29, 26, 27, 28, 0, 13, 29, 27, 14, 30, 31, 45, 44, 31, 32, 46, 45, 32, 33, 47, 46, 33, 34, 48, 47, 34, 35, 49, 48, 35, 36, 50, 49, 36, 37, 51, 50, 37, 38, 52, 51, 38, 39, 53, 52, 39, 40, 54, 53, 40, 41, 55, 54, 41, 42, 56, 55, 42, 43, 57, 56, 43, 30, 44, 57, 58, 31, 30, 59, 44, 45, 58, 32, 31, 59, 45, 46, 58, 33, 32, 59, 46, 47, 58, 34, 33, 59, 47, 48, 58, 35, 34, 59, 48, 49, 58, 36, 35, 59, 49, 50, 58, 37, 36, 59, 50, 51, 58, 38, 37, 59, 51, 52, 58, 39, 38, 59, 52, 53, 58, 40, 39, 59, 53, 54, 58, 41, 40, 59, 54, 55, 58, 42, 41, 59, 55, 56, 58, 43, 42, 59, 56, 57, 58, 30, 43, 59, 57, 44, 60, 61, 75, 74, 61, 62, 76, 75, 62, 63, 77, 76, 63, 64, 78, 77, 64, 65, 79, 78, 65, 66, 80, 79, 66, 67, 81, 80, 67, 68, 82, 81, 68, 69, 83, 82, 69, 70, 84, 83, 70, 71, 85, 84, 71, 72, 86, 85, 72, 73, 87, 86, 73, 60, 74, 87, 88, 61, 60, 89, 74, 75, 88, 62, 61, 89, 75, 76, 88, 63, 62, 89, 76, 77, 88, 64, 63, 89, 77, 78, 88, 65, 64, 89, 78, 79, 88, 66, 65, 89, 79, 80, 88, 67, 66, 89, 80, 81, 88, 68, 67, 89, 81, 82, 88, 69, 68, 89, 82, 83, 88, 70, 69, 89, 83, 84, 88, 71, 70, 89, 84, 85, 88, 72, 71, 89, 85, 86, 88, 73, 72, 89, 86, 87, 88, 60, 73, 89, 87, 74, 90, 91, 105, 104, 91, 92, 106, 105, 92, 93, 107, 106, 93, 94, 108, 107, 94, 95, 109, 108, 95, 96, 110, 109, 96, 97, 111, 110, 97, 98, 112, 111, 98, 99, 113, 112, 99, 100, 114, 113, 100, 101, 115, 114, 101, 102, 116, 115, 102, 103, 117, 116, 103, 90, 104, 117, 118, 91, 90, 119, 104, 105, 118, 92, 91, 119, 105, 106, 118, 93, 92, 119, 106, 107, 118, 94, 93, 119, 107, 108, 118, 95, 94, 119, 108, 109, 118, 96, 95, 119, 109, 110, 118, 97, 96, 119, 110, 111, 118, 98, 97, 119, 111, 112, 118, 99, 98, 119, 112, 113, 118, 100, 99, 119, 113, 114, 118, 101, 100, 119, 114, 115, 118, 102, 101, 119, 115, 116, 118, 103, 102, 119, 116, 117, 118, 90, 103, 119, 117, 104]
                    rel material:binding = </GenericCRAH/Looks/FanHub>
                    uniform token orientation = "rightHanded"
                    point3f[] points = [(0.57, -1.18008, 0.78317), (0.57, -1.1738826, 0.75601757), (0.57, -1.156518, 0.734243), (0.57, -1.1314254, 0.722159), (0.57, -1.1035746, 0.722159), (0.57, -1.078482, 0.734243), (0.57, -1.0611174, 0.75601757), (0.57, -1.05492, 0.78317), (0.57, -1.0611174, 0.81032246), (0.57, -1.078482, 0.832097), (0.57, -1.1035746, 0.844181), (0.57, -1.1314254, 0.844181), (0.57, -1.156518, 0.832097), (0.57, -1.1738826, 0.81032246), (0.577, -1.18008, 0.78317), (0.577, -1.1738826, 0.75601757), (0.577, -1.156518, 0.734243), (0.577, -1.1314254, 0.722159), (0.577, -1.1035746, 0.722159), (0.577, -1.078482, 0.734243), (0.577, -1.0611174, 0.75601757), (0.577, -1.05492, 0.78317), (0.577, -1.0611174, 0.81032246), (0.577, -1.078482, 0.832097), (0.577, -1.1035746, 0.844181), (0.577, -1.1314254, 0.844181), (0.577, -1.156518, 0.832097), (0.577, -1.1738826, 0.81032246), (0.57, -1.1175, 0.78317), (0.577, -1.1175, 0.78317), (0.57, -0.43508, 0.78317), (0.57, -0.42888263, 0.75601757), (0.57, -0.41151798, 0.734243), (0.57, -0.38642535, 0.722159), (0.57, -0.35857463, 0.722159), (0.57, -0.333482, 0.734243), (0.57, -0.31611738, 0.75601757), (0.57, -0.30992, 0.78317), (0.57, -0.31611738, 0.81032246), (0.57, -0.333482, 0.832097), (0.57, -0.35857463, 0.844181), (0.57, -0.38642535, 0.844181), (0.57, -0.41151798, 0.832097), (0.57, -0.42888263, 0.81032246), (0.577, -0.43508, 0.78317), (0.577, -0.42888263, 0.75601757), (0.577, -0.41151798, 0.734243), (0.577, -0.38642535, 0.722159), (0.577, -0.35857463, 0.722159), (0.577, -0.333482, 0.734243), (0.577, -0.31611738, 0.75601757), (0.577, -0.30992, 0.78317), (0.577, -0.31611738, 0.81032246), (0.577, -0.333482, 0.832097), (0.577, -0.35857463, 0.844181), (0.577, -0.38642535, 0.844181), (0.577, -0.41151798, 0.832097), (0.577, -0.42888263, 0.81032246), (0.57, -0.3725, 0.78317), (0.577, -0.3725, 0.78317), (0.57, 0.30992, 0.78317), (0.57, 0.31611738, 0.75601757), (0.57, 0.333482, 0.734243), (0.57, 0.35857463, 0.722159), (0.57, 0.38642535, 0.722159), (0.57, 0.41151798, 0.734243), (0.57, 0.42888263, 0.75601757), (0.57, 0.43508, 0.78317), (0.57, 0.42888263, 0.81032246), (0.57, 0.41151798, 0.832097), (0.57, 0.38642535, 0.844181), (0.57, 0.35857463, 0.844181), (0.57, 0.333482, 0.832097), (0.57, 0.31611738, 0.81032246), (0.577, 0.30992, 0.78317), (0.577, 0.31611738, 0.75601757), (0.577, 0.333482, 0.734243), (0.577, 0.35857463, 0.722159), (0.577, 0.38642535, 0.722159), (0.577, 0.41151798, 0.734243), (0.577, 0.42888263, 0.75601757), (0.577, 0.43508, 0.78317), (0.577, 0.42888263, 0.81032246), (0.577, 0.41151798, 0.832097), (0.577, 0.38642535, 0.844181), (0.577, 0.35857463, 0.844181), (0.577, 0.333482, 0.832097), (0.577, 0.31611738, 0.81032246), (0.57, 0.3725, 0.78317), (0.577, 0.3725, 0.78317), (0.57, 1.05492, 0.78317), (0.57, 1.0611174, 0.75601757), (0.57, 1.078482, 0.734243), (0.57, 1.1035746, 0.722159), (0.57, 1.1314254, 0.722159), (0.57, 1.156518, 0.734243), (0.57, 1.1738826, 0.75601757), (0.57, 1.18008, 0.78317), (0.57, 1.1738826, 0.81032246), (0.57, 1.156518, 0.832097), (0.57, 1.1314254, 0.844181), (0.57, 1.1035746, 0.844181), (0.57, 1.078482, 0.832097), (0.57, 1.0611174, 0.81032246), (0.577, 1.05492, 0.78317), (0.577, 1.0611174, 0.75601757), (0.577, 1.078482, 0.734243), (0.577, 1.1035746, 0.722159), (0.577, 1.1314254, 0.722159), (0.577, 1.156518, 0.734243), (0.577, 1.1738826, 0.75601757), (0.577, 1.18008, 0.78317), (0.577, 1.1738826, 0.81032246), (0.577, 1.156518, 0.832097), (0.577, 1.1314254, 0.844181), (0.577, 1.1035746, 0.844181), (0.577, 1.078482, 0.832097), (0.577, 1.0611174, 0.81032246), (0.57, 1.1175, 0.78317), (0.577, 1.1175, 0.78317)]
                    uniform token subdivisionScheme = "none"
                }
            }

            def Mesh "DoorLine" (
                prepend apiSchemas = ["MaterialBindingAPI"]
            )
            {
                float3[] extent = [(0.561, -1.49, 1.47234), (0.562, 1.49, 3.372)]
                int[] faceVertexCounts = [4, 4, 4, 4, 4, 4, 4, 4, 4, 4, 4, 4, 4, 4, 4, 4, 4, 4, 4, 4, 4, 4, 4, 4, 4]
                int[] faceVertexIndices = [0, 1, 2, 3, 4, 7, 6, 5, 8, 9, 10, 11, 4, 5, 9, 8, 6, 7, 11, 10, 5, 6, 10, 9, 7, 4, 8, 11, 12, 15, 14, 13, 16, 17, 18, 19, 12, 13, 17, 16, 14, 15, 19, 18, 13, 14, 18, 17, 15, 12, 16, 19, 20, 23, 22, 21, 24, 25, 26, 27, 20, 21, 25, 24, 22, 23, 27, 26, 21, 22, 26, 25, 23, 20, 24, 27, 28, 31, 30, 29, 32, 33, 34, 35, 28, 29, 33, 32, 30, 31, 35, 34, 29, 30, 34, 33, 31, 28, 32, 35]
                rel material:binding = </GenericCRAH/Looks/DoorLine>
                uniform token orientation = "rightHanded"
                point3f[] points = [(0.5619, -1.49, 1.47234), (0.5619, 1.49, 1.47234), (0.5619, 1.49, 1.48034), (0.5619, -1.49, 1.48034), (0.561, -0.49866667, 1.48134), (0.562, -0.49866667, 1.48134), (0.562, -0.49466667, 1.48134), (0.561, -0.49466667, 1.48134), (0.561, -0.49866667, 3.372), (0.562, -0.49866667, 3.372), (0.562, -0.49466667, 3.372), (0.561, -0.49466667, 3.372), (0.561, 0.49466667, 1.48134), (0.562, 0.49466667, 1.48134), (0.562, 0.49866667, 1.48134), (0.561, 0.49866667, 1.48134), (0.561, 0.49466667, 3.372), (0.562, 0.49466667, 3.372), (0.562, 0.49866667, 3.372), (0.561, 0.49866667, 3.372), (0.561, -1.49, 1.48134), (0.562, -1.49, 1.48134), (0.562, 1.49, 1.48134), (0.561, 1.49, 1.48134), (0.561, -1.49, 1.48534), (0.562, -1.49, 1.48534), (0.562, 1.49, 1.48534), (0.561, 1.49, 1.48534), (0.561, -1.49, 3.368), (0.562, -1.49, 3.368), (0.562, 1.49, 3.368), (0.561, 1.49, 3.368), (0.561, -1.49, 3.372), (0.562, -1.49, 3.372), (0.562, 1.49, 3.372), (0.561, 1.49, 3.372)]
                uniform token subdivisionScheme = "none"
            }

            def Mesh "Handle" (
                prepend apiSchemas = ["MaterialBindingAPI"]
            )
            {
                float3[] extent = [(0.561, -0.65566665, 2.441203), (0.571, 1.351, 2.601203)]
                int[] faceVertexCounts = [4, 4, 4, 4, 4, 4, 4, 4, 4, 4, 4, 4, 4, 4, 4, 4, 4, 4]
                int[] faceVertexIndices = [0, 3, 2, 1, 4, 5, 6, 7, 0, 1, 5, 4, 2, 3, 7, 6, 1, 2, 6, 5, 3, 0, 4, 7, 8, 11, 10, 9, 12, 13, 14, 15, 8, 9, 13, 12, 10, 11, 15, 14, 9, 10, 14, 13, 11, 8, 12, 15, 16, 19, 18, 17, 20, 21, 22, 23, 16, 17, 21, 20, 18, 19, 23, 22, 17, 18, 22, 21, 19, 16, 20, 23]
                rel material:binding = </GenericCRAH/Looks/Handle>
                uniform token orientation = "rightHanded"
                point3f[] points = [(0.561, -0.65566665, 2.441203), (0.571, -0.65566665, 2.441203), (0.571, -0.63566667, 2.441203), (0.561, -0.63566667, 2.441203), (0.561, -0.65566665, 2.601203), (0.571, -0.65566665, 2.601203), (0.571, -0.63566667, 2.601203), (0.561, -0.63566667, 2.601203), (0.561, 0.33766666, 2.441203), (0.571, 0.33766666, 2.441203), (0.571, 0.35766667, 2.441203), (0.561, 0.35766667, 2.441203), (0.561, 0.33766666, 2.601203), (0.571, 0.33766666, 2.601203), (0.571, 0.35766667, 2.601203), (0.561, 0.35766667, 2.601203), (0.561, 1.331, 2.441203), (0.571, 1.331, 2.441203), (0.571, 1.351, 2.441203), (0.561, 1.351, 2.441203), (0.561, 1.331, 2.601203), (0.571, 1.331, 2.601203), (0.571, 1.351, 2.601203), (0.561, 1.351, 2.601203)]
                uniform token subdivisionScheme = "none"
            }

            def Mesh "FilterMesh" (
                prepend apiSchemas = ["MaterialBindingAPI"]
            )
            {
                float3[] extent = [(0.5622, -1.3708, 1.954005), (0.5622, 1.2714666, 2.899335)]
                int[] faceVertexCounts = [4, 4, 4]
                int[] faceVertexIndices = [0, 1, 2, 3, 4, 5, 6, 7, 8, 9, 10, 11]
                rel material:binding = </GenericCRAH/Looks/FilterMesh>
                uniform token orientation = "rightHanded"
                point3f[] points = [(0.5622, -1.3708, 1.954005), (0.5622, -0.7152, 1.954005), (0.5622, -0.7152, 2.899335), (0.5622, -1.3708, 2.899335), (0.5622, -0.37746668, 1.954005), (0.5622, 0.27813333, 1.954005), (0.5622, 0.27813333, 2.899335), (0.5622, -0.37746668, 2.899335), (0.5622, 0.61586666, 1.954005), (0.5622, 1.2714666, 1.954005), (0.5622, 1.2714666, 2.899335), (0.5622, 0.61586666, 2.899335)]
                uniform token subdivisionScheme = "none"
            }

            def Mesh "LouvreGap" (
                prepend apiSchemas = ["MaterialBindingAPI"]
            )
            {
                float3[] extent = [(0.562, -1.3708, 1.9782642), (0.564, 1.2714666, 2.8750758)]
                int[] faceVertexCounts = [4, 4, 4, 4, 4, 4, 4, 4, 4, 4, 4, 4, 4, 4, 4, 4, 4, 4, 4, 4, 4, 4, 4, 4, 4, 4, 4, 4, 4, 4, 4, 4, 4, 4, 4, 4, 4, 4, 4, 4, 4, 4, 4, 4, 4, 4, 4, 4, 4, 4, 4, 4, 4, 4, 4, 4, 4, 4, 4, 4, 4, 4, 4, 4, 4, 4, 4, 4, 4, 4, 4, 4, 4, 4, 4, 4, 4, 4, 4, 4, 4, 4, 4, 4, 4, 4, 4, 4, 4, 4, 4, 4, 4, 4, 4, 4, 4, 4, 4, 4, 4, 4, 4, 4, 4, 4, 4, 4, 4, 4, 4, 4, 4, 4, 4, 4, 4, 4, 4, 4, 4, 4, 4, 4, 4, 4, 4, 4, 4, 4, 4, 4, 4, 4, 4, 4, 4, 4, 4, 4, 4, 4, 4, 4, 4, 4, 4, 4, 4, 4, 4, 4, 4, 4, 4, 4, 4, 4, 4, 4, 4, 4, 4, 4, 4, 4, 4, 4, 4, 4, 4, 4, 4, 4, 4, 4, 4, 4, 4, 4, 4, 4, 4, 4, 4, 4, 4, 4, 4, 4, 4, 4, 4, 4, 4, 4, 4, 4, 4, 4, 4, 4, 4, 4, 4, 4, 4, 4, 4, 4, 4, 4, 4, 4, 4, 4, 4, 4, 4, 4, 4, 4, 4, 4, 4, 4, 4, 4, 4, 4, 4, 4, 4, 4, 4, 4, 4, 4, 4, 4, 4, 4, 4, 4, 4, 4, 4, 4, 4, 4, 4, 4, 4, 4, 4, 4, 4, 4, 4, 4, 4, 4, 4, 4, 4, 4, 4, 4, 4, 4, 4, 4, 4, 4, 4, 4, 4, 4, 4, 4, 4, 4, 4, 4, 4, 4, 4, 4, 4, 4, 4, 4, 4, 4, 4, 4, 4, 4, 4, 4, 4, 4, 4, 4, 4, 4, 4, 4, 4, 4, 4, 4, 4, 4, 4, 4, 4, 4, 4, 4, 4, 4, 4, 4]
                int[] faceVertexIndices = [0, 3, 2, 1, 4, 5, 6, 7, 0, 1, 5, 4, 2, 3, 7, 6, 1, 2, 6, 5, 3, 0, 4, 7, 8, 11, 10, 9, 12, 13, 14, 15, 8, 9, 13, 12, 10, 11, 15, 14, 9, 10, 14, 13, 11, 8, 12, 15, 16, 19, 18, 17, 20, 21, 22, 23, 16, 17, 21, 20, 18, 19, 23, 22, 17, 18, 22, 21, 19, 16, 20, 23, 24, 27, 26, 25, 28, 29, 30, 31, 24, 25, 29, 28, 26, 27, 31, 30, 25, 26, 30, 29, 27, 24, 28, 31, 32, 35, 34, 33, 36, 37, 38, 39, 32, 33, 37, 36, 34, 35, 39, 38, 33, 34, 38, 37, 35, 32, 36, 39, 40, 43, 42, 41, 44, 45, 46, 47, 40, 41, 45, 44, 42, 43, 47, 46, 41, 42, 46, 45, 43, 40, 44, 47, 48, 51, 50, 49, 52, 53, 54, 55, 48, 49, 53, 52, 50, 51, 55, 54, 49, 50, 54, 53, 51, 48, 52, 55, 56, 59, 58, 57, 60, 61, 62, 63, 56, 57, 61, 60, 58, 59, 63, 62, 57, 58, 62, 61, 59, 56, 60, 63, 64, 67, 66, 65, 68, 69, 70, 71, 64, 65, 69, 68, 66, 67, 71, 70, 65, 66, 70, 69, 67, 64, 68, 71, 72, 75, 74, 73, 76, 77, 78, 79, 72, 73, 77, 76, 74, 75, 79, 78, 73, 74, 78, 77, 75, 72, 76, 79, 80, 83, 82, 81, 84, 85, 86, 87, 80, 81, 85, 84, 82, 83, 87, 86, 81, 82, 86, 85, 83, 80, 84, 87, 88, 91, 90, 89, 92, 93, 94, 95, 88, 89, 93, 92, 90, 91, 95, 94, 89, 90, 94, 93, 91, 88, 92, 95, 96, 99, 98, 97, 100, 101, 102, 103, 96, 97, 101, 100, 98, 99, 103, 102, 97, 98, 102, 101, 99, 96, 100, 103, 104, 107, 106, 105, 108, 109, 110, 111, 104, 105, 109, 108, 106, 107, 111, 110, 105, 106, 110, 109, 107, 104, 108, 111, 112, 115, 114, 113, 116, 117, 118, 119, 112, 113, 117, 116, 114, 115, 119, 118, 113, 114, 118, 117, 115, 112, 116, 119, 120, 123, 122, 121, 124, 125, 126, 127, 120, 121, 125, 124, 122, 123, 127, 126, 121, 122, 126, 125, 123, 120, 124, 127, 128, 131, 130, 129, 132, 133, 134, 135, 128, 129, 133, 132, 130, 131, 135, 134, 129, 130, 134, 133, 131, 128, 132, 135, 136, 139, 138, 137, 140, 141, 142, 143, 136, 137, 141, 140, 138, 139, 143, 142, 137, 138, 142, 141, 139, 136, 140, 143, 144, 147, 146, 145, 148, 149, 150, 151, 144, 145, 149, 148, 146, 147, 151, 150, 145, 146, 150, 149, 147, 144, 148, 151, 152, 155, 154, 153, 156, 157, 158, 159, 152, 153, 157, 156, 154, 155, 159, 158, 153, 154, 158, 157, 155, 152, 156, 159, 160, 163, 162, 161, 164, 165, 166, 167, 160, 161, 165, 164, 162, 163, 167, 166, 161, 162, 166, 165, 163, 160, 164, 167, 168, 171, 170, 169, 172, 173, 174, 175, 168, 169, 173, 172, 170, 171, 175, 174, 169, 170, 174, 173, 171, 168, 172, 175, 176, 179, 178, 177, 180, 181, 182, 183, 176, 177, 181, 180, 178, 179, 183, 182, 177, 178, 182, 181, 179, 176, 180, 183, 184, 187, 186, 185, 188, 189, 190, 191, 184, 185, 189, 188, 186, 187, 191, 190, 185, 186, 190, 189, 187, 184, 188, 191, 192, 195, 194, 193, 196, 197, 198, 199, 192, 193, 197, 196, 194, 195, 199, 198, 193, 194, 198, 197, 195, 192, 196, 199, 200, 203, 202, 201, 204, 205, 206, 207, 200, 201, 205, 204, 202, 203, 207, 206, 201, 202, 206, 205, 203, 200, 204, 207, 208, 211, 210, 209, 212, 213, 214, 215, 208, 209, 213, 212, 210, 211, 215, 214, 209, 210, 214, 213, 211, 208, 212, 215, 216, 219, 218, 217, 220, 221, 222, 223, 216, 217, 221, 220, 218, 219, 223, 222, 217, 218, 222, 221, 219, 216, 220, 223, 224, 227, 226, 225, 228, 229, 230, 231, 224, 225, 229, 228, 226, 227, 231, 230, 225, 226, 230, 229, 227, 224, 228, 231, 232, 235, 234, 233, 236, 237, 238, 239, 232, 233, 237, 236, 234, 235, 239, 238, 233, 234, 238, 237, 235, 232, 236, 239, 240, 243, 242, 241, 244, 245, 246, 247, 240, 241, 245, 244, 242, 243, 247, 246, 241, 242, 246, 245, 243, 240, 244, 247, 248, 251, 250, 249, 252, 253, 254, 255, 248, 249, 253, 252, 250, 251, 255, 254, 249, 250, 254, 253, 251, 248, 252, 255, 256, 259, 258, 257, 260, 261, 262, 263, 256, 257, 261, 260, 258, 259, 263, 262, 257, 258, 262, 261, 259, 256, 260, 263, 264, 267, 266, 265, 268, 269, 270, 271, 264, 265, 269, 268, 266, 267, 271, 270, 265, 266, 270, 269, 267, 264, 268, 271, 272, 275, 274, 273, 276, 277, 278, 279, 272, 273, 277, 276, 274, 275, 279, 278, 273, 274, 278, 277, 275, 272, 276, 279, 280, 283, 282, 281, 284, 285, 286, 287, 280, 281, 285, 284, 282, 283, 287, 286, 281, 282, 286, 285, 283, 280, 284, 287, 288, 291, 290, 289, 292, 293, 294, 295, 288, 289, 293, 292, 290, 291, 295, 294, 289, 290, 294, 293, 291, 288, 292, 295, 296, 299, 298, 297, 300, 301, 302, 303, 296, 297, 301, 300, 298, 299, 303, 302, 297, 298, 302, 301, 299, 296, 300, 303, 304, 307, 306, 305, 308, 309, 310, 311, 304, 305, 309, 308, 306, 307, 311, 310, 305, 306, 310, 309, 307, 304, 308, 311, 312, 315, 314, 313, 316, 317, 318, 319, 312, 313, 317, 316, 314, 315, 319, 318, 313, 314, 318, 317, 315, 312, 316, 319, 320, 323, 322, 321, 324, 325, 326, 327, 320, 321, 325, 324, 322, 323, 327, 326, 321, 322, 326, 325, 323, 320, 324, 327, 328, 331, 330, 329, 332, 333, 334, 335, 328, 329, 333, 332, 330, 331, 335, 334, 329, 330, 334, 333, 331, 328, 332, 335, 336, 339, 338, 337, 340, 341, 342, 343, 336, 337, 341, 340, 338, 339, 343, 342, 337, 338, 342, 341, 339, 336, 340, 343, 344, 347, 346, 345, 348, 349, 350, 351, 344, 345, 349, 348, 346, 347, 351, 350, 345, 346, 350, 349, 347, 344, 348, 351, 352, 355, 354, 353, 356, 357, 358, 359, 352, 353, 357, 356, 354, 355, 359, 358, 353, 354, 358, 357, 355, 352, 356, 359, 360, 363, 362, 361, 364, 365, 366, 367, 360, 361, 365, 364, 362, 363, 367, 366, 361, 362, 366, 365, 363, 360, 364, 367, 368, 371, 370, 369, 372, 373, 374, 375, 368, 369, 373, 372, 370, 371, 375, 374, 369, 370, 374, 373, 371, 368, 372, 375, 376, 379, 378, 377, 380, 381, 382, 383, 376, 377, 381, 380, 378, 379, 383, 382, 377, 378, 382, 381, 379, 376, 380, 383, 384, 387, 386, 385, 388, 389, 390, 391, 384, 385, 389, 388, 386, 387, 391, 390, 385, 386, 390, 389, 387, 384, 388, 391, 392, 395, 394, 393, 396, 397, 398, 399, 392, 393, 397, 396, 394, 395, 399, 398, 393, 394, 398, 397, 395, 392, 396, 399, 400, 403, 402, 401, 404, 405, 406, 407, 400, 401, 405, 404, 402, 403, 407, 406, 401, 402, 406, 405, 403, 400, 404, 407, 408, 411, 410, 409, 412, 413, 414, 415, 408, 409, 413, 412, 410, 411, 415, 414, 409, 410, 414, 413, 411, 408, 412, 415, 416, 419, 418, 417, 420, 421, 422, 423, 416, 417, 421, 420, 418, 419, 423, 422, 417, 418, 422, 421, 419, 416, 420, 423, 424, 427, 426, 425, 428, 429, 430, 431, 424, 425, 429, 428, 426, 427, 431, 430, 425, 426, 430, 429, 427, 424, 428, 431]
                rel material:binding = </GenericCRAH/Looks/LouvreGap>
                uniform token orientation = "rightHanded"
                point3f[] points = [(0.562, -1.3708, 1.9782642), (0.564, -1.3708, 1.9782642), (0.564, -0.7152, 1.9782642), (0.562, -0.7152, 1.9782642), (0.562, -1.3708, 1.9822642), (0.564, -1.3708, 1.9822642), (0.564, -0.7152, 1.9822642), (0.562, -0.7152, 1.9822642), (0.562, -1.3708, 2.0307825), (0.564, -1.3708, 2.0307825), (0.564, -0.7152, 2.0307825), (0.562, -0.7152, 2.0307825), (0.562, -1.3708, 2.0347824), (0.564, -1.3708, 2.0347824), (0.564, -0.7152, 2.0347824), (0.562, -0.7152, 2.0347824), (0.562, -1.3708, 2.0833008), (0.564, -1.3708, 2.0833008), (0.564, -0.7152, 2.0833008), (0.562, -0.7152, 2.0833008), (0.562, -1.3708, 2.0873008), (0.564, -1.3708, 2.0873008), (0.564, -0.7152, 2.0873008), (0.562, -0.7152, 2.0873008), (0.562, -1.3708, 2.1358192), (0.564, -1.3708, 2.1358192), (0.564, -0.7152, 2.1358192), (0.562, -0.7152, 2.1358192), (0.562, -1.3708, 2.1398191), (0.564, -1.3708, 2.1398191), (0.564, -0.7152, 2.1398191), (0.562, -0.7152, 2.1398191), (0.562, -1.3708, 2.1883376), (0.564, -1.3708, 2.1883376), (0.564, -0.7152, 2.1883376), (0.562, -0.7152, 2.1883376), (0.562, -1.3708, 2.1923375), (0.564, -1.3708, 2.1923375), (0.564, -0.7152, 2.1923375), (0.562, -0.7152, 2.1923375), (0.562, -1.3708, 2.240856), (0.564, -1.3708, 2.240856), (0.564, -0.7152, 2.240856), (0.562, -0.7152, 2.240856), (0.562, -1.3708, 2.2448559), (0.564, -1.3708, 2.2448559), (0.564, -0.7152, 2.2448559), (0.562, -0.7152, 2.2448559), (0.562, -1.3708, 2.293374), (0.564, -1.3708, 2.293374), (0.564, -0.7152, 2.293374), (0.562, -0.7152, 2.293374), (0.562, -1.3708, 2.2973742), (0.564, -1.3708, 2.2973742), (0.564, -0.7152, 2.2973742), (0.562, -0.7152, 2.2973742), (0.562, -1.3708, 2.3458924), (0.564, -1.3708, 2.3458924), (0.564, -0.7152, 2.3458924), (0.562, -0.7152, 2.3458924), (0.562, -1.3708, 2.3498926), (0.564, -1.3708, 2.3498926), (0.564, -0.7152, 2.3498926), (0.562, -0.7152, 2.3498926), (0.562, -1.3708, 2.3984108), (0.564, -1.3708, 2.3984108), (0.564, -0.7152, 2.3984108), (0.562, -0.7152, 2.3984108), (0.562, -1.3708, 2.4024107), (0.564, -1.3708, 2.4024107), (0.564, -0.7152, 2.4024107), (0.562, -0.7152, 2.4024107), (0.562, -1.3708, 2.4509292), (0.564, -1.3708, 2.4509292), (0.564, -0.7152, 2.4509292), (0.562, -0.7152, 2.4509292), (0.562, -1.3708, 2.454929), (0.564, -1.3708, 2.454929), (0.564, -0.7152, 2.454929), (0.562, -0.7152, 2.454929), (0.562, -1.3708, 2.5034475), (0.564, -1.3708, 2.5034475), (0.564, -0.7152, 2.5034475), (0.562, -0.7152, 2.5034475), (0.562, -1.3708, 2.5074475), (0.564, -1.3708, 2.5074475), (0.564, -0.7152, 2.5074475), (0.562, -0.7152, 2.5074475), (0.562, -1.3708, 2.555966), (0.564, -1.3708, 2.555966), (0.564, -0.7152, 2.555966), (0.562, -0.7152, 2.555966), (0.562, -1.3708, 2.5599658), (0.564, -1.3708, 2.5599658), (0.564, -0.7152, 2.5599658), (0.562, -0.7152, 2.5599658), (0.562, -1.3708, 2.6084843), (0.564, -1.3708, 2.6084843), (0.564, -0.7152, 2.6084843), (0.562, -0.7152, 2.6084843), (0.562, -1.3708, 2.6124842), (0.564, -1.3708, 2.6124842), (0.564, -0.7152, 2.6124842), (0.562, -0.7152, 2.6124842), (0.562, -1.3708, 2.6610024), (0.564, -1.3708, 2.6610024), (0.564, -0.7152, 2.6610024), (0.562, -0.7152, 2.6610024), (0.562, -1.3708, 2.6650026), (0.564, -1.3708, 2.6650026), (0.564, -0.7152, 2.6650026), (0.562, -0.7152, 2.6650026), (0.562, -1.3708, 2.7135208), (0.564, -1.3708, 2.7135208), (0.564, -0.7152, 2.7135208), (0.562, -0.7152, 2.7135208), (0.562, -1.3708, 2.717521), (0.564, -1.3708, 2.717521), (0.564, -0.7152, 2.717521), (0.562, -0.7152, 2.717521), (0.562, -1.3708, 2.7660391), (0.564, -1.3708, 2.7660391), (0.564, -0.7152, 2.7660391), (0.562, -0.7152, 2.7660391), (0.562, -1.3708, 2.770039), (0.564, -1.3708, 2.770039), (0.564, -0.7152, 2.770039), (0.562, -0.7152, 2.770039), (0.562, -1.3708, 2.8185575), (0.564, -1.3708, 2.8185575), (0.564, -0.7152, 2.8185575), (0.562, -0.7152, 2.8185575), (0.562, -1.3708, 2.8225574), (0.564, -1.3708, 2.8225574), (0.564, -0.7152, 2.8225574), (0.562, -0.7152, 2.8225574), (0.562, -1.3708, 2.8710759), (0.564, -1.3708, 2.8710759), (0.564, -0.7152, 2.8710759), (0.562, -0.7152, 2.8710759), (0.562, -1.3708, 2.8750758), (0.564, -1.3708, 2.8750758), (0.564, -0.7152, 2.8750758), (0.562, -0.7152, 2.8750758), (0.562, -0.37746668, 1.9782642), (0.564, -0.37746668, 1.9782642), (0.564, 0.27813333, 1.9782642), (0.562, 0.27813333, 1.9782642), (0.562, -0.37746668, 1.9822642), (0.564, -0.37746668, 1.9822642), (0.564, 0.27813333, 1.9822642), (0.562, 0.27813333, 1.9822642), (0.562, -0.37746668, 2.0307825), (0.564, -0.37746668, 2.0307825), (0.564, 0.27813333, 2.0307825), (0.562, 0.27813333, 2.0307825), (0.562, -0.37746668, 2.0347824), (0.564, -0.37746668, 2.0347824), (0.564, 0.27813333, 2.0347824), (0.562, 0.27813333, 2.0347824), (0.562, -0.37746668, 2.0833008), (0.564, -0.37746668, 2.0833008), (0.564, 0.27813333, 2.0833008), (0.562, 0.27813333, 2.0833008), (0.562, -0.37746668, 2.0873008), (0.564, -0.37746668, 2.0873008), (0.564, 0.27813333, 2.0873008), (0.562, 0.27813333, 2.0873008), (0.562, -0.37746668, 2.1358192), (0.564, -0.37746668, 2.1358192), (0.564, 0.27813333, 2.1358192), (0.562, 0.27813333, 2.1358192), (0.562, -0.37746668, 2.1398191), (0.564, -0.37746668, 2.1398191), (0.564, 0.27813333, 2.1398191), (0.562, 0.27813333, 2.1398191), (0.562, -0.37746668, 2.1883376), (0.564, -0.37746668, 2.1883376), (0.564, 0.27813333, 2.1883376), (0.562, 0.27813333, 2.1883376), (0.562, -0.37746668, 2.1923375), (0.564, -0.37746668, 2.1923375), (0.564, 0.27813333, 2.1923375), (0.562, 0.27813333, 2.1923375), (0.562, -0.37746668, 2.240856), (0.564, -0.37746668, 2.240856), (0.564, 0.27813333, 2.240856), (0.562, 0.27813333, 2.240856), (0.562, -0.37746668, 2.2448559), (0.564, -0.37746668, 2.2448559), (0.564, 0.27813333, 2.2448559), (0.562, 0.27813333, 2.2448559), (0.562, -0.37746668, 2.293374), (0.564, -0.37746668, 2.293374), (0.564, 0.27813333, 2.293374), (0.562, 0.27813333, 2.293374), (0.562, -0.37746668, 2.2973742), (0.564, -0.37746668, 2.2973742), (0.564, 0.27813333, 2.2973742), (0.562, 0.27813333, 2.2973742), (0.562, -0.37746668, 2.3458924), (0.564, -0.37746668, 2.3458924), (0.564, 0.27813333, 2.3458924), (0.562, 0.27813333, 2.3458924), (0.562, -0.37746668, 2.3498926), (0.564, -0.37746668, 2.3498926), (0.564, 0.27813333, 2.3498926), (0.562, 0.27813333, 2.3498926), (0.562, -0.37746668, 2.3984108), (0.564, -0.37746668, 2.3984108), (0.564, 0.27813333, 2.3984108), (0.562, 0.27813333, 2.3984108), (0.562, -0.37746668, 2.4024107), (0.564, -0.37746668, 2.4024107), (0.564, 0.27813333, 2.4024107), (0.562, 0.27813333, 2.4024107), (0.562, -0.37746668, 2.4509292), (0.564, -0.37746668, 2.4509292), (0.564, 0.27813333, 2.4509292), (0.562, 0.27813333, 2.4509292), (0.562, -0.37746668, 2.454929), (0.564, -0.37746668, 2.454929), (0.564, 0.27813333, 2.454929), (0.562, 0.27813333, 2.454929), (0.562, -0.37746668, 2.5034475), (0.564, -0.37746668, 2.5034475), (0.564, 0.27813333, 2.5034475), (0.562, 0.27813333, 2.5034475), (0.562, -0.37746668, 2.5074475), (0.564, -0.37746668, 2.5074475), (0.564, 0.27813333, 2.5074475), (0.562, 0.27813333, 2.5074475), (0.562, -0.37746668, 2.555966), (0.564, -0.37746668, 2.555966), (0.564, 0.27813333, 2.555966), (0.562, 0.27813333, 2.555966), (0.562, -0.37746668, 2.5599658), (0.564, -0.37746668, 2.5599658), (0.564, 0.27813333, 2.5599658), (0.562, 0.27813333, 2.5599658), (0.562, -0.37746668, 2.6084843), (0.564, -0.37746668, 2.6084843), (0.564, 0.27813333, 2.6084843), (0.562, 0.27813333, 2.6084843), (0.562, -0.37746668, 2.6124842), (0.564, -0.37746668, 2.6124842), (0.564, 0.27813333, 2.6124842), (0.562, 0.27813333, 2.6124842), (0.562, -0.37746668, 2.6610024), (0.564, -0.37746668, 2.6610024), (0.564, 0.27813333, 2.6610024), (0.562, 0.27813333, 2.6610024), (0.562, -0.37746668, 2.6650026), (0.564, -0.37746668, 2.6650026), (0.564, 0.27813333, 2.6650026), (0.562, 0.27813333, 2.6650026), (0.562, -0.37746668, 2.7135208), (0.564, -0.37746668, 2.7135208), (0.564, 0.27813333, 2.7135208), (0.562, 0.27813333, 2.7135208), (0.562, -0.37746668, 2.717521), (0.564, -0.37746668, 2.717521), (0.564, 0.27813333, 2.717521), (0.562, 0.27813333, 2.717521), (0.562, -0.37746668, 2.7660391), (0.564, -0.37746668, 2.7660391), (0.564, 0.27813333, 2.7660391), (0.562, 0.27813333, 2.7660391), (0.562, -0.37746668, 2.770039), (0.564, -0.37746668, 2.770039), (0.564, 0.27813333, 2.770039), (0.562, 0.27813333, 2.770039), (0.562, -0.37746668, 2.8185575), (0.564, -0.37746668, 2.8185575), (0.564, 0.27813333, 2.8185575), (0.562, 0.27813333, 2.8185575), (0.562, -0.37746668, 2.8225574), (0.564, -0.37746668, 2.8225574), (0.564, 0.27813333, 2.8225574), (0.562, 0.27813333, 2.8225574), (0.562, -0.37746668, 2.8710759), (0.564, -0.37746668, 2.8710759), (0.564, 0.27813333, 2.8710759), (0.562, 0.27813333, 2.8710759), (0.562, -0.37746668, 2.8750758), (0.564, -0.37746668, 2.8750758), (0.564, 0.27813333, 2.8750758), (0.562, 0.27813333, 2.8750758), (0.562, 0.61586666, 1.9782642), (0.564, 0.61586666, 1.9782642), (0.564, 1.2714666, 1.9782642), (0.562, 1.2714666, 1.9782642), (0.562, 0.61586666, 1.9822642), (0.564, 0.61586666, 1.9822642), (0.564, 1.2714666, 1.9822642), (0.562, 1.2714666, 1.9822642), (0.562, 0.61586666, 2.0307825), (0.564, 0.61586666, 2.0307825), (0.564, 1.2714666, 2.0307825), (0.562, 1.2714666, 2.0307825), (0.562, 0.61586666, 2.0347824), (0.564, 0.61586666, 2.0347824), (0.564, 1.2714666, 2.0347824), (0.562, 1.2714666, 2.0347824), (0.562, 0.61586666, 2.0833008), (0.564, 0.61586666, 2.0833008), (0.564, 1.2714666, 2.0833008), (0.562, 1.2714666, 2.0833008), (0.562, 0.61586666, 2.0873008), (0.564, 0.61586666, 2.0873008), (0.564, 1.2714666, 2.0873008), (0.562, 1.2714666, 2.0873008), (0.562, 0.61586666, 2.1358192), (0.564, 0.61586666, 2.1358192), (0.564, 1.2714666, 2.1358192), (0.562, 1.2714666, 2.1358192), (0.562, 0.61586666, 2.1398191), (0.564, 0.61586666, 2.1398191), (0.564, 1.2714666, 2.1398191), (0.562, 1.2714666, 2.1398191), (0.562, 0.61586666, 2.1883376), (0.564, 0.61586666, 2.1883376), (0.564, 1.2714666, 2.1883376), (0.562, 1.2714666, 2.1883376), (0.562, 0.61586666, 2.1923375), (0.564, 0.61586666, 2.1923375), (0.564, 1.2714666, 2.1923375), (0.562, 1.2714666, 2.1923375), (0.562, 0.61586666, 2.240856), (0.564, 0.61586666, 2.240856), (0.564, 1.2714666, 2.240856), (0.562, 1.2714666, 2.240856), (0.562, 0.61586666, 2.2448559), (0.564, 0.61586666, 2.2448559), (0.564, 1.2714666, 2.2448559), (0.562, 1.2714666, 2.2448559), (0.562, 0.61586666, 2.293374), (0.564, 0.61586666, 2.293374), (0.564, 1.2714666, 2.293374), (0.562, 1.2714666, 2.293374), (0.562, 0.61586666, 2.2973742), (0.564, 0.61586666, 2.2973742), (0.564, 1.2714666, 2.2973742), (0.562, 1.2714666, 2.2973742), (0.562, 0.61586666, 2.3458924), (0.564, 0.61586666, 2.3458924), (0.564, 1.2714666, 2.3458924), (0.562, 1.2714666, 2.3458924), (0.562, 0.61586666, 2.3498926), (0.564, 0.61586666, 2.3498926), (0.564, 1.2714666, 2.3498926), (0.562, 1.2714666, 2.3498926), (0.562, 0.61586666, 2.3984108), (0.564, 0.61586666, 2.3984108), (0.564, 1.2714666, 2.3984108), (0.562, 1.2714666, 2.3984108), (0.562, 0.61586666, 2.4024107), (0.564, 0.61586666, 2.4024107), (0.564, 1.2714666, 2.4024107), (0.562, 1.2714666, 2.4024107), (0.562, 0.61586666, 2.4509292), (0.564, 0.61586666, 2.4509292), (0.564, 1.2714666, 2.4509292), (0.562, 1.2714666, 2.4509292), (0.562, 0.61586666, 2.454929), (0.564, 0.61586666, 2.454929), (0.564, 1.2714666, 2.454929), (0.562, 1.2714666, 2.454929), (0.562, 0.61586666, 2.5034475), (0.564, 0.61586666, 2.5034475), (0.564, 1.2714666, 2.5034475), (0.562, 1.2714666, 2.5034475), (0.562, 0.61586666, 2.5074475), (0.564, 0.61586666, 2.5074475), (0.564, 1.2714666, 2.5074475), (0.562, 1.2714666, 2.5074475), (0.562, 0.61586666, 2.555966), (0.564, 0.61586666, 2.555966), (0.564, 1.2714666, 2.555966), (0.562, 1.2714666, 2.555966), (0.562, 0.61586666, 2.5599658), (0.564, 0.61586666, 2.5599658), (0.564, 1.2714666, 2.5599658), (0.562, 1.2714666, 2.5599658), (0.562, 0.61586666, 2.6084843), (0.564, 0.61586666, 2.6084843), (0.564, 1.2714666, 2.6084843), (0.562, 1.2714666, 2.6084843), (0.562, 0.61586666, 2.6124842), (0.564, 0.61586666, 2.6124842), (0.564, 1.2714666, 2.6124842), (0.562, 1.2714666, 2.6124842), (0.562, 0.61586666, 2.6610024), (0.564, 0.61586666, 2.6610024), (0.564, 1.2714666, 2.6610024), (0.562, 1.2714666, 2.6610024), (0.562, 0.61586666, 2.6650026), (0.564, 0.61586666, 2.6650026), (0.564, 1.2714666, 2.6650026), (0.562, 1.2714666, 2.6650026), (0.562, 0.61586666, 2.7135208), (0.564, 0.61586666, 2.7135208), (0.564, 1.2714666, 2.7135208), (0.562, 1.2714666, 2.7135208), (0.562, 0.61586666, 2.717521), (0.564, 0.61586666, 2.717521), (0.564, 1.2714666, 2.717521), (0.562, 1.2714666, 2.717521), (0.562, 0.61586666, 2.7660391), (0.564, 0.61586666, 2.7660391), (0.564, 1.2714666, 2.7660391), (0.562, 1.2714666, 2.7660391), (0.562, 0.61586666, 2.770039), (0.564, 0.61586666, 2.770039), (0.564, 1.2714666, 2.770039), (0.562, 1.2714666, 2.770039), (0.562, 0.61586666, 2.8185575), (0.564, 0.61586666, 2.8185575), (0.564, 1.2714666, 2.8185575), (0.562, 1.2714666, 2.8185575), (0.562, 0.61586666, 2.8225574), (0.564, 0.61586666, 2.8225574), (0.564, 1.2714666, 2.8225574), (0.562, 1.2714666, 2.8225574), (0.562, 0.61586666, 2.8710759), (0.564, 0.61586666, 2.8710759), (0.564, 1.2714666, 2.8710759), (0.562, 1.2714666, 2.8710759), (0.562, 0.61586666, 2.8750758), (0.564, 0.61586666, 2.8750758), (0.564, 1.2714666, 2.8750758), (0.562, 1.2714666, 2.8750758)]
                uniform token subdivisionScheme = "none"
            }
        }

        def "Rear"
        {
            def Mesh "DoorLine" (
                prepend apiSchemas = ["MaterialBindingAPI"]
            )
            {
                float3[] extent = [(-0.562, -1.49, 0.095), (-0.561, 1.49, 3.372)]
                int[] faceVertexCounts = [4, 4, 4, 4, 4, 4, 4, 4, 4, 4, 4, 4, 4, 4, 4, 4, 4, 4, 4, 4, 4, 4, 4, 4]
                int[] faceVertexIndices = [0, 3, 2, 1, 4, 5, 6, 7, 0, 1, 5, 4, 2, 3, 7, 6, 1, 2, 6, 5, 3, 0, 4, 7, 8, 11, 10, 9, 12, 13, 14, 15, 8, 9, 13, 12, 10, 11, 15, 14, 9, 10, 14, 13, 11, 8, 12, 15, 16, 19, 18, 17, 20, 21, 22, 23, 16, 17, 21, 20, 18, 19, 23, 22, 17, 18, 22, 21, 19, 16, 20, 23, 24, 27, 26, 25, 28, 29, 30, 31, 24, 25, 29, 28, 26, 27, 31, 30, 25, 26, 30, 29, 27, 24, 28, 31]
                rel material:binding = </GenericCRAH/Looks/DoorLine>
                uniform token orientation = "rightHanded"
                point3f[] points = [(-0.562, -0.49866667, 0.095), (-0.561, -0.49866667, 0.095), (-0.561, -0.49466667, 0.095), (-0.562, -0.49466667, 0.095), (-0.562, -0.49866667, 3.372), (-0.561, -0.49866667, 3.372), (-0.561, -0.49466667, 3.372), (-0.562, -0.49466667, 3.372), (-0.562, 0.49466667, 0.095), (-0.561, 0.49466667, 0.095), (-0.561, 0.49866667, 0.095), (-0.562, 0.49866667, 0.095), (-0.562, 0.49466667, 3.372), (-0.561, 0.49466667, 3.372), (-0.561, 0.49866667, 3.372), (-0.562, 0.49866667, 3.372), (-0.562, -1.49, 0.095), (-0.561, -1.49, 0.095), (-0.561, 1.49, 0.095), (-0.562, 1.49, 0.095), (-0.562, -1.49, 0.099), (-0.561, -1.49, 0.099), (-0.561, 1.49, 0.099), (-0.562, 1.49, 0.099), (-0.562, -1.49, 3.368), (-0.561, -1.49, 3.368), (-0.561, 1.49, 3.368), (-0.562, 1.49, 3.368), (-0.562, -1.49, 3.372), (-0.561, -1.49, 3.372), (-0.561, 1.49, 3.372), (-0.562, 1.49, 3.372)]
                uniform token subdivisionScheme = "none"
            }

            def Mesh "Handle" (
                prepend apiSchemas = ["MaterialBindingAPI"]
            )
            {
                float3[] extent = [(-0.571, -0.65566665, 1.81735), (-0.561, 1.351, 1.97735)]
                int[] faceVertexCounts = [4, 4, 4, 4, 4, 4, 4, 4, 4, 4, 4, 4, 4, 4, 4, 4, 4, 4]
                int[] faceVertexIndices = [0, 3, 2, 1, 4, 5, 6, 7, 0, 1, 5, 4, 2, 3, 7, 6, 1, 2, 6, 5, 3, 0, 4, 7, 8, 11, 10, 9, 12, 13, 14, 15, 8, 9, 13, 12, 10, 11, 15, 14, 9, 10, 14, 13, 11, 8, 12, 15, 16, 19, 18, 17, 20, 21, 22, 23, 16, 17, 21, 20, 18, 19, 23, 22, 17, 18, 22, 21, 19, 16, 20, 23]
                rel material:binding = </GenericCRAH/Looks/Handle>
                uniform token orientation = "rightHanded"
                point3f[] points = [(-0.571, -0.65566665, 1.81735), (-0.561, -0.65566665, 1.81735), (-0.561, -0.63566667, 1.81735), (-0.571, -0.63566667, 1.81735), (-0.571, -0.65566665, 1.97735), (-0.561, -0.65566665, 1.97735), (-0.561, -0.63566667, 1.97735), (-0.571, -0.63566667, 1.97735), (-0.571, 0.33766666, 1.81735), (-0.561, 0.33766666, 1.81735), (-0.561, 0.35766667, 1.81735), (-0.571, 0.35766667, 1.81735), (-0.571, 0.33766666, 1.97735), (-0.561, 0.33766666, 1.97735), (-0.561, 0.35766667, 1.97735), (-0.571, 0.35766667, 1.97735), (-0.571, 1.331, 1.81735), (-0.561, 1.331, 1.81735), (-0.561, 1.351, 1.81735), (-0.571, 1.351, 1.81735), (-0.571, 1.331, 1.97735), (-0.561, 1.331, 1.97735), (-0.561, 1.351, 1.97735), (-0.571, 1.351, 1.97735)]
                uniform token subdivisionScheme = "none"
            }

            def Mesh "Flange" (
                prepend apiSchemas = ["MaterialBindingAPI"]
            )
            {
                float3[] extent = [(-0.572, -1.1924, 0.23591153), (-0.561, -0.7148, 0.35408846)]
                int[] faceVertexCounts = [4, 4, 4, 4, 4, 4, 4, 4, 4, 4, 4, 4, 4, 4, 4, 4, 4, 4, 3, 3, 3, 3, 3, 3, 3, 3, 3, 3, 3, 3, 3, 3, 3, 3, 3, 3, 3, 3, 3, 3, 3, 3, 3, 3, 3, 3, 3, 3, 3, 3, 3, 3, 3, 3, 4, 4, 4, 4, 4, 4, 4, 4, 4, 4, 4, 4, 4, 4, 4, 4, 4, 4, 3, 3, 3, 3, 3, 3, 3, 3, 3, 3, 3, 3, 3, 3, 3, 3, 3, 3, 3, 3, 3, 3, 3, 3, 3, 3, 3, 3, 3, 3, 3, 3, 3, 3, 3, 3]
                int[] faceVertexIndices = [0, 1, 19, 18, 1, 2, 20, 19, 2, 3, 21, 20, 3, 4, 22, 21, 4, 5, 23, 22, 5, 6, 24, 23, 6, 7, 25, 24, 7, 8, 26, 25, 8, 9, 27, 26, 9, 10, 28, 27, 10, 11, 29, 28, 11, 12, 30, 29, 12, 13, 31, 30, 13, 14, 32, 31, 14, 15, 33, 32, 15, 16, 34, 33, 16, 17, 35, 34, 17, 0, 18, 35, 36, 1, 0, 37, 18, 19, 36, 2, 1, 37, 19, 20, 36, 3, 2, 37, 20, 21, 36, 4, 3, 37, 21, 22, 36, 5, 4, 37, 22, 23, 36, 6, 5, 37, 23, 24, 36, 7, 6, 37, 24, 25, 36, 8, 7, 37, 25, 26, 36, 9, 8, 37, 26, 27, 36, 10, 9, 37, 27, 28, 36, 11, 10, 37, 28, 29, 36, 12, 11, 37, 29, 30, 36, 13, 12, 37, 30, 31, 36, 14, 13, 37, 31, 32, 36, 15, 14, 37, 32, 33, 36, 16, 15, 37, 33, 34, 36, 17, 16, 37, 34, 35, 36, 0, 17, 37, 35, 18, 38, 39, 57, 56, 39, 40, 58, 57, 40, 41, 59, 58, 41, 42, 60, 59, 42, 43, 61, 60, 43, 44, 62, 61, 44, 45, 63, 62, 45, 46, 64, 63, 46, 47, 65, 64, 47, 48, 66, 65, 48, 49, 67, 66, 49, 50, 68, 67, 50, 51, 69, 68, 51, 52, 70, 69, 52, 53, 71, 70, 53, 54, 72, 71, 54, 55, 73, 72, 55, 38, 56, 73, 74, 39, 38, 75, 56, 57, 74, 40, 39, 75, 57, 58, 74, 41, 40, 75, 58, 59, 74, 42, 41, 75, 59, 60, 74, 43, 42, 75, 60, 61, 74, 44, 43, 75, 61, 62, 74, 45, 44, 75, 62, 63, 74, 46, 45, 75, 63, 64, 74, 47, 46, 75, 64, 65, 74, 48, 47, 75, 65, 66, 74, 49, 48, 75, 66, 67, 74, 50, 49, 75, 67, 68, 74, 51, 50, 75, 68, 69, 74, 52, 51, 75, 69, 70, 74, 53, 52, 75, 70, 71, 74, 54, 53, 75, 71, 72, 74, 55, 54, 75, 72, 73, 74, 38, 55, 75, 73, 56]
                rel material:binding = </GenericCRAH/Looks/Flange>
                uniform token orientation = "rightHanded"
                point3f[] points = [(-0.561, -1.0724, 0.295), (-0.561, -1.0760185, 0.2744788), (-0.561, -1.0864373, 0.25643274), (-0.561, -1.1024, 0.24303848), (-0.561, -1.1219811, 0.23591153), (-0.561, -1.1428189, 0.23591153), (-0.561, -1.1624, 0.24303848), (-0.561, -1.1783626, 0.25643274), (-0.561, -1.1887815, 0.2744788), (-0.561, -1.1924, 0.295), (-0.561, -1.1887815, 0.3155212), (-0.561, -1.1783626, 0.33356726), (-0.561, -1.1624, 0.34696153), (-0.561, -1.1428189, 0.35408846), (-0.561, -1.1219811, 0.35408846), (-0.561, -1.1024, 0.34696153), (-0.561, -1.0864373, 0.33356726), (-0.561, -1.0760185, 0.3155212), (-0.572, -1.0724, 0.295), (-0.572, -1.0760185, 0.2744788), (-0.572, -1.0864373, 0.25643274), (-0.572, -1.1024, 0.24303848), (-0.572, -1.1219811, 0.23591153), (-0.572, -1.1428189, 0.23591153), (-0.572, -1.1624, 0.24303848), (-0.572, -1.1783626, 0.25643274), (-0.572, -1.1887815, 0.2744788), (-0.572, -1.1924, 0.295), (-0.572, -1.1887815, 0.3155212), (-0.572, -1.1783626, 0.33356726), (-0.572, -1.1624, 0.34696153), (-0.572, -1.1428189, 0.35408846), (-0.572, -1.1219811, 0.35408846), (-0.572, -1.1024, 0.34696153), (-0.572, -1.0864373, 0.33356726), (-0.572, -1.0760185, 0.3155212), (-0.561, -1.1324, 0.295), (-0.572, -1.1324, 0.295), (-0.561, -0.7148, 0.295), (-0.561, -0.7184184, 0.2744788), (-0.561, -0.7288373, 0.25643274), (-0.561, -0.7448, 0.24303848), (-0.561, -0.7643811, 0.23591153), (-0.561, -0.7852189, 0.23591153), (-0.561, -0.8048, 0.24303848), (-0.561, -0.8207627, 0.25643274), (-0.561, -0.8311816, 0.2744788), (-0.561, -0.8348, 0.295), (-0.561, -0.8311816, 0.3155212), (-0.561, -0.8207627, 0.33356726), (-0.561, -0.8048, 0.34696153), (-0.561, -0.7852189, 0.35408846), (-0.561, -0.7643811, 0.35408846), (-0.561, -0.7448, 0.34696153), (-0.561, -0.7288373, 0.33356726), (-0.561, -0.7184184, 0.3155212), (-0.572, -0.7148, 0.295), (-0.572, -0.7184184, 0.2744788), (-0.572, -0.7288373, 0.25643274), (-0.572, -0.7448, 0.24303848), (-0.572, -0.7643811, 0.23591153), (-0.572, -0.7852189, 0.23591153), (-0.572, -0.8048, 0.24303848), (-0.572, -0.8207627, 0.25643274), (-0.572, -0.8311816, 0.2744788), (-0.572, -0.8348, 0.295), (-0.572, -0.8311816, 0.3155212), (-0.572, -0.8207627, 0.33356726), (-0.572, -0.8048, 0.34696153), (-0.572, -0.7852189, 0.35408846), (-0.572, -0.7643811, 0.35408846), (-0.572, -0.7448, 0.34696153), (-0.572, -0.7288373, 0.33356726), (-0.572, -0.7184184, 0.3155212), (-0.561, -0.7748, 0.295), (-0.572, -0.7748, 0.295)]
                uniform token subdivisionScheme = "none"
            }
        }

        def "Sides"
        {
            def Mesh "DoorLine" (
                prepend apiSchemas = ["MaterialBindingAPI"]
            )
            {
                float3[] extent = [(-0.531, -1.5238, 1.46884), (0.531, 1.5238, 1.47384)]
                int[] faceVertexCounts = [4, 4]
                int[] faceVertexIndices = [0, 1, 2, 3, 4, 7, 6, 5]
                rel material:binding = </GenericCRAH/Looks/DoorLine>
                uniform token orientation = "rightHanded"
                point3f[] points = [(-0.531, -1.5238, 1.46884), (0.531, -1.5238, 1.46884), (0.531, -1.5238, 1.47384), (-0.531, -1.5238, 1.47384), (-0.531, 1.5238, 1.46884), (0.531, 1.5238, 1.46884), (0.531, 1.5238, 1.47384), (-0.531, 1.5238, 1.47384)]
                uniform token subdivisionScheme = "none"
            }
        }

        def "Top"
        {
            def Mesh "FanGrille" (
                prepend apiSchemas = ["MaterialBindingAPI"]
            )
            {
                float3[] extent = [(-0.501, -1.445, 3.408), (0.501, 1.445, 3.408)]
                int[] faceVertexCounts = [4]
                int[] faceVertexIndices = [0, 1, 2, 3]
                rel material:binding = </GenericCRAH/Looks/FanGrille>
                uniform token orientation = "rightHanded"
                point3f[] points = [(-0.501, -1.445, 3.408), (0.501, -1.445, 3.408), (0.501, 1.445, 3.408), (-0.501, 1.445, 3.408)]
                uniform token subdivisionScheme = "none"
            }

            def Mesh "Louvre" (
                prepend apiSchemas = ["MaterialBindingAPI"]
            )
            {
                float3[] extent = [(-0.501, -1.4319549, 3.408), (0.501, 1.4319549, 3.414)]
                int[] faceVertexCounts = [4, 4, 4, 4, 4, 4, 4, 4, 4, 4, 4, 4, 4, 4, 4, 4, 4, 4, 4, 4, 4, 4, 4, 4, 4, 4, 4, 4, 4, 4, 4, 4, 4, 4, 4, 4, 4, 4, 4, 4, 4, 4, 4, 4, 4, 4, 4, 4, 4, 4, 4, 4, 4, 4, 4, 4, 4, 4, 4, 4, 4, 4, 4, 4, 4, 4, 4, 4, 4, 4, 4, 4, 4, 4, 4, 4, 4, 4, 4, 4, 4, 4, 4, 4, 4, 4, 4, 4, 4, 4, 4, 4, 4, 4, 4, 4, 4, 4, 4, 4, 4, 4, 4, 4, 4, 4, 4, 4, 4, 4, 4, 4, 4, 4, 4, 4, 4, 4, 4, 4, 4, 4, 4, 4, 4, 4, 4, 4, 4, 4, 4, 4, 4, 4, 4, 4, 4, 4, 4, 4, 4, 4, 4, 4, 4, 4, 4, 4, 4, 4, 4, 4, 4, 4, 4, 4, 4, 4, 4, 4, 4, 4, 4, 4, 4, 4, 4, 4, 4, 4, 4, 4, 4, 4, 4, 4, 4, 4, 4, 4, 4, 4, 4, 4, 4, 4, 4, 4, 4, 4, 4, 4, 4, 4, 4, 4, 4, 4, 4, 4, 4, 4, 4, 4, 4, 4, 4, 4, 4, 4, 4, 4, 4, 4, 4, 4, 4, 4, 4, 4, 4, 4, 4, 4, 4, 4, 4, 4, 4, 4, 4, 4, 4, 4, 4, 4, 4, 4, 4, 4, 4, 4, 4, 4, 4, 4, 4, 4, 4, 4, 4, 4, 4, 4, 4, 4, 4, 4, 4, 4, 4, 4, 4, 4, 4, 4, 4, 4, 4, 4, 4, 4, 4, 4, 4, 4, 4, 4, 4, 4, 4, 4, 4, 4, 4, 4, 4, 4, 4, 4, 4, 4, 4, 4, 4, 4, 4, 4, 4, 4, 4, 4, 4, 4, 4, 4, 4, 4, 4, 4, 4, 4, 4, 4, 4, 4, 4, 4, 4, 4, 4, 4, 4, 4, 4, 4, 4, 4, 4, 4, 4, 4, 4, 4, 4, 4, 4, 4, 4, 4, 4, 4, 4, 4, 4, 4, 4, 4, 4, 4, 4, 4, 4, 4, 4, 4, 4, 4, 4, 4, 4, 4, 4, 4, 4, 4, 4, 4, 4, 4, 4, 4, 4, 4, 4, 4, 4, 4, 4, 4, 4, 4, 4, 4, 4, 4, 4, 4, 4, 4, 4, 4, 4, 4, 4, 4, 4, 4, 4, 4, 4, 4, 4, 4, 4, 4, 4, 4, 4, 4, 4, 4, 4, 4, 4, 4, 4, 4, 4, 4, 4, 4, 4, 4, 4, 4, 4, 4, 4, 4, 4, 4]
                int[] faceVertexIndices = [0, 3, 2, 1, 4, 5, 6, 7, 0, 1, 5, 4, 2, 3, 7, 6, 1, 2, 6, 5, 3, 0, 4, 7, 8, 11, 10, 9, 12, 13, 14, 15, 8, 9, 13, 12, 10, 11, 15, 14, 9, 10, 14, 13, 11, 8, 12, 15, 16, 19, 18, 17, 20, 21, 22, 23, 16, 17, 21, 20, 18, 19, 23, 22, 17, 18, 22, 21, 19, 16, 20, 23, 24, 27, 26, 25, 28, 29, 30, 31, 24, 25, 29, 28, 26, 27, 31, 30, 25, 26, 30, 29, 27, 24, 28, 31, 32, 35, 34, 33, 36, 37, 38, 39, 32, 33, 37, 36, 34, 35, 39, 38, 33, 34, 38, 37, 35, 32, 36, 39, 40, 43, 42, 41, 44, 45, 46, 47, 40, 41, 45, 44, 42, 43, 47, 46, 41, 42, 46, 45, 43, 40, 44, 47, 48, 51, 50, 49, 52, 53, 54, 55, 48, 49, 53, 52, 50, 51, 55, 54, 49, 50, 54, 53, 51, 48, 52, 55, 56, 59, 58, 57, 60, 61, 62, 63, 56, 57, 61, 60, 58, 59, 63, 62, 57, 58, 62, 61, 59, 56, 60, 63, 64, 67, 66, 65, 68, 69, 70, 71, 64, 65, 69, 68, 66, 67, 71, 70, 65, 66, 70, 69, 67, 64, 68, 71, 72, 75, 74, 73, 76, 77, 78, 79, 72, 73, 77, 76, 74, 75, 79, 78, 73, 74, 78, 77, 75, 72, 76, 79, 80, 83, 82, 81, 84, 85, 86, 87, 80, 81, 85, 84, 82, 83, 87, 86, 81, 82, 86, 85, 83, 80, 84, 87, 88, 91, 90, 89, 92, 93, 94, 95, 88, 89, 93, 92, 90, 91, 95, 94, 89, 90, 94, 93, 91, 88, 92, 95, 96, 99, 98, 97, 100, 101, 102, 103, 96, 97, 101, 100, 98, 99, 103, 102, 97, 98, 102, 101, 99, 96, 100, 103, 104, 107, 106, 105, 108, 109, 110, 111, 104, 105, 109, 108, 106, 107, 111, 110, 105, 106, 110, 109, 107, 104, 108, 111, 112, 115, 114, 113, 116, 117, 118, 119, 112, 113, 117, 116, 114, 115, 119, 118, 113, 114, 118, 117, 115, 112, 116, 119, 120, 123, 122, 121, 124, 125, 126, 127, 120, 121, 125, 124, 122, 123, 127, 126, 121, 122, 126, 125, 123, 120, 124, 127, 128, 131, 130, 129, 132, 133, 134, 135, 128, 129, 133, 132, 130, 131, 135, 134, 129, 130, 134, 133, 131, 128, 132, 135, 136, 139, 138, 137, 140, 141, 142, 143, 136, 137, 141, 140, 138, 139, 143, 142, 137, 138, 142, 141, 139, 136, 140, 143, 144, 147, 146, 145, 148, 149, 150, 151, 144, 145, 149, 148, 146, 147, 151, 150, 145, 146, 150, 149, 147, 144, 148, 151, 152, 155, 154, 153, 156, 157, 158, 159, 152, 153, 157, 156, 154, 155, 159, 158, 153, 154, 158, 157, 155, 152, 156, 159, 160, 163, 162, 161, 164, 165, 166, 167, 160, 161, 165, 164, 162, 163, 167, 166, 161, 162, 166, 165, 163, 160, 164, 167, 168, 171, 170, 169, 172, 173, 174, 175, 168, 169, 173, 172, 170, 171, 175, 174, 169, 170, 174, 173, 171, 168, 172, 175, 176, 179, 178, 177, 180, 181, 182, 183, 176, 177, 181, 180, 178, 179, 183, 182, 177, 178, 182, 181, 179, 176, 180, 183, 184, 187, 186, 185, 188, 189, 190, 191, 184, 185, 189, 188, 186, 187, 191, 190, 185, 186, 190, 189, 187, 184, 188, 191, 192, 195, 194, 193, 196, 197, 198, 199, 192, 193, 197, 196, 194, 195, 199, 198, 193, 194, 198, 197, 195, 192, 196, 199, 200, 203, 202, 201, 204, 205, 206, 207, 200, 201, 205, 204, 202, 203, 207, 206, 201, 202, 206, 205, 203, 200, 204, 207, 208, 211, 210, 209, 212, 213, 214, 215, 208, 209, 213, 212, 210, 211, 215, 214, 209, 210, 214, 213, 211, 208, 212, 215, 216, 219, 218, 217, 220, 221, 222, 223, 216, 217, 221, 220, 218, 219, 223, 222, 217, 218, 222, 221, 219, 216, 220, 223, 224, 227, 226, 225, 228, 229, 230, 231, 224, 225, 229, 228, 226, 227, 231, 230, 225, 226, 230, 229, 227, 224, 228, 231, 232, 235, 234, 233, 236, 237, 238, 239, 232, 233, 237, 236, 234, 235, 239, 238, 233, 234, 238, 237, 235, 232, 236, 239, 240, 243, 242, 241, 244, 245, 246, 247, 240, 241, 245, 244, 242, 243, 247, 246, 241, 242, 246, 245, 243, 240, 244, 247, 248, 251, 250, 249, 252, 253, 254, 255, 248, 249, 253, 252, 250, 251, 255, 254, 249, 250, 254, 253, 251, 248, 252, 255, 256, 259, 258, 257, 260, 261, 262, 263, 256, 257, 261, 260, 258, 259, 263, 262, 257, 258, 262, 261, 259, 256, 260, 263, 264, 267, 266, 265, 268, 269, 270, 271, 264, 265, 269, 268, 266, 267, 271, 270, 265, 266, 270, 269, 267, 264, 268, 271, 272, 275, 274, 273, 276, 277, 278, 279, 272, 273, 277, 276, 274, 275, 279, 278, 273, 274, 278, 277, 275, 272, 276, 279, 280, 283, 282, 281, 284, 285, 286, 287, 280, 281, 285, 284, 282, 283, 287, 286, 281, 282, 286, 285, 283, 280, 284, 287, 288, 291, 290, 289, 292, 293, 294, 295, 288, 289, 293, 292, 290, 291, 295, 294, 289, 290, 294, 293, 291, 288, 292, 295, 296, 299, 298, 297, 300, 301, 302, 303, 296, 297, 301, 300, 298, 299, 303, 302, 297, 298, 302, 301, 299, 296, 300, 303, 304, 307, 306, 305, 308, 309, 310, 311, 304, 305, 309, 308, 306, 307, 311, 310, 305, 306, 310, 309, 307, 304, 308, 311, 312, 315, 314, 313, 316, 317, 318, 319, 312, 313, 317, 316, 314, 315, 319, 318, 313, 314, 318, 317, 315, 312, 316, 319, 320, 323, 322, 321, 324, 325, 326, 327, 320, 321, 325, 324, 322, 323, 327, 326, 321, 322, 326, 325, 323, 320, 324, 327, 328, 331, 330, 329, 332, 333, 334, 335, 328, 329, 333, 332, 330, 331, 335, 334, 329, 330, 334, 333, 331, 328, 332, 335, 336, 339, 338, 337, 340, 341, 342, 343, 336, 337, 341, 340, 338, 339, 343, 342, 337, 338, 342, 341, 339, 336, 340, 343, 344, 347, 346, 345, 348, 349, 350, 351, 344, 345, 349, 348, 346, 347, 351, 350, 345, 346, 350, 349, 347, 344, 348, 351, 352, 355, 354, 353, 356, 357, 358, 359, 352, 353, 357, 356, 354, 355, 359, 358, 353, 354, 358, 357, 355, 352, 356, 359, 360, 363, 362, 361, 364, 365, 366, 367, 360, 361, 365, 364, 362, 363, 367, 366, 361, 362, 366, 365, 363, 360, 364, 367, 368, 371, 370, 369, 372, 373, 374, 375, 368, 369, 373, 372, 370, 371, 375, 374, 369, 370, 374, 373, 371, 368, 372, 375, 376, 379, 378, 377, 380, 381, 382, 383, 376, 377, 381, 380, 378, 379, 383, 382, 377, 378, 382, 381, 379, 376, 380, 383, 384, 387, 386, 385, 388, 389, 390, 391, 384, 385, 389, 388, 386, 387, 391, 390, 385, 386, 390, 389, 387, 384, 388, 391, 392, 395, 394, 393, 396, 397, 398, 399, 392, 393, 397, 396, 394, 395, 399, 398, 393, 394, 398, 397, 395, 392, 396, 399, 400, 403, 402, 401, 404, 405, 406, 407, 400, 401, 405, 404, 402, 403, 407, 406, 401, 402, 406, 405, 403, 400, 404, 407, 408, 411, 410, 409, 412, 413, 414, 415, 408, 409, 413, 412, 410, 411, 415, 414, 409, 410, 414, 413, 411, 408, 412, 415, 416, 419, 418, 417, 420, 421, 422, 423, 416, 417, 421, 420, 418, 419, 423, 422, 417, 418, 422, 421, 419, 416, 420, 423, 424, 427, 426, 425, 428, 429, 430, 431, 424, 425, 429, 428, 426, 427, 431, 430, 425, 426, 430, 429, 427, 424, 428, 431, 432, 435, 434, 433, 436, 437, 438, 439, 432, 433, 437, 436, 434, 435, 439, 438, 433, 434, 438, 437, 435, 432, 436, 439, 440, 443, 442, 441, 444, 445, 446, 447, 440, 441, 445, 444, 442, 443, 447, 446, 441, 442, 446, 445, 443, 440, 444, 447, 448, 451, 450, 449, 452, 453, 454, 455, 448, 449, 453, 452, 450, 451, 455, 454, 449, 450, 454, 453, 451, 448, 452, 455, 456, 459, 458, 457, 460, 461, 462, 463, 456, 457, 461, 460, 458, 459, 463, 462, 457, 458, 462, 461, 459, 456, 460, 463, 464, 467, 466, 465, 468, 469, 470, 471, 464, 465, 469, 468, 466, 467, 471, 470, 465, 466, 470, 469, 467, 464, 468, 471, 472, 475, 474, 473, 476, 477, 478, 479, 472, 473, 477, 476, 474, 475, 479, 478, 473, 474, 478, 477, 475, 472, 476, 479, 480, 483, 482, 481, 484, 485, 486, 487, 480, 481, 485, 484, 482, 483, 487, 486, 481, 482, 486, 485, 483, 480, 484, 487, 488, 491, 490, 489, 492, 493, 494, 495, 488, 489, 493, 492, 490, 491, 495, 494, 489, 490, 494, 493, 491, 488, 492, 495, 496, 499, 498, 497, 500, 501, 502, 503, 496, 497, 501, 500, 498, 499, 503, 502, 497, 498, 502, 501, 499, 496, 500, 503, 504, 507, 506, 505, 508, 509, 510, 511, 504, 505, 509, 508, 506, 507, 511, 510, 505, 506, 510, 509, 507, 504, 508, 511, 512, 515, 514, 513, 516, 517, 518, 519, 512, 513, 517, 516, 514, 515, 519, 518, 513, 514, 518, 517, 515, 512, 516, 519, 520, 523, 522, 521, 524, 525, 526, 527, 520, 521, 525, 524, 522, 523, 527, 526, 521, 522, 526, 525, 523, 520, 524, 527, 528, 531, 530, 529, 532, 533, 534, 535, 528, 529, 533, 532, 530, 531, 535, 534, 529, 530, 534, 533, 531, 528, 532, 535, 536, 539, 538, 537, 540, 541, 542, 543, 536, 537, 541, 540, 538, 539, 543, 542, 537, 538, 542, 541, 539, 536, 540, 543, 544, 547, 546, 545, 548, 549, 550, 551, 544, 545, 549, 548, 546, 547, 551, 550, 545, 546, 550, 549, 547, 544, 548, 551, 552, 555, 554, 553, 556, 557, 558, 559, 552, 553, 557, 556, 554, 555, 559, 558, 553, 554, 558, 557, 555, 552, 556, 559, 560, 563, 562, 561, 564, 565, 566, 567, 560, 561, 565, 564, 562, 563, 567, 566, 561, 562, 566, 565, 563, 560, 564, 567, 568, 571, 570, 569, 572, 573, 574, 575, 568, 569, 573, 572, 570, 571, 575, 574, 569, 570, 574, 573, 571, 568, 572, 575]
                rel material:binding = </GenericCRAH/Looks/Louvre>
                uniform token orientation = "rightHanded"
                point3f[] points = [(-0.501, -1.4319549, 3.408), (0.501, -1.4319549, 3.408), (0.501, -1.4179063, 3.408), (-0.501, -1.4179063, 3.408), (-0.501, -1.4319549, 3.414), (0.501, -1.4319549, 3.414), (0.501, -1.4179063, 3.414), (-0.501, -1.4179063, 3.414), (-0.501, -1.391816, 3.408), (0.501, -1.391816, 3.408), (0.501, -1.3777673, 3.408), (-0.501, -1.3777673, 3.408), (-0.501, -1.391816, 3.414), (0.501, -1.391816, 3.414), (0.501, -1.3777673, 3.414), (-0.501, -1.3777673, 3.414), (-0.501, -1.3516771, 3.408), (0.501, -1.3516771, 3.408), (0.501, -1.3376285, 3.408), (-0.501, -1.3376285, 3.408), (-0.501, -1.3516771, 3.414), (0.501, -1.3516771, 3.414), (0.501, -1.3376285, 3.414), (-0.501, -1.3376285, 3.414), (-0.501, -1.3115382, 3.408), (0.501, -1.3115382, 3.408), (0.501, -1.2974895, 3.408), (-0.501, -1.2974895, 3.408), (-0.501, -1.3115382, 3.414), (0.501, -1.3115382, 3.414), (0.501, -1.2974895, 3.414), (-0.501, -1.2974895, 3.414), (-0.501, -1.2713993, 3.408), (0.501, -1.2713993, 3.408), (0.501, -1.2573507, 3.408), (-0.501, -1.2573507, 3.408), (-0.501, -1.2713993, 3.414), (0.501, -1.2713993, 3.414), (0.501, -1.2573507, 3.414), (-0.501, -1.2573507, 3.414), (-0.501, -1.2312604, 3.408), (0.501, -1.2312604, 3.408), (0.501, -1.2172118, 3.408), (-0.501, -1.2172118, 3.408), (-0.501, -1.2312604, 3.414), (0.501, -1.2312604, 3.414), (0.501, -1.2172118, 3.414), (-0.501, -1.2172118, 3.414), (-0.501, -1.1911216, 3.408), (0.501, -1.1911216, 3.408), (0.501, -1.1770729, 3.408), (-0.501, -1.1770729, 3.408), (-0.501, -1.1911216, 3.414), (0.501, -1.1911216, 3.414), (0.501, -1.1770729, 3.414), (-0.501, -1.1770729, 3.414), (-0.501, -1.1509826, 3.408), (0.501, -1.1509826, 3.408), (0.501, -1.136934, 3.408), (-0.501, -1.136934, 3.408), (-0.501, -1.1509826, 3.414), (0.501, -1.1509826, 3.414), (0.501, -1.136934, 3.414), (-0.501, -1.136934, 3.414), (-0.501, -1.1108438, 3.408), (0.501, -1.1108438, 3.408), (0.501, -1.0967951, 3.408), (-0.501, -1.0967951, 3.408), (-0.501, -1.1108438, 3.414), (0.501, -1.1108438, 3.414), (0.501, -1.0967951, 3.414), (-0.501, -1.0967951, 3.414), (-0.501, -1.0707048, 3.408), (0.501, -1.0707048, 3.408), (0.501, -1.0566562, 3.408), (-0.501, -1.0566562, 3.408), (-0.501, -1.0707048, 3.414), (0.501, -1.0707048, 3.414), (0.501, -1.0566562, 3.414), (-0.501, -1.0566562, 3.414), (-0.501, -1.030566, 3.408), (0.501, -1.030566, 3.408), (0.501, -1.0165174, 3.408), (-0.501, -1.0165174, 3.408), (-0.501, -1.030566, 3.414), (0.501, -1.030566, 3.414), (0.501, -1.0165174, 3.414), (-0.501, -1.0165174, 3.414), (-0.501, -0.9904271, 3.408), (0.501, -0.9904271, 3.408), (0.501, -0.9763785, 3.408), (-0.501, -0.9763785, 3.408), (-0.501, -0.9904271, 3.414), (0.501, -0.9904271, 3.414), (0.501, -0.9763785, 3.414), (-0.501, -0.9763785, 3.414), (-0.501, -0.9502882, 3.408), (0.501, -0.9502882, 3.408), (0.501, -0.9362396, 3.408), (-0.501, -0.9362396, 3.408), (-0.501, -0.9502882, 3.414), (0.501, -0.9502882, 3.414), (0.501, -0.9362396, 3.414), (-0.501, -0.9362396, 3.414), (-0.501, -0.9101493, 3.408), (0.501, -0.9101493, 3.408), (0.501, -0.8961007, 3.408), (-0.501, -0.8961007, 3.408), (-0.501, -0.9101493, 3.414), (0.501, -0.9101493, 3.414), (0.501, -0.8961007, 3.414), (-0.501, -0.8961007, 3.414), (-0.501, -0.87001044, 3.408), (0.501, -0.87001044, 3.408), (0.501, -0.8559618, 3.408), (-0.501, -0.8559618, 3.408), (-0.501, -0.87001044, 3.414), (0.501, -0.87001044, 3.414), (0.501, -0.8559618, 3.414), (-0.501, -0.8559618, 3.414), (-0.501, -0.82987154, 3.408), (0.501, -0.82987154, 3.408), (0.501, -0.8158229, 3.408), (-0.501, -0.8158229, 3.408), (-0.501, -0.82987154, 3.414), (0.501, -0.82987154, 3.414), (0.501, -0.8158229, 3.414), (-0.501, -0.8158229, 3.414), (-0.501, -0.78973264, 3.408), (0.501, -0.78973264, 3.408), (0.501, -0.775684, 3.408), (-0.501, -0.775684, 3.408), (-0.501, -0.78973264, 3.414), (0.501, -0.78973264, 3.414), (0.501, -0.775684, 3.414), (-0.501, -0.775684, 3.414), (-0.501, -0.74959373, 3.408), (0.501, -0.74959373, 3.408), (0.501, -0.73554516, 3.408), (-0.501, -0.73554516, 3.408), (-0.501, -0.74959373, 3.414), (0.501, -0.74959373, 3.414), (0.501, -0.73554516, 3.414), (-0.501, -0.73554516, 3.414), (-0.501, -0.70945483, 3.408), (0.501, -0.70945483, 3.408), (0.501, -0.69540626, 3.408), (-0.501, -0.69540626, 3.408), (-0.501, -0.70945483, 3.414), (0.501, -0.70945483, 3.414), (0.501, -0.69540626, 3.414), (-0.501, -0.69540626, 3.414), (-0.501, -0.669316, 3.408), (0.501, -0.669316, 3.408), (0.501, -0.65526736, 3.408), (-0.501, -0.65526736, 3.408), (-0.501, -0.669316, 3.414), (0.501, -0.669316, 3.414), (0.501, -0.65526736, 3.414), (-0.501, -0.65526736, 3.414), (-0.501, -0.6291771, 3.408), (0.501, -0.6291771, 3.408), (0.501, -0.61512846, 3.408), (-0.501, -0.61512846, 3.408), (-0.501, -0.6291771, 3.414), (0.501, -0.6291771, 3.414), (0.501, -0.61512846, 3.414), (-0.501, -0.61512846, 3.414), (-0.501, -0.5890382, 3.408), (0.501, -0.5890382, 3.408), (0.501, -0.57498956, 3.408), (-0.501, -0.57498956, 3.408), (-0.501, -0.5890382, 3.414), (0.501, -0.5890382, 3.414), (0.501, -0.57498956, 3.414), (-0.501, -0.57498956, 3.414), (-0.501, -0.5488993, 3.408), (0.501, -0.5488993, 3.408), (0.501, -0.5348507, 3.408), (-0.501, -0.5348507, 3.408), (-0.501, -0.5488993, 3.414), (0.501, -0.5488993, 3.414), (0.501, -0.5348507, 3.414), (-0.501, -0.5348507, 3.414), (-0.501, -0.5087604, 3.408), (0.501, -0.5087604, 3.408), (0.501, -0.49471182, 3.408), (-0.501, -0.49471182, 3.408), (-0.501, -0.5087604, 3.414), (0.501, -0.5087604, 3.414), (0.501, -0.49471182, 3.414), (-0.501, -0.49471182, 3.414), (-0.501, -0.46862152, 3.408), (0.501, -0.46862152, 3.408), (0.501, -0.45457292, 3.408), (-0.501, -0.45457292, 3.408), (-0.501, -0.46862152, 3.414), (0.501, -0.46862152, 3.414), (0.501, -0.45457292, 3.414), (-0.501, -0.45457292, 3.414), (-0.501, -0.42848265, 3.408), (0.501, -0.42848265, 3.408), (0.501, -0.41443402, 3.408), (-0.501, -0.41443402, 3.408), (-0.501, -0.42848265, 3.414), (0.501, -0.42848265, 3.414), (0.501, -0.41443402, 3.414), (-0.501, -0.41443402, 3.414), (-0.501, -0.38834375, 3.408), (0.501, -0.38834375, 3.408), (0.501, -0.37429515, 3.408), (-0.501, -0.37429515, 3.408), (-0.501, -0.38834375, 3.414), (0.501, -0.38834375, 3.414), (0.501, -0.37429515, 3.414), (-0.501, -0.37429515, 3.414), (-0.501, -0.34820485, 3.408), (0.501, -0.34820485, 3.408), (0.501, -0.33415624, 3.408), (-0.501, -0.33415624, 3.408), (-0.501, -0.34820485, 3.414), (0.501, -0.34820485, 3.414), (0.501, -0.33415624, 3.414), (-0.501, -0.33415624, 3.414), (-0.501, -0.30806598, 3.408), (0.501, -0.30806598, 3.408), (0.501, -0.29401737, 3.408), (-0.501, -0.29401737, 3.408), (-0.501, -0.30806598, 3.414), (0.501, -0.30806598, 3.414), (0.501, -0.29401737, 3.414), (-0.501, -0.29401737, 3.414), (-0.501, -0.26792708, 3.408), (0.501, -0.26792708, 3.408), (0.501, -0.25387847, 3.408), (-0.501, -0.25387847, 3.408), (-0.501, -0.26792708, 3.414), (0.501, -0.26792708, 3.414), (0.501, -0.25387847, 3.414), (-0.501, -0.25387847, 3.414), (-0.501, -0.2277882, 3.408), (0.501, -0.2277882, 3.408), (0.501, -0.21373959, 3.408), (-0.501, -0.21373959, 3.408), (-0.501, -0.2277882, 3.414), (0.501, -0.2277882, 3.414), (0.501, -0.21373959, 3.414), (-0.501, -0.21373959, 3.414), (-0.501, -0.18764931, 3.408), (0.501, -0.18764931, 3.408), (0.501, -0.17360069, 3.408), (-0.501, -0.17360069, 3.408), (-0.501, -0.18764931, 3.414), (0.501, -0.18764931, 3.414), (0.501, -0.17360069, 3.414), (-0.501, -0.17360069, 3.414), (-0.501, -0.14751041, 3.408), (0.501, -0.14751041, 3.408), (0.501, -0.1334618, 3.408), (-0.501, -0.1334618, 3.408), (-0.501, -0.14751041, 3.414), (0.501, -0.14751041, 3.414), (0.501, -0.1334618, 3.414), (-0.501, -0.1334618, 3.414), (-0.501, -0.10737153, 3.408), (0.501, -0.10737153, 3.408), (0.501, -0.09332292, 3.408), (-0.501, -0.09332292, 3.408), (-0.501, -0.10737153, 3.414), (0.501, -0.10737153, 3.414), (0.501, -0.09332292, 3.414), (-0.501, -0.09332292, 3.414), (-0.501, -0.06723264, 3.408), (0.501, -0.06723264, 3.408), (0.501, -0.05318403, 3.408), (-0.501, -0.05318403, 3.408), (-0.501, -0.06723264, 3.414), (0.501, -0.06723264, 3.414), (0.501, -0.05318403, 3.414), (-0.501, -0.05318403, 3.414), (-0.501, -0.02709375, 3.408), (0.501, -0.02709375, 3.408), (0.501, -0.013045139, 3.408), (-0.501, -0.013045139, 3.408), (-0.501, -0.02709375, 3.414), (0.501, -0.02709375, 3.414), (0.501, -0.013045139, 3.414), (-0.501, -0.013045139, 3.414), (-0.501, 0.013045139, 3.408), (0.501, 0.013045139, 3.408), (0.501, 0.02709375, 3.408), (-0.501, 0.02709375, 3.408), (-0.501, 0.013045139, 3.414), (0.501, 0.013045139, 3.414), (0.501, 0.02709375, 3.414), (-0.501, 0.02709375, 3.414), (-0.501, 0.05318403, 3.408), (0.501, 0.05318403, 3.408), (0.501, 0.06723264, 3.408), (-0.501, 0.06723264, 3.408), (-0.501, 0.05318403, 3.414), (0.501, 0.05318403, 3.414), (0.501, 0.06723264, 3.414), (-0.501, 0.06723264, 3.414), (-0.501, 0.09332292, 3.408), (0.501, 0.09332292, 3.408), (0.501, 0.10737153, 3.408), (-0.501, 0.10737153, 3.408), (-0.501, 0.09332292, 3.414), (0.501, 0.09332292, 3.414), (0.501, 0.10737153, 3.414), (-0.501, 0.10737153, 3.414), (-0.501, 0.1334618, 3.408), (0.501, 0.1334618, 3.408), (0.501, 0.14751041, 3.408), (-0.501, 0.14751041, 3.408), (-0.501, 0.1334618, 3.414), (0.501, 0.1334618, 3.414), (0.501, 0.14751041, 3.414), (-0.501, 0.14751041, 3.414), (-0.501, 0.17360069, 3.408), (0.501, 0.17360069, 3.408), (0.501, 0.18764931, 3.408), (-0.501, 0.18764931, 3.408), (-0.501, 0.17360069, 3.414), (0.501, 0.17360069, 3.414), (0.501, 0.18764931, 3.414), (-0.501, 0.18764931, 3.414), (-0.501, 0.21373959, 3.408), (0.501, 0.21373959, 3.408), (0.501, 0.2277882, 3.408), (-0.501, 0.2277882, 3.408), (-0.501, 0.21373959, 3.414), (0.501, 0.21373959, 3.414), (0.501, 0.2277882, 3.414), (-0.501, 0.2277882, 3.414), (-0.501, 0.25387847, 3.408), (0.501, 0.25387847, 3.408), (0.501, 0.26792708, 3.408), (-0.501, 0.26792708, 3.408), (-0.501, 0.25387847, 3.414), (0.501, 0.25387847, 3.414), (0.501, 0.26792708, 3.414), (-0.501, 0.26792708, 3.414), (-0.501, 0.29401737, 3.408), (0.501, 0.29401737, 3.408), (0.501, 0.30806598, 3.408), (-0.501, 0.30806598, 3.408), (-0.501, 0.29401737, 3.414), (0.501, 0.29401737, 3.414), (0.501, 0.30806598, 3.414), (-0.501, 0.30806598, 3.414), (-0.501, 0.33415624, 3.408), (0.501, 0.33415624, 3.408), (0.501, 0.34820485, 3.408), (-0.501, 0.34820485, 3.408), (-0.501, 0.33415624, 3.414), (0.501, 0.33415624, 3.414), (0.501, 0.34820485, 3.414), (-0.501, 0.34820485, 3.414), (-0.501, 0.37429515, 3.408), (0.501, 0.37429515, 3.408), (0.501, 0.38834375, 3.408), (-0.501, 0.38834375, 3.408), (-0.501, 0.37429515, 3.414), (0.501, 0.37429515, 3.414), (0.501, 0.38834375, 3.414), (-0.501, 0.38834375, 3.414), (-0.501, 0.41443402, 3.408), (0.501, 0.41443402, 3.408), (0.501, 0.42848265, 3.408), (-0.501, 0.42848265, 3.408), (-0.501, 0.41443402, 3.414), (0.501, 0.41443402, 3.414), (0.501, 0.42848265, 3.414), (-0.501, 0.42848265, 3.414), (-0.501, 0.45457292, 3.408), (0.501, 0.45457292, 3.408), (0.501, 0.46862152, 3.408), (-0.501, 0.46862152, 3.408), (-0.501, 0.45457292, 3.414), (0.501, 0.45457292, 3.414), (0.501, 0.46862152, 3.414), (-0.501, 0.46862152, 3.414), (-0.501, 0.49471182, 3.408), (0.501, 0.49471182, 3.408), (0.501, 0.5087604, 3.408), (-0.501, 0.5087604, 3.408), (-0.501, 0.49471182, 3.414), (0.501, 0.49471182, 3.414), (0.501, 0.5087604, 3.414), (-0.501, 0.5087604, 3.414), (-0.501, 0.5348507, 3.408), (0.501, 0.5348507, 3.408), (0.501, 0.5488993, 3.408), (-0.501, 0.5488993, 3.408), (-0.501, 0.5348507, 3.414), (0.501, 0.5348507, 3.414), (0.501, 0.5488993, 3.414), (-0.501, 0.5488993, 3.414), (-0.501, 0.57498956, 3.408), (0.501, 0.57498956, 3.408), (0.501, 0.5890382, 3.408), (-0.501, 0.5890382, 3.408), (-0.501, 0.57498956, 3.414), (0.501, 0.57498956, 3.414), (0.501, 0.5890382, 3.414), (-0.501, 0.5890382, 3.414), (-0.501, 0.61512846, 3.408), (0.501, 0.61512846, 3.408), (0.501, 0.6291771, 3.408), (-0.501, 0.6291771, 3.408), (-0.501, 0.61512846, 3.414), (0.501, 0.61512846, 3.414), (0.501, 0.6291771, 3.414), (-0.501, 0.6291771, 3.414), (-0.501, 0.65526736, 3.408), (0.501, 0.65526736, 3.408), (0.501, 0.669316, 3.408), (-0.501, 0.669316, 3.408), (-0.501, 0.65526736, 3.414), (0.501, 0.65526736, 3.414), (0.501, 0.669316, 3.414), (-0.501, 0.669316, 3.414), (-0.501, 0.69540626, 3.408), (0.501, 0.69540626, 3.408), (0.501, 0.70945483, 3.408), (-0.501, 0.70945483, 3.408), (-0.501, 0.69540626, 3.414), (0.501, 0.69540626, 3.414), (0.501, 0.70945483, 3.414), (-0.501, 0.70945483, 3.414), (-0.501, 0.73554516, 3.408), (0.501, 0.73554516, 3.408), (0.501, 0.74959373, 3.408), (-0.501, 0.74959373, 3.408), (-0.501, 0.73554516, 3.414), (0.501, 0.73554516, 3.414), (0.501, 0.74959373, 3.414), (-0.501, 0.74959373, 3.414), (-0.501, 0.775684, 3.408), (0.501, 0.775684, 3.408), (0.501, 0.78973264, 3.408), (-0.501, 0.78973264, 3.408), (-0.501, 0.775684, 3.414), (0.501, 0.775684, 3.414), (0.501, 0.78973264, 3.414), (-0.501, 0.78973264, 3.414), (-0.501, 0.8158229, 3.408), (0.501, 0.8158229, 3.408), (0.501, 0.82987154, 3.408), (-0.501, 0.82987154, 3.408), (-0.501, 0.8158229, 3.414), (0.501, 0.8158229, 3.414), (0.501, 0.82987154, 3.414), (-0.501, 0.82987154, 3.414), (-0.501, 0.8559618, 3.408), (0.501, 0.8559618, 3.408), (0.501, 0.87001044, 3.408), (-0.501, 0.87001044, 3.408), (-0.501, 0.8559618, 3.414), (0.501, 0.8559618, 3.414), (0.501, 0.87001044, 3.414), (-0.501, 0.87001044, 3.414), (-0.501, 0.8961007, 3.408), (0.501, 0.8961007, 3.408), (0.501, 0.9101493, 3.408), (-0.501, 0.9101493, 3.408), (-0.501, 0.8961007, 3.414), (0.501, 0.8961007, 3.414), (0.501, 0.9101493, 3.414), (-0.501, 0.9101493, 3.414), (-0.501, 0.9362396, 3.408), (0.501, 0.9362396, 3.408), (0.501, 0.9502882, 3.408), (-0.501, 0.9502882, 3.408), (-0.501, 0.9362396, 3.414), (0.501, 0.9362396, 3.414), (0.501, 0.9502882, 3.414), (-0.501, 0.9502882, 3.414), (-0.501, 0.9763785, 3.408), (0.501, 0.9763785, 3.408), (0.501, 0.9904271, 3.408), (-0.501, 0.9904271, 3.408), (-0.501, 0.9763785, 3.414), (0.501, 0.9763785, 3.414), (0.501, 0.9904271, 3.414), (-0.501, 0.9904271, 3.414), (-0.501, 1.0165174, 3.408), (0.501, 1.0165174, 3.408), (0.501, 1.030566, 3.408), (-0.501, 1.030566, 3.408), (-0.501, 1.0165174, 3.414), (0.501, 1.0165174, 3.414), (0.501, 1.030566, 3.414), (-0.501, 1.030566, 3.414), (-0.501, 1.0566562, 3.408), (0.501, 1.0566562, 3.408), (0.501, 1.0707048, 3.408), (-0.501, 1.0707048, 3.408), (-0.501, 1.0566562, 3.414), (0.501, 1.0566562, 3.414), (0.501, 1.0707048, 3.414), (-0.501, 1.0707048, 3.414), (-0.501, 1.0967951, 3.408), (0.501, 1.0967951, 3.408), (0.501, 1.1108438, 3.408), (-0.501, 1.1108438, 3.408), (-0.501, 1.0967951, 3.414), (0.501, 1.0967951, 3.414), (0.501, 1.1108438, 3.414), (-0.501, 1.1108438, 3.414), (-0.501, 1.136934, 3.408), (0.501, 1.136934, 3.408), (0.501, 1.1509826, 3.408), (-0.501, 1.1509826, 3.408), (-0.501, 1.136934, 3.414), (0.501, 1.136934, 3.414), (0.501, 1.1509826, 3.414), (-0.501, 1.1509826, 3.414), (-0.501, 1.1770729, 3.408), (0.501, 1.1770729, 3.408), (0.501, 1.1911216, 3.408), (-0.501, 1.1911216, 3.408), (-0.501, 1.1770729, 3.414), (0.501, 1.1770729, 3.414), (0.501, 1.1911216, 3.414), (-0.501, 1.1911216, 3.414), (-0.501, 1.2172118, 3.408), (0.501, 1.2172118, 3.408), (0.501, 1.2312604, 3.408), (-0.501, 1.2312604, 3.408), (-0.501, 1.2172118, 3.414), (0.501, 1.2172118, 3.414), (0.501, 1.2312604, 3.414), (-0.501, 1.2312604, 3.414), (-0.501, 1.2573507, 3.408), (0.501, 1.2573507, 3.408), (0.501, 1.2713993, 3.408), (-0.501, 1.2713993, 3.408), (-0.501, 1.2573507, 3.414), (0.501, 1.2573507, 3.414), (0.501, 1.2713993, 3.414), (-0.501, 1.2713993, 3.414), (-0.501, 1.2974895, 3.408), (0.501, 1.2974895, 3.408), (0.501, 1.3115382, 3.408), (-0.501, 1.3115382, 3.408), (-0.501, 1.2974895, 3.414), (0.501, 1.2974895, 3.414), (0.501, 1.3115382, 3.414), (-0.501, 1.3115382, 3.414), (-0.501, 1.3376285, 3.408), (0.501, 1.3376285, 3.408), (0.501, 1.3516771, 3.408), (-0.501, 1.3516771, 3.408), (-0.501, 1.3376285, 3.414), (0.501, 1.3376285, 3.414), (0.501, 1.3516771, 3.414), (-0.501, 1.3516771, 3.414), (-0.501, 1.3777673, 3.408), (0.501, 1.3777673, 3.408), (0.501, 1.391816, 3.408), (-0.501, 1.391816, 3.408), (-0.501, 1.3777673, 3.414), (0.501, 1.3777673, 3.414), (0.501, 1.391816, 3.414), (-0.501, 1.391816, 3.414), (-0.501, 1.4179063, 3.408), (0.501, 1.4179063, 3.408), (0.501, 1.4319549, 3.408), (-0.501, 1.4319549, 3.408), (-0.501, 1.4179063, 3.414), (0.501, 1.4179063, 3.414), (0.501, 1.4319549, 3.414), (-0.501, 1.4319549, 3.414)]
                uniform token subdivisionScheme = "none"
            }
        }
    }

    def Scope "ConnectionPoints"
    {
        uniform token purpose = "guide"

        def Mesh "spt_airvent_intake" (
            prepend apiSchemas = ["MaterialBindingAPI"]
        )
        {
            custom string aidc:connectionType = "air-intake" (
                doc = "Connection point attribute"
            )
            custom string aidc:note = "return air, top grille" (
                doc = "Connection point attribute"
            )
            float3[] extent = [(-0.501, -1.445, 3.402), (0.501, 1.445, 3.412)]
            int[] faceVertexCounts = [4, 4, 4, 4, 4, 4]
            int[] faceVertexIndices = [0, 3, 2, 1, 4, 5, 6, 7, 0, 1, 5, 4, 2, 3, 7, 6, 1, 2, 6, 5, 3, 0, 4, 7]
            rel material:binding = </GenericCRAH/Looks/Marker>
            uniform token orientation = "rightHanded"
            point3f[] points = [(-0.501, -1.445, 3.402), (0.501, -1.445, 3.402), (0.501, 1.445, 3.402), (-0.501, 1.445, 3.402), (-0.501, -1.445, 3.412), (0.501, -1.445, 3.412), (0.501, 1.445, 3.412), (-0.501, 1.445, 3.412)]
            uniform token purpose = "guide"
            uniform token subdivisionScheme = "none"
        }

        def Mesh "spt_airvent_outflow" (
            prepend apiSchemas = ["MaterialBindingAPI"]
        )
        {
            custom string aidc:connectionType = "air-outflow" (
                doc = "Connection point attribute"
            )
            custom string aidc:note = "supply air, front fan section" (
                doc = "Connection point attribute"
            )
            float3[] extent = [(0.565, -1.49, 0.095), (0.575, 1.49, 1.47134)]
            int[] faceVertexCounts = [4, 4, 4, 4, 4, 4]
            int[] faceVertexIndices = [0, 3, 2, 1, 4, 5, 6, 7, 0, 1, 5, 4, 2, 3, 7, 6, 1, 2, 6, 5, 3, 0, 4, 7]
            rel material:binding = </GenericCRAH/Looks/Marker>
            uniform token orientation = "rightHanded"
            point3f[] points = [(0.565, -1.49, 0.095), (0.575, -1.49, 0.095), (0.575, 1.49, 0.095), (0.565, 1.49, 0.095), (0.565, -1.49, 1.47134), (0.575, -1.49, 1.47134), (0.575, 1.49, 1.47134), (0.565, 1.49, 1.47134)]
            uniform token purpose = "guide"
            uniform token subdivisionScheme = "none"
        }

        def Mesh "spt_chw_supply" (
            prepend apiSchemas = ["MaterialBindingAPI"]
        )
        {
            custom string aidc:connectionType = "liquid-supply" (
                doc = "Connection point attribute"
            )
            custom string aidc:loop = "chilled-water" (
                doc = "Connection point attribute"
            )
            float3[] extent = [(-0.6, -1.1574, 0.27), (-0.55, -1.1074, 0.32)]
            int[] faceVertexCounts = [4, 4, 4, 4, 4, 4]
            int[] faceVertexIndices = [0, 3, 2, 1, 4, 5, 6, 7, 0, 1, 5, 4, 2, 3, 7, 6, 1, 2, 6, 5, 3, 0, 4, 7]
            rel material:binding = </GenericCRAH/Looks/Marker>
            uniform token orientation = "rightHanded"
            point3f[] points = [(-0.6, -1.1574, 0.27), (-0.55, -1.1574, 0.27), (-0.55, -1.1074, 0.27), (-0.6, -1.1074, 0.27), (-0.6, -1.1574, 0.32), (-0.55, -1.1574, 0.32), (-0.55, -1.1074, 0.32), (-0.6, -1.1074, 0.32)]
            uniform token purpose = "guide"
            uniform token subdivisionScheme = "none"
        }

        def Mesh "spt_chw_return" (
            prepend apiSchemas = ["MaterialBindingAPI"]
        )
        {
            custom string aidc:connectionType = "liquid-return" (
                doc = "Connection point attribute"
            )
            custom string aidc:loop = "chilled-water" (
                doc = "Connection point attribute"
            )
            float3[] extent = [(-0.6, -0.7998, 0.27), (-0.55, -0.7498, 0.32)]
            int[] faceVertexCounts = [4, 4, 4, 4, 4, 4]
            int[] faceVertexIndices = [0, 3, 2, 1, 4, 5, 6, 7, 0, 1, 5, 4, 2, 3, 7, 6, 1, 2, 6, 5, 3, 0, 4, 7]
            rel material:binding = </GenericCRAH/Looks/Marker>
            uniform token orientation = "rightHanded"
            point3f[] points = [(-0.6, -0.7998, 0.27), (-0.55, -0.7998, 0.27), (-0.55, -0.7498, 0.27), (-0.6, -0.7498, 0.27), (-0.6, -0.7998, 0.32), (-0.55, -0.7998, 0.32), (-0.55, -0.7498, 0.32), (-0.6, -0.7498, 0.32)]
            uniform token purpose = "guide"
            uniform token subdivisionScheme = "none"
        }

        def Mesh "spt_electrical_nominal_voltage_01" (
            prepend apiSchemas = ["MaterialBindingAPI"]
        )
        {
            custom string aidc:connectionType = "power" (
                doc = "Connection point attribute"
            )
            custom string aidc:path = "A" (
                doc = "Connection point attribute"
            )
            float3[] extent = [(-0.545, 1.023, 3.152), (-0.505, 1.063, 3.192)]
            int[] faceVertexCounts = [4, 4, 4, 4, 4, 4]
            int[] faceVertexIndices = [0, 3, 2, 1, 4, 5, 6, 7, 0, 1, 5, 4, 2, 3, 7, 6, 1, 2, 6, 5, 3, 0, 4, 7]
            rel material:binding = </GenericCRAH/Looks/Marker>
            uniform token orientation = "rightHanded"
            point3f[] points = [(-0.545, 1.023, 3.152), (-0.505, 1.023, 3.152), (-0.505, 1.063, 3.152), (-0.545, 1.063, 3.152), (-0.545, 1.023, 3.192), (-0.505, 1.023, 3.192), (-0.505, 1.063, 3.192), (-0.545, 1.063, 3.192)]
            uniform token purpose = "guide"
            uniform token subdivisionScheme = "none"
        }
    }
}

