#usda 1.0
(
    "Generic in-row / row-end coolant distribution unit cabinet (1200 x 1200 x 2400 mm). Parametric asset generated by AIDC Studio tools/asset-pipeline/generic_usd.py. Not a model of any vendor product; no display, logo or lettering."
    defaultPrim = "GenericCDU"
    metersPerUnit = 1
    upAxis = "Z"
)

def Xform "GenericCDU" (
    kind = "component"
)
{
    custom string aidc:assetClass = "Coolant Distribution Unit" (
        doc = "Generic equipment class"
    )
    custom string aidc:assetVersion = "1.0.0" (
        doc = "Asset revision"
    )
    custom string aidc:colorSpace = "linear" (
        doc = "diffuseColor / emissiveColor are linear (sRGB hex in generic_spec.json palette)"
    )
    custom string aidc:description = "Generic in-row CDU cabinet, 1200 mm frontage" (
        doc = "Description"
    )
    custom float3 aidc:dimsMm = (1200, 1200, 2400) (
        doc = "W x D x H in mm (catalog-sized body)"
    )
    custom string aidc:generator = "tools/asset-pipeline/generic_usd.py" (
        doc = "AIDC Studio generator"
    )
    custom string aidc:licence = "MIT (AIDC Studio original)" (
        doc = "Licence of this generated asset"
    )
    custom int aidc:lod = 0 (
        doc = "0 = full detail, 1 = explicit low detail"
    )
    custom string aidc:manufacturer = "generic" (
        doc = "Not a model of any vendor product"
    )
    custom string aidc:modelName = "generic_cdu_1200x2400" (
        doc = "Generic model name (form factor / size keyed)"
    )
    custom string aidc:nativeFront = "+X" (
        doc = "Front axis (usd_to_glb maps it to glTF -Z)"
    )
    custom string aidc:sourceTag = "body dims: catalog; doors, louvres, stubs: estimate (generic design)" (
        doc = "Provenance summary"
    )
    custom string aidc:specFile = "tools/asset-pipeline/generic_spec.json" (
        doc = "Parameter source"
    )
    custom int aidc:triangles = 2842 (
        doc = "Authored triangle count"
    )

    def Scope "Looks"
    {
        def Material "Plinth"
        {
            token outputs:surface.connect = </GenericCDU/Looks/Plinth/PreviewSurface.outputs:surface>

            def Shader "PreviewSurface"
            {
                custom string aidc:srgbDiffuse = "#111214" (
                    doc = "sRGB hex from the parameter spec; diffuseColor holds the linear conversion"
                )
                uniform token info:id = "UsdPreviewSurface"
                color3f inputs:diffuseColor = (0.0056053917, 0.006048833, 0.00699541)
                float inputs:metallic = 0.1
                float inputs:roughness = 0.85
                token outputs:surface
            }
        }

        def Material "CabinetLight"
        {
            token outputs:surface.connect = </GenericCDU/Looks/CabinetLight/PreviewSurface.outputs:surface>

            def Shader "PreviewSurface"
            {
                custom string aidc:srgbDiffuse = "#c6c9cc" (
                    doc = "sRGB hex from the parameter spec; diffuseColor holds the linear conversion"
                )
                uniform token info:id = "UsdPreviewSurface"
                color3f inputs:diffuseColor = (0.5647115, 0.58407843, 0.60382736)
                float inputs:metallic = 0.15
                float inputs:roughness = 0.6
                token outputs:surface
            }
        }

        def Material "CabinetTrim"
        {
            token outputs:surface.connect = </GenericCDU/Looks/CabinetTrim/PreviewSurface.outputs:surface>

            def Shader "PreviewSurface"
            {
                custom string aidc:srgbDiffuse = "#8e9296" (
                    doc = "sRGB hex from the parameter spec; diffuseColor holds the linear conversion"
                )
                uniform token info:id = "UsdPreviewSurface"
                color3f inputs:diffuseColor = (0.2704978, 0.28744084, 0.3049873)
                float inputs:metallic = 0.25
                float inputs:roughness = 0.55
                token outputs:surface
            }
        }

        def Material "DoorLine"
        {
            token outputs:surface.connect = </GenericCDU/Looks/DoorLine/PreviewSurface.outputs:surface>

            def Shader "PreviewSurface"
            {
                custom string aidc:srgbDiffuse = "#55585c" (
                    doc = "sRGB hex from the parameter spec; diffuseColor holds the linear conversion"
                )
                uniform token info:id = "UsdPreviewSurface"
                color3f inputs:diffuseColor = (0.09084171, 0.09758735, 0.107023105)
                float inputs:metallic = 0.1
                float inputs:roughness = 0.8
                token outputs:surface
            }
        }

        def Material "Handle"
        {
            token outputs:surface.connect = </GenericCDU/Looks/Handle/PreviewSurface.outputs:surface>

            def Shader "PreviewSurface"
            {
                custom string aidc:srgbDiffuse = "#a9adb2" (
                    doc = "sRGB hex from the parameter spec; diffuseColor holds the linear conversion"
                )
                uniform token info:id = "UsdPreviewSurface"
                color3f inputs:diffuseColor = (0.39675522, 0.41788507, 0.4452012)
                float inputs:metallic = 0.5
                float inputs:roughness = 0.4
                token outputs:surface
            }
        }

        def Material "LouvreGap"
        {
            token outputs:surface.connect = </GenericCDU/Looks/LouvreGap/PreviewSurface.outputs:surface>

            def Shader "PreviewSurface"
            {
                custom string aidc:srgbDiffuse = "#1c1d1f" (
                    doc = "sRGB hex from the parameter spec; diffuseColor holds the linear conversion"
                )
                uniform token info:id = "UsdPreviewSurface"
                color3f inputs:diffuseColor = (0.011612245, 0.012286488, 0.013702083)
                float inputs:metallic = 0
                float inputs:roughness = 0.95
                token outputs:surface
            }
        }

        def Material "Louvre"
        {
            token outputs:surface.connect = </GenericCDU/Looks/Louvre/PreviewSurface.outputs:surface>

            def Shader "PreviewSurface"
            {
                custom string aidc:srgbDiffuse = "#7b7f83" (
                    doc = "sRGB hex from the parameter spec; diffuseColor holds the linear conversion"
                )
                uniform token info:id = "UsdPreviewSurface"
                color3f inputs:diffuseColor = (0.19806932, 0.21223076, 0.22696587)
                float inputs:metallic = 0.2
                float inputs:roughness = 0.65
                token outputs:surface
            }
        }

        def Material "StatusLamp"
        {
            token outputs:surface.connect = </GenericCDU/Looks/StatusLamp/PreviewSurface.outputs:surface>

            def Shader "PreviewSurface"
            {
                custom string aidc:srgbDiffuse = "#dfe5e8" (
                    doc = "sRGB hex from the parameter spec; diffuseColor holds the linear conversion"
                )
                custom string aidc:srgbEmissive = "#2a2c2e"
                uniform token info:id = "UsdPreviewSurface"
                color3f inputs:diffuseColor = (0.7379104, 0.7835378, 0.80695224)
                color3f inputs:emissiveColor = (0.023153367, 0.02518686, 0.027320892)
                float inputs:metallic = 0
                float inputs:roughness = 0.4
                token outputs:surface
            }
        }

        def Material "PipeSteel"
        {
            token outputs:surface.connect = </GenericCDU/Looks/PipeSteel/PreviewSurface.outputs:surface>

            def Shader "PreviewSurface"
            {
                custom string aidc:srgbDiffuse = "#9ca1a6" (
                    doc = "sRGB hex from the parameter spec; diffuseColor holds the linear conversion"
                )
                uniform token info:id = "UsdPreviewSurface"
                color3f inputs:diffuseColor = (0.33245152, 0.35640013, 0.38132602)
                float inputs:metallic = 0.6
                float inputs:roughness = 0.35
                token outputs:surface
            }
        }

        def Material "Flange"
        {
            token outputs:surface.connect = </GenericCDU/Looks/Flange/PreviewSurface.outputs:surface>

            def Shader "PreviewSurface"
            {
                custom string aidc:srgbDiffuse = "#5f6367" (
                    doc = "sRGB hex from the parameter spec; diffuseColor holds the linear conversion"
                )
                uniform token info:id = "UsdPreviewSurface"
                color3f inputs:diffuseColor = (0.114435375, 0.12477182, 0.13563333)
                float inputs:metallic = 0.5
                float inputs:roughness = 0.45
                token outputs:surface
            }
        }

        def Material "Marker"
        {
            token outputs:surface.connect = </GenericCDU/Looks/Marker/PreviewSurface.outputs:surface>

            def Shader "PreviewSurface"
            {
                custom string aidc:srgbDiffuse = "#808080" (
                    doc = "sRGB hex from the parameter spec; diffuseColor holds the linear conversion"
                )
                uniform token info:id = "UsdPreviewSurface"
                color3f inputs:diffuseColor = (0.2158605, 0.2158605, 0.2158605)
                float inputs:metallic = 0
                float inputs:roughness = 1
                token outputs:surface
            }
        }
    }

    def Scope "Geometry"
    {
        def "Cabinet"
        {
            def Mesh "Plinth" (
                prepend apiSchemas = ["MaterialBindingAPI"]
            )
            {
                float3[] extent = [(-0.6, -0.6, 0), (0.6, 0.6, 0.05)]
                int[] faceVertexCounts = [4, 4, 4, 4, 4, 4]
                int[] faceVertexIndices = [0, 3, 2, 1, 4, 5, 6, 7, 0, 1, 5, 4, 2, 3, 7, 6, 1, 2, 6, 5, 3, 0, 4, 7]
                rel material:binding = </GenericCDU/Looks/Plinth>
                uniform token orientation = "rightHanded"
                point3f[] points = [(-0.6, -0.6, 0), (0.6, -0.6, 0), (0.6, 0.6, 0), (-0.6, 0.6, 0), (-0.6, -0.6, 0.05), (0.6, -0.6, 0.05), (0.6, 0.6, 0.05), (-0.6, 0.6, 0.05)]
                uniform token subdivisionScheme = "none"
            }

            def Mesh "CabinetLight" (
                prepend apiSchemas = ["MaterialBindingAPI"]
            )
            {
                float3[] extent = [(-0.588, -0.598, 0.05), (0.588, 0.598, 2.4)]
                int[] faceVertexCounts = [4, 4, 4, 4, 4, 4]
                int[] faceVertexIndices = [0, 3, 2, 1, 4, 5, 6, 7, 0, 1, 5, 4, 2, 3, 7, 6, 1, 2, 6, 5, 3, 0, 4, 7]
                rel material:binding = </GenericCDU/Looks/CabinetLight>
                uniform token orientation = "rightHanded"
                point3f[] points = [(-0.588, -0.598, 0.05), (0.588, -0.598, 0.05), (0.588, 0.598, 0.05), (-0.588, 0.598, 0.05), (-0.588, -0.598, 2.4), (0.588, -0.598, 2.4), (0.588, 0.598, 2.4), (-0.588, 0.598, 2.4)]
                uniform token subdivisionScheme = "none"
            }

            def Mesh "CabinetTrim" (
                prepend apiSchemas = ["MaterialBindingAPI"]
            )
            {
                float3[] extent = [(-0.6, -0.6, 0.05), (0.6, 0.6, 2.4)]
                int[] faceVertexCounts = [4, 4, 4, 4, 4, 4, 4, 4, 4, 4, 4, 4, 4, 4, 4, 4, 4, 4, 4, 4, 4, 4, 4, 4, 4, 4, 4, 4, 4, 4, 4, 4, 4, 4, 4, 4, 4, 4, 4, 4, 4, 4, 4, 4, 4, 4, 4, 4]
                int[] faceVertexIndices = [0, 3, 2, 1, 4, 5, 6, 7, 0, 1, 5, 4, 2, 3, 7, 6, 1, 2, 6, 5, 3, 0, 4, 7, 8, 11, 10, 9, 12, 13, 14, 15, 8, 9, 13, 12, 10, 11, 15, 14, 9, 10, 14, 13, 11, 8, 12, 15, 16, 19, 18, 17, 20, 21, 22, 23, 16, 17, 21, 20, 18, 19, 23, 22, 17, 18, 22, 21, 19, 16, 20, 23, 24, 27, 26, 25, 28, 29, 30, 31, 24, 25, 29, 28, 26, 27, 31, 30, 25, 26, 30, 29, 27, 24, 28, 31, 32, 35, 34, 33, 36, 37, 38, 39, 32, 33, 37, 36, 34, 35, 39, 38, 33, 34, 38, 37, 35, 32, 36, 39, 40, 43, 42, 41, 44, 45, 46, 47, 40, 41, 45, 44, 42, 43, 47, 46, 41, 42, 46, 45, 43, 40, 44, 47, 48, 51, 50, 49, 52, 53, 54, 55, 48, 49, 53, 52, 50, 51, 55, 54, 49, 50, 54, 53, 51, 48, 52, 55, 56, 59, 58, 57, 60, 61, 62, 63, 56, 57, 61, 60, 58, 59, 63, 62, 57, 58, 62, 61, 59, 56, 60, 63]
                rel material:binding = </GenericCDU/Looks/CabinetTrim>
                uniform token orientation = "rightHanded"
                point3f[] points = [(0.588, -0.6, 0.05), (0.6, -0.6, 0.05), (0.6, -0.565, 0.05), (0.588, -0.565, 0.05), (0.588, -0.6, 2.4), (0.6, -0.6, 2.4), (0.6, -0.565, 2.4), (0.588, -0.565, 2.4), (0.588, 0.565, 0.05), (0.6, 0.565, 0.05), (0.6, 0.6, 0.05), (0.588, 0.6, 0.05), (0.588, 0.565, 2.4), (0.6, 0.565, 2.4), (0.6, 0.6, 2.4), (0.588, 0.6, 2.4), (0.588, -0.565, 2.365), (0.6, -0.565, 2.365), (0.6, 0.565, 2.365), (0.588, 0.565, 2.365), (0.588, -0.565, 2.4), (0.6, -0.565, 2.4), (0.6, 0.565, 2.4), (0.588, 0.565, 2.4), (0.588, -0.565, 0.05), (0.6, -0.565, 0.05), (0.6, 0.565, 0.05), (0.588, 0.565, 0.05), (0.588, -0.565, 0.085), (0.6, -0.565, 0.085), (0.6, 0.565, 0.085), (0.588, 0.565, 0.085), (-0.6, -0.6, 0.05), (-0.588, -0.6, 0.05), (-0.588, -0.565, 0.05), (-0.6, -0.565, 0.05), (-0.6, -0.6, 2.4), (-0.588, -0.6, 2.4), (-0.588, -0.565, 2.4), (-0.6, -0.565, 2.4), (-0.6, 0.565, 0.05), (-0.588, 0.565, 0.05), (-0.588, 0.6, 0.05), (-0.6, 0.6, 0.05), (-0.6, 0.565, 2.4), (-0.588, 0.565, 2.4), (-0.588, 0.6, 2.4), (-0.6, 0.6, 2.4), (-0.6, -0.565, 2.365), (-0.588, -0.565, 2.365), (-0.588, 0.565, 2.365), (-0.6, 0.565, 2.365), (-0.6, -0.565, 2.4), (-0.588, -0.565, 2.4), (-0.588, 0.565, 2.4), (-0.6, 0.565, 2.4), (-0.6, -0.565, 0.05), (-0.588, -0.565, 0.05), (-0.588, 0.565, 0.05), (-0.6, 0.565, 0.05), (-0.6, -0.565, 0.085), (-0.588, -0.565, 0.085), (-0.588, 0.565, 0.085), (-0.6, 0.565, 0.085)]
                uniform token subdivisionScheme = "none"
            }
        }

        def "Front"
        {
            def Mesh "DoorLine" (
                prepend apiSchemas = ["MaterialBindingAPI"]
            )
            {
                float3[] extent = [(0.588, -0.565, 0.085), (0.589, 0.565, 2.365)]
                int[] faceVertexCounts = [4, 4, 4, 4, 4, 4, 4, 4, 4, 4, 4, 4, 4, 4, 4, 4, 4, 4]
                int[] faceVertexIndices = [0, 3, 2, 1, 4, 5, 6, 7, 0, 1, 5, 4, 2, 3, 7, 6, 1, 2, 6, 5, 3, 0, 4, 7, 8, 11, 10, 9, 12, 13, 14, 15, 8, 9, 13, 12, 10, 11, 15, 14, 9, 10, 14, 13, 11, 8, 12, 15, 16, 19, 18, 17, 20, 21, 22, 23, 16, 17, 21, 20, 18, 19, 23, 22, 17, 18, 22, 21, 19, 16, 20, 23]
                rel material:binding = </GenericCDU/Looks/DoorLine>
                uniform token orientation = "rightHanded"
                point3f[] points = [(0.588, -0.002, 0.085), (0.589, -0.002, 0.085), (0.589, 0.002, 0.085), (0.588, 0.002, 0.085), (0.588, -0.002, 2.365), (0.589, -0.002, 2.365), (0.589, 0.002, 2.365), (0.588, 0.002, 2.365), (0.588, -0.565, 0.085), (0.589, -0.565, 0.085), (0.589, 0.565, 0.085), (0.588, 0.565, 0.085), (0.588, -0.565, 0.089), (0.589, -0.565, 0.089), (0.589, 0.565, 0.089), (0.588, 0.565, 0.089), (0.588, -0.565, 2.361), (0.589, -0.565, 2.361), (0.589, 0.565, 2.361), (0.588, 0.565, 2.361), (0.588, -0.565, 2.365), (0.589, -0.565, 2.365), (0.589, 0.565, 2.365), (0.588, 0.565, 2.365)]
                uniform token subdivisionScheme = "none"
            }

            def Mesh "Handle" (
                prepend apiSchemas = ["MaterialBindingAPI"]
            )
            {
                float3[] extent = [(0.588, -0.09475, 1.259), (0.598, 0.49025, 1.419)]
                int[] faceVertexCounts = [4, 4, 4, 4, 4, 4, 4, 4, 4, 4, 4, 4]
                int[] faceVertexIndices = [0, 3, 2, 1, 4, 5, 6, 7, 0, 1, 5, 4, 2, 3, 7, 6, 1, 2, 6, 5, 3, 0, 4, 7, 8, 11, 10, 9, 12, 13, 14, 15, 8, 9, 13, 12, 10, 11, 15, 14, 9, 10, 14, 13, 11, 8, 12, 15]
                rel material:binding = </GenericCDU/Looks/Handle>
                uniform token orientation = "rightHanded"
                point3f[] points = [(0.588, -0.09475, 1.259), (0.598, -0.09475, 1.259), (0.598, -0.07475, 1.259), (0.588, -0.07475, 1.259), (0.588, -0.09475, 1.419), (0.598, -0.09475, 1.419), (0.598, -0.07475, 1.419), (0.588, -0.07475, 1.419), (0.588, 0.47025, 1.259), (0.598, 0.47025, 1.259), (0.598, 0.49025, 1.259), (0.588, 0.49025, 1.259), (0.588, 0.47025, 1.419), (0.598, 0.47025, 1.419), (0.598, 0.49025, 1.419), (0.588, 0.49025, 1.419)]
                uniform token subdivisionScheme = "none"
            }

            def Mesh "LouvreGap" (
                prepend apiSchemas = ["MaterialBindingAPI"]
            )
            {
                float3[] extent = [(0.589, -0.4859, 0.205), (0.589, 0.4294, 2.245)]
                int[] faceVertexCounts = [4, 4, 4, 4]
                int[] faceVertexIndices = [0, 1, 2, 3, 4, 5, 6, 7, 8, 9, 10, 11, 12, 13, 14, 15]
                rel material:binding = </GenericCDU/Looks/LouvreGap>
                uniform token orientation = "rightHanded"
                point3f[] points = [(0.589, -0.4859, 0.205), (0.589, -0.1356, 0.205), (0.589, -0.1356, 0.605), (0.589, -0.4859, 0.605), (0.589, -0.4859, 1.945), (0.589, -0.1356, 1.945), (0.589, -0.1356, 2.245), (0.589, -0.4859, 2.245), (0.589, 0.0791, 0.205), (0.589, 0.4294, 0.205), (0.589, 0.4294, 0.605), (0.589, 0.0791, 0.605), (0.589, 0.0791, 1.945), (0.589, 0.4294, 1.945), (0.589, 0.4294, 2.245), (0.589, 0.0791, 2.245)]
                uniform token subdivisionScheme = "none"
            }

            def Mesh "Louvre" (
                prepend apiSchemas = ["MaterialBindingAPI"]
            )
            {
                float3[] extent = [(0.589, -0.482397, 0.21192308), (0.596, 0.425897, 2.23825)]
                int[] faceVertexCounts = [4, 4, 4, 4, 4, 4, 4, 4, 4, 4, 4, 4, 4, 4, 4, 4, 4, 4, 4, 4, 4, 4, 4, 4, 4, 4, 4, 4, 4, 4, 4, 4, 4, 4, 4, 4, 4, 4, 4, 4, 4, 4, 4, 4, 4, 4, 4, 4, 4, 4, 4, 4, 4, 4, 4, 4, 4, 4, 4, 4, 4, 4, 4, 4, 4, 4, 4, 4, 4, 4, 4, 4, 4, 4, 4, 4, 4, 4, 4, 4, 4, 4, 4, 4, 4, 4, 4, 4, 4, 4, 4, 4, 4, 4, 4, 4, 4, 4, 4, 4, 4, 4, 4, 4, 4, 4, 4, 4, 4, 4, 4, 4, 4, 4, 4, 4, 4, 4, 4, 4, 4, 4, 4, 4, 4, 4, 4, 4, 4, 4, 4, 4, 4, 4, 4, 4, 4, 4, 4, 4, 4, 4, 4, 4, 4, 4, 4, 4, 4, 4, 4, 4, 4, 4, 4, 4, 4, 4, 4, 4, 4, 4, 4, 4, 4, 4, 4, 4, 4, 4, 4, 4, 4, 4, 4, 4, 4, 4, 4, 4, 4, 4, 4, 4, 4, 4, 4, 4, 4, 4, 4, 4, 4, 4, 4, 4, 4, 4, 4, 4, 4, 4, 4, 4, 4, 4, 4, 4, 4, 4, 4, 4, 4, 4, 4, 4, 4, 4, 4, 4, 4, 4, 4, 4, 4, 4, 4, 4, 4, 4, 4, 4, 4, 4, 4, 4, 4, 4, 4, 4, 4, 4, 4, 4, 4, 4, 4, 4, 4, 4, 4, 4, 4, 4, 4, 4, 4, 4, 4, 4, 4, 4, 4, 4, 4, 4, 4, 4, 4, 4, 4, 4, 4, 4, 4, 4]
                int[] faceVertexIndices = [0, 3, 2, 1, 4, 5, 6, 7, 0, 1, 5, 4, 2, 3, 7, 6, 1, 2, 6, 5, 3, 0, 4, 7, 8, 11, 10, 9, 12, 13, 14, 15, 8, 9, 13, 12, 10, 11, 15, 14, 9, 10, 14, 13, 11, 8, 12, 15, 16, 19, 18, 17, 20, 21, 22, 23, 16, 17, 21, 20, 18, 19, 23, 22, 17, 18, 22, 21, 19, 16, 20, 23, 24, 27, 26, 25, 28, 29, 30, 31, 24, 25, 29, 28, 26, 27, 31, 30, 25, 26, 30, 29, 27, 24, 28, 31, 32, 35, 34, 33, 36, 37, 38, 39, 32, 33, 37, 36, 34, 35, 39, 38, 33, 34, 38, 37, 35, 32, 36, 39, 40, 43, 42, 41, 44, 45, 46, 47, 40, 41, 45, 44, 42, 43, 47, 46, 41, 42, 46, 45, 43, 40, 44, 47, 48, 51, 50, 49, 52, 53, 54, 55, 48, 49, 53, 52, 50, 51, 55, 54, 49, 50, 54, 53, 51, 48, 52, 55, 56, 59, 58, 57, 60, 61, 62, 63, 56, 57, 61, 60, 58, 59, 63, 62, 57, 58, 62, 61, 59, 56, 60, 63, 64, 67, 66, 65, 68, 69, 70, 71, 64, 65, 69, 68, 66, 67, 71, 70, 65, 66, 70, 69, 67, 64, 68, 71, 72, 75, 74, 73, 76, 77, 78, 79, 72, 73, 77, 76, 74, 75, 79, 78, 73, 74, 78, 77, 75, 72, 76, 79, 80, 83, 82, 81, 84, 85, 86, 87, 80, 81, 85, 84, 82, 83, 87, 86, 81, 82, 86, 85, 83, 80, 84, 87, 88, 91, 90, 89, 92, 93, 94, 95, 88, 89, 93, 92, 90, 91, 95, 94, 89, 90, 94, 93, 91, 88, 92, 95, 96, 99, 98, 97, 100, 101, 102, 103, 96, 97, 101, 100, 98, 99, 103, 102, 97, 98, 102, 101, 99, 96, 100, 103, 104, 107, 106, 105, 108, 109, 110, 111, 104, 105, 109, 108, 106, 107, 111, 110, 105, 106, 110, 109, 107, 104, 108, 111, 112, 115, 114, 113, 116, 117, 118, 119, 112, 113, 117, 116, 114, 115, 119, 118, 113, 114, 118, 117, 115, 112, 116, 119, 120, 123, 122, 121, 124, 125, 126, 127, 120, 121, 125, 124, 122, 123, 127, 126, 121, 122, 126, 125, 123, 120, 124, 127, 128, 131, 130, 129, 132, 133, 134, 135, 128, 129, 133, 132, 130, 131, 135, 134, 129, 130, 134, 133, 131, 128, 132, 135, 136, 139, 138, 137, 140, 141, 142, 143, 136, 137, 141, 140, 138, 139, 143, 142, 137, 138, 142, 141, 139, 136, 140, 143, 144, 147, 146, 145, 148, 149, 150, 151, 144, 145, 149, 148, 146, 147, 151, 150, 145, 146, 150, 149, 147, 144, 148, 151, 152, 155, 154, 153, 156, 157, 158, 159, 152, 153, 157, 156, 154, 155, 159, 158, 153, 154, 158, 157, 155, 152, 156, 159, 160, 163, 162, 161, 164, 165, 166, 167, 160, 161, 165, 164, 162, 163, 167, 166, 161, 162, 166, 165, 163, 160, 164, 167, 168, 171, 170, 169, 172, 173, 174, 175, 168, 169, 173, 172, 170, 171, 175, 174, 169, 170, 174, 173, 171, 168, 172, 175, 176, 179, 178, 177, 180, 181, 182, 183, 176, 177, 181, 180, 178, 179, 183, 182, 177, 178, 182, 181, 179, 176, 180, 183, 184, 187, 186, 185, 188, 189, 190, 191, 184, 185, 189, 188, 186, 187, 191, 190, 185, 186, 190, 189, 187, 184, 188, 191, 192, 195, 194, 193, 196, 197, 198, 199, 192, 193, 197, 196, 194, 195, 199, 198, 193, 194, 198, 197, 195, 192, 196, 199, 200, 203, 202, 201, 204, 205, 206, 207, 200, 201, 205, 204, 202, 203, 207, 206, 201, 202, 206, 205, 203, 200, 204, 207, 208, 211, 210, 209, 212, 213, 214, 215, 208, 209, 213, 212, 210, 211, 215, 214, 209, 210, 214, 213, 211, 208, 212, 215, 216, 219, 218, 217, 220, 221, 222, 223, 216, 217, 221, 220, 218, 219, 223, 222, 217, 218, 222, 221, 219, 216, 220, 223, 224, 227, 226, 225, 228, 229, 230, 231, 224, 225, 229, 228, 226, 227, 231, 230, 225, 226, 230, 229, 227, 224, 228, 231, 232, 235, 234, 233, 236, 237, 238, 239, 232, 233, 237, 236, 234, 235, 239, 238, 233, 234, 238, 237, 235, 232, 236, 239, 240, 243, 242, 241, 244, 245, 246, 247, 240, 241, 245, 244, 242, 243, 247, 246, 241, 242, 246, 245, 243, 240, 244, 247, 248, 251, 250, 249, 252, 253, 254, 255, 248, 249, 253, 252, 250, 251, 255, 254, 249, 250, 254, 253, 251, 248, 252, 255, 256, 259, 258, 257, 260, 261, 262, 263, 256, 257, 261, 260, 258, 259, 263, 262, 257, 258, 262, 261, 259, 256, 260, 263, 264, 267, 266, 265, 268, 269, 270, 271, 264, 265, 269, 268, 266, 267, 271, 270, 265, 266, 270, 269, 267, 264, 268, 271, 272, 275, 274, 273, 276, 277, 278, 279, 272, 273, 277, 276, 274, 275, 279, 278, 273, 274, 278, 277, 275, 272, 276, 279, 280, 283, 282, 281, 284, 285, 286, 287, 280, 281, 285, 284, 282, 283, 287, 286, 281, 282, 286, 285, 283, 280, 284, 287, 288, 291, 290, 289, 292, 293, 294, 295, 288, 289, 293, 292, 290, 291, 295, 294, 289, 290, 294, 293, 291, 288, 292, 295, 296, 299, 298, 297, 300, 301, 302, 303, 296, 297, 301, 300, 298, 299, 303, 302, 297, 298, 302, 301, 299, 296, 300, 303, 304, 307, 306, 305, 308, 309, 310, 311, 304, 305, 309, 308, 306, 307, 311, 310, 305, 306, 310, 309, 307, 304, 308, 311, 312, 315, 314, 313, 316, 317, 318, 319, 312, 313, 317, 316, 314, 315, 319, 318, 313, 314, 318, 317, 315, 312, 316, 319, 320, 323, 322, 321, 324, 325, 326, 327, 320, 321, 325, 324, 322, 323, 327, 326, 321, 322, 326, 325, 323, 320, 324, 327, 328, 331, 330, 329, 332, 333, 334, 335, 328, 329, 333, 332, 330, 331, 335, 334, 329, 330, 334, 333, 331, 328, 332, 335, 336, 339, 338, 337, 340, 341, 342, 343, 336, 337, 341, 340, 338, 339, 343, 342, 337, 338, 342, 341, 339, 336, 340, 343, 344, 347, 346, 345, 348, 349, 350, 351, 344, 345, 349, 348, 346, 347, 351, 350, 345, 346, 350, 349, 347, 344, 348, 351, 352, 355, 354, 353, 356, 357, 358, 359, 352, 353, 357, 356, 354, 355, 359, 358, 353, 354, 358, 357, 355, 352, 356, 359, 360, 363, 362, 361, 364, 365, 366, 367, 360, 361, 365, 364, 362, 363, 367, 366, 361, 362, 366, 365, 363, 360, 364, 367]
                rel material:binding = </GenericCDU/Looks/Louvre>
                uniform token orientation = "rightHanded"
                point3f[] points = [(0.589, -0.482397, 0.21192308), (0.596, -0.482397, 0.21192308), (0.596, -0.139103, 0.21192308), (0.589, -0.139103, 0.21192308), (0.589, -0.482397, 0.22884615), (0.596, -0.482397, 0.22884615), (0.596, -0.139103, 0.22884615), (0.589, -0.139103, 0.22884615), (0.589, -0.482397, 0.2426923), (0.596, -0.482397, 0.2426923), (0.596, -0.139103, 0.2426923), (0.589, -0.139103, 0.2426923), (0.589, -0.482397, 0.2596154), (0.596, -0.482397, 0.2596154), (0.596, -0.139103, 0.2596154), (0.589, -0.139103, 0.2596154), (0.589, -0.482397, 0.27346155), (0.596, -0.482397, 0.27346155), (0.596, -0.139103, 0.27346155), (0.589, -0.139103, 0.27346155), (0.589, -0.482397, 0.29038462), (0.596, -0.482397, 0.29038462), (0.596, -0.139103, 0.29038462), (0.589, -0.139103, 0.29038462), (0.589, -0.482397, 0.30423078), (0.596, -0.482397, 0.30423078), (0.596, -0.139103, 0.30423078), (0.589, -0.139103, 0.30423078), (0.589, -0.482397, 0.32115385), (0.596, -0.482397, 0.32115385), (0.596, -0.139103, 0.32115385), (0.589, -0.139103, 0.32115385), (0.589, -0.482397, 0.335), (0.596, -0.482397, 0.335), (0.596, -0.139103, 0.335), (0.589, -0.139103, 0.335), (0.589, -0.482397, 0.35192308), (0.596, -0.482397, 0.35192308), (0.596, -0.139103, 0.35192308), (0.589, -0.139103, 0.35192308), (0.589, -0.482397, 0.36576924), (0.596, -0.482397, 0.36576924), (0.596, -0.139103, 0.36576924), (0.589, -0.139103, 0.36576924), (0.589, -0.482397, 0.3826923), (0.596, -0.482397, 0.3826923), (0.596, -0.139103, 0.3826923), (0.589, -0.139103, 0.3826923), (0.589, -0.482397, 0.39653847), (0.596, -0.482397, 0.39653847), (0.596, -0.139103, 0.39653847), (0.589, -0.139103, 0.39653847), (0.589, -0.482397, 0.41346154), (0.596, -0.482397, 0.41346154), (0.596, -0.139103, 0.41346154), (0.589, -0.139103, 0.41346154), (0.589, -0.482397, 0.4273077), (0.596, -0.482397, 0.4273077), (0.596, -0.139103, 0.4273077), (0.589, -0.139103, 0.4273077), (0.589, -0.482397, 0.44423077), (0.596, -0.482397, 0.44423077), (0.596, -0.139103, 0.44423077), (0.589, -0.139103, 0.44423077), (0.589, -0.482397, 0.45807692), (0.596, -0.482397, 0.45807692), (0.596, -0.139103, 0.45807692), (0.589, -0.139103, 0.45807692), (0.589, -0.482397, 0.475), (0.596, -0.482397, 0.475), (0.596, -0.139103, 0.475), (0.589, -0.139103, 0.475), (0.589, -0.482397, 0.48884615), (0.596, -0.482397, 0.48884615), (0.596, -0.139103, 0.48884615), (0.589, -0.139103, 0.48884615), (0.589, -0.482397, 0.50576925), (0.596, -0.482397, 0.50576925), (0.596, -0.139103, 0.50576925), (0.589, -0.139103, 0.50576925), (0.589, -0.482397, 0.5196154), (0.596, -0.482397, 0.5196154), (0.596, -0.139103, 0.5196154), (0.589, -0.139103, 0.5196154), (0.589, -0.482397, 0.5365385), (0.596, -0.482397, 0.5365385), (0.596, -0.139103, 0.5365385), (0.589, -0.139103, 0.5365385), (0.589, -0.482397, 0.55038464), (0.596, -0.482397, 0.55038464), (0.596, -0.139103, 0.55038464), (0.589, -0.139103, 0.55038464), (0.589, -0.482397, 0.5673077), (0.596, -0.482397, 0.5673077), (0.596, -0.139103, 0.5673077), (0.589, -0.139103, 0.5673077), (0.589, -0.482397, 0.58115387), (0.596, -0.482397, 0.58115387), (0.596, -0.139103, 0.58115387), (0.589, -0.139103, 0.58115387), (0.589, -0.482397, 0.59807694), (0.596, -0.482397, 0.59807694), (0.596, -0.139103, 0.59807694), (0.589, -0.139103, 0.59807694), (0.589, -0.482397, 1.95175), (0.596, -0.482397, 1.95175), (0.596, -0.139103, 1.95175), (0.589, -0.139103, 1.95175), (0.589, -0.482397, 1.96825), (0.596, -0.482397, 1.96825), (0.596, -0.139103, 1.96825), (0.589, -0.139103, 1.96825), (0.589, -0.482397, 1.98175), (0.596, -0.482397, 1.98175), (0.596, -0.139103, 1.98175), (0.589, -0.139103, 1.98175), (0.589, -0.482397, 1.99825), (0.596, -0.482397, 1.99825), (0.596, -0.139103, 1.99825), (0.589, -0.139103, 1.99825), (0.589, -0.482397, 2.01175), (0.596, -0.482397, 2.01175), (0.596, -0.139103, 2.01175), (0.589, -0.139103, 2.01175), (0.589, -0.482397, 2.02825), (0.596, -0.482397, 2.02825), (0.596, -0.139103, 2.02825), (0.589, -0.139103, 2.02825), (0.589, -0.482397, 2.04175), (0.596, -0.482397, 2.04175), (0.596, -0.139103, 2.04175), (0.589, -0.139103, 2.04175), (0.589, -0.482397, 2.05825), (0.596, -0.482397, 2.05825), (0.596, -0.139103, 2.05825), (0.589, -0.139103, 2.05825), (0.589, -0.482397, 2.07175), (0.596, -0.482397, 2.07175), (0.596, -0.139103, 2.07175), (0.589, -0.139103, 2.07175), (0.589, -0.482397, 2.08825), (0.596, -0.482397, 2.08825), (0.596, -0.139103, 2.08825), (0.589, -0.139103, 2.08825), (0.589, -0.482397, 2.10175), (0.596, -0.482397, 2.10175), (0.596, -0.139103, 2.10175), (0.589, -0.139103, 2.10175), (0.589, -0.482397, 2.11825), (0.596, -0.482397, 2.11825), (0.596, -0.139103, 2.11825), (0.589, -0.139103, 2.11825), (0.589, -0.482397, 2.13175), (0.596, -0.482397, 2.13175), (0.596, -0.139103, 2.13175), (0.589, -0.139103, 2.13175), (0.589, -0.482397, 2.14825), (0.596, -0.482397, 2.14825), (0.596, -0.139103, 2.14825), (0.589, -0.139103, 2.14825), (0.589, -0.482397, 2.16175), (0.596, -0.482397, 2.16175), (0.596, -0.139103, 2.16175), (0.589, -0.139103, 2.16175), (0.589, -0.482397, 2.17825), (0.596, -0.482397, 2.17825), (0.596, -0.139103, 2.17825), (0.589, -0.139103, 2.17825), (0.589, -0.482397, 2.19175), (0.596, -0.482397, 2.19175), (0.596, -0.139103, 2.19175), (0.589, -0.139103, 2.19175), (0.589, -0.482397, 2.20825), (0.596, -0.482397, 2.20825), (0.596, -0.139103, 2.20825), (0.589, -0.139103, 2.20825), (0.589, -0.482397, 2.22175), (0.596, -0.482397, 2.22175), (0.596, -0.139103, 2.22175), (0.589, -0.139103, 2.22175), (0.589, -0.482397, 2.23825), (0.596, -0.482397, 2.23825), (0.596, -0.139103, 2.23825), (0.589, -0.139103, 2.23825), (0.589, 0.082603, 0.21192308), (0.596, 0.082603, 0.21192308), (0.596, 0.425897, 0.21192308), (0.589, 0.425897, 0.21192308), (0.589, 0.082603, 0.22884615), (0.596, 0.082603, 0.22884615), (0.596, 0.425897, 0.22884615), (0.589, 0.425897, 0.22884615), (0.589, 0.082603, 0.2426923), (0.596, 0.082603, 0.2426923), (0.596, 0.425897, 0.2426923), (0.589, 0.425897, 0.2426923), (0.589, 0.082603, 0.2596154), (0.596, 0.082603, 0.2596154), (0.596, 0.425897, 0.2596154), (0.589, 0.425897, 0.2596154), (0.589, 0.082603, 0.27346155), (0.596, 0.082603, 0.27346155), (0.596, 0.425897, 0.27346155), (0.589, 0.425897, 0.27346155), (0.589, 0.082603, 0.29038462), (0.596, 0.082603, 0.29038462), (0.596, 0.425897, 0.29038462), (0.589, 0.425897, 0.29038462), (0.589, 0.082603, 0.30423078), (0.596, 0.082603, 0.30423078), (0.596, 0.425897, 0.30423078), (0.589, 0.425897, 0.30423078), (0.589, 0.082603, 0.32115385), (0.596, 0.082603, 0.32115385), (0.596, 0.425897, 0.32115385), (0.589, 0.425897, 0.32115385), (0.589, 0.082603, 0.335), (0.596, 0.082603, 0.335), (0.596, 0.425897, 0.335), (0.589, 0.425897, 0.335), (0.589, 0.082603, 0.35192308), (0.596, 0.082603, 0.35192308), (0.596, 0.425897, 0.35192308), (0.589, 0.425897, 0.35192308), (0.589, 0.082603, 0.36576924), (0.596, 0.082603, 0.36576924), (0.596, 0.425897, 0.36576924), (0.589, 0.425897, 0.36576924), (0.589, 0.082603, 0.3826923), (0.596, 0.082603, 0.3826923), (0.596, 0.425897, 0.3826923), (0.589, 0.425897, 0.3826923), (0.589, 0.082603, 0.39653847), (0.596, 0.082603, 0.39653847), (0.596, 0.425897, 0.39653847), (0.589, 0.425897, 0.39653847), (0.589, 0.082603, 0.41346154), (0.596, 0.082603, 0.41346154), (0.596, 0.425897, 0.41346154), (0.589, 0.425897, 0.41346154), (0.589, 0.082603, 0.4273077), (0.596, 0.082603, 0.4273077), (0.596, 0.425897, 0.4273077), (0.589, 0.425897, 0.4273077), (0.589, 0.082603, 0.44423077), (0.596, 0.082603, 0.44423077), (0.596, 0.425897, 0.44423077), (0.589, 0.425897, 0.44423077), (0.589, 0.082603, 0.45807692), (0.596, 0.082603, 0.45807692), (0.596, 0.425897, 0.45807692), (0.589, 0.425897, 0.45807692), (0.589, 0.082603, 0.475), (0.596, 0.082603, 0.475), (0.596, 0.425897, 0.475), (0.589, 0.425897, 0.475), (0.589, 0.082603, 0.48884615), (0.596, 0.082603, 0.48884615), (0.596, 0.425897, 0.48884615), (0.589, 0.425897, 0.48884615), (0.589, 0.082603, 0.50576925), (0.596, 0.082603, 0.50576925), (0.596, 0.425897, 0.50576925), (0.589, 0.425897, 0.50576925), (0.589, 0.082603, 0.5196154), (0.596, 0.082603, 0.5196154), (0.596, 0.425897, 0.5196154), (0.589, 0.425897, 0.5196154), (0.589, 0.082603, 0.5365385), (0.596, 0.082603, 0.5365385), (0.596, 0.425897, 0.5365385), (0.589, 0.425897, 0.5365385), (0.589, 0.082603, 0.55038464), (0.596, 0.082603, 0.55038464), (0.596, 0.425897, 0.55038464), (0.589, 0.425897, 0.55038464), (0.589, 0.082603, 0.5673077), (0.596, 0.082603, 0.5673077), (0.596, 0.425897, 0.5673077), (0.589, 0.425897, 0.5673077), (0.589, 0.082603, 0.58115387), (0.596, 0.082603, 0.58115387), (0.596, 0.425897, 0.58115387), (0.589, 0.425897, 0.58115387), (0.589, 0.082603, 0.59807694), (0.596, 0.082603, 0.59807694), (0.596, 0.425897, 0.59807694), (0.589, 0.425897, 0.59807694), (0.589, 0.082603, 1.95175), (0.596, 0.082603, 1.95175), (0.596, 0.425897, 1.95175), (0.589, 0.425897, 1.95175), (0.589, 0.082603, 1.96825), (0.596, 0.082603, 1.96825), (0.596, 0.425897, 1.96825), (0.589, 0.425897, 1.96825), (0.589, 0.082603, 1.98175), (0.596, 0.082603, 1.98175), (0.596, 0.425897, 1.98175), (0.589, 0.425897, 1.98175), (0.589, 0.082603, 1.99825), (0.596, 0.082603, 1.99825), (0.596, 0.425897, 1.99825), (0.589, 0.425897, 1.99825), (0.589, 0.082603, 2.01175), (0.596, 0.082603, 2.01175), (0.596, 0.425897, 2.01175), (0.589, 0.425897, 2.01175), (0.589, 0.082603, 2.02825), (0.596, 0.082603, 2.02825), (0.596, 0.425897, 2.02825), (0.589, 0.425897, 2.02825), (0.589, 0.082603, 2.04175), (0.596, 0.082603, 2.04175), (0.596, 0.425897, 2.04175), (0.589, 0.425897, 2.04175), (0.589, 0.082603, 2.05825), (0.596, 0.082603, 2.05825), (0.596, 0.425897, 2.05825), (0.589, 0.425897, 2.05825), (0.589, 0.082603, 2.07175), (0.596, 0.082603, 2.07175), (0.596, 0.425897, 2.07175), (0.589, 0.425897, 2.07175), (0.589, 0.082603, 2.08825), (0.596, 0.082603, 2.08825), (0.596, 0.425897, 2.08825), (0.589, 0.425897, 2.08825), (0.589, 0.082603, 2.10175), (0.596, 0.082603, 2.10175), (0.596, 0.425897, 2.10175), (0.589, 0.425897, 2.10175), (0.589, 0.082603, 2.11825), (0.596, 0.082603, 2.11825), (0.596, 0.425897, 2.11825), (0.589, 0.425897, 2.11825), (0.589, 0.082603, 2.13175), (0.596, 0.082603, 2.13175), (0.596, 0.425897, 2.13175), (0.589, 0.425897, 2.13175), (0.589, 0.082603, 2.14825), (0.596, 0.082603, 2.14825), (0.596, 0.425897, 2.14825), (0.589, 0.425897, 2.14825), (0.589, 0.082603, 2.16175), (0.596, 0.082603, 2.16175), (0.596, 0.425897, 2.16175), (0.589, 0.425897, 2.16175), (0.589, 0.082603, 2.17825), (0.596, 0.082603, 2.17825), (0.596, 0.425897, 2.17825), (0.589, 0.425897, 2.17825), (0.589, 0.082603, 2.19175), (0.596, 0.082603, 2.19175), (0.596, 0.425897, 2.19175), (0.589, 0.425897, 2.19175), (0.589, 0.082603, 2.20825), (0.596, 0.082603, 2.20825), (0.596, 0.425897, 2.20825), (0.589, 0.425897, 2.20825), (0.589, 0.082603, 2.22175), (0.596, 0.082603, 2.22175), (0.596, 0.425897, 2.22175), (0.589, 0.425897, 2.22175), (0.589, 0.082603, 2.23825), (0.596, 0.082603, 2.23825), (0.596, 0.425897, 2.23825), (0.589, 0.425897, 2.23825)]
                uniform token subdivisionScheme = "none"
            }

            def Mesh "StatusLamp" (
                prepend apiSchemas = ["MaterialBindingAPI"]
            )
            {
                float3[] extent = [(0.588, -0.33575, 1.739), (0.594, -0.28575, 1.751)]
                int[] faceVertexCounts = [4, 4, 4, 4, 4, 4]
                int[] faceVertexIndices = [0, 3, 2, 1, 4, 5, 6, 7, 0, 1, 5, 4, 2, 3, 7, 6, 1, 2, 6, 5, 3, 0, 4, 7]
                rel material:binding = </GenericCDU/Looks/StatusLamp>
                uniform token orientation = "rightHanded"
                point3f[] points = [(0.588, -0.33575, 1.739), (0.594, -0.33575, 1.739), (0.594, -0.28575, 1.739), (0.588, -0.28575, 1.739), (0.588, -0.33575, 1.751), (0.594, -0.33575, 1.751), (0.594, -0.28575, 1.751), (0.588, -0.28575, 1.751)]
                uniform token subdivisionScheme = "none"
            }
        }

        def "Rear"
        {
            def Mesh "DoorLine" (
                prepend apiSchemas = ["MaterialBindingAPI"]
            )
            {
                float3[] extent = [(-0.589, -0.565, 0.085), (-0.588, 0.565, 2.365)]
                int[] faceVertexCounts = [4, 4, 4, 4, 4, 4, 4, 4, 4, 4, 4, 4, 4, 4, 4, 4, 4, 4]
                int[] faceVertexIndices = [0, 3, 2, 1, 4, 5, 6, 7, 0, 1, 5, 4, 2, 3, 7, 6, 1, 2, 6, 5, 3, 0, 4, 7, 8, 11, 10, 9, 12, 13, 14, 15, 8, 9, 13, 12, 10, 11, 15, 14, 9, 10, 14, 13, 11, 8, 12, 15, 16, 19, 18, 17, 20, 21, 22, 23, 16, 17, 21, 20, 18, 19, 23, 22, 17, 18, 22, 21, 19, 16, 20, 23]
                rel material:binding = </GenericCDU/Looks/DoorLine>
                uniform token orientation = "rightHanded"
                point3f[] points = [(-0.589, -0.002, 0.085), (-0.588, -0.002, 0.085), (-0.588, 0.002, 0.085), (-0.589, 0.002, 0.085), (-0.589, -0.002, 2.365), (-0.588, -0.002, 2.365), (-0.588, 0.002, 2.365), (-0.589, 0.002, 2.365), (-0.589, -0.565, 0.085), (-0.588, -0.565, 0.085), (-0.588, 0.565, 0.085), (-0.589, 0.565, 0.085), (-0.589, -0.565, 0.089), (-0.588, -0.565, 0.089), (-0.588, 0.565, 0.089), (-0.589, 0.565, 0.089), (-0.589, -0.565, 2.361), (-0.588, -0.565, 2.361), (-0.588, 0.565, 2.361), (-0.589, 0.565, 2.361), (-0.589, -0.565, 2.365), (-0.588, -0.565, 2.365), (-0.588, 0.565, 2.365), (-0.589, 0.565, 2.365)]
                uniform token subdivisionScheme = "none"
            }

            def Mesh "Handle" (
                prepend apiSchemas = ["MaterialBindingAPI"]
            )
            {
                float3[] extent = [(-0.598, -0.09475, 1.259), (-0.588, 0.49025, 1.419)]
                int[] faceVertexCounts = [4, 4, 4, 4, 4, 4, 4, 4, 4, 4, 4, 4]
                int[] faceVertexIndices = [0, 3, 2, 1, 4, 5, 6, 7, 0, 1, 5, 4, 2, 3, 7, 6, 1, 2, 6, 5, 3, 0, 4, 7, 8, 11, 10, 9, 12, 13, 14, 15, 8, 9, 13, 12, 10, 11, 15, 14, 9, 10, 14, 13, 11, 8, 12, 15]
                rel material:binding = </GenericCDU/Looks/Handle>
                uniform token orientation = "rightHanded"
                point3f[] points = [(-0.598, -0.09475, 1.259), (-0.588, -0.09475, 1.259), (-0.588, -0.07475, 1.259), (-0.598, -0.07475, 1.259), (-0.598, -0.09475, 1.419), (-0.588, -0.09475, 1.419), (-0.588, -0.07475, 1.419), (-0.598, -0.07475, 1.419), (-0.598, 0.47025, 1.259), (-0.588, 0.47025, 1.259), (-0.588, 0.49025, 1.259), (-0.598, 0.49025, 1.259), (-0.598, 0.47025, 1.419), (-0.588, 0.47025, 1.419), (-0.588, 0.49025, 1.419), (-0.598, 0.49025, 1.419)]
                uniform token subdivisionScheme = "none"
            }

            def Mesh "LouvreGap" (
                prepend apiSchemas = ["MaterialBindingAPI"]
            )
            {
                float3[] extent = [(-0.589, -0.4859, 0.598), (-0.589, 0.4294, 1.852)]
                int[] faceVertexCounts = [4, 4]
                int[] faceVertexIndices = [0, 3, 2, 1, 4, 7, 6, 5]
                rel material:binding = </GenericCDU/Looks/LouvreGap>
                uniform token orientation = "rightHanded"
                point3f[] points = [(-0.589, -0.4859, 0.598), (-0.589, -0.1356, 0.598), (-0.589, -0.1356, 1.852), (-0.589, -0.4859, 1.852), (-0.589, 0.0791, 0.598), (-0.589, 0.4294, 0.598), (-0.589, 0.4294, 1.852), (-0.589, 0.0791, 1.852)]
                uniform token subdivisionScheme = "none"
            }

            def Mesh "Louvre" (
                prepend apiSchemas = ["MaterialBindingAPI"]
            )
            {
                float3[] extent = [(-0.596, -0.482397, 0.6048817), (-0.589, 0.425897, 1.8451183)]
                int[] faceVertexCounts = [4, 4, 4, 4, 4, 4, 4, 4, 4, 4, 4, 4, 4, 4, 4, 4, 4, 4, 4, 4, 4, 4, 4, 4, 4, 4, 4, 4, 4, 4, 4, 4, 4, 4, 4, 4, 4, 4, 4, 4, 4, 4, 4, 4, 4, 4, 4, 4, 4, 4, 4, 4, 4, 4, 4, 4, 4, 4, 4, 4, 4, 4, 4, 4, 4, 4, 4, 4, 4, 4, 4, 4, 4, 4, 4, 4, 4, 4, 4, 4, 4, 4, 4, 4, 4, 4, 4, 4, 4, 4, 4, 4, 4, 4, 4, 4, 4, 4, 4, 4, 4, 4, 4, 4, 4, 4, 4, 4, 4, 4, 4, 4, 4, 4, 4, 4, 4, 4, 4, 4, 4, 4, 4, 4, 4, 4, 4, 4, 4, 4, 4, 4, 4, 4, 4, 4, 4, 4, 4, 4, 4, 4, 4, 4, 4, 4, 4, 4, 4, 4, 4, 4, 4, 4, 4, 4, 4, 4, 4, 4, 4, 4, 4, 4, 4, 4, 4, 4, 4, 4, 4, 4, 4, 4, 4, 4, 4, 4, 4, 4, 4, 4, 4, 4, 4, 4, 4, 4, 4, 4, 4, 4, 4, 4, 4, 4, 4, 4, 4, 4, 4, 4, 4, 4, 4, 4, 4, 4, 4, 4, 4, 4, 4, 4, 4, 4, 4, 4, 4, 4, 4, 4, 4, 4, 4, 4, 4, 4, 4, 4, 4, 4, 4, 4, 4, 4, 4, 4, 4, 4, 4, 4, 4, 4, 4, 4, 4, 4, 4, 4, 4, 4, 4, 4, 4, 4, 4, 4, 4, 4, 4, 4, 4, 4, 4, 4, 4, 4, 4, 4, 4, 4, 4, 4, 4, 4, 4, 4, 4, 4, 4, 4, 4, 4, 4, 4, 4, 4, 4, 4, 4, 4, 4, 4, 4, 4, 4, 4, 4, 4, 4, 4, 4, 4, 4, 4, 4, 4, 4, 4, 4, 4, 4, 4, 4, 4, 4, 4, 4, 4, 4, 4, 4, 4, 4, 4, 4, 4, 4, 4, 4, 4, 4, 4, 4, 4, 4, 4, 4, 4, 4, 4, 4, 4, 4, 4, 4, 4, 4, 4, 4, 4, 4, 4, 4, 4, 4, 4, 4, 4, 4, 4, 4, 4, 4, 4, 4, 4, 4, 4, 4, 4, 4, 4, 4, 4, 4, 4, 4, 4, 4, 4, 4, 4, 4, 4, 4, 4, 4, 4, 4, 4, 4, 4, 4, 4, 4, 4, 4, 4, 4, 4, 4, 4, 4, 4, 4, 4, 4, 4, 4, 4, 4, 4, 4, 4, 4, 4, 4, 4, 4, 4, 4, 4, 4, 4, 4, 4, 4, 4, 4, 4, 4, 4, 4, 4, 4, 4, 4, 4, 4, 4, 4, 4, 4, 4, 4, 4, 4, 4, 4, 4, 4, 4, 4, 4, 4, 4, 4, 4, 4, 4, 4, 4, 4, 4, 4, 4, 4, 4, 4, 4, 4, 4, 4, 4, 4, 4, 4, 4, 4, 4, 4, 4, 4, 4, 4, 4, 4, 4, 4, 4]
                int[] faceVertexIndices = [0, 3, 2, 1, 4, 5, 6, 7, 0, 1, 5, 4, 2, 3, 7, 6, 1, 2, 6, 5, 3, 0, 4, 7, 8, 11, 10, 9, 12, 13, 14, 15, 8, 9, 13, 12, 10, 11, 15, 14, 9, 10, 14, 13, 11, 8, 12, 15, 16, 19, 18, 17, 20, 21, 22, 23, 16, 17, 21, 20, 18, 19, 23, 22, 17, 18, 22, 21, 19, 16, 20, 23, 24, 27, 26, 25, 28, 29, 30, 31, 24, 25, 29, 28, 26, 27, 31, 30, 25, 26, 30, 29, 27, 24, 28, 31, 32, 35, 34, 33, 36, 37, 38, 39, 32, 33, 37, 36, 34, 35, 39, 38, 33, 34, 38, 37, 35, 32, 36, 39, 40, 43, 42, 41, 44, 45, 46, 47, 40, 41, 45, 44, 42, 43, 47, 46, 41, 42, 46, 45, 43, 40, 44, 47, 48, 51, 50, 49, 52, 53, 54, 55, 48, 49, 53, 52, 50, 51, 55, 54, 49, 50, 54, 53, 51, 48, 52, 55, 56, 59, 58, 57, 60, 61, 62, 63, 56, 57, 61, 60, 58, 59, 63, 62, 57, 58, 62, 61, 59, 56, 60, 63, 64, 67, 66, 65, 68, 69, 70, 71, 64, 65, 69, 68, 66, 67, 71, 70, 65, 66, 70, 69, 67, 64, 68, 71, 72, 75, 74, 73, 76, 77, 78, 79, 72, 73, 77, 76, 74, 75, 79, 78, 73, 74, 78, 77, 75, 72, 76, 79, 80, 83, 82, 81, 84, 85, 86, 87, 80, 81, 85, 84, 82, 83, 87, 86, 81, 82, 86, 85, 83, 80, 84, 87, 88, 91, 90, 89, 92, 93, 94, 95, 88, 89, 93, 92, 90, 91, 95, 94, 89, 90, 94, 93, 91, 88, 92, 95, 96, 99, 98, 97, 100, 101, 102, 103, 96, 97, 101, 100, 98, 99, 103, 102, 97, 98, 102, 101, 99, 96, 100, 103, 104, 107, 106, 105, 108, 109, 110, 111, 104, 105, 109, 108, 106, 107, 111, 110, 105, 106, 110, 109, 107, 104, 108, 111, 112, 115, 114, 113, 116, 117, 118, 119, 112, 113, 117, 116, 114, 115, 119, 118, 113, 114, 118, 117, 115, 112, 116, 119, 120, 123, 122, 121, 124, 125, 126, 127, 120, 121, 125, 124, 122, 123, 127, 126, 121, 122, 126, 125, 123, 120, 124, 127, 128, 131, 130, 129, 132, 133, 134, 135, 128, 129, 133, 132, 130, 131, 135, 134, 129, 130, 134, 133, 131, 128, 132, 135, 136, 139, 138, 137, 140, 141, 142, 143, 136, 137, 141, 140, 138, 139, 143, 142, 137, 138, 142, 141, 139, 136, 140, 143, 144, 147, 146, 145, 148, 149, 150, 151, 144, 145, 149, 148, 146, 147, 151, 150, 145, 146, 150, 149, 147, 144, 148, 151, 152, 155, 154, 153, 156, 157, 158, 159, 152, 153, 157, 156, 154, 155, 159, 158, 153, 154, 158, 157, 155, 152, 156, 159, 160, 163, 162, 161, 164, 165, 166, 167, 160, 161, 165, 164, 162, 163, 167, 166, 161, 162, 166, 165, 163, 160, 164, 167, 168, 171, 170, 169, 172, 173, 174, 175, 168, 169, 173, 172, 170, 171, 175, 174, 169, 170, 174, 173, 171, 168, 172, 175, 176, 179, 178, 177, 180, 181, 182, 183, 176, 177, 181, 180, 178, 179, 183, 182, 177, 178, 182, 181, 179, 176, 180, 183, 184, 187, 186, 185, 188, 189, 190, 191, 184, 185, 189, 188, 186, 187, 191, 190, 185, 186, 190, 189, 187, 184, 188, 191, 192, 195, 194, 193, 196, 197, 198, 199, 192, 193, 197, 196, 194, 195, 199, 198, 193, 194, 198, 197, 195, 192, 196, 199, 200, 203, 202, 201, 204, 205, 206, 207, 200, 201, 205, 204, 202, 203, 207, 206, 201, 202, 206, 205, 203, 200, 204, 207, 208, 211, 210, 209, 212, 213, 214, 215, 208, 209, 213, 212, 210, 211, 215, 214, 209, 210, 214, 213, 211, 208, 212, 215, 216, 219, 218, 217, 220, 221, 222, 223, 216, 217, 221, 220, 218, 219, 223, 222, 217, 218, 222, 221, 219, 216, 220, 223, 224, 227, 226, 225, 228, 229, 230, 231, 224, 225, 229, 228, 226, 227, 231, 230, 225, 226, 230, 229, 227, 224, 228, 231, 232, 235, 234, 233, 236, 237, 238, 239, 232, 233, 237, 236, 234, 235, 239, 238, 233, 234, 238, 237, 235, 232, 236, 239, 240, 243, 242, 241, 244, 245, 246, 247, 240, 241, 245, 244, 242, 243, 247, 246, 241, 242, 246, 245, 243, 240, 244, 247, 248, 251, 250, 249, 252, 253, 254, 255, 248, 249, 253, 252, 250, 251, 255, 254, 249, 250, 254, 253, 251, 248, 252, 255, 256, 259, 258, 257, 260, 261, 262, 263, 256, 257, 261, 260, 258, 259, 263, 262, 257, 258, 262, 261, 259, 256, 260, 263, 264, 267, 266, 265, 268, 269, 270, 271, 264, 265, 269, 268, 266, 267, 271, 270, 265, 266, 270, 269, 267, 264, 268, 271, 272, 275, 274, 273, 276, 277, 278, 279, 272, 273, 277, 276, 274, 275, 279, 278, 273, 274, 278, 277, 275, 272, 276, 279, 280, 283, 282, 281, 284, 285, 286, 287, 280, 281, 285, 284, 282, 283, 287, 286, 281, 282, 286, 285, 283, 280, 284, 287, 288, 291, 290, 289, 292, 293, 294, 295, 288, 289, 293, 292, 290, 291, 295, 294, 289, 290, 294, 293, 291, 288, 292, 295, 296, 299, 298, 297, 300, 301, 302, 303, 296, 297, 301, 300, 298, 299, 303, 302, 297, 298, 302, 301, 299, 296, 300, 303, 304, 307, 306, 305, 308, 309, 310, 311, 304, 305, 309, 308, 306, 307, 311, 310, 305, 306, 310, 309, 307, 304, 308, 311, 312, 315, 314, 313, 316, 317, 318, 319, 312, 313, 317, 316, 314, 315, 319, 318, 313, 314, 318, 317, 315, 312, 316, 319, 320, 323, 322, 321, 324, 325, 326, 327, 320, 321, 325, 324, 322, 323, 327, 326, 321, 322, 326, 325, 323, 320, 324, 327, 328, 331, 330, 329, 332, 333, 334, 335, 328, 329, 333, 332, 330, 331, 335, 334, 329, 330, 334, 333, 331, 328, 332, 335, 336, 339, 338, 337, 340, 341, 342, 343, 336, 337, 341, 340, 338, 339, 343, 342, 337, 338, 342, 341, 339, 336, 340, 343, 344, 347, 346, 345, 348, 349, 350, 351, 344, 345, 349, 348, 346, 347, 351, 350, 345, 346, 350, 349, 347, 344, 348, 351, 352, 355, 354, 353, 356, 357, 358, 359, 352, 353, 357, 356, 354, 355, 359, 358, 353, 354, 358, 357, 355, 352, 356, 359, 360, 363, 362, 361, 364, 365, 366, 367, 360, 361, 365, 364, 362, 363, 367, 366, 361, 362, 366, 365, 363, 360, 364, 367, 368, 371, 370, 369, 372, 373, 374, 375, 368, 369, 373, 372, 370, 371, 375, 374, 369, 370, 374, 373, 371, 368, 372, 375, 376, 379, 378, 377, 380, 381, 382, 383, 376, 377, 381, 380, 378, 379, 383, 382, 377, 378, 382, 381, 379, 376, 380, 383, 384, 387, 386, 385, 388, 389, 390, 391, 384, 385, 389, 388, 386, 387, 391, 390, 385, 386, 390, 389, 387, 384, 388, 391, 392, 395, 394, 393, 396, 397, 398, 399, 392, 393, 397, 396, 394, 395, 399, 398, 393, 394, 398, 397, 395, 392, 396, 399, 400, 403, 402, 401, 404, 405, 406, 407, 400, 401, 405, 404, 402, 403, 407, 406, 401, 402, 406, 405, 403, 400, 404, 407, 408, 411, 410, 409, 412, 413, 414, 415, 408, 409, 413, 412, 410, 411, 415, 414, 409, 410, 414, 413, 411, 408, 412, 415, 416, 419, 418, 417, 420, 421, 422, 423, 416, 417, 421, 420, 418, 419, 423, 422, 417, 418, 422, 421, 419, 416, 420, 423, 424, 427, 426, 425, 428, 429, 430, 431, 424, 425, 429, 428, 426, 427, 431, 430, 425, 426, 430, 429, 427, 424, 428, 431, 432, 435, 434, 433, 436, 437, 438, 439, 432, 433, 437, 436, 434, 435, 439, 438, 433, 434, 438, 437, 435, 432, 436, 439, 440, 443, 442, 441, 444, 445, 446, 447, 440, 441, 445, 444, 442, 443, 447, 446, 441, 442, 446, 445, 443, 440, 444, 447, 448, 451, 450, 449, 452, 453, 454, 455, 448, 449, 453, 452, 450, 451, 455, 454, 449, 450, 454, 453, 451, 448, 452, 455, 456, 459, 458, 457, 460, 461, 462, 463, 456, 457, 461, 460, 458, 459, 463, 462, 457, 458, 462, 461, 459, 456, 460, 463, 464, 467, 466, 465, 468, 469, 470, 471, 464, 465, 469, 468, 466, 467, 471, 470, 465, 466, 470, 469, 467, 464, 468, 471, 472, 475, 474, 473, 476, 477, 478, 479, 472, 473, 477, 476, 474, 475, 479, 478, 473, 474, 478, 477, 475, 472, 476, 479, 480, 483, 482, 481, 484, 485, 486, 487, 480, 481, 485, 484, 482, 483, 487, 486, 481, 482, 486, 485, 483, 480, 484, 487, 488, 491, 490, 489, 492, 493, 494, 495, 488, 489, 493, 492, 490, 491, 495, 494, 489, 490, 494, 493, 491, 488, 492, 495, 496, 499, 498, 497, 500, 501, 502, 503, 496, 497, 501, 500, 498, 499, 503, 502, 497, 498, 502, 501, 499, 496, 500, 503, 504, 507, 506, 505, 508, 509, 510, 511, 504, 505, 509, 508, 506, 507, 511, 510, 505, 506, 510, 509, 507, 504, 508, 511, 512, 515, 514, 513, 516, 517, 518, 519, 512, 513, 517, 516, 514, 515, 519, 518, 513, 514, 518, 517, 515, 512, 516, 519, 520, 523, 522, 521, 524, 525, 526, 527, 520, 521, 525, 524, 522, 523, 527, 526, 521, 522, 526, 525, 523, 520, 524, 527, 528, 531, 530, 529, 532, 533, 534, 535, 528, 529, 533, 532, 530, 531, 535, 534, 529, 530, 534, 533, 531, 528, 532, 535, 536, 539, 538, 537, 540, 541, 542, 543, 536, 537, 541, 540, 538, 539, 543, 542, 537, 538, 542, 541, 539, 536, 540, 543, 544, 547, 546, 545, 548, 549, 550, 551, 544, 545, 549, 548, 546, 547, 551, 550, 545, 546, 550, 549, 547, 544, 548, 551, 552, 555, 554, 553, 556, 557, 558, 559, 552, 553, 557, 556, 554, 555, 559, 558, 553, 554, 558, 557, 555, 552, 556, 559, 560, 563, 562, 561, 564, 565, 566, 567, 560, 561, 565, 564, 562, 563, 567, 566, 561, 562, 566, 565, 563, 560, 564, 567, 568, 571, 570, 569, 572, 573, 574, 575, 568, 569, 573, 572, 570, 571, 575, 574, 569, 570, 574, 573, 571, 568, 572, 575, 576, 579, 578, 577, 580, 581, 582, 583, 576, 577, 581, 580, 578, 579, 583, 582, 577, 578, 582, 581, 579, 576, 580, 583, 584, 587, 586, 585, 588, 589, 590, 591, 584, 585, 589, 588, 586, 587, 591, 590, 585, 586, 590, 589, 587, 584, 588, 591, 592, 595, 594, 593, 596, 597, 598, 599, 592, 593, 597, 596, 594, 595, 599, 598, 593, 594, 598, 597, 595, 592, 596, 599, 600, 603, 602, 601, 604, 605, 606, 607, 600, 601, 605, 604, 602, 603, 607, 606, 601, 602, 606, 605, 603, 600, 604, 607, 608, 611, 610, 609, 612, 613, 614, 615, 608, 609, 613, 612, 610, 611, 615, 614, 609, 610, 614, 613, 611, 608, 612, 615, 616, 619, 618, 617, 620, 621, 622, 623, 616, 617, 621, 620, 618, 619, 623, 622, 617, 618, 622, 621, 619, 616, 620, 623, 624, 627, 626, 625, 628, 629, 630, 631, 624, 625, 629, 628, 626, 627, 631, 630, 625, 626, 630, 629, 627, 624, 628, 631, 632, 635, 634, 633, 636, 637, 638, 639, 632, 633, 637, 636, 634, 635, 639, 638, 633, 634, 638, 637, 635, 632, 636, 639, 640, 643, 642, 641, 644, 645, 646, 647, 640, 641, 645, 644, 642, 643, 647, 646, 641, 642, 646, 645, 643, 640, 644, 647, 648, 651, 650, 649, 652, 653, 654, 655, 648, 649, 653, 652, 650, 651, 655, 654, 649, 650, 654, 653, 651, 648, 652, 655]
                rel material:binding = </GenericCDU/Looks/Louvre>
                uniform token orientation = "rightHanded"
                point3f[] points = [(-0.596, -0.482397, 0.6048817), (-0.589, -0.482397, 0.6048817), (-0.589, -0.139103, 0.6048817), (-0.596, -0.139103, 0.6048817), (-0.596, -0.482397, 0.6217037), (-0.589, -0.482397, 0.6217037), (-0.589, -0.139103, 0.6217037), (-0.596, -0.139103, 0.6217037), (-0.596, -0.482397, 0.63546705), (-0.589, -0.482397, 0.63546705), (-0.589, -0.139103, 0.63546705), (-0.596, -0.139103, 0.63546705), (-0.596, -0.482397, 0.65228903), (-0.589, -0.482397, 0.65228903), (-0.589, -0.139103, 0.65228903), (-0.596, -0.139103, 0.65228903), (-0.596, -0.482397, 0.66605246), (-0.589, -0.482397, 0.66605246), (-0.589, -0.139103, 0.66605246), (-0.596, -0.139103, 0.66605246), (-0.596, -0.482397, 0.6828744), (-0.589, -0.482397, 0.6828744), (-0.589, -0.139103, 0.6828744), (-0.596, -0.139103, 0.6828744), (-0.596, -0.482397, 0.6966378), (-0.589, -0.482397, 0.6966378), (-0.589, -0.139103, 0.6966378), (-0.596, -0.139103, 0.6966378), (-0.596, -0.482397, 0.71345973), (-0.589, -0.482397, 0.71345973), (-0.589, -0.139103, 0.71345973), (-0.596, -0.139103, 0.71345973), (-0.596, -0.482397, 0.72722316), (-0.589, -0.482397, 0.72722316), (-0.589, -0.139103, 0.72722316), (-0.596, -0.139103, 0.72722316), (-0.596, -0.482397, 0.74404514), (-0.589, -0.482397, 0.74404514), (-0.589, -0.139103, 0.74404514), (-0.596, -0.139103, 0.74404514), (-0.596, -0.482397, 0.75780857), (-0.589, -0.482397, 0.75780857), (-0.589, -0.139103, 0.75780857), (-0.596, -0.139103, 0.75780857), (-0.596, -0.482397, 0.7746305), (-0.589, -0.482397, 0.7746305), (-0.589, -0.139103, 0.7746305), (-0.596, -0.139103, 0.7746305), (-0.596, -0.482397, 0.7883939), (-0.589, -0.482397, 0.7883939), (-0.589, -0.139103, 0.7883939), (-0.596, -0.139103, 0.7883939), (-0.596, -0.482397, 0.80521584), (-0.589, -0.482397, 0.80521584), (-0.589, -0.139103, 0.80521584), (-0.596, -0.139103, 0.80521584), (-0.596, -0.482397, 0.81897926), (-0.589, -0.482397, 0.81897926), (-0.589, -0.139103, 0.81897926), (-0.596, -0.139103, 0.81897926), (-0.596, -0.482397, 0.83580124), (-0.589, -0.482397, 0.83580124), (-0.589, -0.139103, 0.83580124), (-0.596, -0.139103, 0.83580124), (-0.596, -0.482397, 0.8495646), (-0.589, -0.482397, 0.8495646), (-0.589, -0.139103, 0.8495646), (-0.596, -0.139103, 0.8495646), (-0.596, -0.482397, 0.8663866), (-0.589, -0.482397, 0.8663866), (-0.589, -0.139103, 0.8663866), (-0.596, -0.139103, 0.8663866), (-0.596, -0.482397, 0.88015), (-0.589, -0.482397, 0.88015), (-0.589, -0.139103, 0.88015), (-0.596, -0.139103, 0.88015), (-0.596, -0.482397, 0.89697194), (-0.589, -0.482397, 0.89697194), (-0.589, -0.139103, 0.89697194), (-0.596, -0.139103, 0.89697194), (-0.596, -0.482397, 0.91073537), (-0.589, -0.482397, 0.91073537), (-0.589, -0.139103, 0.91073537), (-0.596, -0.139103, 0.91073537), (-0.596, -0.482397, 0.9275573), (-0.589, -0.482397, 0.9275573), (-0.589, -0.139103, 0.9275573), (-0.596, -0.139103, 0.9275573), (-0.596, -0.482397, 0.9413207), (-0.589, -0.482397, 0.9413207), (-0.589, -0.139103, 0.9413207), (-0.596, -0.139103, 0.9413207), (-0.596, -0.482397, 0.9581427), (-0.589, -0.482397, 0.9581427), (-0.589, -0.139103, 0.9581427), (-0.596, -0.139103, 0.9581427), (-0.596, -0.482397, 0.9719061), (-0.589, -0.482397, 0.9719061), (-0.589, -0.139103, 0.9719061), (-0.596, -0.139103, 0.9719061), (-0.596, -0.482397, 0.98872805), (-0.589, -0.482397, 0.98872805), (-0.589, -0.139103, 0.98872805), (-0.596, -0.139103, 0.98872805), (-0.596, -0.482397, 1.0024915), (-0.589, -0.482397, 1.0024915), (-0.589, -0.139103, 1.0024915), (-0.596, -0.139103, 1.0024915), (-0.596, -0.482397, 1.0193135), (-0.589, -0.482397, 1.0193135), (-0.589, -0.139103, 1.0193135), (-0.596, -0.139103, 1.0193135), (-0.596, -0.482397, 1.0330769), (-0.589, -0.482397, 1.0330769), (-0.589, -0.139103, 1.0330769), (-0.596, -0.139103, 1.0330769), (-0.596, -0.482397, 1.0498987), (-0.589, -0.482397, 1.0498987), (-0.589, -0.139103, 1.0498987), (-0.596, -0.139103, 1.0498987), (-0.596, -0.482397, 1.0636622), (-0.589, -0.482397, 1.0636622), (-0.589, -0.139103, 1.0636622), (-0.596, -0.139103, 1.0636622), (-0.596, -0.482397, 1.0804842), (-0.589, -0.482397, 1.0804842), (-0.589, -0.139103, 1.0804842), (-0.596, -0.139103, 1.0804842), (-0.596, -0.482397, 1.0942476), (-0.589, -0.482397, 1.0942476), (-0.589, -0.139103, 1.0942476), (-0.596, -0.139103, 1.0942476), (-0.596, -0.482397, 1.1110696), (-0.589, -0.482397, 1.1110696), (-0.589, -0.139103, 1.1110696), (-0.596, -0.139103, 1.1110696), (-0.596, -0.482397, 1.1248329), (-0.589, -0.482397, 1.1248329), (-0.589, -0.139103, 1.1248329), (-0.596, -0.139103, 1.1248329), (-0.596, -0.482397, 1.1416548), (-0.589, -0.482397, 1.1416548), (-0.589, -0.139103, 1.1416548), (-0.596, -0.139103, 1.1416548), (-0.596, -0.482397, 1.1554183), (-0.589, -0.482397, 1.1554183), (-0.589, -0.139103, 1.1554183), (-0.596, -0.139103, 1.1554183), (-0.596, -0.482397, 1.1722403), (-0.589, -0.482397, 1.1722403), (-0.589, -0.139103, 1.1722403), (-0.596, -0.139103, 1.1722403), (-0.596, -0.482397, 1.1860037), (-0.589, -0.482397, 1.1860037), (-0.589, -0.139103, 1.1860037), (-0.596, -0.139103, 1.1860037), (-0.596, -0.482397, 1.2028257), (-0.589, -0.482397, 1.2028257), (-0.589, -0.139103, 1.2028257), (-0.596, -0.139103, 1.2028257), (-0.596, -0.482397, 1.216589), (-0.589, -0.482397, 1.216589), (-0.589, -0.139103, 1.216589), (-0.596, -0.139103, 1.216589), (-0.596, -0.482397, 1.233411), (-0.589, -0.482397, 1.233411), (-0.589, -0.139103, 1.233411), (-0.596, -0.139103, 1.233411), (-0.596, -0.482397, 1.2471744), (-0.589, -0.482397, 1.2471744), (-0.589, -0.139103, 1.2471744), (-0.596, -0.139103, 1.2471744), (-0.596, -0.482397, 1.2639964), (-0.589, -0.482397, 1.2639964), (-0.589, -0.139103, 1.2639964), (-0.596, -0.139103, 1.2639964), (-0.596, -0.482397, 1.2777598), (-0.589, -0.482397, 1.2777598), (-0.589, -0.139103, 1.2777598), (-0.596, -0.139103, 1.2777598), (-0.596, -0.482397, 1.2945817), (-0.589, -0.482397, 1.2945817), (-0.589, -0.139103, 1.2945817), (-0.596, -0.139103, 1.2945817), (-0.596, -0.482397, 1.3083451), (-0.589, -0.482397, 1.3083451), (-0.589, -0.139103, 1.3083451), (-0.596, -0.139103, 1.3083451), (-0.596, -0.482397, 1.3251671), (-0.589, -0.482397, 1.3251671), (-0.589, -0.139103, 1.3251671), (-0.596, -0.139103, 1.3251671), (-0.596, -0.482397, 1.3389305), (-0.589, -0.482397, 1.3389305), (-0.589, -0.139103, 1.3389305), (-0.596, -0.139103, 1.3389305), (-0.596, -0.482397, 1.3557525), (-0.589, -0.482397, 1.3557525), (-0.589, -0.139103, 1.3557525), (-0.596, -0.139103, 1.3557525), (-0.596, -0.482397, 1.3695159), (-0.589, -0.482397, 1.3695159), (-0.589, -0.139103, 1.3695159), (-0.596, -0.139103, 1.3695159), (-0.596, -0.482397, 1.3863378), (-0.589, -0.482397, 1.3863378), (-0.589, -0.139103, 1.3863378), (-0.596, -0.139103, 1.3863378), (-0.596, -0.482397, 1.4001012), (-0.589, -0.482397, 1.4001012), (-0.589, -0.139103, 1.4001012), (-0.596, -0.139103, 1.4001012), (-0.596, -0.482397, 1.4169232), (-0.589, -0.482397, 1.4169232), (-0.589, -0.139103, 1.4169232), (-0.596, -0.139103, 1.4169232), (-0.596, -0.482397, 1.4306866), (-0.589, -0.482397, 1.4306866), (-0.589, -0.139103, 1.4306866), (-0.596, -0.139103, 1.4306866), (-0.596, -0.482397, 1.4475086), (-0.589, -0.482397, 1.4475086), (-0.589, -0.139103, 1.4475086), (-0.596, -0.139103, 1.4475086), (-0.596, -0.482397, 1.461272), (-0.589, -0.482397, 1.461272), (-0.589, -0.139103, 1.461272), (-0.596, -0.139103, 1.461272), (-0.596, -0.482397, 1.4780939), (-0.589, -0.482397, 1.4780939), (-0.589, -0.139103, 1.4780939), (-0.596, -0.139103, 1.4780939), (-0.596, -0.482397, 1.4918573), (-0.589, -0.482397, 1.4918573), (-0.589, -0.139103, 1.4918573), (-0.596, -0.139103, 1.4918573), (-0.596, -0.482397, 1.5086793), (-0.589, -0.482397, 1.5086793), (-0.589, -0.139103, 1.5086793), (-0.596, -0.139103, 1.5086793), (-0.596, -0.482397, 1.5224427), (-0.589, -0.482397, 1.5224427), (-0.589, -0.139103, 1.5224427), (-0.596, -0.139103, 1.5224427), (-0.596, -0.482397, 1.5392647), (-0.589, -0.482397, 1.5392647), (-0.589, -0.139103, 1.5392647), (-0.596, -0.139103, 1.5392647), (-0.596, -0.482397, 1.5530281), (-0.589, -0.482397, 1.5530281), (-0.589, -0.139103, 1.5530281), (-0.596, -0.139103, 1.5530281), (-0.596, -0.482397, 1.56985), (-0.589, -0.482397, 1.56985), (-0.589, -0.139103, 1.56985), (-0.596, -0.139103, 1.56985), (-0.596, -0.482397, 1.5836134), (-0.589, -0.482397, 1.5836134), (-0.589, -0.139103, 1.5836134), (-0.596, -0.139103, 1.5836134), (-0.596, -0.482397, 1.6004354), (-0.589, -0.482397, 1.6004354), (-0.589, -0.139103, 1.6004354), (-0.596, -0.139103, 1.6004354), (-0.596, -0.482397, 1.6141988), (-0.589, -0.482397, 1.6141988), (-0.589, -0.139103, 1.6141988), (-0.596, -0.139103, 1.6141988), (-0.596, -0.482397, 1.6310208), (-0.589, -0.482397, 1.6310208), (-0.589, -0.139103, 1.6310208), (-0.596, -0.139103, 1.6310208), (-0.596, -0.482397, 1.6447841), (-0.589, -0.482397, 1.6447841), (-0.589, -0.139103, 1.6447841), (-0.596, -0.139103, 1.6447841), (-0.596, -0.482397, 1.6616061), (-0.589, -0.482397, 1.6616061), (-0.589, -0.139103, 1.6616061), (-0.596, -0.139103, 1.6616061), (-0.596, -0.482397, 1.6753695), (-0.589, -0.482397, 1.6753695), (-0.589, -0.139103, 1.6753695), (-0.596, -0.139103, 1.6753695), (-0.596, -0.482397, 1.6921915), (-0.589, -0.482397, 1.6921915), (-0.589, -0.139103, 1.6921915), (-0.596, -0.139103, 1.6921915), (-0.596, -0.482397, 1.7059549), (-0.589, -0.482397, 1.7059549), (-0.589, -0.139103, 1.7059549), (-0.596, -0.139103, 1.7059549), (-0.596, -0.482397, 1.7227768), (-0.589, -0.482397, 1.7227768), (-0.589, -0.139103, 1.7227768), (-0.596, -0.139103, 1.7227768), (-0.596, -0.482397, 1.7365402), (-0.589, -0.482397, 1.7365402), (-0.589, -0.139103, 1.7365402), (-0.596, -0.139103, 1.7365402), (-0.596, -0.482397, 1.7533622), (-0.589, -0.482397, 1.7533622), (-0.589, -0.139103, 1.7533622), (-0.596, -0.139103, 1.7533622), (-0.596, -0.482397, 1.7671256), (-0.589, -0.482397, 1.7671256), (-0.589, -0.139103, 1.7671256), (-0.596, -0.139103, 1.7671256), (-0.596, -0.482397, 1.7839476), (-0.589, -0.482397, 1.7839476), (-0.589, -0.139103, 1.7839476), (-0.596, -0.139103, 1.7839476), (-0.596, -0.482397, 1.797711), (-0.589, -0.482397, 1.797711), (-0.589, -0.139103, 1.797711), (-0.596, -0.139103, 1.797711), (-0.596, -0.482397, 1.8145329), (-0.589, -0.482397, 1.8145329), (-0.589, -0.139103, 1.8145329), (-0.596, -0.139103, 1.8145329), (-0.596, -0.482397, 1.8282963), (-0.589, -0.482397, 1.8282963), (-0.589, -0.139103, 1.8282963), (-0.596, -0.139103, 1.8282963), (-0.596, -0.482397, 1.8451183), (-0.589, -0.482397, 1.8451183), (-0.589, -0.139103, 1.8451183), (-0.596, -0.139103, 1.8451183), (-0.596, 0.082603, 0.6048817), (-0.589, 0.082603, 0.6048817), (-0.589, 0.425897, 0.6048817), (-0.596, 0.425897, 0.6048817), (-0.596, 0.082603, 0.6217037), (-0.589, 0.082603, 0.6217037), (-0.589, 0.425897, 0.6217037), (-0.596, 0.425897, 0.6217037), (-0.596, 0.082603, 0.63546705), (-0.589, 0.082603, 0.63546705), (-0.589, 0.425897, 0.63546705), (-0.596, 0.425897, 0.63546705), (-0.596, 0.082603, 0.65228903), (-0.589, 0.082603, 0.65228903), (-0.589, 0.425897, 0.65228903), (-0.596, 0.425897, 0.65228903), (-0.596, 0.082603, 0.66605246), (-0.589, 0.082603, 0.66605246), (-0.589, 0.425897, 0.66605246), (-0.596, 0.425897, 0.66605246), (-0.596, 0.082603, 0.6828744), (-0.589, 0.082603, 0.6828744), (-0.589, 0.425897, 0.6828744), (-0.596, 0.425897, 0.6828744), (-0.596, 0.082603, 0.6966378), (-0.589, 0.082603, 0.6966378), (-0.589, 0.425897, 0.6966378), (-0.596, 0.425897, 0.6966378), (-0.596, 0.082603, 0.71345973), (-0.589, 0.082603, 0.71345973), (-0.589, 0.425897, 0.71345973), (-0.596, 0.425897, 0.71345973), (-0.596, 0.082603, 0.72722316), (-0.589, 0.082603, 0.72722316), (-0.589, 0.425897, 0.72722316), (-0.596, 0.425897, 0.72722316), (-0.596, 0.082603, 0.74404514), (-0.589, 0.082603, 0.74404514), (-0.589, 0.425897, 0.74404514), (-0.596, 0.425897, 0.74404514), (-0.596, 0.082603, 0.75780857), (-0.589, 0.082603, 0.75780857), (-0.589, 0.425897, 0.75780857), (-0.596, 0.425897, 0.75780857), (-0.596, 0.082603, 0.7746305), (-0.589, 0.082603, 0.7746305), (-0.589, 0.425897, 0.7746305), (-0.596, 0.425897, 0.7746305), (-0.596, 0.082603, 0.7883939), (-0.589, 0.082603, 0.7883939), (-0.589, 0.425897, 0.7883939), (-0.596, 0.425897, 0.7883939), (-0.596, 0.082603, 0.80521584), (-0.589, 0.082603, 0.80521584), (-0.589, 0.425897, 0.80521584), (-0.596, 0.425897, 0.80521584), (-0.596, 0.082603, 0.81897926), (-0.589, 0.082603, 0.81897926), (-0.589, 0.425897, 0.81897926), (-0.596, 0.425897, 0.81897926), (-0.596, 0.082603, 0.83580124), (-0.589, 0.082603, 0.83580124), (-0.589, 0.425897, 0.83580124), (-0.596, 0.425897, 0.83580124), (-0.596, 0.082603, 0.8495646), (-0.589, 0.082603, 0.8495646), (-0.589, 0.425897, 0.8495646), (-0.596, 0.425897, 0.8495646), (-0.596, 0.082603, 0.8663866), (-0.589, 0.082603, 0.8663866), (-0.589, 0.425897, 0.8663866), (-0.596, 0.425897, 0.8663866), (-0.596, 0.082603, 0.88015), (-0.589, 0.082603, 0.88015), (-0.589, 0.425897, 0.88015), (-0.596, 0.425897, 0.88015), (-0.596, 0.082603, 0.89697194), (-0.589, 0.082603, 0.89697194), (-0.589, 0.425897, 0.89697194), (-0.596, 0.425897, 0.89697194), (-0.596, 0.082603, 0.91073537), (-0.589, 0.082603, 0.91073537), (-0.589, 0.425897, 0.91073537), (-0.596, 0.425897, 0.91073537), (-0.596, 0.082603, 0.9275573), (-0.589, 0.082603, 0.9275573), (-0.589, 0.425897, 0.9275573), (-0.596, 0.425897, 0.9275573), (-0.596, 0.082603, 0.9413207), (-0.589, 0.082603, 0.9413207), (-0.589, 0.425897, 0.9413207), (-0.596, 0.425897, 0.9413207), (-0.596, 0.082603, 0.9581427), (-0.589, 0.082603, 0.9581427), (-0.589, 0.425897, 0.9581427), (-0.596, 0.425897, 0.9581427), (-0.596, 0.082603, 0.9719061), (-0.589, 0.082603, 0.9719061), (-0.589, 0.425897, 0.9719061), (-0.596, 0.425897, 0.9719061), (-0.596, 0.082603, 0.98872805), (-0.589, 0.082603, 0.98872805), (-0.589, 0.425897, 0.98872805), (-0.596, 0.425897, 0.98872805), (-0.596, 0.082603, 1.0024915), (-0.589, 0.082603, 1.0024915), (-0.589, 0.425897, 1.0024915), (-0.596, 0.425897, 1.0024915), (-0.596, 0.082603, 1.0193135), (-0.589, 0.082603, 1.0193135), (-0.589, 0.425897, 1.0193135), (-0.596, 0.425897, 1.0193135), (-0.596, 0.082603, 1.0330769), (-0.589, 0.082603, 1.0330769), (-0.589, 0.425897, 1.0330769), (-0.596, 0.425897, 1.0330769), (-0.596, 0.082603, 1.0498987), (-0.589, 0.082603, 1.0498987), (-0.589, 0.425897, 1.0498987), (-0.596, 0.425897, 1.0498987), (-0.596, 0.082603, 1.0636622), (-0.589, 0.082603, 1.0636622), (-0.589, 0.425897, 1.0636622), (-0.596, 0.425897, 1.0636622), (-0.596, 0.082603, 1.0804842), (-0.589, 0.082603, 1.0804842), (-0.589, 0.425897, 1.0804842), (-0.596, 0.425897, 1.0804842), (-0.596, 0.082603, 1.0942476), (-0.589, 0.082603, 1.0942476), (-0.589, 0.425897, 1.0942476), (-0.596, 0.425897, 1.0942476), (-0.596, 0.082603, 1.1110696), (-0.589, 0.082603, 1.1110696), (-0.589, 0.425897, 1.1110696), (-0.596, 0.425897, 1.1110696), (-0.596, 0.082603, 1.1248329), (-0.589, 0.082603, 1.1248329), (-0.589, 0.425897, 1.1248329), (-0.596, 0.425897, 1.1248329), (-0.596, 0.082603, 1.1416548), (-0.589, 0.082603, 1.1416548), (-0.589, 0.425897, 1.1416548), (-0.596, 0.425897, 1.1416548), (-0.596, 0.082603, 1.1554183), (-0.589, 0.082603, 1.1554183), (-0.589, 0.425897, 1.1554183), (-0.596, 0.425897, 1.1554183), (-0.596, 0.082603, 1.1722403), (-0.589, 0.082603, 1.1722403), (-0.589, 0.425897, 1.1722403), (-0.596, 0.425897, 1.1722403), (-0.596, 0.082603, 1.1860037), (-0.589, 0.082603, 1.1860037), (-0.589, 0.425897, 1.1860037), (-0.596, 0.425897, 1.1860037), (-0.596, 0.082603, 1.2028257), (-0.589, 0.082603, 1.2028257), (-0.589, 0.425897, 1.2028257), (-0.596, 0.425897, 1.2028257), (-0.596, 0.082603, 1.216589), (-0.589, 0.082603, 1.216589), (-0.589, 0.425897, 1.216589), (-0.596, 0.425897, 1.216589), (-0.596, 0.082603, 1.233411), (-0.589, 0.082603, 1.233411), (-0.589, 0.425897, 1.233411), (-0.596, 0.425897, 1.233411), (-0.596, 0.082603, 1.2471744), (-0.589, 0.082603, 1.2471744), (-0.589, 0.425897, 1.2471744), (-0.596, 0.425897, 1.2471744), (-0.596, 0.082603, 1.2639964), (-0.589, 0.082603, 1.2639964), (-0.589, 0.425897, 1.2639964), (-0.596, 0.425897, 1.2639964), (-0.596, 0.082603, 1.2777598), (-0.589, 0.082603, 1.2777598), (-0.589, 0.425897, 1.2777598), (-0.596, 0.425897, 1.2777598), (-0.596, 0.082603, 1.2945817), (-0.589, 0.082603, 1.2945817), (-0.589, 0.425897, 1.2945817), (-0.596, 0.425897, 1.2945817), (-0.596, 0.082603, 1.3083451), (-0.589, 0.082603, 1.3083451), (-0.589, 0.425897, 1.3083451), (-0.596, 0.425897, 1.3083451), (-0.596, 0.082603, 1.3251671), (-0.589, 0.082603, 1.3251671), (-0.589, 0.425897, 1.3251671), (-0.596, 0.425897, 1.3251671), (-0.596, 0.082603, 1.3389305), (-0.589, 0.082603, 1.3389305), (-0.589, 0.425897, 1.3389305), (-0.596, 0.425897, 1.3389305), (-0.596, 0.082603, 1.3557525), (-0.589, 0.082603, 1.3557525), (-0.589, 0.425897, 1.3557525), (-0.596, 0.425897, 1.3557525), (-0.596, 0.082603, 1.3695159), (-0.589, 0.082603, 1.3695159), (-0.589, 0.425897, 1.3695159), (-0.596, 0.425897, 1.3695159), (-0.596, 0.082603, 1.3863378), (-0.589, 0.082603, 1.3863378), (-0.589, 0.425897, 1.3863378), (-0.596, 0.425897, 1.3863378), (-0.596, 0.082603, 1.4001012), (-0.589, 0.082603, 1.4001012), (-0.589, 0.425897, 1.4001012), (-0.596, 0.425897, 1.4001012), (-0.596, 0.082603, 1.4169232), (-0.589, 0.082603, 1.4169232), (-0.589, 0.425897, 1.4169232), (-0.596, 0.425897, 1.4169232), (-0.596, 0.082603, 1.4306866), (-0.589, 0.082603, 1.4306866), (-0.589, 0.425897, 1.4306866), (-0.596, 0.425897, 1.4306866), (-0.596, 0.082603, 1.4475086), (-0.589, 0.082603, 1.4475086), (-0.589, 0.425897, 1.4475086), (-0.596, 0.425897, 1.4475086), (-0.596, 0.082603, 1.461272), (-0.589, 0.082603, 1.461272), (-0.589, 0.425897, 1.461272), (-0.596, 0.425897, 1.461272), (-0.596, 0.082603, 1.4780939), (-0.589, 0.082603, 1.4780939), (-0.589, 0.425897, 1.4780939), (-0.596, 0.425897, 1.4780939), (-0.596, 0.082603, 1.4918573), (-0.589, 0.082603, 1.4918573), (-0.589, 0.425897, 1.4918573), (-0.596, 0.425897, 1.4918573), (-0.596, 0.082603, 1.5086793), (-0.589, 0.082603, 1.5086793), (-0.589, 0.425897, 1.5086793), (-0.596, 0.425897, 1.5086793), (-0.596, 0.082603, 1.5224427), (-0.589, 0.082603, 1.5224427), (-0.589, 0.425897, 1.5224427), (-0.596, 0.425897, 1.5224427), (-0.596, 0.082603, 1.5392647), (-0.589, 0.082603, 1.5392647), (-0.589, 0.425897, 1.5392647), (-0.596, 0.425897, 1.5392647), (-0.596, 0.082603, 1.5530281), (-0.589, 0.082603, 1.5530281), (-0.589, 0.425897, 1.5530281), (-0.596, 0.425897, 1.5530281), (-0.596, 0.082603, 1.56985), (-0.589, 0.082603, 1.56985), (-0.589, 0.425897, 1.56985), (-0.596, 0.425897, 1.56985), (-0.596, 0.082603, 1.5836134), (-0.589, 0.082603, 1.5836134), (-0.589, 0.425897, 1.5836134), (-0.596, 0.425897, 1.5836134), (-0.596, 0.082603, 1.6004354), (-0.589, 0.082603, 1.6004354), (-0.589, 0.425897, 1.6004354), (-0.596, 0.425897, 1.6004354), (-0.596, 0.082603, 1.6141988), (-0.589, 0.082603, 1.6141988), (-0.589, 0.425897, 1.6141988), (-0.596, 0.425897, 1.6141988), (-0.596, 0.082603, 1.6310208), (-0.589, 0.082603, 1.6310208), (-0.589, 0.425897, 1.6310208), (-0.596, 0.425897, 1.6310208), (-0.596, 0.082603, 1.6447841), (-0.589, 0.082603, 1.6447841), (-0.589, 0.425897, 1.6447841), (-0.596, 0.425897, 1.6447841), (-0.596, 0.082603, 1.6616061), (-0.589, 0.082603, 1.6616061), (-0.589, 0.425897, 1.6616061), (-0.596, 0.425897, 1.6616061), (-0.596, 0.082603, 1.6753695), (-0.589, 0.082603, 1.6753695), (-0.589, 0.425897, 1.6753695), (-0.596, 0.425897, 1.6753695), (-0.596, 0.082603, 1.6921915), (-0.589, 0.082603, 1.6921915), (-0.589, 0.425897, 1.6921915), (-0.596, 0.425897, 1.6921915), (-0.596, 0.082603, 1.7059549), (-0.589, 0.082603, 1.7059549), (-0.589, 0.425897, 1.7059549), (-0.596, 0.425897, 1.7059549), (-0.596, 0.082603, 1.7227768), (-0.589, 0.082603, 1.7227768), (-0.589, 0.425897, 1.7227768), (-0.596, 0.425897, 1.7227768), (-0.596, 0.082603, 1.7365402), (-0.589, 0.082603, 1.7365402), (-0.589, 0.425897, 1.7365402), (-0.596, 0.425897, 1.7365402), (-0.596, 0.082603, 1.7533622), (-0.589, 0.082603, 1.7533622), (-0.589, 0.425897, 1.7533622), (-0.596, 0.425897, 1.7533622), (-0.596, 0.082603, 1.7671256), (-0.589, 0.082603, 1.7671256), (-0.589, 0.425897, 1.7671256), (-0.596, 0.425897, 1.7671256), (-0.596, 0.082603, 1.7839476), (-0.589, 0.082603, 1.7839476), (-0.589, 0.425897, 1.7839476), (-0.596, 0.425897, 1.7839476), (-0.596, 0.082603, 1.797711), (-0.589, 0.082603, 1.797711), (-0.589, 0.425897, 1.797711), (-0.596, 0.425897, 1.797711), (-0.596, 0.082603, 1.8145329), (-0.589, 0.082603, 1.8145329), (-0.589, 0.425897, 1.8145329), (-0.596, 0.425897, 1.8145329), (-0.596, 0.082603, 1.8282963), (-0.589, 0.082603, 1.8282963), (-0.589, 0.425897, 1.8282963), (-0.596, 0.425897, 1.8282963), (-0.596, 0.082603, 1.8451183), (-0.589, 0.082603, 1.8451183), (-0.589, 0.425897, 1.8451183), (-0.596, 0.425897, 1.8451183)]
                uniform token subdivisionScheme = "none"
            }
        }

        def "Sides"
        {
            def Mesh "DoorLine" (
                prepend apiSchemas = ["MaterialBindingAPI"]
            )
            {
                float3[] extent = [(-0.558, -0.5988, 0.83133334), (0.558, 0.5988, 1.6186666)]
                int[] faceVertexCounts = [4, 4, 4, 4]
                int[] faceVertexIndices = [0, 1, 2, 3, 4, 5, 6, 7, 8, 11, 10, 9, 12, 15, 14, 13]
                rel material:binding = </GenericCDU/Looks/DoorLine>
                uniform token orientation = "rightHanded"
                point3f[] points = [(-0.558, -0.5988, 0.83133334), (0.558, -0.5988, 0.83133334), (0.558, -0.5988, 0.83533335), (-0.558, -0.5988, 0.83533335), (-0.558, -0.5988, 1.6146667), (0.558, -0.5988, 1.6146667), (0.558, -0.5988, 1.6186666), (-0.558, -0.5988, 1.6186666), (-0.558, 0.5988, 0.83133334), (0.558, 0.5988, 0.83133334), (0.558, 0.5988, 0.83533335), (-0.558, 0.5988, 0.83533335), (-0.558, 0.5988, 1.6146667), (0.558, 0.5988, 1.6146667), (0.558, 0.5988, 1.6186666), (-0.558, 0.5988, 1.6186666)]
                uniform token subdivisionScheme = "none"
            }
        }

        def "Top"
        {
            def Mesh "PipeSteel" (
                prepend apiSchemas = ["MaterialBindingAPI"]
            )
            {
                float3[] extent = [(-0.398, -0.434, 2.4), (-0.298, 0.434, 2.62)]
                int[] faceVertexCounts = [4, 4, 4, 4, 4, 4, 4, 4, 4, 4, 4, 4, 4, 4, 4, 4, 4, 4, 4, 4, 3, 3, 3, 3, 3, 3, 3, 3, 3, 3, 3, 3, 3, 3, 3, 3, 3, 3, 3, 3, 3, 3, 3, 3, 3, 3, 3, 3, 3, 3, 3, 3, 3, 3, 3, 3, 3, 3, 3, 3, 4, 4, 4, 4, 4, 4, 4, 4, 4, 4, 4, 4, 4, 4, 4, 4, 4, 4, 4, 4, 3, 3, 3, 3, 3, 3, 3, 3, 3, 3, 3, 3, 3, 3, 3, 3, 3, 3, 3, 3, 3, 3, 3, 3, 3, 3, 3, 3, 3, 3, 3, 3, 3, 3, 3, 3, 3, 3, 3, 3, 4, 4, 4, 4, 4, 4, 4, 4, 4, 4, 4, 4, 4, 4, 4, 4, 4, 4, 4, 4, 3, 3, 3, 3, 3, 3, 3, 3, 3, 3, 3, 3, 3, 3, 3, 3, 3, 3, 3, 3, 3, 3, 3, 3, 3, 3, 3, 3, 3, 3, 3, 3, 3, 3, 3, 3, 3, 3, 3, 3, 4, 4, 4, 4, 4, 4, 4, 4, 4, 4, 4, 4, 4, 4, 4, 4, 4, 4, 4, 4, 3, 3, 3, 3, 3, 3, 3, 3, 3, 3, 3, 3, 3, 3, 3, 3, 3, 3, 3, 3, 3, 3, 3, 3, 3, 3, 3, 3, 3, 3, 3, 3, 3, 3, 3, 3, 3, 3, 3, 3]
                int[] faceVertexIndices = [0, 1, 21, 20, 1, 2, 22, 21, 2, 3, 23, 22, 3, 4, 24, 23, 4, 5, 25, 24, 5, 6, 26, 25, 6, 7, 27, 26, 7, 8, 28, 27, 8, 9, 29, 28, 9, 10, 30, 29, 10, 11, 31, 30, 11, 12, 32, 31, 12, 13, 33, 32, 13, 14, 34, 33, 14, 15, 35, 34, 15, 16, 36, 35, 16, 17, 37, 36, 17, 18, 38, 37, 18, 19, 39, 38, 19, 0, 20, 39, 40, 1, 0, 41, 20, 21, 40, 2, 1, 41, 21, 22, 40, 3, 2, 41, 22, 23, 40, 4, 3, 41, 23, 24, 40, 5, 4, 41, 24, 25, 40, 6, 5, 41, 25, 26, 40, 7, 6, 41, 26, 27, 40, 8, 7, 41, 27, 28, 40, 9, 8, 41, 28, 29, 40, 10, 9, 41, 29, 30, 40, 11, 10, 41, 30, 31, 40, 12, 11, 41, 31, 32, 40, 13, 12, 41, 32, 33, 40, 14, 13, 41, 33, 34, 40, 15, 14, 41, 34, 35, 40, 16, 15, 41, 35, 36, 40, 17, 16, 41, 36, 37, 40, 18, 17, 41, 37, 38, 40, 19, 18, 41, 38, 39, 40, 0, 19, 41, 39, 20, 42, 43, 63, 62, 43, 44, 64, 63, 44, 45, 65, 64, 45, 46, 66, 65, 46, 47, 67, 66, 47, 48, 68, 67, 48, 49, 69, 68, 49, 50, 70, 69, 50, 51, 71, 70, 51, 52, 72, 71, 52, 53, 73, 72, 53, 54, 74, 73, 54, 55, 75, 74, 55, 56, 76, 75, 56, 57, 77, 76, 57, 58, 78, 77, 58, 59, 79, 78, 59, 60, 80, 79, 60, 61, 81, 80, 61, 42, 62, 81, 82, 43, 42, 83, 62, 63, 82, 44, 43, 83, 63, 64, 82, 45, 44, 83, 64, 65, 82, 46, 45, 83, 65, 66, 82, 47, 46, 83, 66, 67, 82, 48, 47, 83, 67, 68, 82, 49, 48, 83, 68, 69, 82, 50, 49, 83, 69, 70, 82, 51, 50, 83, 70, 71, 82, 52, 51, 83, 71, 72, 82, 53, 52, 83, 72, 73, 82, 54, 53, 83, 73, 74, 82, 55, 54, 83, 74, 75, 82, 56, 55, 83, 75, 76, 82, 57, 56, 83, 76, 77, 82, 58, 57, 83, 77, 78, 82, 59, 58, 83, 78, 79, 82, 60, 59, 83, 79, 80, 82, 61, 60, 83, 80, 81, 82, 42, 61, 83, 81, 62, 84, 85, 105, 104, 85, 86, 106, 105, 86, 87, 107, 106, 87, 88, 108, 107, 88, 89, 109, 108, 89, 90, 110, 109, 90, 91, 111, 110, 91, 92, 112, 111, 92, 93, 113, 112, 93, 94, 114, 113, 94, 95, 115, 114, 95, 96, 116, 115, 96, 97, 117, 116, 97, 98, 118, 117, 98, 99, 119, 118, 99, 100, 120, 119, 100, 101, 121, 120, 101, 102, 122, 121, 102, 103, 123, 122, 103, 84, 104, 123, 124, 85, 84, 125, 104, 105, 124, 86, 85, 125, 105, 106, 124, 87, 86, 125, 106, 107, 124, 88, 87, 125, 107, 108, 124, 89, 88, 125, 108, 109, 124, 90, 89, 125, 109, 110, 124, 91, 90, 125, 110, 111, 124, 92, 91, 125, 111, 112, 124, 93, 92, 125, 112, 113, 124, 94, 93, 125, 113, 114, 124, 95, 94, 125, 114, 115, 124, 96, 95, 125, 115, 116, 124, 97, 96, 125, 116, 117, 124, 98, 97, 125, 117, 118, 124, 99, 98, 125, 118, 119, 124, 100, 99, 125, 119, 120, 124, 101, 100, 125, 120, 121, 124, 102, 101, 125, 121, 122, 124, 103, 102, 125, 122, 123, 124, 84, 103, 125, 123, 104, 126, 127, 147, 146, 127, 128, 148, 147, 128, 129, 149, 148, 129, 130, 150, 149, 130, 131, 151, 150, 131, 132, 152, 151, 132, 133, 153, 152, 133, 134, 154, 153, 134, 135, 155, 154, 135, 136, 156, 155, 136, 137, 157, 156, 137, 138, 158, 157, 138, 139, 159, 158, 139, 140, 160, 159, 140, 141, 161, 160, 141, 142, 162, 161, 142, 143, 163, 162, 143, 144, 164, 163, 144, 145, 165, 164, 145, 126, 146, 165, 166, 127, 126, 167, 146, 147, 166, 128, 127, 167, 147, 148, 166, 129, 128, 167, 148, 149, 166, 130, 129, 167, 149, 150, 166, 131, 130, 167, 150, 151, 166, 132, 131, 167, 151, 152, 166, 133, 132, 167, 152, 153, 166, 134, 133, 167, 153, 154, 166, 135, 134, 167, 154, 155, 166, 136, 135, 167, 155, 156, 166, 137, 136, 167, 156, 157, 166, 138, 137, 167, 157, 158, 166, 139, 138, 167, 158, 159, 166, 140, 139, 167, 159, 160, 166, 141, 140, 167, 160, 161, 166, 142, 141, 167, 161, 162, 166, 143, 142, 167, 162, 163, 166, 144, 143, 167, 163, 164, 166, 145, 144, 167, 164, 165, 166, 126, 145, 167, 165, 146]
                rel material:binding = </GenericCDU/Looks/PipeSteel>
                uniform token orientation = "rightHanded"
                point3f[] points = [(-0.348, -0.334, 2.4), (-0.36345086, -0.33644718, 2.4), (-0.37738925, -0.34354916, 2.4), (-0.38845086, -0.35461074, 2.4), (-0.3955528, -0.36854914, 2.4), (-0.398, -0.384, 2.4), (-0.3955528, -0.39945084, 2.4), (-0.38845086, -0.41338927, 2.4), (-0.37738925, -0.42445084, 2.4), (-0.36345086, -0.43155283, 2.4), (-0.348, -0.434, 2.4), (-0.33254915, -0.43155283, 2.4), (-0.31861073, -0.42445084, 2.4), (-0.30754915, -0.41338927, 2.4), (-0.30044717, -0.39945084, 2.4), (-0.298, -0.384, 2.4), (-0.30044717, -0.36854914, 2.4), (-0.30754915, -0.35461074, 2.4), (-0.31861073, -0.34354916, 2.4), (-0.33254915, -0.33644718, 2.4), (-0.348, -0.334, 2.62), (-0.36345086, -0.33644718, 2.62), (-0.37738925, -0.34354916, 2.62), (-0.38845086, -0.35461074, 2.62), (-0.3955528, -0.36854914, 2.62), (-0.398, -0.384, 2.62), (-0.3955528, -0.39945084, 2.62), (-0.38845086, -0.41338927, 2.62), (-0.37738925, -0.42445084, 2.62), (-0.36345086, -0.43155283, 2.62), (-0.348, -0.434, 2.62), (-0.33254915, -0.43155283, 2.62), (-0.31861073, -0.42445084, 2.62), (-0.30754915, -0.41338927, 2.62), (-0.30044717, -0.39945084, 2.62), (-0.298, -0.384, 2.62), (-0.30044717, -0.36854914, 2.62), (-0.30754915, -0.35461074, 2.62), (-0.31861073, -0.34354916, 2.62), (-0.33254915, -0.33644718, 2.62), (-0.348, -0.384, 2.4), (-0.348, -0.384, 2.62), (-0.348, -0.094, 2.4), (-0.36345086, -0.09644718, 2.4), (-0.37738925, -0.10354915, 2.4), (-0.38845086, -0.11461074, 2.4), (-0.3955528, -0.12854914, 2.4), (-0.398, -0.144, 2.4), (-0.3955528, -0.15945084, 2.4), (-0.38845086, -0.17338926, 2.4), (-0.37738925, -0.18445085, 2.4), (-0.36345086, -0.19155283, 2.4), (-0.348, -0.194, 2.4), (-0.33254915, -0.19155283, 2.4), (-0.31861073, -0.18445085, 2.4), (-0.30754915, -0.17338926, 2.4), (-0.30044717, -0.15945084, 2.4), (-0.298, -0.144, 2.4), (-0.30044717, -0.12854914, 2.4), (-0.30754915, -0.11461074, 2.4), (-0.31861073, -0.10354915, 2.4), (-0.33254915, -0.09644718, 2.4), (-0.348, -0.094, 2.62), (-0.36345086, -0.09644718, 2.62), (-0.37738925, -0.10354915, 2.62), (-0.38845086, -0.11461074, 2.62), (-0.3955528, -0.12854914, 2.62), (-0.398, -0.144, 2.62), (-0.3955528, -0.15945084, 2.62), (-0.38845086, -0.17338926, 2.62), (-0.37738925, -0.18445085, 2.62), (-0.36345086, -0.19155283, 2.62), (-0.348, -0.194, 2.62), (-0.33254915, -0.19155283, 2.62), (-0.31861073, -0.18445085, 2.62), (-0.30754915, -0.17338926, 2.62), (-0.30044717, -0.15945084, 2.62), (-0.298, -0.144, 2.62), (-0.30044717, -0.12854914, 2.62), (-0.30754915, -0.11461074, 2.62), (-0.31861073, -0.10354915, 2.62), (-0.33254915, -0.09644718, 2.62), (-0.348, -0.144, 2.4), (-0.348, -0.144, 2.62), (-0.348, 0.194, 2.4), (-0.36345086, 0.19155283, 2.4), (-0.37738925, 0.18445085, 2.4), (-0.38845086, 0.17338926, 2.4), (-0.3955528, 0.15945084, 2.4), (-0.398, 0.144, 2.4), (-0.3955528, 0.12854914, 2.4), (-0.38845086, 0.11461074, 2.4), (-0.37738925, 0.10354915, 2.4), (-0.36345086, 0.09644718, 2.4), (-0.348, 0.094, 2.4), (-0.33254915, 0.09644718, 2.4), (-0.31861073, 0.10354915, 2.4), (-0.30754915, 0.11461074, 2.4), (-0.30044717, 0.12854914, 2.4), (-0.298, 0.144, 2.4), (-0.30044717, 0.15945084, 2.4), (-0.30754915, 0.17338926, 2.4), (-0.31861073, 0.18445085, 2.4), (-0.33254915, 0.19155283, 2.4), (-0.348, 0.194, 2.62), (-0.36345086, 0.19155283, 2.62), (-0.37738925, 0.18445085, 2.62), (-0.38845086, 0.17338926, 2.62), (-0.3955528, 0.15945084, 2.62), (-0.398, 0.144, 2.62), (-0.3955528, 0.12854914, 2.62), (-0.38845086, 0.11461074, 2.62), (-0.37738925, 0.10354915, 2.62), (-0.36345086, 0.09644718, 2.62), (-0.348, 0.094, 2.62), (-0.33254915, 0.09644718, 2.62), (-0.31861073, 0.10354915, 2.62), (-0.30754915, 0.11461074, 2.62), (-0.30044717, 0.12854914, 2.62), (-0.298, 0.144, 2.62), (-0.30044717, 0.15945084, 2.62), (-0.30754915, 0.17338926, 2.62), (-0.31861073, 0.18445085, 2.62), (-0.33254915, 0.19155283, 2.62), (-0.348, 0.144, 2.4), (-0.348, 0.144, 2.62), (-0.348, 0.434, 2.4), (-0.36345086, 0.43155283, 2.4), (-0.37738925, 0.42445084, 2.4), (-0.38845086, 0.41338927, 2.4), (-0.3955528, 0.39945084, 2.4), (-0.398, 0.384, 2.4), (-0.3955528, 0.36854914, 2.4), (-0.38845086, 0.35461074, 2.4), (-0.37738925, 0.34354916, 2.4), (-0.36345086, 0.33644718, 2.4), (-0.348, 0.334, 2.4), (-0.33254915, 0.33644718, 2.4), (-0.31861073, 0.34354916, 2.4), (-0.30754915, 0.35461074, 2.4), (-0.30044717, 0.36854914, 2.4), (-0.298, 0.384, 2.4), (-0.30044717, 0.39945084, 2.4), (-0.30754915, 0.41338927, 2.4), (-0.31861073, 0.42445084, 2.4), (-0.33254915, 0.43155283, 2.4), (-0.348, 0.434, 2.62), (-0.36345086, 0.43155283, 2.62), (-0.37738925, 0.42445084, 2.62), (-0.38845086, 0.41338927, 2.62), (-0.3955528, 0.39945084, 2.62), (-0.398, 0.384, 2.62), (-0.3955528, 0.36854914, 2.62), (-0.38845086, 0.35461074, 2.62), (-0.37738925, 0.34354916, 2.62), (-0.36345086, 0.33644718, 2.62), (-0.348, 0.334, 2.62), (-0.33254915, 0.33644718, 2.62), (-0.31861073, 0.34354916, 2.62), (-0.30754915, 0.35461074, 2.62), (-0.30044717, 0.36854914, 2.62), (-0.298, 0.384, 2.62), (-0.30044717, 0.39945084, 2.62), (-0.30754915, 0.41338927, 2.62), (-0.31861073, 0.42445084, 2.62), (-0.33254915, 0.43155283, 2.62), (-0.348, 0.384, 2.4), (-0.348, 0.384, 2.62)]
                uniform token subdivisionScheme = "none"
            }

            def Mesh "Flange" (
                prepend apiSchemas = ["MaterialBindingAPI"]
            )
            {
                float3[] extent = [(-0.4205, -0.4565, 2.4), (-0.2755, 0.4565, 2.62)]
                int[] faceVertexCounts = [4, 4, 4, 4, 4, 4, 4, 4, 4, 4, 4, 4, 4, 4, 4, 4, 4, 4, 4, 4, 3, 3, 3, 3, 3, 3, 3, 3, 3, 3, 3, 3, 3, 3, 3, 3, 3, 3, 3, 3, 3, 3, 3, 3, 3, 3, 3, 3, 3, 3, 3, 3, 3, 3, 3, 3, 3, 3, 3, 3, 4, 4, 4, 4, 4, 4, 4, 4, 4, 4, 4, 4, 4, 4, 4, 4, 4, 4, 4, 4, 3, 3, 3, 3, 3, 3, 3, 3, 3, 3, 3, 3, 3, 3, 3, 3, 3, 3, 3, 3, 3, 3, 3, 3, 3, 3, 3, 3, 3, 3, 3, 3, 3, 3, 3, 3, 3, 3, 3, 3, 4, 4, 4, 4, 4, 4, 4, 4, 4, 4, 4, 4, 4, 4, 4, 4, 4, 4, 4, 4, 3, 3, 3, 3, 3, 3, 3, 3, 3, 3, 3, 3, 3, 3, 3, 3, 3, 3, 3, 3, 3, 3, 3, 3, 3, 3, 3, 3, 3, 3, 3, 3, 3, 3, 3, 3, 3, 3, 3, 3, 4, 4, 4, 4, 4, 4, 4, 4, 4, 4, 4, 4, 4, 4, 4, 4, 4, 4, 4, 4, 3, 3, 3, 3, 3, 3, 3, 3, 3, 3, 3, 3, 3, 3, 3, 3, 3, 3, 3, 3, 3, 3, 3, 3, 3, 3, 3, 3, 3, 3, 3, 3, 3, 3, 3, 3, 3, 3, 3, 3, 4, 4, 4, 4, 4, 4, 4, 4, 4, 4, 4, 4, 4, 4, 4, 4, 4, 4, 4, 4, 3, 3, 3, 3, 3, 3, 3, 3, 3, 3, 3, 3, 3, 3, 3, 3, 3, 3, 3, 3, 3, 3, 3, 3, 3, 3, 3, 3, 3, 3, 3, 3, 3, 3, 3, 3, 3, 3, 3, 3, 4, 4, 4, 4, 4, 4, 4, 4, 4, 4, 4, 4, 4, 4, 4, 4, 4, 4, 4, 4, 3, 3, 3, 3, 3, 3, 3, 3, 3, 3, 3, 3, 3, 3, 3, 3, 3, 3, 3, 3, 3, 3, 3, 3, 3, 3, 3, 3, 3, 3, 3, 3, 3, 3, 3, 3, 3, 3, 3, 3, 4, 4, 4, 4, 4, 4, 4, 4, 4, 4, 4, 4, 4, 4, 4, 4, 4, 4, 4, 4, 3, 3, 3, 3, 3, 3, 3, 3, 3, 3, 3, 3, 3, 3, 3, 3, 3, 3, 3, 3, 3, 3, 3, 3, 3, 3, 3, 3, 3, 3, 3, 3, 3, 3, 3, 3, 3, 3, 3, 3, 4, 4, 4, 4, 4, 4, 4, 4, 4, 4, 4, 4, 4, 4, 4, 4, 4, 4, 4, 4, 3, 3, 3, 3, 3, 3, 3, 3, 3, 3, 3, 3, 3, 3, 3, 3, 3, 3, 3, 3, 3, 3, 3, 3, 3, 3, 3, 3, 3, 3, 3, 3, 3, 3, 3, 3, 3, 3, 3, 3]
                int[] faceVertexIndices = [0, 1, 21, 20, 1, 2, 22, 21, 2, 3, 23, 22, 3, 4, 24, 23, 4, 5, 25, 24, 5, 6, 26, 25, 6, 7, 27, 26, 7, 8, 28, 27, 8, 9, 29, 28, 9, 10, 30, 29, 10, 11, 31, 30, 11, 12, 32, 31, 12, 13, 33, 32, 13, 14, 34, 33, 14, 15, 35, 34, 15, 16, 36, 35, 16, 17, 37, 36, 17, 18, 38, 37, 18, 19, 39, 38, 19, 0, 20, 39, 40, 1, 0, 41, 20, 21, 40, 2, 1, 41, 21, 22, 40, 3, 2, 41, 22, 23, 40, 4, 3, 41, 23, 24, 40, 5, 4, 41, 24, 25, 40, 6, 5, 41, 25, 26, 40, 7, 6, 41, 26, 27, 40, 8, 7, 41, 27, 28, 40, 9, 8, 41, 28, 29, 40, 10, 9, 41, 29, 30, 40, 11, 10, 41, 30, 31, 40, 12, 11, 41, 31, 32, 40, 13, 12, 41, 32, 33, 40, 14, 13, 41, 33, 34, 40, 15, 14, 41, 34, 35, 40, 16, 15, 41, 35, 36, 40, 17, 16, 41, 36, 37, 40, 18, 17, 41, 37, 38, 40, 19, 18, 41, 38, 39, 40, 0, 19, 41, 39, 20, 42, 43, 63, 62, 43, 44, 64, 63, 44, 45, 65, 64, 45, 46, 66, 65, 46, 47, 67, 66, 47, 48, 68, 67, 48, 49, 69, 68, 49, 50, 70, 69, 50, 51, 71, 70, 51, 52, 72, 71, 52, 53, 73, 72, 53, 54, 74, 73, 54, 55, 75, 74, 55, 56, 76, 75, 56, 57, 77, 76, 57, 58, 78, 77, 58, 59, 79, 78, 59, 60, 80, 79, 60, 61, 81, 80, 61, 42, 62, 81, 82, 43, 42, 83, 62, 63, 82, 44, 43, 83, 63, 64, 82, 45, 44, 83, 64, 65, 82, 46, 45, 83, 65, 66, 82, 47, 46, 83, 66, 67, 82, 48, 47, 83, 67, 68, 82, 49, 48, 83, 68, 69, 82, 50, 49, 83, 69, 70, 82, 51, 50, 83, 70, 71, 82, 52, 51, 83, 71, 72, 82, 53, 52, 83, 72, 73, 82, 54, 53, 83, 73, 74, 82, 55, 54, 83, 74, 75, 82, 56, 55, 83, 75, 76, 82, 57, 56, 83, 76, 77, 82, 58, 57, 83, 77, 78, 82, 59, 58, 83, 78, 79, 82, 60, 59, 83, 79, 80, 82, 61, 60, 83, 80, 81, 82, 42, 61, 83, 81, 62, 84, 85, 105, 104, 85, 86, 106, 105, 86, 87, 107, 106, 87, 88, 108, 107, 88, 89, 109, 108, 89, 90, 110, 109, 90, 91, 111, 110, 91, 92, 112, 111, 92, 93, 113, 112, 93, 94, 114, 113, 94, 95, 115, 114, 95, 96, 116, 115, 96, 97, 117, 116, 97, 98, 118, 117, 98, 99, 119, 118, 99, 100, 120, 119, 100, 101, 121, 120, 101, 102, 122, 121, 102, 103, 123, 122, 103, 84, 104, 123, 124, 85, 84, 125, 104, 105, 124, 86, 85, 125, 105, 106, 124, 87, 86, 125, 106, 107, 124, 88, 87, 125, 107, 108, 124, 89, 88, 125, 108, 109, 124, 90, 89, 125, 109, 110, 124, 91, 90, 125, 110, 111, 124, 92, 91, 125, 111, 112, 124, 93, 92, 125, 112, 113, 124, 94, 93, 125, 113, 114, 124, 95, 94, 125, 114, 115, 124, 96, 95, 125, 115, 116, 124, 97, 96, 125, 116, 117, 124, 98, 97, 125, 117, 118, 124, 99, 98, 125, 118, 119, 124, 100, 99, 125, 119, 120, 124, 101, 100, 125, 120, 121, 124, 102, 101, 125, 121, 122, 124, 103, 102, 125, 122, 123, 124, 84, 103, 125, 123, 104, 126, 127, 147, 146, 127, 128, 148, 147, 128, 129, 149, 148, 129, 130, 150, 149, 130, 131, 151, 150, 131, 132, 152, 151, 132, 133, 153, 152, 133, 134, 154, 153, 134, 135, 155, 154, 135, 136, 156, 155, 136, 137, 157, 156, 137, 138, 158, 157, 138, 139, 159, 158, 139, 140, 160, 159, 140, 141, 161, 160, 141, 142, 162, 161, 142, 143, 163, 162, 143, 144, 164, 163, 144, 145, 165, 164, 145, 126, 146, 165, 166, 127, 126, 167, 146, 147, 166, 128, 127, 167, 147, 148, 166, 129, 128, 167, 148, 149, 166, 130, 129, 167, 149, 150, 166, 131, 130, 167, 150, 151, 166, 132, 131, 167, 151, 152, 166, 133, 132, 167, 152, 153, 166, 134, 133, 167, 153, 154, 166, 135, 134, 167, 154, 155, 166, 136, 135, 167, 155, 156, 166, 137, 136, 167, 156, 157, 166, 138, 137, 167, 157, 158, 166, 139, 138, 167, 158, 159, 166, 140, 139, 167, 159, 160, 166, 141, 140, 167, 160, 161, 166, 142, 141, 167, 161, 162, 166, 143, 142, 167, 162, 163, 166, 144, 143, 167, 163, 164, 166, 145, 144, 167, 164, 165, 166, 126, 145, 167, 165, 146, 168, 169, 189, 188, 169, 170, 190, 189, 170, 171, 191, 190, 171, 172, 192, 191, 172, 173, 193, 192, 173, 174, 194, 193, 174, 175, 195, 194, 175, 176, 196, 195, 176, 177, 197, 196, 177, 178, 198, 197, 178, 179, 199, 198, 179, 180, 200, 199, 180, 181, 201, 200, 181, 182, 202, 201, 182, 183, 203, 202, 183, 184, 204, 203, 184, 185, 205, 204, 185, 186, 206, 205, 186, 187, 207, 206, 187, 168, 188, 207, 208, 169, 168, 209, 188, 189, 208, 170, 169, 209, 189, 190, 208, 171, 170, 209, 190, 191, 208, 172, 171, 209, 191, 192, 208, 173, 172, 209, 192, 193, 208, 174, 173, 209, 193, 194, 208, 175, 174, 209, 194, 195, 208, 176, 175, 209, 195, 196, 208, 177, 176, 209, 196, 197, 208, 178, 177, 209, 197, 198, 208, 179, 178, 209, 198, 199, 208, 180, 179, 209, 199, 200, 208, 181, 180, 209, 200, 201, 208, 182, 181, 209, 201, 202, 208, 183, 182, 209, 202, 203, 208, 184, 183, 209, 203, 204, 208, 185, 184, 209, 204, 205, 208, 186, 185, 209, 205, 206, 208, 187, 186, 209, 206, 207, 208, 168, 187, 209, 207, 188, 210, 211, 231, 230, 211, 212, 232, 231, 212, 213, 233, 232, 213, 214, 234, 233, 214, 215, 235, 234, 215, 216, 236, 235, 216, 217, 237, 236, 217, 218, 238, 237, 218, 219, 239, 238, 219, 220, 240, 239, 220, 221, 241, 240, 221, 222, 242, 241, 222, 223, 243, 242, 223, 224, 244, 243, 224, 225, 245, 244, 225, 226, 246, 245, 226, 227, 247, 246, 227, 228, 248, 247, 228, 229, 249, 248, 229, 210, 230, 249, 250, 211, 210, 251, 230, 231, 250, 212, 211, 251, 231, 232, 250, 213, 212, 251, 232, 233, 250, 214, 213, 251, 233, 234, 250, 215, 214, 251, 234, 235, 250, 216, 215, 251, 235, 236, 250, 217, 216, 251, 236, 237, 250, 218, 217, 251, 237, 238, 250, 219, 218, 251, 238, 239, 250, 220, 219, 251, 239, 240, 250, 221, 220, 251, 240, 241, 250, 222, 221, 251, 241, 242, 250, 223, 222, 251, 242, 243, 250, 224, 223, 251, 243, 244, 250, 225, 224, 251, 244, 245, 250, 226, 225, 251, 245, 246, 250, 227, 226, 251, 246, 247, 250, 228, 227, 251, 247, 248, 250, 229, 228, 251, 248, 249, 250, 210, 229, 251, 249, 230, 252, 253, 273, 272, 253, 254, 274, 273, 254, 255, 275, 274, 255, 256, 276, 275, 256, 257, 277, 276, 257, 258, 278, 277, 258, 259, 279, 278, 259, 260, 280, 279, 260, 261, 281, 280, 261, 262, 282, 281, 262, 263, 283, 282, 263, 264, 284, 283, 264, 265, 285, 284, 265, 266, 286, 285, 266, 267, 287, 286, 267, 268, 288, 287, 268, 269, 289, 288, 269, 270, 290, 289, 270, 271, 291, 290, 271, 252, 272, 291, 292, 253, 252, 293, 272, 273, 292, 254, 253, 293, 273, 274, 292, 255, 254, 293, 274, 275, 292, 256, 255, 293, 275, 276, 292, 257, 256, 293, 276, 277, 292, 258, 257, 293, 277, 278, 292, 259, 258, 293, 278, 279, 292, 260, 259, 293, 279, 280, 292, 261, 260, 293, 280, 281, 292, 262, 261, 293, 281, 282, 292, 263, 262, 293, 282, 283, 292, 264, 263, 293, 283, 284, 292, 265, 264, 293, 284, 285, 292, 266, 265, 293, 285, 286, 292, 267, 266, 293, 286, 287, 292, 268, 267, 293, 287, 288, 292, 269, 268, 293, 288, 289, 292, 270, 269, 293, 289, 290, 292, 271, 270, 293, 290, 291, 292, 252, 271, 293, 291, 272, 294, 295, 315, 314, 295, 296, 316, 315, 296, 297, 317, 316, 297, 298, 318, 317, 298, 299, 319, 318, 299, 300, 320, 319, 300, 301, 321, 320, 301, 302, 322, 321, 302, 303, 323, 322, 303, 304, 324, 323, 304, 305, 325, 324, 305, 306, 326, 325, 306, 307, 327, 326, 307, 308, 328, 327, 308, 309, 329, 328, 309, 310, 330, 329, 310, 311, 331, 330, 311, 312, 332, 331, 312, 313, 333, 332, 313, 294, 314, 333, 334, 295, 294, 335, 314, 315, 334, 296, 295, 335, 315, 316, 334, 297, 296, 335, 316, 317, 334, 298, 297, 335, 317, 318, 334, 299, 298, 335, 318, 319, 334, 300, 299, 335, 319, 320, 334, 301, 300, 335, 320, 321, 334, 302, 301, 335, 321, 322, 334, 303, 302, 335, 322, 323, 334, 304, 303, 335, 323, 324, 334, 305, 304, 335, 324, 325, 334, 306, 305, 335, 325, 326, 334, 307, 306, 335, 326, 327, 334, 308, 307, 335, 327, 328, 334, 309, 308, 335, 328, 329, 334, 310, 309, 335, 329, 330, 334, 311, 310, 335, 330, 331, 334, 312, 311, 335, 331, 332, 334, 313, 312, 335, 332, 333, 334, 294, 313, 335, 333, 314]
                rel material:binding = </GenericCDU/Looks/Flange>
                uniform token orientation = "rightHanded"
                point3f[] points = [(-0.348, -0.3115, 2.6), (-0.37040374, -0.3150484, 2.6), (-0.39061442, -0.32534626, 2.6), (-0.40665373, -0.34138557, 2.6), (-0.4169516, -0.36159626, 2.6), (-0.4205, -0.384, 2.6), (-0.4169516, -0.40640372, 2.6), (-0.40665373, -0.42661443, 2.6), (-0.39061442, -0.44265375, 2.6), (-0.37040374, -0.4529516, 2.6), (-0.348, -0.4565, 2.6), (-0.32559627, -0.4529516, 2.6), (-0.30538556, -0.44265375, 2.6), (-0.28934628, -0.42661443, 2.6), (-0.2790484, -0.40640372, 2.6), (-0.2755, -0.384, 2.6), (-0.2790484, -0.36159626, 2.6), (-0.28934628, -0.34138557, 2.6), (-0.30538556, -0.32534626, 2.6), (-0.32559627, -0.3150484, 2.6), (-0.348, -0.3115, 2.62), (-0.37040374, -0.3150484, 2.62), (-0.39061442, -0.32534626, 2.62), (-0.40665373, -0.34138557, 2.62), (-0.4169516, -0.36159626, 2.62), (-0.4205, -0.384, 2.62), (-0.4169516, -0.40640372, 2.62), (-0.40665373, -0.42661443, 2.62), (-0.39061442, -0.44265375, 2.62), (-0.37040374, -0.4529516, 2.62), (-0.348, -0.4565, 2.62), (-0.32559627, -0.4529516, 2.62), (-0.30538556, -0.44265375, 2.62), (-0.28934628, -0.42661443, 2.62), (-0.2790484, -0.40640372, 2.62), (-0.2755, -0.384, 2.62), (-0.2790484, -0.36159626, 2.62), (-0.28934628, -0.34138557, 2.62), (-0.30538556, -0.32534626, 2.62), (-0.32559627, -0.3150484, 2.62), (-0.348, -0.384, 2.6), (-0.348, -0.384, 2.62), (-0.348, -0.319, 2.4), (-0.3680861, -0.3221813, 2.4), (-0.38620603, -0.3314139, 2.4), (-0.4005861, -0.34579396, 2.4), (-0.40981868, -0.3639139, 2.4), (-0.413, -0.384, 2.4), (-0.40981868, -0.4040861, 2.4), (-0.4005861, -0.42220604, 2.4), (-0.38620603, -0.4365861, 2.4), (-0.3680861, -0.44581866, 2.4), (-0.348, -0.449, 2.4), (-0.3279139, -0.44581866, 2.4), (-0.30979395, -0.4365861, 2.4), (-0.29541388, -0.42220604, 2.4), (-0.28618133, -0.4040861, 2.4), (-0.283, -0.384, 2.4), (-0.28618133, -0.3639139, 2.4), (-0.29541388, -0.34579396, 2.4), (-0.30979395, -0.3314139, 2.4), (-0.3279139, -0.3221813, 2.4), (-0.348, -0.319, 2.425), (-0.3680861, -0.3221813, 2.425), (-0.38620603, -0.3314139, 2.425), (-0.4005861, -0.34579396, 2.425), (-0.40981868, -0.3639139, 2.425), (-0.413, -0.384, 2.425), (-0.40981868, -0.4040861, 2.425), (-0.4005861, -0.42220604, 2.425), (-0.38620603, -0.4365861, 2.425), (-0.3680861, -0.44581866, 2.425), (-0.348, -0.449, 2.425), (-0.3279139, -0.44581866, 2.425), (-0.30979395, -0.4365861, 2.425), (-0.29541388, -0.42220604, 2.425), (-0.28618133, -0.4040861, 2.425), (-0.283, -0.384, 2.425), (-0.28618133, -0.3639139, 2.425), (-0.29541388, -0.34579396, 2.425), (-0.30979395, -0.3314139, 2.425), (-0.3279139, -0.3221813, 2.425), (-0.348, -0.384, 2.4), (-0.348, -0.384, 2.425), (-0.348, -0.0715, 2.6), (-0.37040374, -0.0750484, 2.6), (-0.39061442, -0.08534627, 2.6), (-0.40665373, -0.10138557, 2.6), (-0.4169516, -0.12159627, 2.6), (-0.4205, -0.144, 2.6), (-0.4169516, -0.16640373, 2.6), (-0.40665373, -0.18661442, 2.6), (-0.39061442, -0.20265374, 2.6), (-0.37040374, -0.2129516, 2.6), (-0.348, -0.2165, 2.6), (-0.32559627, -0.2129516, 2.6), (-0.30538556, -0.20265374, 2.6), (-0.28934628, -0.18661442, 2.6), (-0.2790484, -0.16640373, 2.6), (-0.2755, -0.144, 2.6), (-0.2790484, -0.12159627, 2.6), (-0.28934628, -0.10138557, 2.6), (-0.30538556, -0.08534627, 2.6), (-0.32559627, -0.0750484, 2.6), (-0.348, -0.0715, 2.62), (-0.37040374, -0.0750484, 2.62), (-0.39061442, -0.08534627, 2.62), (-0.40665373, -0.10138557, 2.62), (-0.4169516, -0.12159627, 2.62), (-0.4205, -0.144, 2.62), (-0.4169516, -0.16640373, 2.62), (-0.40665373, -0.18661442, 2.62), (-0.39061442, -0.20265374, 2.62), (-0.37040374, -0.2129516, 2.62), (-0.348, -0.2165, 2.62), (-0.32559627, -0.2129516, 2.62), (-0.30538556, -0.20265374, 2.62), (-0.28934628, -0.18661442, 2.62), (-0.2790484, -0.16640373, 2.62), (-0.2755, -0.144, 2.62), (-0.2790484, -0.12159627, 2.62), (-0.28934628, -0.10138557, 2.62), (-0.30538556, -0.08534627, 2.62), (-0.32559627, -0.0750484, 2.62), (-0.348, -0.144, 2.6), (-0.348, -0.144, 2.62), (-0.348, -0.079, 2.4), (-0.3680861, -0.08218133, 2.4), (-0.38620603, -0.09141389, 2.4), (-0.4005861, -0.10579396, 2.4), (-0.40981868, -0.1239139, 2.4), (-0.413, -0.144, 2.4), (-0.40981868, -0.1640861, 2.4), (-0.4005861, -0.18220603, 2.4), (-0.38620603, -0.1965861, 2.4), (-0.3680861, -0.20581867, 2.4), (-0.348, -0.209, 2.4), (-0.3279139, -0.20581867, 2.4), (-0.30979395, -0.1965861, 2.4), (-0.29541388, -0.18220603, 2.4), (-0.28618133, -0.1640861, 2.4), (-0.283, -0.144, 2.4), (-0.28618133, -0.1239139, 2.4), (-0.29541388, -0.10579396, 2.4), (-0.30979395, -0.09141389, 2.4), (-0.3279139, -0.08218133, 2.4), (-0.348, -0.079, 2.425), (-0.3680861, -0.08218133, 2.425), (-0.38620603, -0.09141389, 2.425), (-0.4005861, -0.10579396, 2.425), (-0.40981868, -0.1239139, 2.425), (-0.413, -0.144, 2.425), (-0.40981868, -0.1640861, 2.425), (-0.4005861, -0.18220603, 2.425), (-0.38620603, -0.1965861, 2.425), (-0.3680861, -0.20581867, 2.425), (-0.348, -0.209, 2.425), (-0.3279139, -0.20581867, 2.425), (-0.30979395, -0.1965861, 2.425), (-0.29541388, -0.18220603, 2.425), (-0.28618133, -0.1640861, 2.425), (-0.283, -0.144, 2.425), (-0.28618133, -0.1239139, 2.425), (-0.29541388, -0.10579396, 2.425), (-0.30979395, -0.09141389, 2.425), (-0.3279139, -0.08218133, 2.425), (-0.348, -0.144, 2.4), (-0.348, -0.144, 2.425), (-0.348, 0.2165, 2.6), (-0.37040374, 0.2129516, 2.6), (-0.39061442, 0.20265374, 2.6), (-0.40665373, 0.18661442, 2.6), (-0.4169516, 0.16640373, 2.6), (-0.4205, 0.144, 2.6), (-0.4169516, 0.12159627, 2.6), (-0.40665373, 0.10138557, 2.6), (-0.39061442, 0.08534627, 2.6), (-0.37040374, 0.0750484, 2.6), (-0.348, 0.0715, 2.6), (-0.32559627, 0.0750484, 2.6), (-0.30538556, 0.08534627, 2.6), (-0.28934628, 0.10138557, 2.6), (-0.2790484, 0.12159627, 2.6), (-0.2755, 0.144, 2.6), (-0.2790484, 0.16640373, 2.6), (-0.28934628, 0.18661442, 2.6), (-0.30538556, 0.20265374, 2.6), (-0.32559627, 0.2129516, 2.6), (-0.348, 0.2165, 2.62), (-0.37040374, 0.2129516, 2.62), (-0.39061442, 0.20265374, 2.62), (-0.40665373, 0.18661442, 2.62), (-0.4169516, 0.16640373, 2.62), (-0.4205, 0.144, 2.62), (-0.4169516, 0.12159627, 2.62), (-0.40665373, 0.10138557, 2.62), (-0.39061442, 0.08534627, 2.62), (-0.37040374, 0.0750484, 2.62), (-0.348, 0.0715, 2.62), (-0.32559627, 0.0750484, 2.62), (-0.30538556, 0.08534627, 2.62), (-0.28934628, 0.10138557, 2.62), (-0.2790484, 0.12159627, 2.62), (-0.2755, 0.144, 2.62), (-0.2790484, 0.16640373, 2.62), (-0.28934628, 0.18661442, 2.62), (-0.30538556, 0.20265374, 2.62), (-0.32559627, 0.2129516, 2.62), (-0.348, 0.144, 2.6), (-0.348, 0.144, 2.62), (-0.348, 0.209, 2.4), (-0.3680861, 0.20581867, 2.4), (-0.38620603, 0.1965861, 2.4), (-0.4005861, 0.18220603, 2.4), (-0.40981868, 0.1640861, 2.4), (-0.413, 0.144, 2.4), (-0.40981868, 0.1239139, 2.4), (-0.4005861, 0.10579396, 2.4), (-0.38620603, 0.09141389, 2.4), (-0.3680861, 0.08218133, 2.4), (-0.348, 0.079, 2.4), (-0.3279139, 0.08218133, 2.4), (-0.30979395, 0.09141389, 2.4), (-0.29541388, 0.10579396, 2.4), (-0.28618133, 0.1239139, 2.4), (-0.283, 0.144, 2.4), (-0.28618133, 0.1640861, 2.4), (-0.29541388, 0.18220603, 2.4), (-0.30979395, 0.1965861, 2.4), (-0.3279139, 0.20581867, 2.4), (-0.348, 0.209, 2.425), (-0.3680861, 0.20581867, 2.425), (-0.38620603, 0.1965861, 2.425), (-0.4005861, 0.18220603, 2.425), (-0.40981868, 0.1640861, 2.425), (-0.413, 0.144, 2.425), (-0.40981868, 0.1239139, 2.425), (-0.4005861, 0.10579396, 2.425), (-0.38620603, 0.09141389, 2.425), (-0.3680861, 0.08218133, 2.425), (-0.348, 0.079, 2.425), (-0.3279139, 0.08218133, 2.425), (-0.30979395, 0.09141389, 2.425), (-0.29541388, 0.10579396, 2.425), (-0.28618133, 0.1239139, 2.425), (-0.283, 0.144, 2.425), (-0.28618133, 0.1640861, 2.425), (-0.29541388, 0.18220603, 2.425), (-0.30979395, 0.1965861, 2.425), (-0.3279139, 0.20581867, 2.425), (-0.348, 0.144, 2.4), (-0.348, 0.144, 2.425), (-0.348, 0.4565, 2.6), (-0.37040374, 0.4529516, 2.6), (-0.39061442, 0.44265375, 2.6), (-0.40665373, 0.42661443, 2.6), (-0.4169516, 0.40640372, 2.6), (-0.4205, 0.384, 2.6), (-0.4169516, 0.36159626, 2.6), (-0.40665373, 0.34138557, 2.6), (-0.39061442, 0.32534626, 2.6), (-0.37040374, 0.3150484, 2.6), (-0.348, 0.3115, 2.6), (-0.32559627, 0.3150484, 2.6), (-0.30538556, 0.32534626, 2.6), (-0.28934628, 0.34138557, 2.6), (-0.2790484, 0.36159626, 2.6), (-0.2755, 0.384, 2.6), (-0.2790484, 0.40640372, 2.6), (-0.28934628, 0.42661443, 2.6), (-0.30538556, 0.44265375, 2.6), (-0.32559627, 0.4529516, 2.6), (-0.348, 0.4565, 2.62), (-0.37040374, 0.4529516, 2.62), (-0.39061442, 0.44265375, 2.62), (-0.40665373, 0.42661443, 2.62), (-0.4169516, 0.40640372, 2.62), (-0.4205, 0.384, 2.62), (-0.4169516, 0.36159626, 2.62), (-0.40665373, 0.34138557, 2.62), (-0.39061442, 0.32534626, 2.62), (-0.37040374, 0.3150484, 2.62), (-0.348, 0.3115, 2.62), (-0.32559627, 0.3150484, 2.62), (-0.30538556, 0.32534626, 2.62), (-0.28934628, 0.34138557, 2.62), (-0.2790484, 0.36159626, 2.62), (-0.2755, 0.384, 2.62), (-0.2790484, 0.40640372, 2.62), (-0.28934628, 0.42661443, 2.62), (-0.30538556, 0.44265375, 2.62), (-0.32559627, 0.4529516, 2.62), (-0.348, 0.384, 2.6), (-0.348, 0.384, 2.62), (-0.348, 0.449, 2.4), (-0.3680861, 0.44581866, 2.4), (-0.38620603, 0.4365861, 2.4), (-0.4005861, 0.42220604, 2.4), (-0.40981868, 0.4040861, 2.4), (-0.413, 0.384, 2.4), (-0.40981868, 0.3639139, 2.4), (-0.4005861, 0.34579396, 2.4), (-0.38620603, 0.3314139, 2.4), (-0.3680861, 0.3221813, 2.4), (-0.348, 0.319, 2.4), (-0.3279139, 0.3221813, 2.4), (-0.30979395, 0.3314139, 2.4), (-0.29541388, 0.34579396, 2.4), (-0.28618133, 0.3639139, 2.4), (-0.283, 0.384, 2.4), (-0.28618133, 0.4040861, 2.4), (-0.29541388, 0.42220604, 2.4), (-0.30979395, 0.4365861, 2.4), (-0.3279139, 0.44581866, 2.4), (-0.348, 0.449, 2.425), (-0.3680861, 0.44581866, 2.425), (-0.38620603, 0.4365861, 2.425), (-0.4005861, 0.42220604, 2.425), (-0.40981868, 0.4040861, 2.425), (-0.413, 0.384, 2.425), (-0.40981868, 0.3639139, 2.425), (-0.4005861, 0.34579396, 2.425), (-0.38620603, 0.3314139, 2.425), (-0.3680861, 0.3221813, 2.425), (-0.348, 0.319, 2.425), (-0.3279139, 0.3221813, 2.425), (-0.30979395, 0.3314139, 2.425), (-0.29541388, 0.34579396, 2.425), (-0.28618133, 0.3639139, 2.425), (-0.283, 0.384, 2.425), (-0.28618133, 0.4040861, 2.425), (-0.29541388, 0.42220604, 2.425), (-0.30979395, 0.4365861, 2.425), (-0.3279139, 0.44581866, 2.425), (-0.348, 0.384, 2.4), (-0.348, 0.384, 2.425)]
                uniform token subdivisionScheme = "none"
            }

            def Mesh "CabinetTrim" (
                prepend apiSchemas = ["MaterialBindingAPI"]
            )
            {
                float3[] extent = [(-0.548, -0.56, 2.4008), (0.548, 0.56, 2.4008)]
                int[] faceVertexCounts = [4]
                int[] faceVertexIndices = [0, 1, 2, 3]
                rel material:binding = </GenericCDU/Looks/CabinetTrim>
                uniform token orientation = "rightHanded"
                point3f[] points = [(-0.548, -0.56, 2.4008), (0.548, -0.56, 2.4008), (0.548, 0.56, 2.4008), (-0.548, 0.56, 2.4008)]
                uniform token subdivisionScheme = "none"
            }
        }
    }

    def Scope "ConnectionPoints"
    {
        uniform token purpose = "guide"

        def Mesh "spt_liq_primary_supply" (
            prepend apiSchemas = ["MaterialBindingAPI"]
        )
        {
            custom string aidc:connectionType = "liquid-supply" (
                doc = "Connection point attribute"
            )
            custom string aidc:loop = "primary" (
                doc = "Connection point attribute"
            )
            custom string aidc:note = "primary supply stub (top)" (
                doc = "Connection point attribute"
            )
            float3[] extent = [(-0.373, -0.409, 2.595), (-0.323, -0.359, 2.645)]
            int[] faceVertexCounts = [4, 4, 4, 4, 4, 4]
            int[] faceVertexIndices = [0, 3, 2, 1, 4, 5, 6, 7, 0, 1, 5, 4, 2, 3, 7, 6, 1, 2, 6, 5, 3, 0, 4, 7]
            rel material:binding = </GenericCDU/Looks/Marker>
            uniform token orientation = "rightHanded"
            point3f[] points = [(-0.373, -0.409, 2.595), (-0.323, -0.409, 2.595), (-0.323, -0.359, 2.595), (-0.373, -0.359, 2.595), (-0.373, -0.409, 2.645), (-0.323, -0.409, 2.645), (-0.323, -0.359, 2.645), (-0.373, -0.359, 2.645)]
            uniform token purpose = "guide"
            uniform token subdivisionScheme = "none"
        }

        def Mesh "spt_liq_primary_return" (
            prepend apiSchemas = ["MaterialBindingAPI"]
        )
        {
            custom string aidc:connectionType = "liquid-return" (
                doc = "Connection point attribute"
            )
            custom string aidc:loop = "primary" (
                doc = "Connection point attribute"
            )
            custom string aidc:note = "primary return stub (top)" (
                doc = "Connection point attribute"
            )
            float3[] extent = [(-0.373, -0.169, 2.595), (-0.323, -0.119, 2.645)]
            int[] faceVertexCounts = [4, 4, 4, 4, 4, 4]
            int[] faceVertexIndices = [0, 3, 2, 1, 4, 5, 6, 7, 0, 1, 5, 4, 2, 3, 7, 6, 1, 2, 6, 5, 3, 0, 4, 7]
            rel material:binding = </GenericCDU/Looks/Marker>
            uniform token orientation = "rightHanded"
            point3f[] points = [(-0.373, -0.169, 2.595), (-0.323, -0.169, 2.595), (-0.323, -0.119, 2.595), (-0.373, -0.119, 2.595), (-0.373, -0.169, 2.645), (-0.323, -0.169, 2.645), (-0.323, -0.119, 2.645), (-0.373, -0.119, 2.645)]
            uniform token purpose = "guide"
            uniform token subdivisionScheme = "none"
        }

        def Mesh "spt_liq_secondary_supply" (
            prepend apiSchemas = ["MaterialBindingAPI"]
        )
        {
            custom string aidc:connectionType = "liquid-supply" (
                doc = "Connection point attribute"
            )
            custom string aidc:loop = "secondary" (
                doc = "Connection point attribute"
            )
            custom string aidc:note = "secondary supply stub (top)" (
                doc = "Connection point attribute"
            )
            float3[] extent = [(-0.373, 0.119, 2.595), (-0.323, 0.169, 2.645)]
            int[] faceVertexCounts = [4, 4, 4, 4, 4, 4]
            int[] faceVertexIndices = [0, 3, 2, 1, 4, 5, 6, 7, 0, 1, 5, 4, 2, 3, 7, 6, 1, 2, 6, 5, 3, 0, 4, 7]
            rel material:binding = </GenericCDU/Looks/Marker>
            uniform token orientation = "rightHanded"
            point3f[] points = [(-0.373, 0.119, 2.595), (-0.323, 0.119, 2.595), (-0.323, 0.169, 2.595), (-0.373, 0.169, 2.595), (-0.373, 0.119, 2.645), (-0.323, 0.119, 2.645), (-0.323, 0.169, 2.645), (-0.373, 0.169, 2.645)]
            uniform token purpose = "guide"
            uniform token subdivisionScheme = "none"
        }

        def Mesh "spt_liq_secondary_return" (
            prepend apiSchemas = ["MaterialBindingAPI"]
        )
        {
            custom string aidc:connectionType = "liquid-return" (
                doc = "Connection point attribute"
            )
            custom string aidc:loop = "secondary" (
                doc = "Connection point attribute"
            )
            custom string aidc:note = "secondary return stub (top)" (
                doc = "Connection point attribute"
            )
            float3[] extent = [(-0.373, 0.359, 2.595), (-0.323, 0.409, 2.645)]
            int[] faceVertexCounts = [4, 4, 4, 4, 4, 4]
            int[] faceVertexIndices = [0, 3, 2, 1, 4, 5, 6, 7, 0, 1, 5, 4, 2, 3, 7, 6, 1, 2, 6, 5, 3, 0, 4, 7]
            rel material:binding = </GenericCDU/Looks/Marker>
            uniform token orientation = "rightHanded"
            point3f[] points = [(-0.373, 0.359, 2.595), (-0.323, 0.359, 2.595), (-0.323, 0.409, 2.595), (-0.373, 0.409, 2.595), (-0.373, 0.359, 2.645), (-0.323, 0.359, 2.645), (-0.323, 0.409, 2.645), (-0.373, 0.409, 2.645)]
            uniform token purpose = "guide"
            uniform token subdivisionScheme = "none"
        }

        def Mesh "spt_electrical_nominal_voltage_01" (
            prepend apiSchemas = ["MaterialBindingAPI"]
        )
        {
            custom string aidc:connectionType = "power" (
                doc = "Connection point attribute"
            )
            custom string aidc:path = "A" (
                doc = "Connection point attribute"
            )
            float3[] extent = [(-0.57, -0.38, 0.23), (-0.53, -0.34, 0.27)]
            int[] faceVertexCounts = [4, 4, 4, 4, 4, 4]
            int[] faceVertexIndices = [0, 3, 2, 1, 4, 5, 6, 7, 0, 1, 5, 4, 2, 3, 7, 6, 1, 2, 6, 5, 3, 0, 4, 7]
            rel material:binding = </GenericCDU/Looks/Marker>
            uniform token orientation = "rightHanded"
            point3f[] points = [(-0.57, -0.38, 0.23), (-0.53, -0.38, 0.23), (-0.53, -0.34, 0.23), (-0.57, -0.34, 0.23), (-0.57, -0.38, 0.27), (-0.53, -0.38, 0.27), (-0.53, -0.34, 0.27), (-0.57, -0.34, 0.27)]
            uniform token purpose = "guide"
            uniform token subdivisionScheme = "none"
        }

        def Mesh "spt_electrical_nominal_voltage_02" (
            prepend apiSchemas = ["MaterialBindingAPI"]
        )
        {
            custom string aidc:connectionType = "power" (
                doc = "Connection point attribute"
            )
            custom string aidc:path = "B" (
                doc = "Connection point attribute"
            )
            float3[] extent = [(-0.57, 0.34, 0.23), (-0.53, 0.38, 0.27)]
            int[] faceVertexCounts = [4, 4, 4, 4, 4, 4]
            int[] faceVertexIndices = [0, 3, 2, 1, 4, 5, 6, 7, 0, 1, 5, 4, 2, 3, 7, 6, 1, 2, 6, 5, 3, 0, 4, 7]
            rel material:binding = </GenericCDU/Looks/Marker>
            uniform token orientation = "rightHanded"
            point3f[] points = [(-0.57, 0.34, 0.23), (-0.53, 0.34, 0.23), (-0.53, 0.38, 0.23), (-0.57, 0.38, 0.23), (-0.57, 0.34, 0.27), (-0.53, 0.34, 0.27), (-0.53, 0.38, 0.27), (-0.57, 0.38, 0.27)]
            uniform token purpose = "guide"
            uniform token subdivisionScheme = "none"
        }
    }
}

