#usda 1.0
(
    "Generic EIA-310 19-inch cabinet, 48 U — Liquid-cooled rack-scale GPU configuration: 18 x 1U compute, 9 x 1U scale-up switch, 8 x 1U power shelves. Parametric asset generated by AIDC Studio tools/asset-pipeline/generic_usd.py from tools/asset-pipeline/generic_spec.json. Not a model of any vendor product; no logos or lettering."
    defaultPrim = "GenericRack"
    metersPerUnit = 1
    upAxis = "Z"
)

def Xform "GenericRack" (
    kind = "component"
)
{
    custom string aidc:assetClass = "Compute Rack" (
        doc = "Generic equipment class"
    )
    custom string aidc:assetVersion = "1.0.0" (
        doc = "Asset revision"
    )
    custom string aidc:colorSpace = "linear" (
        doc = "diffuseColor / emissiveColor are linear (sRGB hex in generic_spec.json palette)"
    )
    custom string aidc:description = "Generic 48 U EIA-310 liquid-cooled rack-scale GPU rack (compute / switch bands, 8 power shelves, rear busbar + manifold)" (
        doc = "Description"
    )
    custom float3 aidc:dimsMm = (600, 1200, 2300) (
        doc = "W x D x H in mm (catalog-sized body)"
    )
    custom string aidc:formFactor = "eia310-19-48u" (
        doc = "EIA-310 19-inch cabinet, 48 U"
    )
    custom string aidc:generator = "tools/asset-pipeline/generic_usd.py" (
        doc = "AIDC Studio generator"
    )
    custom string aidc:layout = "rackscale-dlc-48u-72acc" (
        doc = "Liquid-cooled rack-scale GPU configuration: 18 x 1U compute, 9 x 1U scale-up switch, 8 x 1U power shelves"
    )
    custom string aidc:licence = "MIT (AIDC Studio original)" (
        doc = "Licence of this generated asset"
    )
    custom int aidc:lod = 0 (
        doc = "0 = full detail, 1 = explicit low detail"
    )
    custom string aidc:manufacturer = "generic" (
        doc = "Not a model of any vendor product"
    )
    custom string aidc:modelName = "generic_rack_eia48_dlc" (
        doc = "Generic model name (form factor / size keyed)"
    )
    custom string aidc:nativeFront = "+X" (
        doc = "Front axis (usd_to_glb maps it to glTF -Z)"
    )
    custom float aidc:panelWidthMm = 482.6 (
        doc = "Equipment faceplate width [standard (EIA)]"
    )
    custom string aidc:sourceTag = "form factor: standard (EIA); frame: catalog (600 x 1200 x 2300 cabinet; 600 mm is a common EIA cabinet width); layout: estimate (tray counts: MGX source; positions: core rackContents.ts)" (
        doc = "Provenance summary"
    )
    custom string aidc:specFile = "tools/asset-pipeline/generic_spec.json" (
        doc = "Parameter source"
    )
    custom int aidc:triangles = 9200 (
        doc = "Authored triangle count"
    )
    custom float aidc:unitPitchMm = 44.45 (
        doc = "U pitch in mm [standard (EIA)]"
    )
    custom int aidc:units = 48 (
        doc = "Rack units (U) [standard (EIA)]"
    )

    def Scope "Looks"
    {
        def Material "Plinth"
        {
            token outputs:surface.connect = </GenericRack/Looks/Plinth/PreviewSurface.outputs:surface>

            def Shader "PreviewSurface"
            {
                custom string aidc:srgbDiffuse = "#111214" (
                    doc = "sRGB hex from the parameter spec; diffuseColor holds the linear conversion"
                )
                uniform token info:id = "UsdPreviewSurface"
                color3f inputs:diffuseColor = (0.0056053917, 0.006048833, 0.00699541)
                float inputs:metallic = 0.1
                float inputs:roughness = 0.85
                token outputs:surface
            }
        }

        def Material "RackTop"
        {
            token outputs:surface.connect = </GenericRack/Looks/RackTop/PreviewSurface.outputs:surface>

            def Shader "PreviewSurface"
            {
                custom string aidc:srgbDiffuse = "#232528" (
                    doc = "sRGB hex from the parameter spec; diffuseColor holds the linear conversion"
                )
                uniform token info:id = "UsdPreviewSurface"
                color3f inputs:diffuseColor = (0.016807375, 0.01850022, 0.02121901)
                float inputs:metallic = 0.3
                float inputs:roughness = 0.6
                token outputs:surface
            }
        }

        def Material "RackSide"
        {
            token outputs:surface.connect = </GenericRack/Looks/RackSide/PreviewSurface.outputs:surface>

            def Shader "PreviewSurface"
            {
                custom string aidc:srgbDiffuse = "#2f3135" (
                    doc = "sRGB hex from the parameter spec; diffuseColor holds the linear conversion"
                )
                uniform token info:id = "UsdPreviewSurface"
                color3f inputs:diffuseColor = (0.02842604, 0.030713445, 0.035601314)
                float inputs:metallic = 0.1
                float inputs:roughness = 0.8
                token outputs:surface
            }
        }

        def Material "RackRail"
        {
            token outputs:surface.connect = </GenericRack/Looks/RackRail/PreviewSurface.outputs:surface>

            def Shader "PreviewSurface"
            {
                custom string aidc:srgbDiffuse = "#45484c" (
                    doc = "sRGB hex from the parameter spec; diffuseColor holds the linear conversion"
                )
                uniform token info:id = "UsdPreviewSurface"
                color3f inputs:diffuseColor = (0.059511237, 0.064803265, 0.07227185)
                float inputs:metallic = 0.4
                float inputs:roughness = 0.5
                token outputs:surface
            }
        }

        def Material "RackFrame"
        {
            token outputs:surface.connect = </GenericRack/Looks/RackFrame/PreviewSurface.outputs:surface>

            def Shader "PreviewSurface"
            {
                custom string aidc:srgbDiffuse = "#2a2c2f" (
                    doc = "sRGB hex from the parameter spec; diffuseColor holds the linear conversion"
                )
                uniform token info:id = "UsdPreviewSurface"
                color3f inputs:diffuseColor = (0.023153367, 0.02518686, 0.02842604)
                float inputs:metallic = 0.35
                float inputs:roughness = 0.55
                token outputs:surface
            }
        }

        def Material "Bulkhead"
        {
            token outputs:surface.connect = </GenericRack/Looks/Bulkhead/PreviewSurface.outputs:surface>

            def Shader "PreviewSurface"
            {
                custom string aidc:srgbDiffuse = "#141517" (
                    doc = "sRGB hex from the parameter spec; diffuseColor holds the linear conversion"
                )
                uniform token info:id = "UsdPreviewSurface"
                color3f inputs:diffuseColor = (0.00699541, 0.007499032, 0.008568126)
                float inputs:metallic = 0
                float inputs:roughness = 0.9
                token outputs:surface
            }
        }

        def Material "Stiffener"
        {
            token outputs:surface.connect = </GenericRack/Looks/Stiffener/PreviewSurface.outputs:surface>

            def Shader "PreviewSurface"
            {
                custom string aidc:srgbDiffuse = "#4a4d51" (
                    doc = "sRGB hex from the parameter spec; diffuseColor holds the linear conversion"
                )
                uniform token info:id = "UsdPreviewSurface"
                color3f inputs:diffuseColor = (0.06847817, 0.07421357, 0.08228271)
                float inputs:metallic = 0.45
                float inputs:roughness = 0.45
                token outputs:surface
            }
        }

        def Material "VentDark"
        {
            token outputs:surface.connect = </GenericRack/Looks/VentDark/PreviewSurface.outputs:surface>

            def Shader "PreviewSurface"
            {
                custom string aidc:srgbDiffuse = "#0e0f11" (
                    doc = "sRGB hex from the parameter spec; diffuseColor holds the linear conversion"
                )
                uniform token info:id = "UsdPreviewSurface"
                color3f inputs:diffuseColor = (0.004391442, 0.0047769533, 0.0056053917)
                float inputs:metallic = 0
                float inputs:roughness = 0.95
                token outputs:surface
            }
        }

        def Material "TrayBlank"
        {
            token outputs:surface.connect = </GenericRack/Looks/TrayBlank/PreviewSurface.outputs:surface>

            def Shader "PreviewSurface"
            {
                custom string aidc:srgbDiffuse = "#1f2124" (
                    doc = "sRGB hex from the parameter spec; diffuseColor holds the linear conversion"
                )
                uniform token info:id = "UsdPreviewSurface"
                color3f inputs:diffuseColor = (0.013702083, 0.015208514, 0.017641954)
                float inputs:metallic = 0.2
                float inputs:roughness = 0.7
                token outputs:surface
            }
        }

        def Material "TrayPower"
        {
            token outputs:surface.connect = </GenericRack/Looks/TrayPower/PreviewSurface.outputs:surface>

            def Shader "PreviewSurface"
            {
                custom string aidc:srgbDiffuse = "#5b5e62" (
                    doc = "sRGB hex from the parameter spec; diffuseColor holds the linear conversion"
                )
                uniform token info:id = "UsdPreviewSurface"
                color3f inputs:diffuseColor = (0.104616486, 0.11193243, 0.122138776)
                float inputs:metallic = 0.3
                float inputs:roughness = 0.55
                token outputs:surface
            }
        }

        def Material "Handle"
        {
            token outputs:surface.connect = </GenericRack/Looks/Handle/PreviewSurface.outputs:surface>

            def Shader "PreviewSurface"
            {
                custom string aidc:srgbDiffuse = "#a9adb2" (
                    doc = "sRGB hex from the parameter spec; diffuseColor holds the linear conversion"
                )
                uniform token info:id = "UsdPreviewSurface"
                color3f inputs:diffuseColor = (0.39675522, 0.41788507, 0.4452012)
                float inputs:metallic = 0.5
                float inputs:roughness = 0.4
                token outputs:surface
            }
        }

        def Material "StatusLamp"
        {
            token outputs:surface.connect = </GenericRack/Looks/StatusLamp/PreviewSurface.outputs:surface>

            def Shader "PreviewSurface"
            {
                custom string aidc:srgbDiffuse = "#dfe5e8" (
                    doc = "sRGB hex from the parameter spec; diffuseColor holds the linear conversion"
                )
                custom string aidc:srgbEmissive = "#2a2c2e"
                uniform token info:id = "UsdPreviewSurface"
                color3f inputs:diffuseColor = (0.7379104, 0.7835378, 0.80695224)
                color3f inputs:emissiveColor = (0.023153367, 0.02518686, 0.027320892)
                float inputs:metallic = 0
                float inputs:roughness = 0.4
                token outputs:surface
            }
        }

        def Material "TrayCompute"
        {
            token outputs:surface.connect = </GenericRack/Looks/TrayCompute/PreviewSurface.outputs:surface>

            def Shader "PreviewSurface"
            {
                custom string aidc:srgbDiffuse = "#34363a" (
                    doc = "sRGB hex from the parameter spec; diffuseColor holds the linear conversion"
                )
                uniform token info:id = "UsdPreviewSurface"
                color3f inputs:diffuseColor = (0.034339808, 0.03688945, 0.04231141)
                float inputs:metallic = 0.25
                float inputs:roughness = 0.6
                token outputs:surface
            }
        }

        def Material "PortCage"
        {
            token outputs:surface.connect = </GenericRack/Looks/PortCage/PreviewSurface.outputs:surface>

            def Shader "PreviewSurface"
            {
                custom string aidc:srgbDiffuse = "#18191b" (
                    doc = "sRGB hex from the parameter spec; diffuseColor holds the linear conversion"
                )
                uniform token info:id = "UsdPreviewSurface"
                color3f inputs:diffuseColor = (0.009134059, 0.009721218, 0.010960094)
                float inputs:metallic = 0.15
                float inputs:roughness = 0.7
                token outputs:surface
            }
        }

        def Material "TraySwitch"
        {
            token outputs:surface.connect = </GenericRack/Looks/TraySwitch/PreviewSurface.outputs:surface>

            def Shader "PreviewSurface"
            {
                custom string aidc:srgbDiffuse = "#3c3e42" (
                    doc = "sRGB hex from the parameter spec; diffuseColor holds the linear conversion"
                )
                uniform token info:id = "UsdPreviewSurface"
                color3f inputs:diffuseColor = (0.045186203, 0.048171826, 0.054480277)
                float inputs:metallic = 0.25
                float inputs:roughness = 0.6
                token outputs:surface
            }
        }

        def Material "TrayMgmt"
        {
            token outputs:surface.connect = </GenericRack/Looks/TrayMgmt/PreviewSurface.outputs:surface>

            def Shader "PreviewSurface"
            {
                custom string aidc:srgbDiffuse = "#2e3033" (
                    doc = "sRGB hex from the parameter spec; diffuseColor holds the linear conversion"
                )
                uniform token info:id = "UsdPreviewSurface"
                color3f inputs:diffuseColor = (0.027320892, 0.029556835, 0.033104766)
                float inputs:metallic = 0.2
                float inputs:roughness = 0.65
                token outputs:surface
            }
        }

        def Material "Busbar"
        {
            token outputs:surface.connect = </GenericRack/Looks/Busbar/PreviewSurface.outputs:surface>

            def Shader "PreviewSurface"
            {
                custom string aidc:srgbDiffuse = "#3b3d40" (
                    doc = "sRGB hex from the parameter spec; diffuseColor holds the linear conversion"
                )
                uniform token info:id = "UsdPreviewSurface"
                color3f inputs:diffuseColor = (0.04373503, 0.046665087, 0.051269457)
                float inputs:metallic = 0.55
                float inputs:roughness = 0.45
                token outputs:surface
            }
        }

        def Material "ManifoldSteel"
        {
            token outputs:surface.connect = </GenericRack/Looks/ManifoldSteel/PreviewSurface.outputs:surface>

            def Shader "PreviewSurface"
            {
                custom string aidc:srgbDiffuse = "#8d9296" (
                    doc = "sRGB hex from the parameter spec; diffuseColor holds the linear conversion"
                )
                uniform token info:id = "UsdPreviewSurface"
                color3f inputs:diffuseColor = (0.2663556, 0.28744084, 0.3049873)
                float inputs:metallic = 0.6
                float inputs:roughness = 0.35
                token outputs:surface
            }
        }

        def Material "Coupler"
        {
            token outputs:surface.connect = </GenericRack/Looks/Coupler/PreviewSurface.outputs:surface>

            def Shader "PreviewSurface"
            {
                custom string aidc:srgbDiffuse = "#3a3c3f" (
                    doc = "sRGB hex from the parameter spec; diffuseColor holds the linear conversion"
                )
                uniform token info:id = "UsdPreviewSurface"
                color3f inputs:diffuseColor = (0.04231141, 0.045186203, 0.049706567)
                float inputs:metallic = 0.3
                float inputs:roughness = 0.55
                token outputs:surface
            }
        }

        def Material "Marker"
        {
            token outputs:surface.connect = </GenericRack/Looks/Marker/PreviewSurface.outputs:surface>

            def Shader "PreviewSurface"
            {
                custom string aidc:srgbDiffuse = "#808080" (
                    doc = "sRGB hex from the parameter spec; diffuseColor holds the linear conversion"
                )
                uniform token info:id = "UsdPreviewSurface"
                color3f inputs:diffuseColor = (0.2158605, 0.2158605, 0.2158605)
                float inputs:metallic = 0
                float inputs:roughness = 1
                token outputs:surface
            }
        }
    }

    def Scope "Geometry"
    {
        def "Enclosure"
        {
            def Mesh "Plinth" (
                prepend apiSchemas = ["MaterialBindingAPI"]
            )
            {
                float3[] extent = [(-0.6, -0.3, 0), (0.6, 0.3, 0.06)]
                int[] faceVertexCounts = [4, 4, 4, 4, 4, 4]
                int[] faceVertexIndices = [0, 3, 2, 1, 4, 5, 6, 7, 0, 1, 5, 4, 2, 3, 7, 6, 1, 2, 6, 5, 3, 0, 4, 7]
                rel material:binding = </GenericRack/Looks/Plinth>
                uniform token orientation = "rightHanded"
                point3f[] points = [(-0.6, -0.3, 0), (0.6, -0.3, 0), (0.6, 0.3, 0), (-0.6, 0.3, 0), (-0.6, -0.3, 0.06), (0.6, -0.3, 0.06), (0.6, 0.3, 0.06), (-0.6, 0.3, 0.06)]
                uniform token subdivisionScheme = "none"
            }

            def Mesh "RackTop" (
                prepend apiSchemas = ["MaterialBindingAPI"]
            )
            {
                float3[] extent = [(-0.6, -0.3, 2.208), (0.6, 0.3, 2.3)]
                int[] faceVertexCounts = [4, 4, 4, 4, 4, 4]
                int[] faceVertexIndices = [0, 3, 2, 1, 4, 5, 6, 7, 0, 1, 5, 4, 2, 3, 7, 6, 1, 2, 6, 5, 3, 0, 4, 7]
                rel material:binding = </GenericRack/Looks/RackTop>
                uniform token orientation = "rightHanded"
                point3f[] points = [(-0.6, -0.3, 2.208), (0.6, -0.3, 2.208), (0.6, 0.3, 2.208), (-0.6, 0.3, 2.208), (-0.6, -0.3, 2.3), (0.6, -0.3, 2.3), (0.6, 0.3, 2.3), (-0.6, 0.3, 2.3)]
                uniform token subdivisionScheme = "none"
            }

            def Mesh "RackSide" (
                prepend apiSchemas = ["MaterialBindingAPI"]
            )
            {
                float3[] extent = [(-0.6, -0.3, 0.06), (0.6, 0.3, 2.208)]
                int[] faceVertexCounts = [4, 4, 4, 4, 4, 4, 4, 4, 4, 4, 4, 4]
                int[] faceVertexIndices = [0, 3, 2, 1, 4, 5, 6, 7, 0, 1, 5, 4, 2, 3, 7, 6, 1, 2, 6, 5, 3, 0, 4, 7, 8, 11, 10, 9, 12, 13, 14, 15, 8, 9, 13, 12, 10, 11, 15, 14, 9, 10, 14, 13, 11, 8, 12, 15]
                rel material:binding = </GenericRack/Looks/RackSide>
                uniform token orientation = "rightHanded"
                point3f[] points = [(-0.6, -0.3, 0.06), (0.6, -0.3, 0.06), (0.6, -0.28, 0.06), (-0.6, -0.28, 0.06), (-0.6, -0.3, 2.208), (0.6, -0.3, 2.208), (0.6, -0.28, 2.208), (-0.6, -0.28, 2.208), (-0.6, 0.28, 0.06), (0.6, 0.28, 0.06), (0.6, 0.3, 0.06), (-0.6, 0.3, 0.06), (-0.6, 0.28, 2.208), (0.6, 0.28, 2.208), (0.6, 0.3, 2.208), (-0.6, 0.3, 2.208)]
                uniform token subdivisionScheme = "none"
            }

            def Mesh "RackRail" (
                prepend apiSchemas = ["MaterialBindingAPI"]
            )
            {
                float3[] extent = [(0.515, -0.3, 0.06), (0.6, 0.3, 2.208)]
                int[] faceVertexCounts = [4, 4, 4, 4, 4, 4, 4, 4, 4, 4, 4, 4]
                int[] faceVertexIndices = [0, 3, 2, 1, 4, 5, 6, 7, 0, 1, 5, 4, 2, 3, 7, 6, 1, 2, 6, 5, 3, 0, 4, 7, 8, 11, 10, 9, 12, 13, 14, 15, 8, 9, 13, 12, 10, 11, 15, 14, 9, 10, 14, 13, 11, 8, 12, 15]
                rel material:binding = </GenericRack/Looks/RackRail>
                uniform token orientation = "rightHanded"
                point3f[] points = [(0.515, -0.3, 0.06), (0.6, -0.3, 0.06), (0.6, -0.2413, 0.06), (0.515, -0.2413, 0.06), (0.515, -0.3, 2.208), (0.6, -0.3, 2.208), (0.6, -0.2413, 2.208), (0.515, -0.2413, 2.208), (0.515, 0.2413, 0.06), (0.6, 0.2413, 0.06), (0.6, 0.3, 0.06), (0.515, 0.3, 0.06), (0.515, 0.2413, 2.208), (0.6, 0.2413, 2.208), (0.6, 0.3, 2.208), (0.515, 0.3, 2.208)]
                uniform token subdivisionScheme = "none"
            }

            def Mesh "RackFrame" (
                prepend apiSchemas = ["MaterialBindingAPI"]
            )
            {
                float3[] extent = [(-0.6, -0.3, 0.06), (0.6, 0.3, 2.208)]
                int[] faceVertexCounts = [4, 4, 4, 4, 4, 4, 4, 4, 4, 4, 4, 4, 4, 4, 4, 4, 4, 4, 4, 4, 4, 4, 4, 4, 4, 4, 4, 4, 4, 4, 4, 4, 4, 4, 4, 4]
                int[] faceVertexIndices = [0, 3, 2, 1, 4, 5, 6, 7, 0, 1, 5, 4, 2, 3, 7, 6, 1, 2, 6, 5, 3, 0, 4, 7, 8, 11, 10, 9, 12, 13, 14, 15, 8, 9, 13, 12, 10, 11, 15, 14, 9, 10, 14, 13, 11, 8, 12, 15, 16, 19, 18, 17, 20, 21, 22, 23, 16, 17, 21, 20, 18, 19, 23, 22, 17, 18, 22, 21, 19, 16, 20, 23, 24, 27, 26, 25, 28, 29, 30, 31, 24, 25, 29, 28, 26, 27, 31, 30, 25, 26, 30, 29, 27, 24, 28, 31, 32, 35, 34, 33, 36, 37, 38, 39, 32, 33, 37, 36, 34, 35, 39, 38, 33, 34, 38, 37, 35, 32, 36, 39, 40, 43, 42, 41, 44, 45, 46, 47, 40, 41, 45, 44, 42, 43, 47, 46, 41, 42, 46, 45, 43, 40, 44, 47]
                rel material:binding = </GenericRack/Looks/RackFrame>
                uniform token orientation = "rightHanded"
                point3f[] points = [(-0.6, -0.3, 0.06), (-0.56, -0.3, 0.06), (-0.56, -0.24, 0.06), (-0.6, -0.24, 0.06), (-0.6, -0.3, 2.208), (-0.56, -0.3, 2.208), (-0.56, -0.24, 2.208), (-0.6, -0.24, 2.208), (-0.6, 0.24, 0.06), (-0.56, 0.24, 0.06), (-0.56, 0.3, 0.06), (-0.6, 0.3, 0.06), (-0.6, 0.24, 2.208), (-0.56, 0.24, 2.208), (-0.56, 0.3, 2.208), (-0.6, 0.3, 2.208), (0.545, -0.2413, 2.2008), (0.6, -0.2413, 2.2008), (0.6, 0.2413, 2.2008), (0.545, 0.2413, 2.2008), (0.545, -0.2413, 2.208), (0.6, -0.2413, 2.208), (0.6, 0.2413, 2.208), (0.545, 0.2413, 2.208), (0.545, -0.2413, 0.06), (0.6, -0.2413, 0.06), (0.6, 0.2413, 0.06), (0.545, 0.2413, 0.06), (0.545, -0.2413, 0.0672), (0.6, -0.2413, 0.0672), (0.6, 0.2413, 0.0672), (0.545, 0.2413, 0.0672), (-0.6, -0.28, 2.168), (-0.56, -0.28, 2.168), (-0.56, 0.28, 2.168), (-0.6, 0.28, 2.168), (-0.6, -0.28, 2.208), (-0.56, -0.28, 2.208), (-0.56, 0.28, 2.208), (-0.6, 0.28, 2.208), (-0.6, -0.28, 0.06), (-0.56, -0.28, 0.06), (-0.56, 0.28, 0.06), (-0.6, 0.28, 0.06), (-0.6, -0.28, 0.1), (-0.56, -0.28, 0.1), (-0.56, 0.28, 0.1), (-0.6, 0.28, 0.1)]
                uniform token subdivisionScheme = "none"
            }

            def Mesh "Bulkhead" (
                prepend apiSchemas = ["MaterialBindingAPI"]
            )
            {
                float3[] extent = [(-0.48, -0.285, 0.06), (0.528, 0.285, 2.208)]
                int[] faceVertexCounts = [4, 4, 4, 4, 4, 4, 4, 4, 4, 4, 4, 4]
                int[] faceVertexIndices = [0, 3, 2, 1, 4, 5, 6, 7, 0, 1, 5, 4, 2, 3, 7, 6, 1, 2, 6, 5, 3, 0, 4, 7, 8, 11, 10, 9, 12, 13, 14, 15, 8, 9, 13, 12, 10, 11, 15, 14, 9, 10, 14, 13, 11, 8, 12, 15]
                rel material:binding = </GenericRack/Looks/Bulkhead>
                uniform token orientation = "rightHanded"
                point3f[] points = [(0.518, -0.285, 0.06), (0.528, -0.285, 0.06), (0.528, 0.285, 0.06), (0.518, 0.285, 0.06), (0.518, -0.285, 2.208), (0.528, -0.285, 2.208), (0.528, 0.285, 2.208), (0.518, 0.285, 2.208), (-0.48, -0.285, 0.06), (-0.47, -0.285, 0.06), (-0.47, 0.285, 0.06), (-0.48, 0.285, 0.06), (-0.48, -0.285, 2.208), (-0.47, -0.285, 2.208), (-0.47, 0.285, 2.208), (-0.48, 0.285, 2.208)]
                uniform token subdivisionScheme = "none"
            }
        }

        def "Bands"
        {
            def "stiffener_01"
            {
                def Mesh "Stiffener" (
                    prepend apiSchemas = ["MaterialBindingAPI"]
                )
                {
                    float3[] extent = [(0.53, -0.2403, 0.06795), (0.545, 0.2403, 0.15535)]
                    int[] faceVertexCounts = [4, 4, 4, 4, 4, 4]
                    int[] faceVertexIndices = [0, 3, 2, 1, 4, 5, 6, 7, 0, 1, 5, 4, 2, 3, 7, 6, 1, 2, 6, 5, 3, 0, 4, 7]
                    rel material:binding = </GenericRack/Looks/Stiffener>
                    uniform token orientation = "rightHanded"
                    point3f[] points = [(0.53, -0.2403, 0.06795), (0.545, -0.2403, 0.06795), (0.545, 0.2403, 0.06795), (0.53, 0.2403, 0.06795), (0.53, -0.2403, 0.15535), (0.545, -0.2403, 0.15535), (0.545, 0.2403, 0.15535), (0.53, 0.2403, 0.15535)]
                    uniform token subdivisionScheme = "none"
                }

                def Mesh "VentDark" (
                    prepend apiSchemas = ["MaterialBindingAPI"]
                )
                {
                    float3[] extent = [(0.545, -0.21717, 0.10965), (0.546, 0.21717, 0.11365)]
                    int[] faceVertexCounts = [4, 4, 4, 4, 4, 4]
                    int[] faceVertexIndices = [0, 3, 2, 1, 4, 5, 6, 7, 0, 1, 5, 4, 2, 3, 7, 6, 1, 2, 6, 5, 3, 0, 4, 7]
                    rel material:binding = </GenericRack/Looks/VentDark>
                    uniform token orientation = "rightHanded"
                    point3f[] points = [(0.545, -0.21717, 0.10965), (0.546, -0.21717, 0.10965), (0.546, 0.21717, 0.10965), (0.545, 0.21717, 0.10965), (0.545, -0.21717, 0.11365), (0.546, -0.21717, 0.11365), (0.546, 0.21717, 0.11365), (0.545, 0.21717, 0.11365)]
                    uniform token subdivisionScheme = "none"
                }
            }

            def "blank_03"
            {
                def Mesh "TrayBlank" (
                    prepend apiSchemas = ["MaterialBindingAPI"]
                )
                {
                    float3[] extent = [(0.53, -0.2403, 0.15685), (0.545, 0.2403, 0.24425)]
                    int[] faceVertexCounts = [4, 4, 4, 4, 4, 4]
                    int[] faceVertexIndices = [0, 3, 2, 1, 4, 5, 6, 7, 0, 1, 5, 4, 2, 3, 7, 6, 1, 2, 6, 5, 3, 0, 4, 7]
                    rel material:binding = </GenericRack/Looks/TrayBlank>
                    uniform token orientation = "rightHanded"
                    point3f[] points = [(0.53, -0.2403, 0.15685), (0.545, -0.2403, 0.15685), (0.545, 0.2403, 0.15685), (0.53, 0.2403, 0.15685), (0.53, -0.2403, 0.24425), (0.545, -0.2403, 0.24425), (0.545, 0.2403, 0.24425), (0.53, 0.2403, 0.24425)]
                    uniform token subdivisionScheme = "none"
                }
            }

            def "power_05"
            {
                def Mesh "TrayPower" (
                    prepend apiSchemas = ["MaterialBindingAPI"]
                )
                {
                    float3[] extent = [(0.53, -0.2403, 0.24575), (0.545, 0.2403, 0.2887)]
                    int[] faceVertexCounts = [4, 4, 4, 4, 4, 4]
                    int[] faceVertexIndices = [0, 3, 2, 1, 4, 5, 6, 7, 0, 1, 5, 4, 2, 3, 7, 6, 1, 2, 6, 5, 3, 0, 4, 7]
                    rel material:binding = </GenericRack/Looks/TrayPower>
                    uniform token orientation = "rightHanded"
                    point3f[] points = [(0.53, -0.2403, 0.24575), (0.545, -0.2403, 0.24575), (0.545, 0.2403, 0.24575), (0.53, 0.2403, 0.24575), (0.53, -0.2403, 0.2887), (0.545, -0.2403, 0.2887), (0.545, 0.2403, 0.2887), (0.53, 0.2403, 0.2887)]
                    uniform token subdivisionScheme = "none"
                }

                def Mesh "VentDark" (
                    prepend apiSchemas = ["MaterialBindingAPI"]
                )
                {
                    float3[] extent = [(0.545, -0.1627, 0.2478975), (0.546, 0.1607, 0.2865525)]
                    int[] faceVertexCounts = [4, 4, 4, 4, 4, 4, 4, 4, 4, 4, 4, 4, 4, 4, 4, 4, 4, 4, 4, 4, 4, 4, 4, 4, 4, 4, 4, 4, 4, 4]
                    int[] faceVertexIndices = [0, 3, 2, 1, 4, 5, 6, 7, 0, 1, 5, 4, 2, 3, 7, 6, 1, 2, 6, 5, 3, 0, 4, 7, 8, 11, 10, 9, 12, 13, 14, 15, 8, 9, 13, 12, 10, 11, 15, 14, 9, 10, 14, 13, 11, 8, 12, 15, 16, 19, 18, 17, 20, 21, 22, 23, 16, 17, 21, 20, 18, 19, 23, 22, 17, 18, 22, 21, 19, 16, 20, 23, 24, 27, 26, 25, 28, 29, 30, 31, 24, 25, 29, 28, 26, 27, 31, 30, 25, 26, 30, 29, 27, 24, 28, 31, 32, 35, 34, 33, 36, 37, 38, 39, 32, 33, 37, 36, 34, 35, 39, 38, 33, 34, 38, 37, 35, 32, 36, 39]
                    rel material:binding = </GenericRack/Looks/VentDark>
                    uniform token orientation = "rightHanded"
                    point3f[] points = [(0.545, -0.1627, 0.2478975), (0.546, -0.1627, 0.2478975), (0.546, -0.1597, 0.2478975), (0.545, -0.1597, 0.2478975), (0.545, -0.1627, 0.2865525), (0.546, -0.1627, 0.2865525), (0.546, -0.1597, 0.2865525), (0.545, -0.1597, 0.2865525), (0.545, -0.0826, 0.2478975), (0.546, -0.0826, 0.2478975), (0.546, -0.0796, 0.2478975), (0.545, -0.0796, 0.2478975), (0.545, -0.0826, 0.2865525), (0.546, -0.0826, 0.2865525), (0.546, -0.0796, 0.2865525), (0.545, -0.0796, 0.2865525), (0.545, -0.0025, 0.2478975), (0.546, -0.0025, 0.2478975), (0.546, 0.0005, 0.2478975), (0.545, 0.0005, 0.2478975), (0.545, -0.0025, 0.2865525), (0.546, -0.0025, 0.2865525), (0.546, 0.0005, 0.2865525), (0.545, 0.0005, 0.2865525), (0.545, 0.0776, 0.2478975), (0.546, 0.0776, 0.2478975), (0.546, 0.0806, 0.2478975), (0.545, 0.0806, 0.2478975), (0.545, 0.0776, 0.2865525), (0.546, 0.0776, 0.2865525), (0.546, 0.0806, 0.2865525), (0.545, 0.0806, 0.2865525), (0.545, 0.1577, 0.2478975), (0.546, 0.1577, 0.2478975), (0.546, 0.1607, 0.2478975), (0.545, 0.1607, 0.2478975), (0.545, 0.1577, 0.2865525), (0.546, 0.1577, 0.2865525), (0.546, 0.1607, 0.2865525), (0.545, 0.1607, 0.2865525)]
                    uniform token subdivisionScheme = "none"
                }

                def Mesh "Handle" (
                    prepend apiSchemas = ["MaterialBindingAPI"]
                )
                {
                    float3[] extent = [(0.545, -0.2192725, 0.255635), (0.553, 0.2172725, 0.261635)]
                    int[] faceVertexCounts = [4, 4, 4, 4, 4, 4, 4, 4, 4, 4, 4, 4, 4, 4, 4, 4, 4, 4, 4, 4, 4, 4, 4, 4, 4, 4, 4, 4, 4, 4, 4, 4, 4, 4, 4, 4]
                    int[] faceVertexIndices = [0, 3, 2, 1, 4, 5, 6, 7, 0, 1, 5, 4, 2, 3, 7, 6, 1, 2, 6, 5, 3, 0, 4, 7, 8, 11, 10, 9, 12, 13, 14, 15, 8, 9, 13, 12, 10, 11, 15, 14, 9, 10, 14, 13, 11, 8, 12, 15, 16, 19, 18, 17, 20, 21, 22, 23, 16, 17, 21, 20, 18, 19, 23, 22, 17, 18, 22, 21, 19, 16, 20, 23, 24, 27, 26, 25, 28, 29, 30, 31, 24, 25, 29, 28, 26, 27, 31, 30, 25, 26, 30, 29, 27, 24, 28, 31, 32, 35, 34, 33, 36, 37, 38, 39, 32, 33, 37, 36, 34, 35, 39, 38, 33, 34, 38, 37, 35, 32, 36, 39, 40, 43, 42, 41, 44, 45, 46, 47, 40, 41, 45, 44, 42, 43, 47, 46, 41, 42, 46, 45, 43, 40, 44, 47]
                    rel material:binding = </GenericRack/Looks/Handle>
                    uniform token orientation = "rightHanded"
                    point3f[] points = [(0.545, -0.2192725, 0.255635), (0.553, -0.2192725, 0.255635), (0.553, -0.1832275, 0.255635), (0.545, -0.1832275, 0.255635), (0.545, -0.2192725, 0.261635), (0.553, -0.2192725, 0.261635), (0.553, -0.1832275, 0.261635), (0.545, -0.1832275, 0.261635), (0.545, -0.1391725, 0.255635), (0.553, -0.1391725, 0.255635), (0.553, -0.1031275, 0.255635), (0.545, -0.1031275, 0.255635), (0.545, -0.1391725, 0.261635), (0.553, -0.1391725, 0.261635), (0.553, -0.1031275, 0.261635), (0.545, -0.1031275, 0.261635), (0.545, -0.0590725, 0.255635), (0.553, -0.0590725, 0.255635), (0.553, -0.0230275, 0.255635), (0.545, -0.0230275, 0.255635), (0.545, -0.0590725, 0.261635), (0.553, -0.0590725, 0.261635), (0.553, -0.0230275, 0.261635), (0.545, -0.0230275, 0.261635), (0.545, 0.0210275, 0.255635), (0.553, 0.0210275, 0.255635), (0.553, 0.0570725, 0.255635), (0.545, 0.0570725, 0.255635), (0.545, 0.0210275, 0.261635), (0.553, 0.0210275, 0.261635), (0.553, 0.0570725, 0.261635), (0.545, 0.0570725, 0.261635), (0.545, 0.1011275, 0.255635), (0.553, 0.1011275, 0.255635), (0.553, 0.1371725, 0.255635), (0.545, 0.1371725, 0.255635), (0.545, 0.1011275, 0.261635), (0.553, 0.1011275, 0.261635), (0.553, 0.1371725, 0.261635), (0.545, 0.1371725, 0.261635), (0.545, 0.1812275, 0.255635), (0.553, 0.1812275, 0.255635), (0.553, 0.2172725, 0.255635), (0.545, 0.2172725, 0.255635), (0.545, 0.1812275, 0.261635), (0.553, 0.1812275, 0.261635), (0.553, 0.2172725, 0.261635), (0.545, 0.2172725, 0.261635)]
                    uniform token subdivisionScheme = "none"
                }

                def Mesh "StatusLamp" (
                    prepend apiSchemas = ["MaterialBindingAPI"]
                )
                {
                    float3[] extent = [(0.545, -0.178118, 0.274674), (0.547, 0.227382, 0.278674)]
                    int[] faceVertexCounts = [4, 4, 4, 4, 4, 4, 4, 4, 4, 4, 4, 4, 4, 4, 4, 4, 4, 4, 4, 4, 4, 4, 4, 4, 4, 4, 4, 4, 4, 4, 4, 4, 4, 4, 4, 4]
                    int[] faceVertexIndices = [0, 3, 2, 1, 4, 5, 6, 7, 0, 1, 5, 4, 2, 3, 7, 6, 1, 2, 6, 5, 3, 0, 4, 7, 8, 11, 10, 9, 12, 13, 14, 15, 8, 9, 13, 12, 10, 11, 15, 14, 9, 10, 14, 13, 11, 8, 12, 15, 16, 19, 18, 17, 20, 21, 22, 23, 16, 17, 21, 20, 18, 19, 23, 22, 17, 18, 22, 21, 19, 16, 20, 23, 24, 27, 26, 25, 28, 29, 30, 31, 24, 25, 29, 28, 26, 27, 31, 30, 25, 26, 30, 29, 27, 24, 28, 31, 32, 35, 34, 33, 36, 37, 38, 39, 32, 33, 37, 36, 34, 35, 39, 38, 33, 34, 38, 37, 35, 32, 36, 39, 40, 43, 42, 41, 44, 45, 46, 47, 40, 41, 45, 44, 42, 43, 47, 46, 41, 42, 46, 45, 43, 40, 44, 47]
                    rel material:binding = </GenericRack/Looks/StatusLamp>
                    uniform token orientation = "rightHanded"
                    point3f[] points = [(0.545, -0.178118, 0.274674), (0.547, -0.178118, 0.274674), (0.547, -0.173118, 0.274674), (0.545, -0.173118, 0.274674), (0.545, -0.178118, 0.278674), (0.547, -0.178118, 0.278674), (0.547, -0.173118, 0.278674), (0.545, -0.173118, 0.278674), (0.545, -0.098018, 0.274674), (0.547, -0.098018, 0.274674), (0.547, -0.093018, 0.274674), (0.545, -0.093018, 0.274674), (0.545, -0.098018, 0.278674), (0.547, -0.098018, 0.278674), (0.547, -0.093018, 0.278674), (0.545, -0.093018, 0.278674), (0.545, -0.017918, 0.274674), (0.547, -0.017918, 0.274674), (0.547, -0.012918, 0.274674), (0.545, -0.012918, 0.274674), (0.545, -0.017918, 0.278674), (0.547, -0.017918, 0.278674), (0.547, -0.012918, 0.278674), (0.545, -0.012918, 0.278674), (0.545, 0.062182, 0.274674), (0.547, 0.062182, 0.274674), (0.547, 0.067182, 0.274674), (0.545, 0.067182, 0.274674), (0.545, 0.062182, 0.278674), (0.547, 0.062182, 0.278674), (0.547, 0.067182, 0.278674), (0.545, 0.067182, 0.278674), (0.545, 0.142282, 0.274674), (0.547, 0.142282, 0.274674), (0.547, 0.147282, 0.274674), (0.545, 0.147282, 0.274674), (0.545, 0.142282, 0.278674), (0.547, 0.142282, 0.278674), (0.547, 0.147282, 0.278674), (0.545, 0.147282, 0.278674), (0.545, 0.222382, 0.274674), (0.547, 0.222382, 0.274674), (0.547, 0.227382, 0.274674), (0.545, 0.227382, 0.274674), (0.545, 0.222382, 0.278674), (0.547, 0.222382, 0.278674), (0.547, 0.227382, 0.278674), (0.545, 0.227382, 0.278674)]
                    uniform token subdivisionScheme = "none"
                }
            }

            def "power_06"
            {
                def Mesh "TrayPower" (
                    prepend apiSchemas = ["MaterialBindingAPI"]
                )
                {
                    float3[] extent = [(0.53, -0.2403, 0.2902), (0.545, 0.2403, 0.33315)]
                    int[] faceVertexCounts = [4, 4, 4, 4, 4, 4]
                    int[] faceVertexIndices = [0, 3, 2, 1, 4, 5, 6, 7, 0, 1, 5, 4, 2, 3, 7, 6, 1, 2, 6, 5, 3, 0, 4, 7]
                    rel material:binding = </GenericRack/Looks/TrayPower>
                    uniform token orientation = "rightHanded"
                    point3f[] points = [(0.53, -0.2403, 0.2902), (0.545, -0.2403, 0.2902), (0.545, 0.2403, 0.2902), (0.53, 0.2403, 0.2902), (0.53, -0.2403, 0.33315), (0.545, -0.2403, 0.33315), (0.545, 0.2403, 0.33315), (0.53, 0.2403, 0.33315)]
                    uniform token subdivisionScheme = "none"
                }

                def Mesh "VentDark" (
                    prepend apiSchemas = ["MaterialBindingAPI"]
                )
                {
                    float3[] extent = [(0.545, -0.1627, 0.2923475), (0.546, 0.1607, 0.3310025)]
                    int[] faceVertexCounts = [4, 4, 4, 4, 4, 4, 4, 4, 4, 4, 4, 4, 4, 4, 4, 4, 4, 4, 4, 4, 4, 4, 4, 4, 4, 4, 4, 4, 4, 4]
                    int[] faceVertexIndices = [0, 3, 2, 1, 4, 5, 6, 7, 0, 1, 5, 4, 2, 3, 7, 6, 1, 2, 6, 5, 3, 0, 4, 7, 8, 11, 10, 9, 12, 13, 14, 15, 8, 9, 13, 12, 10, 11, 15, 14, 9, 10, 14, 13, 11, 8, 12, 15, 16, 19, 18, 17, 20, 21, 22, 23, 16, 17, 21, 20, 18, 19, 23, 22, 17, 18, 22, 21, 19, 16, 20, 23, 24, 27, 26, 25, 28, 29, 30, 31, 24, 25, 29, 28, 26, 27, 31, 30, 25, 26, 30, 29, 27, 24, 28, 31, 32, 35, 34, 33, 36, 37, 38, 39, 32, 33, 37, 36, 34, 35, 39, 38, 33, 34, 38, 37, 35, 32, 36, 39]
                    rel material:binding = </GenericRack/Looks/VentDark>
                    uniform token orientation = "rightHanded"
                    point3f[] points = [(0.545, -0.1627, 0.2923475), (0.546, -0.1627, 0.2923475), (0.546, -0.1597, 0.2923475), (0.545, -0.1597, 0.2923475), (0.545, -0.1627, 0.3310025), (0.546, -0.1627, 0.3310025), (0.546, -0.1597, 0.3310025), (0.545, -0.1597, 0.3310025), (0.545, -0.0826, 0.2923475), (0.546, -0.0826, 0.2923475), (0.546, -0.0796, 0.2923475), (0.545, -0.0796, 0.2923475), (0.545, -0.0826, 0.3310025), (0.546, -0.0826, 0.3310025), (0.546, -0.0796, 0.3310025), (0.545, -0.0796, 0.3310025), (0.545, -0.0025, 0.2923475), (0.546, -0.0025, 0.2923475), (0.546, 0.0005, 0.2923475), (0.545, 0.0005, 0.2923475), (0.545, -0.0025, 0.3310025), (0.546, -0.0025, 0.3310025), (0.546, 0.0005, 0.3310025), (0.545, 0.0005, 0.3310025), (0.545, 0.0776, 0.2923475), (0.546, 0.0776, 0.2923475), (0.546, 0.0806, 0.2923475), (0.545, 0.0806, 0.2923475), (0.545, 0.0776, 0.3310025), (0.546, 0.0776, 0.3310025), (0.546, 0.0806, 0.3310025), (0.545, 0.0806, 0.3310025), (0.545, 0.1577, 0.2923475), (0.546, 0.1577, 0.2923475), (0.546, 0.1607, 0.2923475), (0.545, 0.1607, 0.2923475), (0.545, 0.1577, 0.3310025), (0.546, 0.1577, 0.3310025), (0.546, 0.1607, 0.3310025), (0.545, 0.1607, 0.3310025)]
                    uniform token subdivisionScheme = "none"
                }

                def Mesh "Handle" (
                    prepend apiSchemas = ["MaterialBindingAPI"]
                )
                {
                    float3[] extent = [(0.545, -0.2192725, 0.300085), (0.553, 0.2172725, 0.306085)]
                    int[] faceVertexCounts = [4, 4, 4, 4, 4, 4, 4, 4, 4, 4, 4, 4, 4, 4, 4, 4, 4, 4, 4, 4, 4, 4, 4, 4, 4, 4, 4, 4, 4, 4, 4, 4, 4, 4, 4, 4]
                    int[] faceVertexIndices = [0, 3, 2, 1, 4, 5, 6, 7, 0, 1, 5, 4, 2, 3, 7, 6, 1, 2, 6, 5, 3, 0, 4, 7, 8, 11, 10, 9, 12, 13, 14, 15, 8, 9, 13, 12, 10, 11, 15, 14, 9, 10, 14, 13, 11, 8, 12, 15, 16, 19, 18, 17, 20, 21, 22, 23, 16, 17, 21, 20, 18, 19, 23, 22, 17, 18, 22, 21, 19, 16, 20, 23, 24, 27, 26, 25, 28, 29, 30, 31, 24, 25, 29, 28, 26, 27, 31, 30, 25, 26, 30, 29, 27, 24, 28, 31, 32, 35, 34, 33, 36, 37, 38, 39, 32, 33, 37, 36, 34, 35, 39, 38, 33, 34, 38, 37, 35, 32, 36, 39, 40, 43, 42, 41, 44, 45, 46, 47, 40, 41, 45, 44, 42, 43, 47, 46, 41, 42, 46, 45, 43, 40, 44, 47]
                    rel material:binding = </GenericRack/Looks/Handle>
                    uniform token orientation = "rightHanded"
                    point3f[] points = [(0.545, -0.2192725, 0.300085), (0.553, -0.2192725, 0.300085), (0.553, -0.1832275, 0.300085), (0.545, -0.1832275, 0.300085), (0.545, -0.2192725, 0.306085), (0.553, -0.2192725, 0.306085), (0.553, -0.1832275, 0.306085), (0.545, -0.1832275, 0.306085), (0.545, -0.1391725, 0.300085), (0.553, -0.1391725, 0.300085), (0.553, -0.1031275, 0.300085), (0.545, -0.1031275, 0.300085), (0.545, -0.1391725, 0.306085), (0.553, -0.1391725, 0.306085), (0.553, -0.1031275, 0.306085), (0.545, -0.1031275, 0.306085), (0.545, -0.0590725, 0.300085), (0.553, -0.0590725, 0.300085), (0.553, -0.0230275, 0.300085), (0.545, -0.0230275, 0.300085), (0.545, -0.0590725, 0.306085), (0.553, -0.0590725, 0.306085), (0.553, -0.0230275, 0.306085), (0.545, -0.0230275, 0.306085), (0.545, 0.0210275, 0.300085), (0.553, 0.0210275, 0.300085), (0.553, 0.0570725, 0.300085), (0.545, 0.0570725, 0.300085), (0.545, 0.0210275, 0.306085), (0.553, 0.0210275, 0.306085), (0.553, 0.0570725, 0.306085), (0.545, 0.0570725, 0.306085), (0.545, 0.1011275, 0.300085), (0.553, 0.1011275, 0.300085), (0.553, 0.1371725, 0.300085), (0.545, 0.1371725, 0.300085), (0.545, 0.1011275, 0.306085), (0.553, 0.1011275, 0.306085), (0.553, 0.1371725, 0.306085), (0.545, 0.1371725, 0.306085), (0.545, 0.1812275, 0.300085), (0.553, 0.1812275, 0.300085), (0.553, 0.2172725, 0.300085), (0.545, 0.2172725, 0.300085), (0.545, 0.1812275, 0.306085), (0.553, 0.1812275, 0.306085), (0.553, 0.2172725, 0.306085), (0.545, 0.2172725, 0.306085)]
                    uniform token subdivisionScheme = "none"
                }

                def Mesh "StatusLamp" (
                    prepend apiSchemas = ["MaterialBindingAPI"]
                )
                {
                    float3[] extent = [(0.545, -0.178118, 0.319124), (0.547, 0.227382, 0.323124)]
                    int[] faceVertexCounts = [4, 4, 4, 4, 4, 4, 4, 4, 4, 4, 4, 4, 4, 4, 4, 4, 4, 4, 4, 4, 4, 4, 4, 4, 4, 4, 4, 4, 4, 4, 4, 4, 4, 4, 4, 4]
                    int[] faceVertexIndices = [0, 3, 2, 1, 4, 5, 6, 7, 0, 1, 5, 4, 2, 3, 7, 6, 1, 2, 6, 5, 3, 0, 4, 7, 8, 11, 10, 9, 12, 13, 14, 15, 8, 9, 13, 12, 10, 11, 15, 14, 9, 10, 14, 13, 11, 8, 12, 15, 16, 19, 18, 17, 20, 21, 22, 23, 16, 17, 21, 20, 18, 19, 23, 22, 17, 18, 22, 21, 19, 16, 20, 23, 24, 27, 26, 25, 28, 29, 30, 31, 24, 25, 29, 28, 26, 27, 31, 30, 25, 26, 30, 29, 27, 24, 28, 31, 32, 35, 34, 33, 36, 37, 38, 39, 32, 33, 37, 36, 34, 35, 39, 38, 33, 34, 38, 37, 35, 32, 36, 39, 40, 43, 42, 41, 44, 45, 46, 47, 40, 41, 45, 44, 42, 43, 47, 46, 41, 42, 46, 45, 43, 40, 44, 47]
                    rel material:binding = </GenericRack/Looks/StatusLamp>
                    uniform token orientation = "rightHanded"
                    point3f[] points = [(0.545, -0.178118, 0.319124), (0.547, -0.178118, 0.319124), (0.547, -0.173118, 0.319124), (0.545, -0.173118, 0.319124), (0.545, -0.178118, 0.323124), (0.547, -0.178118, 0.323124), (0.547, -0.173118, 0.323124), (0.545, -0.173118, 0.323124), (0.545, -0.098018, 0.319124), (0.547, -0.098018, 0.319124), (0.547, -0.093018, 0.319124), (0.545, -0.093018, 0.319124), (0.545, -0.098018, 0.323124), (0.547, -0.098018, 0.323124), (0.547, -0.093018, 0.323124), (0.545, -0.093018, 0.323124), (0.545, -0.017918, 0.319124), (0.547, -0.017918, 0.319124), (0.547, -0.012918, 0.319124), (0.545, -0.012918, 0.319124), (0.545, -0.017918, 0.323124), (0.547, -0.017918, 0.323124), (0.547, -0.012918, 0.323124), (0.545, -0.012918, 0.323124), (0.545, 0.062182, 0.319124), (0.547, 0.062182, 0.319124), (0.547, 0.067182, 0.319124), (0.545, 0.067182, 0.319124), (0.545, 0.062182, 0.323124), (0.547, 0.062182, 0.323124), (0.547, 0.067182, 0.323124), (0.545, 0.067182, 0.323124), (0.545, 0.142282, 0.319124), (0.547, 0.142282, 0.319124), (0.547, 0.147282, 0.319124), (0.545, 0.147282, 0.319124), (0.545, 0.142282, 0.323124), (0.547, 0.142282, 0.323124), (0.547, 0.147282, 0.323124), (0.545, 0.147282, 0.323124), (0.545, 0.222382, 0.319124), (0.547, 0.222382, 0.319124), (0.547, 0.227382, 0.319124), (0.545, 0.227382, 0.319124), (0.545, 0.222382, 0.323124), (0.547, 0.222382, 0.323124), (0.547, 0.227382, 0.323124), (0.545, 0.227382, 0.323124)]
                    uniform token subdivisionScheme = "none"
                }
            }

            def "power_07"
            {
                def Mesh "TrayPower" (
                    prepend apiSchemas = ["MaterialBindingAPI"]
                )
                {
                    float3[] extent = [(0.53, -0.2403, 0.33465), (0.545, 0.2403, 0.3776)]
                    int[] faceVertexCounts = [4, 4, 4, 4, 4, 4]
                    int[] faceVertexIndices = [0, 3, 2, 1, 4, 5, 6, 7, 0, 1, 5, 4, 2, 3, 7, 6, 1, 2, 6, 5, 3, 0, 4, 7]
                    rel material:binding = </GenericRack/Looks/TrayPower>
                    uniform token orientation = "rightHanded"
                    point3f[] points = [(0.53, -0.2403, 0.33465), (0.545, -0.2403, 0.33465), (0.545, 0.2403, 0.33465), (0.53, 0.2403, 0.33465), (0.53, -0.2403, 0.3776), (0.545, -0.2403, 0.3776), (0.545, 0.2403, 0.3776), (0.53, 0.2403, 0.3776)]
                    uniform token subdivisionScheme = "none"
                }

                def Mesh "VentDark" (
                    prepend apiSchemas = ["MaterialBindingAPI"]
                )
                {
                    float3[] extent = [(0.545, -0.1627, 0.3367975), (0.546, 0.1607, 0.3754525)]
                    int[] faceVertexCounts = [4, 4, 4, 4, 4, 4, 4, 4, 4, 4, 4, 4, 4, 4, 4, 4, 4, 4, 4, 4, 4, 4, 4, 4, 4, 4, 4, 4, 4, 4]
                    int[] faceVertexIndices = [0, 3, 2, 1, 4, 5, 6, 7, 0, 1, 5, 4, 2, 3, 7, 6, 1, 2, 6, 5, 3, 0, 4, 7, 8, 11, 10, 9, 12, 13, 14, 15, 8, 9, 13, 12, 10, 11, 15, 14, 9, 10, 14, 13, 11, 8, 12, 15, 16, 19, 18, 17, 20, 21, 22, 23, 16, 17, 21, 20, 18, 19, 23, 22, 17, 18, 22, 21, 19, 16, 20, 23, 24, 27, 26, 25, 28, 29, 30, 31, 24, 25, 29, 28, 26, 27, 31, 30, 25, 26, 30, 29, 27, 24, 28, 31, 32, 35, 34, 33, 36, 37, 38, 39, 32, 33, 37, 36, 34, 35, 39, 38, 33, 34, 38, 37, 35, 32, 36, 39]
                    rel material:binding = </GenericRack/Looks/VentDark>
                    uniform token orientation = "rightHanded"
                    point3f[] points = [(0.545, -0.1627, 0.3367975), (0.546, -0.1627, 0.3367975), (0.546, -0.1597, 0.3367975), (0.545, -0.1597, 0.3367975), (0.545, -0.1627, 0.3754525), (0.546, -0.1627, 0.3754525), (0.546, -0.1597, 0.3754525), (0.545, -0.1597, 0.3754525), (0.545, -0.0826, 0.3367975), (0.546, -0.0826, 0.3367975), (0.546, -0.0796, 0.3367975), (0.545, -0.0796, 0.3367975), (0.545, -0.0826, 0.3754525), (0.546, -0.0826, 0.3754525), (0.546, -0.0796, 0.3754525), (0.545, -0.0796, 0.3754525), (0.545, -0.0025, 0.3367975), (0.546, -0.0025, 0.3367975), (0.546, 0.0005, 0.3367975), (0.545, 0.0005, 0.3367975), (0.545, -0.0025, 0.3754525), (0.546, -0.0025, 0.3754525), (0.546, 0.0005, 0.3754525), (0.545, 0.0005, 0.3754525), (0.545, 0.0776, 0.3367975), (0.546, 0.0776, 0.3367975), (0.546, 0.0806, 0.3367975), (0.545, 0.0806, 0.3367975), (0.545, 0.0776, 0.3754525), (0.546, 0.0776, 0.3754525), (0.546, 0.0806, 0.3754525), (0.545, 0.0806, 0.3754525), (0.545, 0.1577, 0.3367975), (0.546, 0.1577, 0.3367975), (0.546, 0.1607, 0.3367975), (0.545, 0.1607, 0.3367975), (0.545, 0.1577, 0.3754525), (0.546, 0.1577, 0.3754525), (0.546, 0.1607, 0.3754525), (0.545, 0.1607, 0.3754525)]
                    uniform token subdivisionScheme = "none"
                }

                def Mesh "Handle" (
                    prepend apiSchemas = ["MaterialBindingAPI"]
                )
                {
                    float3[] extent = [(0.545, -0.2192725, 0.344535), (0.553, 0.2172725, 0.350535)]
                    int[] faceVertexCounts = [4, 4, 4, 4, 4, 4, 4, 4, 4, 4, 4, 4, 4, 4, 4, 4, 4, 4, 4, 4, 4, 4, 4, 4, 4, 4, 4, 4, 4, 4, 4, 4, 4, 4, 4, 4]
                    int[] faceVertexIndices = [0, 3, 2, 1, 4, 5, 6, 7, 0, 1, 5, 4, 2, 3, 7, 6, 1, 2, 6, 5, 3, 0, 4, 7, 8, 11, 10, 9, 12, 13, 14, 15, 8, 9, 13, 12, 10, 11, 15, 14, 9, 10, 14, 13, 11, 8, 12, 15, 16, 19, 18, 17, 20, 21, 22, 23, 16, 17, 21, 20, 18, 19, 23, 22, 17, 18, 22, 21, 19, 16, 20, 23, 24, 27, 26, 25, 28, 29, 30, 31, 24, 25, 29, 28, 26, 27, 31, 30, 25, 26, 30, 29, 27, 24, 28, 31, 32, 35, 34, 33, 36, 37, 38, 39, 32, 33, 37, 36, 34, 35, 39, 38, 33, 34, 38, 37, 35, 32, 36, 39, 40, 43, 42, 41, 44, 45, 46, 47, 40, 41, 45, 44, 42, 43, 47, 46, 41, 42, 46, 45, 43, 40, 44, 47]
                    rel material:binding = </GenericRack/Looks/Handle>
                    uniform token orientation = "rightHanded"
                    point3f[] points = [(0.545, -0.2192725, 0.344535), (0.553, -0.2192725, 0.344535), (0.553, -0.1832275, 0.344535), (0.545, -0.1832275, 0.344535), (0.545, -0.2192725, 0.350535), (0.553, -0.2192725, 0.350535), (0.553, -0.1832275, 0.350535), (0.545, -0.1832275, 0.350535), (0.545, -0.1391725, 0.344535), (0.553, -0.1391725, 0.344535), (0.553, -0.1031275, 0.344535), (0.545, -0.1031275, 0.344535), (0.545, -0.1391725, 0.350535), (0.553, -0.1391725, 0.350535), (0.553, -0.1031275, 0.350535), (0.545, -0.1031275, 0.350535), (0.545, -0.0590725, 0.344535), (0.553, -0.0590725, 0.344535), (0.553, -0.0230275, 0.344535), (0.545, -0.0230275, 0.344535), (0.545, -0.0590725, 0.350535), (0.553, -0.0590725, 0.350535), (0.553, -0.0230275, 0.350535), (0.545, -0.0230275, 0.350535), (0.545, 0.0210275, 0.344535), (0.553, 0.0210275, 0.344535), (0.553, 0.0570725, 0.344535), (0.545, 0.0570725, 0.344535), (0.545, 0.0210275, 0.350535), (0.553, 0.0210275, 0.350535), (0.553, 0.0570725, 0.350535), (0.545, 0.0570725, 0.350535), (0.545, 0.1011275, 0.344535), (0.553, 0.1011275, 0.344535), (0.553, 0.1371725, 0.344535), (0.545, 0.1371725, 0.344535), (0.545, 0.1011275, 0.350535), (0.553, 0.1011275, 0.350535), (0.553, 0.1371725, 0.350535), (0.545, 0.1371725, 0.350535), (0.545, 0.1812275, 0.344535), (0.553, 0.1812275, 0.344535), (0.553, 0.2172725, 0.344535), (0.545, 0.2172725, 0.344535), (0.545, 0.1812275, 0.350535), (0.553, 0.1812275, 0.350535), (0.553, 0.2172725, 0.350535), (0.545, 0.2172725, 0.350535)]
                    uniform token subdivisionScheme = "none"
                }

                def Mesh "StatusLamp" (
                    prepend apiSchemas = ["MaterialBindingAPI"]
                )
                {
                    float3[] extent = [(0.545, -0.178118, 0.363574), (0.547, 0.227382, 0.367574)]
                    int[] faceVertexCounts = [4, 4, 4, 4, 4, 4, 4, 4, 4, 4, 4, 4, 4, 4, 4, 4, 4, 4, 4, 4, 4, 4, 4, 4, 4, 4, 4, 4, 4, 4, 4, 4, 4, 4, 4, 4]
                    int[] faceVertexIndices = [0, 3, 2, 1, 4, 5, 6, 7, 0, 1, 5, 4, 2, 3, 7, 6, 1, 2, 6, 5, 3, 0, 4, 7, 8, 11, 10, 9, 12, 13, 14, 15, 8, 9, 13, 12, 10, 11, 15, 14, 9, 10, 14, 13, 11, 8, 12, 15, 16, 19, 18, 17, 20, 21, 22, 23, 16, 17, 21, 20, 18, 19, 23, 22, 17, 18, 22, 21, 19, 16, 20, 23, 24, 27, 26, 25, 28, 29, 30, 31, 24, 25, 29, 28, 26, 27, 31, 30, 25, 26, 30, 29, 27, 24, 28, 31, 32, 35, 34, 33, 36, 37, 38, 39, 32, 33, 37, 36, 34, 35, 39, 38, 33, 34, 38, 37, 35, 32, 36, 39, 40, 43, 42, 41, 44, 45, 46, 47, 40, 41, 45, 44, 42, 43, 47, 46, 41, 42, 46, 45, 43, 40, 44, 47]
                    rel material:binding = </GenericRack/Looks/StatusLamp>
                    uniform token orientation = "rightHanded"
                    point3f[] points = [(0.545, -0.178118, 0.363574), (0.547, -0.178118, 0.363574), (0.547, -0.173118, 0.363574), (0.545, -0.173118, 0.363574), (0.545, -0.178118, 0.367574), (0.547, -0.178118, 0.367574), (0.547, -0.173118, 0.367574), (0.545, -0.173118, 0.367574), (0.545, -0.098018, 0.363574), (0.547, -0.098018, 0.363574), (0.547, -0.093018, 0.363574), (0.545, -0.093018, 0.363574), (0.545, -0.098018, 0.367574), (0.547, -0.098018, 0.367574), (0.547, -0.093018, 0.367574), (0.545, -0.093018, 0.367574), (0.545, -0.017918, 0.363574), (0.547, -0.017918, 0.363574), (0.547, -0.012918, 0.363574), (0.545, -0.012918, 0.363574), (0.545, -0.017918, 0.367574), (0.547, -0.017918, 0.367574), (0.547, -0.012918, 0.367574), (0.545, -0.012918, 0.367574), (0.545, 0.062182, 0.363574), (0.547, 0.062182, 0.363574), (0.547, 0.067182, 0.363574), (0.545, 0.067182, 0.363574), (0.545, 0.062182, 0.367574), (0.547, 0.062182, 0.367574), (0.547, 0.067182, 0.367574), (0.545, 0.067182, 0.367574), (0.545, 0.142282, 0.363574), (0.547, 0.142282, 0.363574), (0.547, 0.147282, 0.363574), (0.545, 0.147282, 0.363574), (0.545, 0.142282, 0.367574), (0.547, 0.142282, 0.367574), (0.547, 0.147282, 0.367574), (0.545, 0.147282, 0.367574), (0.545, 0.222382, 0.363574), (0.547, 0.222382, 0.363574), (0.547, 0.227382, 0.363574), (0.545, 0.227382, 0.363574), (0.545, 0.222382, 0.367574), (0.547, 0.222382, 0.367574), (0.547, 0.227382, 0.367574), (0.545, 0.227382, 0.367574)]
                    uniform token subdivisionScheme = "none"
                }
            }

            def "power_08"
            {
                def Mesh "TrayPower" (
                    prepend apiSchemas = ["MaterialBindingAPI"]
                )
                {
                    float3[] extent = [(0.53, -0.2403, 0.3791), (0.545, 0.2403, 0.42205)]
                    int[] faceVertexCounts = [4, 4, 4, 4, 4, 4]
                    int[] faceVertexIndices = [0, 3, 2, 1, 4, 5, 6, 7, 0, 1, 5, 4, 2, 3, 7, 6, 1, 2, 6, 5, 3, 0, 4, 7]
                    rel material:binding = </GenericRack/Looks/TrayPower>
                    uniform token orientation = "rightHanded"
                    point3f[] points = [(0.53, -0.2403, 0.3791), (0.545, -0.2403, 0.3791), (0.545, 0.2403, 0.3791), (0.53, 0.2403, 0.3791), (0.53, -0.2403, 0.42205), (0.545, -0.2403, 0.42205), (0.545, 0.2403, 0.42205), (0.53, 0.2403, 0.42205)]
                    uniform token subdivisionScheme = "none"
                }

                def Mesh "VentDark" (
                    prepend apiSchemas = ["MaterialBindingAPI"]
                )
                {
                    float3[] extent = [(0.545, -0.1627, 0.3812475), (0.546, 0.1607, 0.4199025)]
                    int[] faceVertexCounts = [4, 4, 4, 4, 4, 4, 4, 4, 4, 4, 4, 4, 4, 4, 4, 4, 4, 4, 4, 4, 4, 4, 4, 4, 4, 4, 4, 4, 4, 4]
                    int[] faceVertexIndices = [0, 3, 2, 1, 4, 5, 6, 7, 0, 1, 5, 4, 2, 3, 7, 6, 1, 2, 6, 5, 3, 0, 4, 7, 8, 11, 10, 9, 12, 13, 14, 15, 8, 9, 13, 12, 10, 11, 15, 14, 9, 10, 14, 13, 11, 8, 12, 15, 16, 19, 18, 17, 20, 21, 22, 23, 16, 17, 21, 20, 18, 19, 23, 22, 17, 18, 22, 21, 19, 16, 20, 23, 24, 27, 26, 25, 28, 29, 30, 31, 24, 25, 29, 28, 26, 27, 31, 30, 25, 26, 30, 29, 27, 24, 28, 31, 32, 35, 34, 33, 36, 37, 38, 39, 32, 33, 37, 36, 34, 35, 39, 38, 33, 34, 38, 37, 35, 32, 36, 39]
                    rel material:binding = </GenericRack/Looks/VentDark>
                    uniform token orientation = "rightHanded"
                    point3f[] points = [(0.545, -0.1627, 0.3812475), (0.546, -0.1627, 0.3812475), (0.546, -0.1597, 0.3812475), (0.545, -0.1597, 0.3812475), (0.545, -0.1627, 0.4199025), (0.546, -0.1627, 0.4199025), (0.546, -0.1597, 0.4199025), (0.545, -0.1597, 0.4199025), (0.545, -0.0826, 0.3812475), (0.546, -0.0826, 0.3812475), (0.546, -0.0796, 0.3812475), (0.545, -0.0796, 0.3812475), (0.545, -0.0826, 0.4199025), (0.546, -0.0826, 0.4199025), (0.546, -0.0796, 0.4199025), (0.545, -0.0796, 0.4199025), (0.545, -0.0025, 0.3812475), (0.546, -0.0025, 0.3812475), (0.546, 0.0005, 0.3812475), (0.545, 0.0005, 0.3812475), (0.545, -0.0025, 0.4199025), (0.546, -0.0025, 0.4199025), (0.546, 0.0005, 0.4199025), (0.545, 0.0005, 0.4199025), (0.545, 0.0776, 0.3812475), (0.546, 0.0776, 0.3812475), (0.546, 0.0806, 0.3812475), (0.545, 0.0806, 0.3812475), (0.545, 0.0776, 0.4199025), (0.546, 0.0776, 0.4199025), (0.546, 0.0806, 0.4199025), (0.545, 0.0806, 0.4199025), (0.545, 0.1577, 0.3812475), (0.546, 0.1577, 0.3812475), (0.546, 0.1607, 0.3812475), (0.545, 0.1607, 0.3812475), (0.545, 0.1577, 0.4199025), (0.546, 0.1577, 0.4199025), (0.546, 0.1607, 0.4199025), (0.545, 0.1607, 0.4199025)]
                    uniform token subdivisionScheme = "none"
                }

                def Mesh "Handle" (
                    prepend apiSchemas = ["MaterialBindingAPI"]
                )
                {
                    float3[] extent = [(0.545, -0.2192725, 0.388985), (0.553, 0.2172725, 0.394985)]
                    int[] faceVertexCounts = [4, 4, 4, 4, 4, 4, 4, 4, 4, 4, 4, 4, 4, 4, 4, 4, 4, 4, 4, 4, 4, 4, 4, 4, 4, 4, 4, 4, 4, 4, 4, 4, 4, 4, 4, 4]
                    int[] faceVertexIndices = [0, 3, 2, 1, 4, 5, 6, 7, 0, 1, 5, 4, 2, 3, 7, 6, 1, 2, 6, 5, 3, 0, 4, 7, 8, 11, 10, 9, 12, 13, 14, 15, 8, 9, 13, 12, 10, 11, 15, 14, 9, 10, 14, 13, 11, 8, 12, 15, 16, 19, 18, 17, 20, 21, 22, 23, 16, 17, 21, 20, 18, 19, 23, 22, 17, 18, 22, 21, 19, 16, 20, 23, 24, 27, 26, 25, 28, 29, 30, 31, 24, 25, 29, 28, 26, 27, 31, 30, 25, 26, 30, 29, 27, 24, 28, 31, 32, 35, 34, 33, 36, 37, 38, 39, 32, 33, 37, 36, 34, 35, 39, 38, 33, 34, 38, 37, 35, 32, 36, 39, 40, 43, 42, 41, 44, 45, 46, 47, 40, 41, 45, 44, 42, 43, 47, 46, 41, 42, 46, 45, 43, 40, 44, 47]
                    rel material:binding = </GenericRack/Looks/Handle>
                    uniform token orientation = "rightHanded"
                    point3f[] points = [(0.545, -0.2192725, 0.388985), (0.553, -0.2192725, 0.388985), (0.553, -0.1832275, 0.388985), (0.545, -0.1832275, 0.388985), (0.545, -0.2192725, 0.394985), (0.553, -0.2192725, 0.394985), (0.553, -0.1832275, 0.394985), (0.545, -0.1832275, 0.394985), (0.545, -0.1391725, 0.388985), (0.553, -0.1391725, 0.388985), (0.553, -0.1031275, 0.388985), (0.545, -0.1031275, 0.388985), (0.545, -0.1391725, 0.394985), (0.553, -0.1391725, 0.394985), (0.553, -0.1031275, 0.394985), (0.545, -0.1031275, 0.394985), (0.545, -0.0590725, 0.388985), (0.553, -0.0590725, 0.388985), (0.553, -0.0230275, 0.388985), (0.545, -0.0230275, 0.388985), (0.545, -0.0590725, 0.394985), (0.553, -0.0590725, 0.394985), (0.553, -0.0230275, 0.394985), (0.545, -0.0230275, 0.394985), (0.545, 0.0210275, 0.388985), (0.553, 0.0210275, 0.388985), (0.553, 0.0570725, 0.388985), (0.545, 0.0570725, 0.388985), (0.545, 0.0210275, 0.394985), (0.553, 0.0210275, 0.394985), (0.553, 0.0570725, 0.394985), (0.545, 0.0570725, 0.394985), (0.545, 0.1011275, 0.388985), (0.553, 0.1011275, 0.388985), (0.553, 0.1371725, 0.388985), (0.545, 0.1371725, 0.388985), (0.545, 0.1011275, 0.394985), (0.553, 0.1011275, 0.394985), (0.553, 0.1371725, 0.394985), (0.545, 0.1371725, 0.394985), (0.545, 0.1812275, 0.388985), (0.553, 0.1812275, 0.388985), (0.553, 0.2172725, 0.388985), (0.545, 0.2172725, 0.388985), (0.545, 0.1812275, 0.394985), (0.553, 0.1812275, 0.394985), (0.553, 0.2172725, 0.394985), (0.545, 0.2172725, 0.394985)]
                    uniform token subdivisionScheme = "none"
                }

                def Mesh "StatusLamp" (
                    prepend apiSchemas = ["MaterialBindingAPI"]
                )
                {
                    float3[] extent = [(0.545, -0.178118, 0.408024), (0.547, 0.227382, 0.412024)]
                    int[] faceVertexCounts = [4, 4, 4, 4, 4, 4, 4, 4, 4, 4, 4, 4, 4, 4, 4, 4, 4, 4, 4, 4, 4, 4, 4, 4, 4, 4, 4, 4, 4, 4, 4, 4, 4, 4, 4, 4]
                    int[] faceVertexIndices = [0, 3, 2, 1, 4, 5, 6, 7, 0, 1, 5, 4, 2, 3, 7, 6, 1, 2, 6, 5, 3, 0, 4, 7, 8, 11, 10, 9, 12, 13, 14, 15, 8, 9, 13, 12, 10, 11, 15, 14, 9, 10, 14, 13, 11, 8, 12, 15, 16, 19, 18, 17, 20, 21, 22, 23, 16, 17, 21, 20, 18, 19, 23, 22, 17, 18, 22, 21, 19, 16, 20, 23, 24, 27, 26, 25, 28, 29, 30, 31, 24, 25, 29, 28, 26, 27, 31, 30, 25, 26, 30, 29, 27, 24, 28, 31, 32, 35, 34, 33, 36, 37, 38, 39, 32, 33, 37, 36, 34, 35, 39, 38, 33, 34, 38, 37, 35, 32, 36, 39, 40, 43, 42, 41, 44, 45, 46, 47, 40, 41, 45, 44, 42, 43, 47, 46, 41, 42, 46, 45, 43, 40, 44, 47]
                    rel material:binding = </GenericRack/Looks/StatusLamp>
                    uniform token orientation = "rightHanded"
                    point3f[] points = [(0.545, -0.178118, 0.408024), (0.547, -0.178118, 0.408024), (0.547, -0.173118, 0.408024), (0.545, -0.173118, 0.408024), (0.545, -0.178118, 0.412024), (0.547, -0.178118, 0.412024), (0.547, -0.173118, 0.412024), (0.545, -0.173118, 0.412024), (0.545, -0.098018, 0.408024), (0.547, -0.098018, 0.408024), (0.547, -0.093018, 0.408024), (0.545, -0.093018, 0.408024), (0.545, -0.098018, 0.412024), (0.547, -0.098018, 0.412024), (0.547, -0.093018, 0.412024), (0.545, -0.093018, 0.412024), (0.545, -0.017918, 0.408024), (0.547, -0.017918, 0.408024), (0.547, -0.012918, 0.408024), (0.545, -0.012918, 0.408024), (0.545, -0.017918, 0.412024), (0.547, -0.017918, 0.412024), (0.547, -0.012918, 0.412024), (0.545, -0.012918, 0.412024), (0.545, 0.062182, 0.408024), (0.547, 0.062182, 0.408024), (0.547, 0.067182, 0.408024), (0.545, 0.067182, 0.408024), (0.545, 0.062182, 0.412024), (0.547, 0.062182, 0.412024), (0.547, 0.067182, 0.412024), (0.545, 0.067182, 0.412024), (0.545, 0.142282, 0.408024), (0.547, 0.142282, 0.408024), (0.547, 0.147282, 0.408024), (0.545, 0.147282, 0.408024), (0.545, 0.142282, 0.412024), (0.547, 0.142282, 0.412024), (0.547, 0.147282, 0.412024), (0.545, 0.147282, 0.412024), (0.545, 0.222382, 0.408024), (0.547, 0.222382, 0.408024), (0.547, 0.227382, 0.408024), (0.545, 0.227382, 0.408024), (0.545, 0.222382, 0.412024), (0.547, 0.222382, 0.412024), (0.547, 0.227382, 0.412024), (0.545, 0.227382, 0.412024)]
                    uniform token subdivisionScheme = "none"
                }
            }

            def "blank_09"
            {
                def Mesh "TrayBlank" (
                    prepend apiSchemas = ["MaterialBindingAPI"]
                )
                {
                    float3[] extent = [(0.53, -0.2403, 0.42355), (0.545, 0.2403, 0.51095)]
                    int[] faceVertexCounts = [4, 4, 4, 4, 4, 4]
                    int[] faceVertexIndices = [0, 3, 2, 1, 4, 5, 6, 7, 0, 1, 5, 4, 2, 3, 7, 6, 1, 2, 6, 5, 3, 0, 4, 7]
                    rel material:binding = </GenericRack/Looks/TrayBlank>
                    uniform token orientation = "rightHanded"
                    point3f[] points = [(0.53, -0.2403, 0.42355), (0.545, -0.2403, 0.42355), (0.545, 0.2403, 0.42355), (0.53, 0.2403, 0.42355), (0.53, -0.2403, 0.51095), (0.545, -0.2403, 0.51095), (0.545, 0.2403, 0.51095), (0.53, 0.2403, 0.51095)]
                    uniform token subdivisionScheme = "none"
                }
            }

            def "compute_11"
            {
                def Mesh "TrayCompute" (
                    prepend apiSchemas = ["MaterialBindingAPI"]
                )
                {
                    float3[] extent = [(0.53, -0.2403, 0.51245), (0.545, 0.2403, 0.5554)]
                    int[] faceVertexCounts = [4, 4, 4, 4, 4, 4]
                    int[] faceVertexIndices = [0, 3, 2, 1, 4, 5, 6, 7, 0, 1, 5, 4, 2, 3, 7, 6, 1, 2, 6, 5, 3, 0, 4, 7]
                    rel material:binding = </GenericRack/Looks/TrayCompute>
                    uniform token orientation = "rightHanded"
                    point3f[] points = [(0.53, -0.2403, 0.51245), (0.545, -0.2403, 0.51245), (0.545, 0.2403, 0.51245), (0.53, 0.2403, 0.51245), (0.53, -0.2403, 0.5554), (0.545, -0.2403, 0.5554), (0.545, 0.2403, 0.5554), (0.53, 0.2403, 0.5554)]
                    uniform token subdivisionScheme = "none"
                }

                def Mesh "VentDark" (
                    prepend apiSchemas = ["MaterialBindingAPI"]
                )
                {
                    float3[] extent = [(0.545, -0.171346, 0.521899), (0.551, 0.1556385, 0.545951)]
                    int[] faceVertexCounts = [4, 4, 4, 4, 4, 4, 4, 4, 4, 4, 4, 4, 4, 4, 4, 4, 4, 4, 4, 4, 4, 4, 4, 4, 4, 4, 4, 4, 4, 4]
                    int[] faceVertexIndices = [0, 3, 2, 1, 4, 5, 6, 7, 0, 1, 5, 4, 2, 3, 7, 6, 1, 2, 6, 5, 3, 0, 4, 7, 8, 11, 10, 9, 12, 13, 14, 15, 8, 9, 13, 12, 10, 11, 15, 14, 9, 10, 14, 13, 11, 8, 12, 15, 16, 19, 18, 17, 20, 21, 22, 23, 16, 17, 21, 20, 18, 19, 23, 22, 17, 18, 22, 21, 19, 16, 20, 23, 24, 27, 26, 25, 28, 29, 30, 31, 24, 25, 29, 28, 26, 27, 31, 30, 25, 26, 30, 29, 27, 24, 28, 31, 32, 35, 34, 33, 36, 37, 38, 39, 32, 33, 37, 36, 34, 35, 39, 38, 33, 34, 38, 37, 35, 32, 36, 39]
                    rel material:binding = </GenericRack/Looks/VentDark>
                    uniform token orientation = "rightHanded"
                    point3f[] points = [(0.545, -0.171346, 0.521899), (0.547, -0.171346, 0.521899), (0.547, 0.031346, 0.521899), (0.545, 0.031346, 0.521899), (0.545, -0.171346, 0.545951), (0.547, -0.171346, 0.545951), (0.547, 0.031346, 0.545951), (0.545, 0.031346, 0.545951), (0.549, 0.0760095, 0.5274825), (0.551, 0.0760095, 0.5274825), (0.551, 0.0904875, 0.5274825), (0.549, 0.0904875, 0.5274825), (0.549, 0.0760095, 0.5403675), (0.551, 0.0760095, 0.5403675), (0.551, 0.0904875, 0.5403675), (0.549, 0.0904875, 0.5403675), (0.549, 0.0977265, 0.5274825), (0.551, 0.0977265, 0.5274825), (0.551, 0.1122045, 0.5274825), (0.549, 0.1122045, 0.5274825), (0.549, 0.0977265, 0.5403675), (0.551, 0.0977265, 0.5403675), (0.551, 0.1122045, 0.5403675), (0.549, 0.1122045, 0.5403675), (0.549, 0.1194435, 0.5274825), (0.551, 0.1194435, 0.5274825), (0.551, 0.1339215, 0.5274825), (0.549, 0.1339215, 0.5274825), (0.549, 0.1194435, 0.5403675), (0.551, 0.1194435, 0.5403675), (0.551, 0.1339215, 0.5403675), (0.549, 0.1339215, 0.5403675), (0.549, 0.1411605, 0.5274825), (0.551, 0.1411605, 0.5274825), (0.551, 0.1556385, 0.5274825), (0.549, 0.1556385, 0.5274825), (0.549, 0.1411605, 0.5403675), (0.551, 0.1411605, 0.5403675), (0.551, 0.1556385, 0.5403675), (0.549, 0.1556385, 0.5403675)]
                    uniform token subdivisionScheme = "none"
                }

                def Mesh "PortCage" (
                    prepend apiSchemas = ["MaterialBindingAPI"]
                )
                {
                    float3[] extent = [(0.545, 0.067564, 0.5206105), (0.549, 0.164084, 0.5472395)]
                    int[] faceVertexCounts = [4, 4, 4, 4, 4, 4]
                    int[] faceVertexIndices = [0, 3, 2, 1, 4, 5, 6, 7, 0, 1, 5, 4, 2, 3, 7, 6, 1, 2, 6, 5, 3, 0, 4, 7]
                    rel material:binding = </GenericRack/Looks/PortCage>
                    uniform token orientation = "rightHanded"
                    point3f[] points = [(0.545, 0.067564, 0.5206105), (0.549, 0.067564, 0.5206105), (0.549, 0.164084, 0.5206105), (0.545, 0.164084, 0.5206105), (0.545, 0.067564, 0.5472395), (0.549, 0.067564, 0.5472395), (0.549, 0.164084, 0.5472395), (0.545, 0.164084, 0.5472395)]
                    uniform token subdivisionScheme = "none"
                }

                def Mesh "Handle" (
                    prepend apiSchemas = ["MaterialBindingAPI"]
                )
                {
                    float3[] extent = [(0.545, -0.2263, 0.5206105), (0.557, 0.2263, 0.5472395)]
                    int[] faceVertexCounts = [4, 4, 4, 4, 4, 4, 4, 4, 4, 4, 4, 4]
                    int[] faceVertexIndices = [0, 3, 2, 1, 4, 5, 6, 7, 0, 1, 5, 4, 2, 3, 7, 6, 1, 2, 6, 5, 3, 0, 4, 7, 8, 11, 10, 9, 12, 13, 14, 15, 8, 9, 13, 12, 10, 11, 15, 14, 9, 10, 14, 13, 11, 8, 12, 15]
                    rel material:binding = </GenericRack/Looks/Handle>
                    uniform token orientation = "rightHanded"
                    point3f[] points = [(0.545, -0.2263, 0.5206105), (0.557, -0.2263, 0.5206105), (0.557, -0.2123, 0.5206105), (0.545, -0.2123, 0.5206105), (0.545, -0.2263, 0.5472395), (0.557, -0.2263, 0.5472395), (0.557, -0.2123, 0.5472395), (0.545, -0.2123, 0.5472395), (0.545, 0.2123, 0.5206105), (0.557, 0.2123, 0.5206105), (0.557, 0.2263, 0.5206105), (0.545, 0.2263, 0.5206105), (0.545, 0.2123, 0.5472395), (0.557, 0.2123, 0.5472395), (0.557, 0.2263, 0.5472395), (0.545, 0.2263, 0.5472395)]
                    uniform token subdivisionScheme = "none"
                }

                def Mesh "StatusLamp" (
                    prepend apiSchemas = ["MaterialBindingAPI"]
                )
                {
                    float3[] extent = [(0.545, -0.1943, 0.539656), (0.547, -0.1883, 0.543656)]
                    int[] faceVertexCounts = [4, 4, 4, 4, 4, 4]
                    int[] faceVertexIndices = [0, 3, 2, 1, 4, 5, 6, 7, 0, 1, 5, 4, 2, 3, 7, 6, 1, 2, 6, 5, 3, 0, 4, 7]
                    rel material:binding = </GenericRack/Looks/StatusLamp>
                    uniform token orientation = "rightHanded"
                    point3f[] points = [(0.545, -0.1943, 0.539656), (0.547, -0.1943, 0.539656), (0.547, -0.1883, 0.539656), (0.545, -0.1883, 0.539656), (0.545, -0.1943, 0.543656), (0.547, -0.1943, 0.543656), (0.547, -0.1883, 0.543656), (0.545, -0.1883, 0.543656)]
                    uniform token subdivisionScheme = "none"
                }
            }

            def "compute_12"
            {
                def Mesh "TrayCompute" (
                    prepend apiSchemas = ["MaterialBindingAPI"]
                )
                {
                    float3[] extent = [(0.53, -0.2403, 0.5569), (0.545, 0.2403, 0.59985)]
                    int[] faceVertexCounts = [4, 4, 4, 4, 4, 4]
                    int[] faceVertexIndices = [0, 3, 2, 1, 4, 5, 6, 7, 0, 1, 5, 4, 2, 3, 7, 6, 1, 2, 6, 5, 3, 0, 4, 7]
                    rel material:binding = </GenericRack/Looks/TrayCompute>
                    uniform token orientation = "rightHanded"
                    point3f[] points = [(0.53, -0.2403, 0.5569), (0.545, -0.2403, 0.5569), (0.545, 0.2403, 0.5569), (0.53, 0.2403, 0.5569), (0.53, -0.2403, 0.59985), (0.545, -0.2403, 0.59985), (0.545, 0.2403, 0.59985), (0.53, 0.2403, 0.59985)]
                    uniform token subdivisionScheme = "none"
                }

                def Mesh "VentDark" (
                    prepend apiSchemas = ["MaterialBindingAPI"]
                )
                {
                    float3[] extent = [(0.545, -0.171346, 0.566349), (0.551, 0.1556385, 0.590401)]
                    int[] faceVertexCounts = [4, 4, 4, 4, 4, 4, 4, 4, 4, 4, 4, 4, 4, 4, 4, 4, 4, 4, 4, 4, 4, 4, 4, 4, 4, 4, 4, 4, 4, 4]
                    int[] faceVertexIndices = [0, 3, 2, 1, 4, 5, 6, 7, 0, 1, 5, 4, 2, 3, 7, 6, 1, 2, 6, 5, 3, 0, 4, 7, 8, 11, 10, 9, 12, 13, 14, 15, 8, 9, 13, 12, 10, 11, 15, 14, 9, 10, 14, 13, 11, 8, 12, 15, 16, 19, 18, 17, 20, 21, 22, 23, 16, 17, 21, 20, 18, 19, 23, 22, 17, 18, 22, 21, 19, 16, 20, 23, 24, 27, 26, 25, 28, 29, 30, 31, 24, 25, 29, 28, 26, 27, 31, 30, 25, 26, 30, 29, 27, 24, 28, 31, 32, 35, 34, 33, 36, 37, 38, 39, 32, 33, 37, 36, 34, 35, 39, 38, 33, 34, 38, 37, 35, 32, 36, 39]
                    rel material:binding = </GenericRack/Looks/VentDark>
                    uniform token orientation = "rightHanded"
                    point3f[] points = [(0.545, -0.171346, 0.566349), (0.547, -0.171346, 0.566349), (0.547, 0.031346, 0.566349), (0.545, 0.031346, 0.566349), (0.545, -0.171346, 0.590401), (0.547, -0.171346, 0.590401), (0.547, 0.031346, 0.590401), (0.545, 0.031346, 0.590401), (0.549, 0.0760095, 0.5719325), (0.551, 0.0760095, 0.5719325), (0.551, 0.0904875, 0.5719325), (0.549, 0.0904875, 0.5719325), (0.549, 0.0760095, 0.5848175), (0.551, 0.0760095, 0.5848175), (0.551, 0.0904875, 0.5848175), (0.549, 0.0904875, 0.5848175), (0.549, 0.0977265, 0.5719325), (0.551, 0.0977265, 0.5719325), (0.551, 0.1122045, 0.5719325), (0.549, 0.1122045, 0.5719325), (0.549, 0.0977265, 0.5848175), (0.551, 0.0977265, 0.5848175), (0.551, 0.1122045, 0.5848175), (0.549, 0.1122045, 0.5848175), (0.549, 0.1194435, 0.5719325), (0.551, 0.1194435, 0.5719325), (0.551, 0.1339215, 0.5719325), (0.549, 0.1339215, 0.5719325), (0.549, 0.1194435, 0.5848175), (0.551, 0.1194435, 0.5848175), (0.551, 0.1339215, 0.5848175), (0.549, 0.1339215, 0.5848175), (0.549, 0.1411605, 0.5719325), (0.551, 0.1411605, 0.5719325), (0.551, 0.1556385, 0.5719325), (0.549, 0.1556385, 0.5719325), (0.549, 0.1411605, 0.5848175), (0.551, 0.1411605, 0.5848175), (0.551, 0.1556385, 0.5848175), (0.549, 0.1556385, 0.5848175)]
                    uniform token subdivisionScheme = "none"
                }

                def Mesh "PortCage" (
                    prepend apiSchemas = ["MaterialBindingAPI"]
                )
                {
                    float3[] extent = [(0.545, 0.067564, 0.5650605), (0.549, 0.164084, 0.5916895)]
                    int[] faceVertexCounts = [4, 4, 4, 4, 4, 4]
                    int[] faceVertexIndices = [0, 3, 2, 1, 4, 5, 6, 7, 0, 1, 5, 4, 2, 3, 7, 6, 1, 2, 6, 5, 3, 0, 4, 7]
                    rel material:binding = </GenericRack/Looks/PortCage>
                    uniform token orientation = "rightHanded"
                    point3f[] points = [(0.545, 0.067564, 0.5650605), (0.549, 0.067564, 0.5650605), (0.549, 0.164084, 0.5650605), (0.545, 0.164084, 0.5650605), (0.545, 0.067564, 0.5916895), (0.549, 0.067564, 0.5916895), (0.549, 0.164084, 0.5916895), (0.545, 0.164084, 0.5916895)]
                    uniform token subdivisionScheme = "none"
                }

                def Mesh "Handle" (
                    prepend apiSchemas = ["MaterialBindingAPI"]
                )
                {
                    float3[] extent = [(0.545, -0.2263, 0.5650605), (0.557, 0.2263, 0.5916895)]
                    int[] faceVertexCounts = [4, 4, 4, 4, 4, 4, 4, 4, 4, 4, 4, 4]
                    int[] faceVertexIndices = [0, 3, 2, 1, 4, 5, 6, 7, 0, 1, 5, 4, 2, 3, 7, 6, 1, 2, 6, 5, 3, 0, 4, 7, 8, 11, 10, 9, 12, 13, 14, 15, 8, 9, 13, 12, 10, 11, 15, 14, 9, 10, 14, 13, 11, 8, 12, 15]
                    rel material:binding = </GenericRack/Looks/Handle>
                    uniform token orientation = "rightHanded"
                    point3f[] points = [(0.545, -0.2263, 0.5650605), (0.557, -0.2263, 0.5650605), (0.557, -0.2123, 0.5650605), (0.545, -0.2123, 0.5650605), (0.545, -0.2263, 0.5916895), (0.557, -0.2263, 0.5916895), (0.557, -0.2123, 0.5916895), (0.545, -0.2123, 0.5916895), (0.545, 0.2123, 0.5650605), (0.557, 0.2123, 0.5650605), (0.557, 0.2263, 0.5650605), (0.545, 0.2263, 0.5650605), (0.545, 0.2123, 0.5916895), (0.557, 0.2123, 0.5916895), (0.557, 0.2263, 0.5916895), (0.545, 0.2263, 0.5916895)]
                    uniform token subdivisionScheme = "none"
                }

                def Mesh "StatusLamp" (
                    prepend apiSchemas = ["MaterialBindingAPI"]
                )
                {
                    float3[] extent = [(0.545, -0.1943, 0.584106), (0.547, -0.1883, 0.588106)]
                    int[] faceVertexCounts = [4, 4, 4, 4, 4, 4]
                    int[] faceVertexIndices = [0, 3, 2, 1, 4, 5, 6, 7, 0, 1, 5, 4, 2, 3, 7, 6, 1, 2, 6, 5, 3, 0, 4, 7]
                    rel material:binding = </GenericRack/Looks/StatusLamp>
                    uniform token orientation = "rightHanded"
                    point3f[] points = [(0.545, -0.1943, 0.584106), (0.547, -0.1943, 0.584106), (0.547, -0.1883, 0.584106), (0.545, -0.1883, 0.584106), (0.545, -0.1943, 0.588106), (0.547, -0.1943, 0.588106), (0.547, -0.1883, 0.588106), (0.545, -0.1883, 0.588106)]
                    uniform token subdivisionScheme = "none"
                }
            }

            def "compute_13"
            {
                def Mesh "TrayCompute" (
                    prepend apiSchemas = ["MaterialBindingAPI"]
                )
                {
                    float3[] extent = [(0.53, -0.2403, 0.60135), (0.545, 0.2403, 0.6443)]
                    int[] faceVertexCounts = [4, 4, 4, 4, 4, 4]
                    int[] faceVertexIndices = [0, 3, 2, 1, 4, 5, 6, 7, 0, 1, 5, 4, 2, 3, 7, 6, 1, 2, 6, 5, 3, 0, 4, 7]
                    rel material:binding = </GenericRack/Looks/TrayCompute>
                    uniform token orientation = "rightHanded"
                    point3f[] points = [(0.53, -0.2403, 0.60135), (0.545, -0.2403, 0.60135), (0.545, 0.2403, 0.60135), (0.53, 0.2403, 0.60135), (0.53, -0.2403, 0.6443), (0.545, -0.2403, 0.6443), (0.545, 0.2403, 0.6443), (0.53, 0.2403, 0.6443)]
                    uniform token subdivisionScheme = "none"
                }

                def Mesh "VentDark" (
                    prepend apiSchemas = ["MaterialBindingAPI"]
                )
                {
                    float3[] extent = [(0.545, -0.171346, 0.610799), (0.551, 0.1556385, 0.634851)]
                    int[] faceVertexCounts = [4, 4, 4, 4, 4, 4, 4, 4, 4, 4, 4, 4, 4, 4, 4, 4, 4, 4, 4, 4, 4, 4, 4, 4, 4, 4, 4, 4, 4, 4]
                    int[] faceVertexIndices = [0, 3, 2, 1, 4, 5, 6, 7, 0, 1, 5, 4, 2, 3, 7, 6, 1, 2, 6, 5, 3, 0, 4, 7, 8, 11, 10, 9, 12, 13, 14, 15, 8, 9, 13, 12, 10, 11, 15, 14, 9, 10, 14, 13, 11, 8, 12, 15, 16, 19, 18, 17, 20, 21, 22, 23, 16, 17, 21, 20, 18, 19, 23, 22, 17, 18, 22, 21, 19, 16, 20, 23, 24, 27, 26, 25, 28, 29, 30, 31, 24, 25, 29, 28, 26, 27, 31, 30, 25, 26, 30, 29, 27, 24, 28, 31, 32, 35, 34, 33, 36, 37, 38, 39, 32, 33, 37, 36, 34, 35, 39, 38, 33, 34, 38, 37, 35, 32, 36, 39]
                    rel material:binding = </GenericRack/Looks/VentDark>
                    uniform token orientation = "rightHanded"
                    point3f[] points = [(0.545, -0.171346, 0.610799), (0.547, -0.171346, 0.610799), (0.547, 0.031346, 0.610799), (0.545, 0.031346, 0.610799), (0.545, -0.171346, 0.634851), (0.547, -0.171346, 0.634851), (0.547, 0.031346, 0.634851), (0.545, 0.031346, 0.634851), (0.549, 0.0760095, 0.6163825), (0.551, 0.0760095, 0.6163825), (0.551, 0.0904875, 0.6163825), (0.549, 0.0904875, 0.6163825), (0.549, 0.0760095, 0.6292675), (0.551, 0.0760095, 0.6292675), (0.551, 0.0904875, 0.6292675), (0.549, 0.0904875, 0.6292675), (0.549, 0.0977265, 0.6163825), (0.551, 0.0977265, 0.6163825), (0.551, 0.1122045, 0.6163825), (0.549, 0.1122045, 0.6163825), (0.549, 0.0977265, 0.6292675), (0.551, 0.0977265, 0.6292675), (0.551, 0.1122045, 0.6292675), (0.549, 0.1122045, 0.6292675), (0.549, 0.1194435, 0.6163825), (0.551, 0.1194435, 0.6163825), (0.551, 0.1339215, 0.6163825), (0.549, 0.1339215, 0.6163825), (0.549, 0.1194435, 0.6292675), (0.551, 0.1194435, 0.6292675), (0.551, 0.1339215, 0.6292675), (0.549, 0.1339215, 0.6292675), (0.549, 0.1411605, 0.6163825), (0.551, 0.1411605, 0.6163825), (0.551, 0.1556385, 0.6163825), (0.549, 0.1556385, 0.6163825), (0.549, 0.1411605, 0.6292675), (0.551, 0.1411605, 0.6292675), (0.551, 0.1556385, 0.6292675), (0.549, 0.1556385, 0.6292675)]
                    uniform token subdivisionScheme = "none"
                }

                def Mesh "PortCage" (
                    prepend apiSchemas = ["MaterialBindingAPI"]
                )
                {
                    float3[] extent = [(0.545, 0.067564, 0.6095105), (0.549, 0.164084, 0.6361395)]
                    int[] faceVertexCounts = [4, 4, 4, 4, 4, 4]
                    int[] faceVertexIndices = [0, 3, 2, 1, 4, 5, 6, 7, 0, 1, 5, 4, 2, 3, 7, 6, 1, 2, 6, 5, 3, 0, 4, 7]
                    rel material:binding = </GenericRack/Looks/PortCage>
                    uniform token orientation = "rightHanded"
                    point3f[] points = [(0.545, 0.067564, 0.6095105), (0.549, 0.067564, 0.6095105), (0.549, 0.164084, 0.6095105), (0.545, 0.164084, 0.6095105), (0.545, 0.067564, 0.6361395), (0.549, 0.067564, 0.6361395), (0.549, 0.164084, 0.6361395), (0.545, 0.164084, 0.6361395)]
                    uniform token subdivisionScheme = "none"
                }

                def Mesh "Handle" (
                    prepend apiSchemas = ["MaterialBindingAPI"]
                )
                {
                    float3[] extent = [(0.545, -0.2263, 0.6095105), (0.557, 0.2263, 0.6361395)]
                    int[] faceVertexCounts = [4, 4, 4, 4, 4, 4, 4, 4, 4, 4, 4, 4]
                    int[] faceVertexIndices = [0, 3, 2, 1, 4, 5, 6, 7, 0, 1, 5, 4, 2, 3, 7, 6, 1, 2, 6, 5, 3, 0, 4, 7, 8, 11, 10, 9, 12, 13, 14, 15, 8, 9, 13, 12, 10, 11, 15, 14, 9, 10, 14, 13, 11, 8, 12, 15]
                    rel material:binding = </GenericRack/Looks/Handle>
                    uniform token orientation = "rightHanded"
                    point3f[] points = [(0.545, -0.2263, 0.6095105), (0.557, -0.2263, 0.6095105), (0.557, -0.2123, 0.6095105), (0.545, -0.2123, 0.6095105), (0.545, -0.2263, 0.6361395), (0.557, -0.2263, 0.6361395), (0.557, -0.2123, 0.6361395), (0.545, -0.2123, 0.6361395), (0.545, 0.2123, 0.6095105), (0.557, 0.2123, 0.6095105), (0.557, 0.2263, 0.6095105), (0.545, 0.2263, 0.6095105), (0.545, 0.2123, 0.6361395), (0.557, 0.2123, 0.6361395), (0.557, 0.2263, 0.6361395), (0.545, 0.2263, 0.6361395)]
                    uniform token subdivisionScheme = "none"
                }

                def Mesh "StatusLamp" (
                    prepend apiSchemas = ["MaterialBindingAPI"]
                )
                {
                    float3[] extent = [(0.545, -0.1943, 0.628556), (0.547, -0.1883, 0.632556)]
                    int[] faceVertexCounts = [4, 4, 4, 4, 4, 4]
                    int[] faceVertexIndices = [0, 3, 2, 1, 4, 5, 6, 7, 0, 1, 5, 4, 2, 3, 7, 6, 1, 2, 6, 5, 3, 0, 4, 7]
                    rel material:binding = </GenericRack/Looks/StatusLamp>
                    uniform token orientation = "rightHanded"
                    point3f[] points = [(0.545, -0.1943, 0.628556), (0.547, -0.1943, 0.628556), (0.547, -0.1883, 0.628556), (0.545, -0.1883, 0.628556), (0.545, -0.1943, 0.632556), (0.547, -0.1943, 0.632556), (0.547, -0.1883, 0.632556), (0.545, -0.1883, 0.632556)]
                    uniform token subdivisionScheme = "none"
                }
            }

            def "compute_14"
            {
                def Mesh "TrayCompute" (
                    prepend apiSchemas = ["MaterialBindingAPI"]
                )
                {
                    float3[] extent = [(0.53, -0.2403, 0.6458), (0.545, 0.2403, 0.68875)]
                    int[] faceVertexCounts = [4, 4, 4, 4, 4, 4]
                    int[] faceVertexIndices = [0, 3, 2, 1, 4, 5, 6, 7, 0, 1, 5, 4, 2, 3, 7, 6, 1, 2, 6, 5, 3, 0, 4, 7]
                    rel material:binding = </GenericRack/Looks/TrayCompute>
                    uniform token orientation = "rightHanded"
                    point3f[] points = [(0.53, -0.2403, 0.6458), (0.545, -0.2403, 0.6458), (0.545, 0.2403, 0.6458), (0.53, 0.2403, 0.6458), (0.53, -0.2403, 0.68875), (0.545, -0.2403, 0.68875), (0.545, 0.2403, 0.68875), (0.53, 0.2403, 0.68875)]
                    uniform token subdivisionScheme = "none"
                }

                def Mesh "VentDark" (
                    prepend apiSchemas = ["MaterialBindingAPI"]
                )
                {
                    float3[] extent = [(0.545, -0.171346, 0.655249), (0.551, 0.1556385, 0.679301)]
                    int[] faceVertexCounts = [4, 4, 4, 4, 4, 4, 4, 4, 4, 4, 4, 4, 4, 4, 4, 4, 4, 4, 4, 4, 4, 4, 4, 4, 4, 4, 4, 4, 4, 4]
                    int[] faceVertexIndices = [0, 3, 2, 1, 4, 5, 6, 7, 0, 1, 5, 4, 2, 3, 7, 6, 1, 2, 6, 5, 3, 0, 4, 7, 8, 11, 10, 9, 12, 13, 14, 15, 8, 9, 13, 12, 10, 11, 15, 14, 9, 10, 14, 13, 11, 8, 12, 15, 16, 19, 18, 17, 20, 21, 22, 23, 16, 17, 21, 20, 18, 19, 23, 22, 17, 18, 22, 21, 19, 16, 20, 23, 24, 27, 26, 25, 28, 29, 30, 31, 24, 25, 29, 28, 26, 27, 31, 30, 25, 26, 30, 29, 27, 24, 28, 31, 32, 35, 34, 33, 36, 37, 38, 39, 32, 33, 37, 36, 34, 35, 39, 38, 33, 34, 38, 37, 35, 32, 36, 39]
                    rel material:binding = </GenericRack/Looks/VentDark>
                    uniform token orientation = "rightHanded"
                    point3f[] points = [(0.545, -0.171346, 0.655249), (0.547, -0.171346, 0.655249), (0.547, 0.031346, 0.655249), (0.545, 0.031346, 0.655249), (0.545, -0.171346, 0.679301), (0.547, -0.171346, 0.679301), (0.547, 0.031346, 0.679301), (0.545, 0.031346, 0.679301), (0.549, 0.0760095, 0.6608325), (0.551, 0.0760095, 0.6608325), (0.551, 0.0904875, 0.6608325), (0.549, 0.0904875, 0.6608325), (0.549, 0.0760095, 0.6737175), (0.551, 0.0760095, 0.6737175), (0.551, 0.0904875, 0.6737175), (0.549, 0.0904875, 0.6737175), (0.549, 0.0977265, 0.6608325), (0.551, 0.0977265, 0.6608325), (0.551, 0.1122045, 0.6608325), (0.549, 0.1122045, 0.6608325), (0.549, 0.0977265, 0.6737175), (0.551, 0.0977265, 0.6737175), (0.551, 0.1122045, 0.6737175), (0.549, 0.1122045, 0.6737175), (0.549, 0.1194435, 0.6608325), (0.551, 0.1194435, 0.6608325), (0.551, 0.1339215, 0.6608325), (0.549, 0.1339215, 0.6608325), (0.549, 0.1194435, 0.6737175), (0.551, 0.1194435, 0.6737175), (0.551, 0.1339215, 0.6737175), (0.549, 0.1339215, 0.6737175), (0.549, 0.1411605, 0.6608325), (0.551, 0.1411605, 0.6608325), (0.551, 0.1556385, 0.6608325), (0.549, 0.1556385, 0.6608325), (0.549, 0.1411605, 0.6737175), (0.551, 0.1411605, 0.6737175), (0.551, 0.1556385, 0.6737175), (0.549, 0.1556385, 0.6737175)]
                    uniform token subdivisionScheme = "none"
                }

                def Mesh "PortCage" (
                    prepend apiSchemas = ["MaterialBindingAPI"]
                )
                {
                    float3[] extent = [(0.545, 0.067564, 0.6539605), (0.549, 0.164084, 0.6805895)]
                    int[] faceVertexCounts = [4, 4, 4, 4, 4, 4]
                    int[] faceVertexIndices = [0, 3, 2, 1, 4, 5, 6, 7, 0, 1, 5, 4, 2, 3, 7, 6, 1, 2, 6, 5, 3, 0, 4, 7]
                    rel material:binding = </GenericRack/Looks/PortCage>
                    uniform token orientation = "rightHanded"
                    point3f[] points = [(0.545, 0.067564, 0.6539605), (0.549, 0.067564, 0.6539605), (0.549, 0.164084, 0.6539605), (0.545, 0.164084, 0.6539605), (0.545, 0.067564, 0.6805895), (0.549, 0.067564, 0.6805895), (0.549, 0.164084, 0.6805895), (0.545, 0.164084, 0.6805895)]
                    uniform token subdivisionScheme = "none"
                }

                def Mesh "Handle" (
                    prepend apiSchemas = ["MaterialBindingAPI"]
                )
                {
                    float3[] extent = [(0.545, -0.2263, 0.6539605), (0.557, 0.2263, 0.6805895)]
                    int[] faceVertexCounts = [4, 4, 4, 4, 4, 4, 4, 4, 4, 4, 4, 4]
                    int[] faceVertexIndices = [0, 3, 2, 1, 4, 5, 6, 7, 0, 1, 5, 4, 2, 3, 7, 6, 1, 2, 6, 5, 3, 0, 4, 7, 8, 11, 10, 9, 12, 13, 14, 15, 8, 9, 13, 12, 10, 11, 15, 14, 9, 10, 14, 13, 11, 8, 12, 15]
                    rel material:binding = </GenericRack/Looks/Handle>
                    uniform token orientation = "rightHanded"
                    point3f[] points = [(0.545, -0.2263, 0.6539605), (0.557, -0.2263, 0.6539605), (0.557, -0.2123, 0.6539605), (0.545, -0.2123, 0.6539605), (0.545, -0.2263, 0.6805895), (0.557, -0.2263, 0.6805895), (0.557, -0.2123, 0.6805895), (0.545, -0.2123, 0.6805895), (0.545, 0.2123, 0.6539605), (0.557, 0.2123, 0.6539605), (0.557, 0.2263, 0.6539605), (0.545, 0.2263, 0.6539605), (0.545, 0.2123, 0.6805895), (0.557, 0.2123, 0.6805895), (0.557, 0.2263, 0.6805895), (0.545, 0.2263, 0.6805895)]
                    uniform token subdivisionScheme = "none"
                }

                def Mesh "StatusLamp" (
                    prepend apiSchemas = ["MaterialBindingAPI"]
                )
                {
                    float3[] extent = [(0.545, -0.1943, 0.673006), (0.547, -0.1883, 0.677006)]
                    int[] faceVertexCounts = [4, 4, 4, 4, 4, 4]
                    int[] faceVertexIndices = [0, 3, 2, 1, 4, 5, 6, 7, 0, 1, 5, 4, 2, 3, 7, 6, 1, 2, 6, 5, 3, 0, 4, 7]
                    rel material:binding = </GenericRack/Looks/StatusLamp>
                    uniform token orientation = "rightHanded"
                    point3f[] points = [(0.545, -0.1943, 0.673006), (0.547, -0.1943, 0.673006), (0.547, -0.1883, 0.673006), (0.545, -0.1883, 0.673006), (0.545, -0.1943, 0.677006), (0.547, -0.1943, 0.677006), (0.547, -0.1883, 0.677006), (0.545, -0.1883, 0.677006)]
                    uniform token subdivisionScheme = "none"
                }
            }

            def "compute_15"
            {
                def Mesh "TrayCompute" (
                    prepend apiSchemas = ["MaterialBindingAPI"]
                )
                {
                    float3[] extent = [(0.53, -0.2403, 0.69025), (0.545, 0.2403, 0.7332)]
                    int[] faceVertexCounts = [4, 4, 4, 4, 4, 4]
                    int[] faceVertexIndices = [0, 3, 2, 1, 4, 5, 6, 7, 0, 1, 5, 4, 2, 3, 7, 6, 1, 2, 6, 5, 3, 0, 4, 7]
                    rel material:binding = </GenericRack/Looks/TrayCompute>
                    uniform token orientation = "rightHanded"
                    point3f[] points = [(0.53, -0.2403, 0.69025), (0.545, -0.2403, 0.69025), (0.545, 0.2403, 0.69025), (0.53, 0.2403, 0.69025), (0.53, -0.2403, 0.7332), (0.545, -0.2403, 0.7332), (0.545, 0.2403, 0.7332), (0.53, 0.2403, 0.7332)]
                    uniform token subdivisionScheme = "none"
                }

                def Mesh "VentDark" (
                    prepend apiSchemas = ["MaterialBindingAPI"]
                )
                {
                    float3[] extent = [(0.545, -0.171346, 0.699699), (0.551, 0.1556385, 0.723751)]
                    int[] faceVertexCounts = [4, 4, 4, 4, 4, 4, 4, 4, 4, 4, 4, 4, 4, 4, 4, 4, 4, 4, 4, 4, 4, 4, 4, 4, 4, 4, 4, 4, 4, 4]
                    int[] faceVertexIndices = [0, 3, 2, 1, 4, 5, 6, 7, 0, 1, 5, 4, 2, 3, 7, 6, 1, 2, 6, 5, 3, 0, 4, 7, 8, 11, 10, 9, 12, 13, 14, 15, 8, 9, 13, 12, 10, 11, 15, 14, 9, 10, 14, 13, 11, 8, 12, 15, 16, 19, 18, 17, 20, 21, 22, 23, 16, 17, 21, 20, 18, 19, 23, 22, 17, 18, 22, 21, 19, 16, 20, 23, 24, 27, 26, 25, 28, 29, 30, 31, 24, 25, 29, 28, 26, 27, 31, 30, 25, 26, 30, 29, 27, 24, 28, 31, 32, 35, 34, 33, 36, 37, 38, 39, 32, 33, 37, 36, 34, 35, 39, 38, 33, 34, 38, 37, 35, 32, 36, 39]
                    rel material:binding = </GenericRack/Looks/VentDark>
                    uniform token orientation = "rightHanded"
                    point3f[] points = [(0.545, -0.171346, 0.699699), (0.547, -0.171346, 0.699699), (0.547, 0.031346, 0.699699), (0.545, 0.031346, 0.699699), (0.545, -0.171346, 0.723751), (0.547, -0.171346, 0.723751), (0.547, 0.031346, 0.723751), (0.545, 0.031346, 0.723751), (0.549, 0.0760095, 0.7052825), (0.551, 0.0760095, 0.7052825), (0.551, 0.0904875, 0.7052825), (0.549, 0.0904875, 0.7052825), (0.549, 0.0760095, 0.7181675), (0.551, 0.0760095, 0.7181675), (0.551, 0.0904875, 0.7181675), (0.549, 0.0904875, 0.7181675), (0.549, 0.0977265, 0.7052825), (0.551, 0.0977265, 0.7052825), (0.551, 0.1122045, 0.7052825), (0.549, 0.1122045, 0.7052825), (0.549, 0.0977265, 0.7181675), (0.551, 0.0977265, 0.7181675), (0.551, 0.1122045, 0.7181675), (0.549, 0.1122045, 0.7181675), (0.549, 0.1194435, 0.7052825), (0.551, 0.1194435, 0.7052825), (0.551, 0.1339215, 0.7052825), (0.549, 0.1339215, 0.7052825), (0.549, 0.1194435, 0.7181675), (0.551, 0.1194435, 0.7181675), (0.551, 0.1339215, 0.7181675), (0.549, 0.1339215, 0.7181675), (0.549, 0.1411605, 0.7052825), (0.551, 0.1411605, 0.7052825), (0.551, 0.1556385, 0.7052825), (0.549, 0.1556385, 0.7052825), (0.549, 0.1411605, 0.7181675), (0.551, 0.1411605, 0.7181675), (0.551, 0.1556385, 0.7181675), (0.549, 0.1556385, 0.7181675)]
                    uniform token subdivisionScheme = "none"
                }

                def Mesh "PortCage" (
                    prepend apiSchemas = ["MaterialBindingAPI"]
                )
                {
                    float3[] extent = [(0.545, 0.067564, 0.6984105), (0.549, 0.164084, 0.7250395)]
                    int[] faceVertexCounts = [4, 4, 4, 4, 4, 4]
                    int[] faceVertexIndices = [0, 3, 2, 1, 4, 5, 6, 7, 0, 1, 5, 4, 2, 3, 7, 6, 1, 2, 6, 5, 3, 0, 4, 7]
                    rel material:binding = </GenericRack/Looks/PortCage>
                    uniform token orientation = "rightHanded"
                    point3f[] points = [(0.545, 0.067564, 0.6984105), (0.549, 0.067564, 0.6984105), (0.549, 0.164084, 0.6984105), (0.545, 0.164084, 0.6984105), (0.545, 0.067564, 0.7250395), (0.549, 0.067564, 0.7250395), (0.549, 0.164084, 0.7250395), (0.545, 0.164084, 0.7250395)]
                    uniform token subdivisionScheme = "none"
                }

                def Mesh "Handle" (
                    prepend apiSchemas = ["MaterialBindingAPI"]
                )
                {
                    float3[] extent = [(0.545, -0.2263, 0.6984105), (0.557, 0.2263, 0.7250395)]
                    int[] faceVertexCounts = [4, 4, 4, 4, 4, 4, 4, 4, 4, 4, 4, 4]
                    int[] faceVertexIndices = [0, 3, 2, 1, 4, 5, 6, 7, 0, 1, 5, 4, 2, 3, 7, 6, 1, 2, 6, 5, 3, 0, 4, 7, 8, 11, 10, 9, 12, 13, 14, 15, 8, 9, 13, 12, 10, 11, 15, 14, 9, 10, 14, 13, 11, 8, 12, 15]
                    rel material:binding = </GenericRack/Looks/Handle>
                    uniform token orientation = "rightHanded"
                    point3f[] points = [(0.545, -0.2263, 0.6984105), (0.557, -0.2263, 0.6984105), (0.557, -0.2123, 0.6984105), (0.545, -0.2123, 0.6984105), (0.545, -0.2263, 0.7250395), (0.557, -0.2263, 0.7250395), (0.557, -0.2123, 0.7250395), (0.545, -0.2123, 0.7250395), (0.545, 0.2123, 0.6984105), (0.557, 0.2123, 0.6984105), (0.557, 0.2263, 0.6984105), (0.545, 0.2263, 0.6984105), (0.545, 0.2123, 0.7250395), (0.557, 0.2123, 0.7250395), (0.557, 0.2263, 0.7250395), (0.545, 0.2263, 0.7250395)]
                    uniform token subdivisionScheme = "none"
                }

                def Mesh "StatusLamp" (
                    prepend apiSchemas = ["MaterialBindingAPI"]
                )
                {
                    float3[] extent = [(0.545, -0.1943, 0.717456), (0.547, -0.1883, 0.721456)]
                    int[] faceVertexCounts = [4, 4, 4, 4, 4, 4]
                    int[] faceVertexIndices = [0, 3, 2, 1, 4, 5, 6, 7, 0, 1, 5, 4, 2, 3, 7, 6, 1, 2, 6, 5, 3, 0, 4, 7]
                    rel material:binding = </GenericRack/Looks/StatusLamp>
                    uniform token orientation = "rightHanded"
                    point3f[] points = [(0.545, -0.1943, 0.717456), (0.547, -0.1943, 0.717456), (0.547, -0.1883, 0.717456), (0.545, -0.1883, 0.717456), (0.545, -0.1943, 0.721456), (0.547, -0.1943, 0.721456), (0.547, -0.1883, 0.721456), (0.545, -0.1883, 0.721456)]
                    uniform token subdivisionScheme = "none"
                }
            }

            def "compute_16"
            {
                def Mesh "TrayCompute" (
                    prepend apiSchemas = ["MaterialBindingAPI"]
                )
                {
                    float3[] extent = [(0.53, -0.2403, 0.7347), (0.545, 0.2403, 0.77765)]
                    int[] faceVertexCounts = [4, 4, 4, 4, 4, 4]
                    int[] faceVertexIndices = [0, 3, 2, 1, 4, 5, 6, 7, 0, 1, 5, 4, 2, 3, 7, 6, 1, 2, 6, 5, 3, 0, 4, 7]
                    rel material:binding = </GenericRack/Looks/TrayCompute>
                    uniform token orientation = "rightHanded"
                    point3f[] points = [(0.53, -0.2403, 0.7347), (0.545, -0.2403, 0.7347), (0.545, 0.2403, 0.7347), (0.53, 0.2403, 0.7347), (0.53, -0.2403, 0.77765), (0.545, -0.2403, 0.77765), (0.545, 0.2403, 0.77765), (0.53, 0.2403, 0.77765)]
                    uniform token subdivisionScheme = "none"
                }

                def Mesh "VentDark" (
                    prepend apiSchemas = ["MaterialBindingAPI"]
                )
                {
                    float3[] extent = [(0.545, -0.171346, 0.744149), (0.551, 0.1556385, 0.768201)]
                    int[] faceVertexCounts = [4, 4, 4, 4, 4, 4, 4, 4, 4, 4, 4, 4, 4, 4, 4, 4, 4, 4, 4, 4, 4, 4, 4, 4, 4, 4, 4, 4, 4, 4]
                    int[] faceVertexIndices = [0, 3, 2, 1, 4, 5, 6, 7, 0, 1, 5, 4, 2, 3, 7, 6, 1, 2, 6, 5, 3, 0, 4, 7, 8, 11, 10, 9, 12, 13, 14, 15, 8, 9, 13, 12, 10, 11, 15, 14, 9, 10, 14, 13, 11, 8, 12, 15, 16, 19, 18, 17, 20, 21, 22, 23, 16, 17, 21, 20, 18, 19, 23, 22, 17, 18, 22, 21, 19, 16, 20, 23, 24, 27, 26, 25, 28, 29, 30, 31, 24, 25, 29, 28, 26, 27, 31, 30, 25, 26, 30, 29, 27, 24, 28, 31, 32, 35, 34, 33, 36, 37, 38, 39, 32, 33, 37, 36, 34, 35, 39, 38, 33, 34, 38, 37, 35, 32, 36, 39]
                    rel material:binding = </GenericRack/Looks/VentDark>
                    uniform token orientation = "rightHanded"
                    point3f[] points = [(0.545, -0.171346, 0.744149), (0.547, -0.171346, 0.744149), (0.547, 0.031346, 0.744149), (0.545, 0.031346, 0.744149), (0.545, -0.171346, 0.768201), (0.547, -0.171346, 0.768201), (0.547, 0.031346, 0.768201), (0.545, 0.031346, 0.768201), (0.549, 0.0760095, 0.7497325), (0.551, 0.0760095, 0.7497325), (0.551, 0.0904875, 0.7497325), (0.549, 0.0904875, 0.7497325), (0.549, 0.0760095, 0.7626175), (0.551, 0.0760095, 0.7626175), (0.551, 0.0904875, 0.7626175), (0.549, 0.0904875, 0.7626175), (0.549, 0.0977265, 0.7497325), (0.551, 0.0977265, 0.7497325), (0.551, 0.1122045, 0.7497325), (0.549, 0.1122045, 0.7497325), (0.549, 0.0977265, 0.7626175), (0.551, 0.0977265, 0.7626175), (0.551, 0.1122045, 0.7626175), (0.549, 0.1122045, 0.7626175), (0.549, 0.1194435, 0.7497325), (0.551, 0.1194435, 0.7497325), (0.551, 0.1339215, 0.7497325), (0.549, 0.1339215, 0.7497325), (0.549, 0.1194435, 0.7626175), (0.551, 0.1194435, 0.7626175), (0.551, 0.1339215, 0.7626175), (0.549, 0.1339215, 0.7626175), (0.549, 0.1411605, 0.7497325), (0.551, 0.1411605, 0.7497325), (0.551, 0.1556385, 0.7497325), (0.549, 0.1556385, 0.7497325), (0.549, 0.1411605, 0.7626175), (0.551, 0.1411605, 0.7626175), (0.551, 0.1556385, 0.7626175), (0.549, 0.1556385, 0.7626175)]
                    uniform token subdivisionScheme = "none"
                }

                def Mesh "PortCage" (
                    prepend apiSchemas = ["MaterialBindingAPI"]
                )
                {
                    float3[] extent = [(0.545, 0.067564, 0.7428605), (0.549, 0.164084, 0.7694895)]
                    int[] faceVertexCounts = [4, 4, 4, 4, 4, 4]
                    int[] faceVertexIndices = [0, 3, 2, 1, 4, 5, 6, 7, 0, 1, 5, 4, 2, 3, 7, 6, 1, 2, 6, 5, 3, 0, 4, 7]
                    rel material:binding = </GenericRack/Looks/PortCage>
                    uniform token orientation = "rightHanded"
                    point3f[] points = [(0.545, 0.067564, 0.7428605), (0.549, 0.067564, 0.7428605), (0.549, 0.164084, 0.7428605), (0.545, 0.164084, 0.7428605), (0.545, 0.067564, 0.7694895), (0.549, 0.067564, 0.7694895), (0.549, 0.164084, 0.7694895), (0.545, 0.164084, 0.7694895)]
                    uniform token subdivisionScheme = "none"
                }

                def Mesh "Handle" (
                    prepend apiSchemas = ["MaterialBindingAPI"]
                )
                {
                    float3[] extent = [(0.545, -0.2263, 0.7428605), (0.557, 0.2263, 0.7694895)]
                    int[] faceVertexCounts = [4, 4, 4, 4, 4, 4, 4, 4, 4, 4, 4, 4]
                    int[] faceVertexIndices = [0, 3, 2, 1, 4, 5, 6, 7, 0, 1, 5, 4, 2, 3, 7, 6, 1, 2, 6, 5, 3, 0, 4, 7, 8, 11, 10, 9, 12, 13, 14, 15, 8, 9, 13, 12, 10, 11, 15, 14, 9, 10, 14, 13, 11, 8, 12, 15]
                    rel material:binding = </GenericRack/Looks/Handle>
                    uniform token orientation = "rightHanded"
                    point3f[] points = [(0.545, -0.2263, 0.7428605), (0.557, -0.2263, 0.7428605), (0.557, -0.2123, 0.7428605), (0.545, -0.2123, 0.7428605), (0.545, -0.2263, 0.7694895), (0.557, -0.2263, 0.7694895), (0.557, -0.2123, 0.7694895), (0.545, -0.2123, 0.7694895), (0.545, 0.2123, 0.7428605), (0.557, 0.2123, 0.7428605), (0.557, 0.2263, 0.7428605), (0.545, 0.2263, 0.7428605), (0.545, 0.2123, 0.7694895), (0.557, 0.2123, 0.7694895), (0.557, 0.2263, 0.7694895), (0.545, 0.2263, 0.7694895)]
                    uniform token subdivisionScheme = "none"
                }

                def Mesh "StatusLamp" (
                    prepend apiSchemas = ["MaterialBindingAPI"]
                )
                {
                    float3[] extent = [(0.545, -0.1943, 0.761906), (0.547, -0.1883, 0.765906)]
                    int[] faceVertexCounts = [4, 4, 4, 4, 4, 4]
                    int[] faceVertexIndices = [0, 3, 2, 1, 4, 5, 6, 7, 0, 1, 5, 4, 2, 3, 7, 6, 1, 2, 6, 5, 3, 0, 4, 7]
                    rel material:binding = </GenericRack/Looks/StatusLamp>
                    uniform token orientation = "rightHanded"
                    point3f[] points = [(0.545, -0.1943, 0.761906), (0.547, -0.1943, 0.761906), (0.547, -0.1883, 0.761906), (0.545, -0.1883, 0.761906), (0.545, -0.1943, 0.765906), (0.547, -0.1943, 0.765906), (0.547, -0.1883, 0.765906), (0.545, -0.1883, 0.765906)]
                    uniform token subdivisionScheme = "none"
                }
            }

            def "compute_17"
            {
                def Mesh "TrayCompute" (
                    prepend apiSchemas = ["MaterialBindingAPI"]
                )
                {
                    float3[] extent = [(0.53, -0.2403, 0.77915), (0.545, 0.2403, 0.8221)]
                    int[] faceVertexCounts = [4, 4, 4, 4, 4, 4]
                    int[] faceVertexIndices = [0, 3, 2, 1, 4, 5, 6, 7, 0, 1, 5, 4, 2, 3, 7, 6, 1, 2, 6, 5, 3, 0, 4, 7]
                    rel material:binding = </GenericRack/Looks/TrayCompute>
                    uniform token orientation = "rightHanded"
                    point3f[] points = [(0.53, -0.2403, 0.77915), (0.545, -0.2403, 0.77915), (0.545, 0.2403, 0.77915), (0.53, 0.2403, 0.77915), (0.53, -0.2403, 0.8221), (0.545, -0.2403, 0.8221), (0.545, 0.2403, 0.8221), (0.53, 0.2403, 0.8221)]
                    uniform token subdivisionScheme = "none"
                }

                def Mesh "VentDark" (
                    prepend apiSchemas = ["MaterialBindingAPI"]
                )
                {
                    float3[] extent = [(0.545, -0.171346, 0.788599), (0.551, 0.1556385, 0.812651)]
                    int[] faceVertexCounts = [4, 4, 4, 4, 4, 4, 4, 4, 4, 4, 4, 4, 4, 4, 4, 4, 4, 4, 4, 4, 4, 4, 4, 4, 4, 4, 4, 4, 4, 4]
                    int[] faceVertexIndices = [0, 3, 2, 1, 4, 5, 6, 7, 0, 1, 5, 4, 2, 3, 7, 6, 1, 2, 6, 5, 3, 0, 4, 7, 8, 11, 10, 9, 12, 13, 14, 15, 8, 9, 13, 12, 10, 11, 15, 14, 9, 10, 14, 13, 11, 8, 12, 15, 16, 19, 18, 17, 20, 21, 22, 23, 16, 17, 21, 20, 18, 19, 23, 22, 17, 18, 22, 21, 19, 16, 20, 23, 24, 27, 26, 25, 28, 29, 30, 31, 24, 25, 29, 28, 26, 27, 31, 30, 25, 26, 30, 29, 27, 24, 28, 31, 32, 35, 34, 33, 36, 37, 38, 39, 32, 33, 37, 36, 34, 35, 39, 38, 33, 34, 38, 37, 35, 32, 36, 39]
                    rel material:binding = </GenericRack/Looks/VentDark>
                    uniform token orientation = "rightHanded"
                    point3f[] points = [(0.545, -0.171346, 0.788599), (0.547, -0.171346, 0.788599), (0.547, 0.031346, 0.788599), (0.545, 0.031346, 0.788599), (0.545, -0.171346, 0.812651), (0.547, -0.171346, 0.812651), (0.547, 0.031346, 0.812651), (0.545, 0.031346, 0.812651), (0.549, 0.0760095, 0.7941825), (0.551, 0.0760095, 0.7941825), (0.551, 0.0904875, 0.7941825), (0.549, 0.0904875, 0.7941825), (0.549, 0.0760095, 0.8070675), (0.551, 0.0760095, 0.8070675), (0.551, 0.0904875, 0.8070675), (0.549, 0.0904875, 0.8070675), (0.549, 0.0977265, 0.7941825), (0.551, 0.0977265, 0.7941825), (0.551, 0.1122045, 0.7941825), (0.549, 0.1122045, 0.7941825), (0.549, 0.0977265, 0.8070675), (0.551, 0.0977265, 0.8070675), (0.551, 0.1122045, 0.8070675), (0.549, 0.1122045, 0.8070675), (0.549, 0.1194435, 0.7941825), (0.551, 0.1194435, 0.7941825), (0.551, 0.1339215, 0.7941825), (0.549, 0.1339215, 0.7941825), (0.549, 0.1194435, 0.8070675), (0.551, 0.1194435, 0.8070675), (0.551, 0.1339215, 0.8070675), (0.549, 0.1339215, 0.8070675), (0.549, 0.1411605, 0.7941825), (0.551, 0.1411605, 0.7941825), (0.551, 0.1556385, 0.7941825), (0.549, 0.1556385, 0.7941825), (0.549, 0.1411605, 0.8070675), (0.551, 0.1411605, 0.8070675), (0.551, 0.1556385, 0.8070675), (0.549, 0.1556385, 0.8070675)]
                    uniform token subdivisionScheme = "none"
                }

                def Mesh "PortCage" (
                    prepend apiSchemas = ["MaterialBindingAPI"]
                )
                {
                    float3[] extent = [(0.545, 0.067564, 0.7873105), (0.549, 0.164084, 0.8139395)]
                    int[] faceVertexCounts = [4, 4, 4, 4, 4, 4]
                    int[] faceVertexIndices = [0, 3, 2, 1, 4, 5, 6, 7, 0, 1, 5, 4, 2, 3, 7, 6, 1, 2, 6, 5, 3, 0, 4, 7]
                    rel material:binding = </GenericRack/Looks/PortCage>
                    uniform token orientation = "rightHanded"
                    point3f[] points = [(0.545, 0.067564, 0.7873105), (0.549, 0.067564, 0.7873105), (0.549, 0.164084, 0.7873105), (0.545, 0.164084, 0.7873105), (0.545, 0.067564, 0.8139395), (0.549, 0.067564, 0.8139395), (0.549, 0.164084, 0.8139395), (0.545, 0.164084, 0.8139395)]
                    uniform token subdivisionScheme = "none"
                }

                def Mesh "Handle" (
                    prepend apiSchemas = ["MaterialBindingAPI"]
                )
                {
                    float3[] extent = [(0.545, -0.2263, 0.7873105), (0.557, 0.2263, 0.8139395)]
                    int[] faceVertexCounts = [4, 4, 4, 4, 4, 4, 4, 4, 4, 4, 4, 4]
                    int[] faceVertexIndices = [0, 3, 2, 1, 4, 5, 6, 7, 0, 1, 5, 4, 2, 3, 7, 6, 1, 2, 6, 5, 3, 0, 4, 7, 8, 11, 10, 9, 12, 13, 14, 15, 8, 9, 13, 12, 10, 11, 15, 14, 9, 10, 14, 13, 11, 8, 12, 15]
                    rel material:binding = </GenericRack/Looks/Handle>
                    uniform token orientation = "rightHanded"
                    point3f[] points = [(0.545, -0.2263, 0.7873105), (0.557, -0.2263, 0.7873105), (0.557, -0.2123, 0.7873105), (0.545, -0.2123, 0.7873105), (0.545, -0.2263, 0.8139395), (0.557, -0.2263, 0.8139395), (0.557, -0.2123, 0.8139395), (0.545, -0.2123, 0.8139395), (0.545, 0.2123, 0.7873105), (0.557, 0.2123, 0.7873105), (0.557, 0.2263, 0.7873105), (0.545, 0.2263, 0.7873105), (0.545, 0.2123, 0.8139395), (0.557, 0.2123, 0.8139395), (0.557, 0.2263, 0.8139395), (0.545, 0.2263, 0.8139395)]
                    uniform token subdivisionScheme = "none"
                }

                def Mesh "StatusLamp" (
                    prepend apiSchemas = ["MaterialBindingAPI"]
                )
                {
                    float3[] extent = [(0.545, -0.1943, 0.806356), (0.547, -0.1883, 0.810356)]
                    int[] faceVertexCounts = [4, 4, 4, 4, 4, 4]
                    int[] faceVertexIndices = [0, 3, 2, 1, 4, 5, 6, 7, 0, 1, 5, 4, 2, 3, 7, 6, 1, 2, 6, 5, 3, 0, 4, 7]
                    rel material:binding = </GenericRack/Looks/StatusLamp>
                    uniform token orientation = "rightHanded"
                    point3f[] points = [(0.545, -0.1943, 0.806356), (0.547, -0.1943, 0.806356), (0.547, -0.1883, 0.806356), (0.545, -0.1883, 0.806356), (0.545, -0.1943, 0.810356), (0.547, -0.1943, 0.810356), (0.547, -0.1883, 0.810356), (0.545, -0.1883, 0.810356)]
                    uniform token subdivisionScheme = "none"
                }
            }

            def "compute_18"
            {
                def Mesh "TrayCompute" (
                    prepend apiSchemas = ["MaterialBindingAPI"]
                )
                {
                    float3[] extent = [(0.53, -0.2403, 0.8236), (0.545, 0.2403, 0.86655)]
                    int[] faceVertexCounts = [4, 4, 4, 4, 4, 4]
                    int[] faceVertexIndices = [0, 3, 2, 1, 4, 5, 6, 7, 0, 1, 5, 4, 2, 3, 7, 6, 1, 2, 6, 5, 3, 0, 4, 7]
                    rel material:binding = </GenericRack/Looks/TrayCompute>
                    uniform token orientation = "rightHanded"
                    point3f[] points = [(0.53, -0.2403, 0.8236), (0.545, -0.2403, 0.8236), (0.545, 0.2403, 0.8236), (0.53, 0.2403, 0.8236), (0.53, -0.2403, 0.86655), (0.545, -0.2403, 0.86655), (0.545, 0.2403, 0.86655), (0.53, 0.2403, 0.86655)]
                    uniform token subdivisionScheme = "none"
                }

                def Mesh "VentDark" (
                    prepend apiSchemas = ["MaterialBindingAPI"]
                )
                {
                    float3[] extent = [(0.545, -0.171346, 0.833049), (0.551, 0.1556385, 0.857101)]
                    int[] faceVertexCounts = [4, 4, 4, 4, 4, 4, 4, 4, 4, 4, 4, 4, 4, 4, 4, 4, 4, 4, 4, 4, 4, 4, 4, 4, 4, 4, 4, 4, 4, 4]
                    int[] faceVertexIndices = [0, 3, 2, 1, 4, 5, 6, 7, 0, 1, 5, 4, 2, 3, 7, 6, 1, 2, 6, 5, 3, 0, 4, 7, 8, 11, 10, 9, 12, 13, 14, 15, 8, 9, 13, 12, 10, 11, 15, 14, 9, 10, 14, 13, 11, 8, 12, 15, 16, 19, 18, 17, 20, 21, 22, 23, 16, 17, 21, 20, 18, 19, 23, 22, 17, 18, 22, 21, 19, 16, 20, 23, 24, 27, 26, 25, 28, 29, 30, 31, 24, 25, 29, 28, 26, 27, 31, 30, 25, 26, 30, 29, 27, 24, 28, 31, 32, 35, 34, 33, 36, 37, 38, 39, 32, 33, 37, 36, 34, 35, 39, 38, 33, 34, 38, 37, 35, 32, 36, 39]
                    rel material:binding = </GenericRack/Looks/VentDark>
                    uniform token orientation = "rightHanded"
                    point3f[] points = [(0.545, -0.171346, 0.833049), (0.547, -0.171346, 0.833049), (0.547, 0.031346, 0.833049), (0.545, 0.031346, 0.833049), (0.545, -0.171346, 0.857101), (0.547, -0.171346, 0.857101), (0.547, 0.031346, 0.857101), (0.545, 0.031346, 0.857101), (0.549, 0.0760095, 0.8386325), (0.551, 0.0760095, 0.8386325), (0.551, 0.0904875, 0.8386325), (0.549, 0.0904875, 0.8386325), (0.549, 0.0760095, 0.8515175), (0.551, 0.0760095, 0.8515175), (0.551, 0.0904875, 0.8515175), (0.549, 0.0904875, 0.8515175), (0.549, 0.0977265, 0.8386325), (0.551, 0.0977265, 0.8386325), (0.551, 0.1122045, 0.8386325), (0.549, 0.1122045, 0.8386325), (0.549, 0.0977265, 0.8515175), (0.551, 0.0977265, 0.8515175), (0.551, 0.1122045, 0.8515175), (0.549, 0.1122045, 0.8515175), (0.549, 0.1194435, 0.8386325), (0.551, 0.1194435, 0.8386325), (0.551, 0.1339215, 0.8386325), (0.549, 0.1339215, 0.8386325), (0.549, 0.1194435, 0.8515175), (0.551, 0.1194435, 0.8515175), (0.551, 0.1339215, 0.8515175), (0.549, 0.1339215, 0.8515175), (0.549, 0.1411605, 0.8386325), (0.551, 0.1411605, 0.8386325), (0.551, 0.1556385, 0.8386325), (0.549, 0.1556385, 0.8386325), (0.549, 0.1411605, 0.8515175), (0.551, 0.1411605, 0.8515175), (0.551, 0.1556385, 0.8515175), (0.549, 0.1556385, 0.8515175)]
                    uniform token subdivisionScheme = "none"
                }

                def Mesh "PortCage" (
                    prepend apiSchemas = ["MaterialBindingAPI"]
                )
                {
                    float3[] extent = [(0.545, 0.067564, 0.8317605), (0.549, 0.164084, 0.8583895)]
                    int[] faceVertexCounts = [4, 4, 4, 4, 4, 4]
                    int[] faceVertexIndices = [0, 3, 2, 1, 4, 5, 6, 7, 0, 1, 5, 4, 2, 3, 7, 6, 1, 2, 6, 5, 3, 0, 4, 7]
                    rel material:binding = </GenericRack/Looks/PortCage>
                    uniform token orientation = "rightHanded"
                    point3f[] points = [(0.545, 0.067564, 0.8317605), (0.549, 0.067564, 0.8317605), (0.549, 0.164084, 0.8317605), (0.545, 0.164084, 0.8317605), (0.545, 0.067564, 0.8583895), (0.549, 0.067564, 0.8583895), (0.549, 0.164084, 0.8583895), (0.545, 0.164084, 0.8583895)]
                    uniform token subdivisionScheme = "none"
                }

                def Mesh "Handle" (
                    prepend apiSchemas = ["MaterialBindingAPI"]
                )
                {
                    float3[] extent = [(0.545, -0.2263, 0.8317605), (0.557, 0.2263, 0.8583895)]
                    int[] faceVertexCounts = [4, 4, 4, 4, 4, 4, 4, 4, 4, 4, 4, 4]
                    int[] faceVertexIndices = [0, 3, 2, 1, 4, 5, 6, 7, 0, 1, 5, 4, 2, 3, 7, 6, 1, 2, 6, 5, 3, 0, 4, 7, 8, 11, 10, 9, 12, 13, 14, 15, 8, 9, 13, 12, 10, 11, 15, 14, 9, 10, 14, 13, 11, 8, 12, 15]
                    rel material:binding = </GenericRack/Looks/Handle>
                    uniform token orientation = "rightHanded"
                    point3f[] points = [(0.545, -0.2263, 0.8317605), (0.557, -0.2263, 0.8317605), (0.557, -0.2123, 0.8317605), (0.545, -0.2123, 0.8317605), (0.545, -0.2263, 0.8583895), (0.557, -0.2263, 0.8583895), (0.557, -0.2123, 0.8583895), (0.545, -0.2123, 0.8583895), (0.545, 0.2123, 0.8317605), (0.557, 0.2123, 0.8317605), (0.557, 0.2263, 0.8317605), (0.545, 0.2263, 0.8317605), (0.545, 0.2123, 0.8583895), (0.557, 0.2123, 0.8583895), (0.557, 0.2263, 0.8583895), (0.545, 0.2263, 0.8583895)]
                    uniform token subdivisionScheme = "none"
                }

                def Mesh "StatusLamp" (
                    prepend apiSchemas = ["MaterialBindingAPI"]
                )
                {
                    float3[] extent = [(0.545, -0.1943, 0.850806), (0.547, -0.1883, 0.854806)]
                    int[] faceVertexCounts = [4, 4, 4, 4, 4, 4]
                    int[] faceVertexIndices = [0, 3, 2, 1, 4, 5, 6, 7, 0, 1, 5, 4, 2, 3, 7, 6, 1, 2, 6, 5, 3, 0, 4, 7]
                    rel material:binding = </GenericRack/Looks/StatusLamp>
                    uniform token orientation = "rightHanded"
                    point3f[] points = [(0.545, -0.1943, 0.850806), (0.547, -0.1943, 0.850806), (0.547, -0.1883, 0.850806), (0.545, -0.1883, 0.850806), (0.545, -0.1943, 0.854806), (0.547, -0.1943, 0.854806), (0.547, -0.1883, 0.854806), (0.545, -0.1883, 0.854806)]
                    uniform token subdivisionScheme = "none"
                }
            }

            def "switch_19"
            {
                def Mesh "TraySwitch" (
                    prepend apiSchemas = ["MaterialBindingAPI"]
                )
                {
                    float3[] extent = [(0.53, -0.2403, 0.86805), (0.545, 0.2403, 0.911)]
                    int[] faceVertexCounts = [4, 4, 4, 4, 4, 4]
                    int[] faceVertexIndices = [0, 3, 2, 1, 4, 5, 6, 7, 0, 1, 5, 4, 2, 3, 7, 6, 1, 2, 6, 5, 3, 0, 4, 7]
                    rel material:binding = </GenericRack/Looks/TraySwitch>
                    uniform token orientation = "rightHanded"
                    point3f[] points = [(0.53, -0.2403, 0.86805), (0.545, -0.2403, 0.86805), (0.545, 0.2403, 0.86805), (0.53, 0.2403, 0.86805), (0.53, -0.2403, 0.911), (0.545, -0.2403, 0.911), (0.545, 0.2403, 0.911), (0.53, 0.2403, 0.911)]
                    uniform token subdivisionScheme = "none"
                }

                def Mesh "PortCage" (
                    prepend apiSchemas = ["MaterialBindingAPI"]
                )
                {
                    float3[] extent = [(0.545, -0.139954, 0.875781), (0.549, 0.16891, 0.903269)]
                    int[] faceVertexCounts = [4, 4, 4, 4, 4, 4]
                    int[] faceVertexIndices = [0, 3, 2, 1, 4, 5, 6, 7, 0, 1, 5, 4, 2, 3, 7, 6, 1, 2, 6, 5, 3, 0, 4, 7]
                    rel material:binding = </GenericRack/Looks/PortCage>
                    uniform token orientation = "rightHanded"
                    point3f[] points = [(0.545, -0.139954, 0.875781), (0.549, -0.139954, 0.875781), (0.549, 0.16891, 0.875781), (0.545, 0.16891, 0.875781), (0.545, -0.139954, 0.903269), (0.549, -0.139954, 0.903269), (0.549, 0.16891, 0.903269), (0.545, 0.16891, 0.903269)]
                    uniform token subdivisionScheme = "none"
                }

                def Mesh "VentDark" (
                    prepend apiSchemas = ["MaterialBindingAPI"]
                )
                {
                    float3[] extent = [(0.549, -0.1360932, 0.878358), (0.551, 0.1650492, 0.900692)]
                    int[] faceVertexCounts = [4, 4, 4, 4, 4, 4, 4, 4, 4, 4, 4, 4, 4, 4, 4, 4, 4, 4, 4, 4, 4, 4, 4, 4, 4, 4, 4, 4, 4, 4, 4, 4, 4, 4, 4, 4, 4, 4, 4, 4, 4, 4, 4, 4, 4, 4, 4, 4, 4, 4, 4, 4, 4, 4, 4, 4, 4, 4, 4, 4, 4, 4, 4, 4, 4, 4, 4, 4, 4, 4, 4, 4, 4, 4, 4, 4, 4, 4, 4, 4, 4, 4, 4, 4, 4, 4, 4, 4, 4, 4, 4, 4, 4, 4, 4, 4, 4, 4, 4, 4, 4, 4, 4, 4, 4, 4, 4, 4, 4, 4, 4, 4, 4, 4, 4, 4, 4, 4, 4, 4, 4, 4, 4, 4, 4, 4, 4, 4, 4, 4, 4, 4, 4, 4, 4, 4, 4, 4, 4, 4, 4, 4, 4, 4]
                    int[] faceVertexIndices = [0, 3, 2, 1, 4, 5, 6, 7, 0, 1, 5, 4, 2, 3, 7, 6, 1, 2, 6, 5, 3, 0, 4, 7, 8, 11, 10, 9, 12, 13, 14, 15, 8, 9, 13, 12, 10, 11, 15, 14, 9, 10, 14, 13, 11, 8, 12, 15, 16, 19, 18, 17, 20, 21, 22, 23, 16, 17, 21, 20, 18, 19, 23, 22, 17, 18, 22, 21, 19, 16, 20, 23, 24, 27, 26, 25, 28, 29, 30, 31, 24, 25, 29, 28, 26, 27, 31, 30, 25, 26, 30, 29, 27, 24, 28, 31, 32, 35, 34, 33, 36, 37, 38, 39, 32, 33, 37, 36, 34, 35, 39, 38, 33, 34, 38, 37, 35, 32, 36, 39, 40, 43, 42, 41, 44, 45, 46, 47, 40, 41, 45, 44, 42, 43, 47, 46, 41, 42, 46, 45, 43, 40, 44, 47, 48, 51, 50, 49, 52, 53, 54, 55, 48, 49, 53, 52, 50, 51, 55, 54, 49, 50, 54, 53, 51, 48, 52, 55, 56, 59, 58, 57, 60, 61, 62, 63, 56, 57, 61, 60, 58, 59, 63, 62, 57, 58, 62, 61, 59, 56, 60, 63, 64, 67, 66, 65, 68, 69, 70, 71, 64, 65, 69, 68, 66, 67, 71, 70, 65, 66, 70, 69, 67, 64, 68, 71, 72, 75, 74, 73, 76, 77, 78, 79, 72, 73, 77, 76, 74, 75, 79, 78, 73, 74, 78, 77, 75, 72, 76, 79, 80, 83, 82, 81, 84, 85, 86, 87, 80, 81, 85, 84, 82, 83, 87, 86, 81, 82, 86, 85, 83, 80, 84, 87, 88, 91, 90, 89, 92, 93, 94, 95, 88, 89, 93, 92, 90, 91, 95, 94, 89, 90, 94, 93, 91, 88, 92, 95, 96, 99, 98, 97, 100, 101, 102, 103, 96, 97, 101, 100, 98, 99, 103, 102, 97, 98, 102, 101, 99, 96, 100, 103, 104, 107, 106, 105, 108, 109, 110, 111, 104, 105, 109, 108, 106, 107, 111, 110, 105, 106, 110, 109, 107, 104, 108, 111, 112, 115, 114, 113, 116, 117, 118, 119, 112, 113, 117, 116, 114, 115, 119, 118, 113, 114, 118, 117, 115, 112, 116, 119, 120, 123, 122, 121, 124, 125, 126, 127, 120, 121, 125, 124, 122, 123, 127, 126, 121, 122, 126, 125, 123, 120, 124, 127, 128, 131, 130, 129, 132, 133, 134, 135, 128, 129, 133, 132, 130, 131, 135, 134, 129, 130, 134, 133, 131, 128, 132, 135, 136, 139, 138, 137, 140, 141, 142, 143, 136, 137, 141, 140, 138, 139, 143, 142, 137, 138, 142, 141, 139, 136, 140, 143, 144, 147, 146, 145, 148, 149, 150, 151, 144, 145, 149, 148, 146, 147, 151, 150, 145, 146, 150, 149, 147, 144, 148, 151, 152, 155, 154, 153, 156, 157, 158, 159, 152, 153, 157, 156, 154, 155, 159, 158, 153, 154, 158, 157, 155, 152, 156, 159, 160, 163, 162, 161, 164, 165, 166, 167, 160, 161, 165, 164, 162, 163, 167, 166, 161, 162, 166, 165, 163, 160, 164, 167, 168, 171, 170, 169, 172, 173, 174, 175, 168, 169, 173, 172, 170, 171, 175, 174, 169, 170, 174, 173, 171, 168, 172, 175, 176, 179, 178, 177, 180, 181, 182, 183, 176, 177, 181, 180, 178, 179, 183, 182, 177, 178, 182, 181, 179, 176, 180, 183, 184, 187, 186, 185, 188, 189, 190, 191, 184, 185, 189, 188, 186, 187, 191, 190, 185, 186, 190, 189, 187, 184, 188, 191]
                    rel material:binding = </GenericRack/Looks/VentDark>
                    uniform token orientation = "rightHanded"
                    point3f[] points = [(0.549, -0.1360932, 0.878358), (0.551, -0.1360932, 0.878358), (0.551, -0.11807613, 0.878358), (0.549, -0.11807613, 0.878358), (0.549, -0.1360932, 0.887807), (0.551, -0.1360932, 0.887807), (0.551, -0.11807613, 0.887807), (0.549, -0.11807613, 0.887807), (0.549, -0.110354535, 0.878358), (0.551, -0.110354535, 0.878358), (0.551, -0.09233747, 0.878358), (0.549, -0.09233747, 0.878358), (0.549, -0.110354535, 0.887807), (0.551, -0.110354535, 0.887807), (0.551, -0.09233747, 0.887807), (0.549, -0.09233747, 0.887807), (0.549, -0.084615864, 0.878358), (0.551, -0.084615864, 0.878358), (0.551, -0.0665988, 0.878358), (0.549, -0.0665988, 0.878358), (0.549, -0.084615864, 0.887807), (0.551, -0.084615864, 0.887807), (0.551, -0.0665988, 0.887807), (0.549, -0.0665988, 0.887807), (0.549, -0.0588772, 0.878358), (0.551, -0.0588772, 0.878358), (0.551, -0.040860135, 0.878358), (0.549, -0.040860135, 0.878358), (0.549, -0.0588772, 0.887807), (0.551, -0.0588772, 0.887807), (0.551, -0.040860135, 0.887807), (0.549, -0.040860135, 0.887807), (0.549, -0.033138532, 0.878358), (0.551, -0.033138532, 0.878358), (0.551, -0.0151214665, 0.878358), (0.549, -0.0151214665, 0.878358), (0.549, -0.033138532, 0.887807), (0.551, -0.033138532, 0.887807), (0.551, -0.0151214665, 0.887807), (0.549, -0.0151214665, 0.887807), (0.549, -0.007399867, 0.878358), (0.551, -0.007399867, 0.878358), (0.551, 0.0106172, 0.878358), (0.549, 0.0106172, 0.878358), (0.549, -0.007399867, 0.887807), (0.551, -0.007399867, 0.887807), (0.551, 0.0106172, 0.887807), (0.549, 0.0106172, 0.887807), (0.549, 0.0183388, 0.878358), (0.551, 0.0183388, 0.878358), (0.551, 0.036355868, 0.878358), (0.549, 0.036355868, 0.878358), (0.549, 0.0183388, 0.887807), (0.551, 0.0183388, 0.887807), (0.551, 0.036355868, 0.887807), (0.549, 0.036355868, 0.887807), (0.549, 0.044077467, 0.878358), (0.551, 0.044077467, 0.878358), (0.551, 0.062094532, 0.878358), (0.549, 0.062094532, 0.878358), (0.549, 0.044077467, 0.887807), (0.551, 0.044077467, 0.887807), (0.551, 0.062094532, 0.887807), (0.549, 0.062094532, 0.887807), (0.549, 0.069816135, 0.878358), (0.551, 0.069816135, 0.878358), (0.551, 0.0878332, 0.878358), (0.549, 0.0878332, 0.878358), (0.549, 0.069816135, 0.887807), (0.551, 0.069816135, 0.887807), (0.551, 0.0878332, 0.887807), (0.549, 0.0878332, 0.887807), (0.549, 0.0955548, 0.878358), (0.551, 0.0955548, 0.878358), (0.551, 0.11357187, 0.878358), (0.549, 0.11357187, 0.878358), (0.549, 0.0955548, 0.887807), (0.551, 0.0955548, 0.887807), (0.551, 0.11357187, 0.887807), (0.549, 0.11357187, 0.887807), (0.549, 0.12129347, 0.878358), (0.551, 0.12129347, 0.878358), (0.551, 0.13931054, 0.878358), (0.549, 0.13931054, 0.878358), (0.549, 0.12129347, 0.887807), (0.551, 0.12129347, 0.887807), (0.551, 0.13931054, 0.887807), (0.549, 0.13931054, 0.887807), (0.549, 0.14703213, 0.878358), (0.551, 0.14703213, 0.878358), (0.551, 0.1650492, 0.878358), (0.549, 0.1650492, 0.878358), (0.549, 0.14703213, 0.887807), (0.551, 0.14703213, 0.887807), (0.551, 0.1650492, 0.887807), (0.549, 0.1650492, 0.887807), (0.549, -0.1360932, 0.891243), (0.551, -0.1360932, 0.891243), (0.551, -0.11807613, 0.891243), (0.549, -0.11807613, 0.891243), (0.549, -0.1360932, 0.900692), (0.551, -0.1360932, 0.900692), (0.551, -0.11807613, 0.900692), (0.549, -0.11807613, 0.900692), (0.549, -0.110354535, 0.891243), (0.551, -0.110354535, 0.891243), (0.551, -0.09233747, 0.891243), (0.549, -0.09233747, 0.891243), (0.549, -0.110354535, 0.900692), (0.551, -0.110354535, 0.900692), (0.551, -0.09233747, 0.900692), (0.549, -0.09233747, 0.900692), (0.549, -0.084615864, 0.891243), (0.551, -0.084615864, 0.891243), (0.551, -0.0665988, 0.891243), (0.549, -0.0665988, 0.891243), (0.549, -0.084615864, 0.900692), (0.551, -0.084615864, 0.900692), (0.551, -0.0665988, 0.900692), (0.549, -0.0665988, 0.900692), (0.549, -0.0588772, 0.891243), (0.551, -0.0588772, 0.891243), (0.551, -0.040860135, 0.891243), (0.549, -0.040860135, 0.891243), (0.549, -0.0588772, 0.900692), (0.551, -0.0588772, 0.900692), (0.551, -0.040860135, 0.900692), (0.549, -0.040860135, 0.900692), (0.549, -0.033138532, 0.891243), (0.551, -0.033138532, 0.891243), (0.551, -0.0151214665, 0.891243), (0.549, -0.0151214665, 0.891243), (0.549, -0.033138532, 0.900692), (0.551, -0.033138532, 0.900692), (0.551, -0.0151214665, 0.900692), (0.549, -0.0151214665, 0.900692), (0.549, -0.007399867, 0.891243), (0.551, -0.007399867, 0.891243), (0.551, 0.0106172, 0.891243), (0.549, 0.0106172, 0.891243), (0.549, -0.007399867, 0.900692), (0.551, -0.007399867, 0.900692), (0.551, 0.0106172, 0.900692), (0.549, 0.0106172, 0.900692), (0.549, 0.0183388, 0.891243), (0.551, 0.0183388, 0.891243), (0.551, 0.036355868, 0.891243), (0.549, 0.036355868, 0.891243), (0.549, 0.0183388, 0.900692), (0.551, 0.0183388, 0.900692), (0.551, 0.036355868, 0.900692), (0.549, 0.036355868, 0.900692), (0.549, 0.044077467, 0.891243), (0.551, 0.044077467, 0.891243), (0.551, 0.062094532, 0.891243), (0.549, 0.062094532, 0.891243), (0.549, 0.044077467, 0.900692), (0.551, 0.044077467, 0.900692), (0.551, 0.062094532, 0.900692), (0.549, 0.062094532, 0.900692), (0.549, 0.069816135, 0.891243), (0.551, 0.069816135, 0.891243), (0.551, 0.0878332, 0.891243), (0.549, 0.0878332, 0.891243), (0.549, 0.069816135, 0.900692), (0.551, 0.069816135, 0.900692), (0.551, 0.0878332, 0.900692), (0.549, 0.0878332, 0.900692), (0.549, 0.0955548, 0.891243), (0.551, 0.0955548, 0.891243), (0.551, 0.11357187, 0.891243), (0.549, 0.11357187, 0.891243), (0.549, 0.0955548, 0.900692), (0.551, 0.0955548, 0.900692), (0.551, 0.11357187, 0.900692), (0.549, 0.11357187, 0.900692), (0.549, 0.12129347, 0.891243), (0.551, 0.12129347, 0.891243), (0.551, 0.13931054, 0.891243), (0.549, 0.13931054, 0.891243), (0.549, 0.12129347, 0.900692), (0.551, 0.12129347, 0.900692), (0.551, 0.13931054, 0.900692), (0.549, 0.13931054, 0.900692), (0.549, 0.14703213, 0.891243), (0.551, 0.14703213, 0.891243), (0.551, 0.1650492, 0.891243), (0.549, 0.1650492, 0.891243), (0.549, 0.14703213, 0.900692), (0.551, 0.14703213, 0.900692), (0.551, 0.1650492, 0.900692), (0.549, 0.1650492, 0.900692)]
                    uniform token subdivisionScheme = "none"
                }

                def Mesh "Handle" (
                    prepend apiSchemas = ["MaterialBindingAPI"]
                )
                {
                    float3[] extent = [(0.545, -0.2263, 0.8762105), (0.557, 0.2263, 0.9028395)]
                    int[] faceVertexCounts = [4, 4, 4, 4, 4, 4, 4, 4, 4, 4, 4, 4]
                    int[] faceVertexIndices = [0, 3, 2, 1, 4, 5, 6, 7, 0, 1, 5, 4, 2, 3, 7, 6, 1, 2, 6, 5, 3, 0, 4, 7, 8, 11, 10, 9, 12, 13, 14, 15, 8, 9, 13, 12, 10, 11, 15, 14, 9, 10, 14, 13, 11, 8, 12, 15]
                    rel material:binding = </GenericRack/Looks/Handle>
                    uniform token orientation = "rightHanded"
                    point3f[] points = [(0.545, -0.2263, 0.8762105), (0.557, -0.2263, 0.8762105), (0.557, -0.2123, 0.8762105), (0.545, -0.2123, 0.8762105), (0.545, -0.2263, 0.9028395), (0.557, -0.2263, 0.9028395), (0.557, -0.2123, 0.9028395), (0.545, -0.2123, 0.9028395), (0.545, 0.2123, 0.8762105), (0.557, 0.2123, 0.8762105), (0.557, 0.2263, 0.8762105), (0.545, 0.2263, 0.8762105), (0.545, 0.2123, 0.9028395), (0.557, 0.2123, 0.9028395), (0.557, 0.2263, 0.9028395), (0.545, 0.2263, 0.9028395)]
                    uniform token subdivisionScheme = "none"
                }

                def Mesh "StatusLamp" (
                    prepend apiSchemas = ["MaterialBindingAPI"]
                )
                {
                    float3[] extent = [(0.545, -0.1943, 0.895256), (0.547, -0.1883, 0.899256)]
                    int[] faceVertexCounts = [4, 4, 4, 4, 4, 4]
                    int[] faceVertexIndices = [0, 3, 2, 1, 4, 5, 6, 7, 0, 1, 5, 4, 2, 3, 7, 6, 1, 2, 6, 5, 3, 0, 4, 7]
                    rel material:binding = </GenericRack/Looks/StatusLamp>
                    uniform token orientation = "rightHanded"
                    point3f[] points = [(0.545, -0.1943, 0.895256), (0.547, -0.1943, 0.895256), (0.547, -0.1883, 0.895256), (0.545, -0.1883, 0.895256), (0.545, -0.1943, 0.899256), (0.547, -0.1943, 0.899256), (0.547, -0.1883, 0.899256), (0.545, -0.1883, 0.899256)]
                    uniform token subdivisionScheme = "none"
                }
            }

            def "switch_20"
            {
                def Mesh "TraySwitch" (
                    prepend apiSchemas = ["MaterialBindingAPI"]
                )
                {
                    float3[] extent = [(0.53, -0.2403, 0.9125), (0.545, 0.2403, 0.95545)]
                    int[] faceVertexCounts = [4, 4, 4, 4, 4, 4]
                    int[] faceVertexIndices = [0, 3, 2, 1, 4, 5, 6, 7, 0, 1, 5, 4, 2, 3, 7, 6, 1, 2, 6, 5, 3, 0, 4, 7]
                    rel material:binding = </GenericRack/Looks/TraySwitch>
                    uniform token orientation = "rightHanded"
                    point3f[] points = [(0.53, -0.2403, 0.9125), (0.545, -0.2403, 0.9125), (0.545, 0.2403, 0.9125), (0.53, 0.2403, 0.9125), (0.53, -0.2403, 0.95545), (0.545, -0.2403, 0.95545), (0.545, 0.2403, 0.95545), (0.53, 0.2403, 0.95545)]
                    uniform token subdivisionScheme = "none"
                }

                def Mesh "PortCage" (
                    prepend apiSchemas = ["MaterialBindingAPI"]
                )
                {
                    float3[] extent = [(0.545, -0.139954, 0.920231), (0.549, 0.16891, 0.947719)]
                    int[] faceVertexCounts = [4, 4, 4, 4, 4, 4]
                    int[] faceVertexIndices = [0, 3, 2, 1, 4, 5, 6, 7, 0, 1, 5, 4, 2, 3, 7, 6, 1, 2, 6, 5, 3, 0, 4, 7]
                    rel material:binding = </GenericRack/Looks/PortCage>
                    uniform token orientation = "rightHanded"
                    point3f[] points = [(0.545, -0.139954, 0.920231), (0.549, -0.139954, 0.920231), (0.549, 0.16891, 0.920231), (0.545, 0.16891, 0.920231), (0.545, -0.139954, 0.947719), (0.549, -0.139954, 0.947719), (0.549, 0.16891, 0.947719), (0.545, 0.16891, 0.947719)]
                    uniform token subdivisionScheme = "none"
                }

                def Mesh "VentDark" (
                    prepend apiSchemas = ["MaterialBindingAPI"]
                )
                {
                    float3[] extent = [(0.549, -0.1360932, 0.922808), (0.551, 0.1650492, 0.945142)]
                    int[] faceVertexCounts = [4, 4, 4, 4, 4, 4, 4, 4, 4, 4, 4, 4, 4, 4, 4, 4, 4, 4, 4, 4, 4, 4, 4, 4, 4, 4, 4, 4, 4, 4, 4, 4, 4, 4, 4, 4, 4, 4, 4, 4, 4, 4, 4, 4, 4, 4, 4, 4, 4, 4, 4, 4, 4, 4, 4, 4, 4, 4, 4, 4, 4, 4, 4, 4, 4, 4, 4, 4, 4, 4, 4, 4, 4, 4, 4, 4, 4, 4, 4, 4, 4, 4, 4, 4, 4, 4, 4, 4, 4, 4, 4, 4, 4, 4, 4, 4, 4, 4, 4, 4, 4, 4, 4, 4, 4, 4, 4, 4, 4, 4, 4, 4, 4, 4, 4, 4, 4, 4, 4, 4, 4, 4, 4, 4, 4, 4, 4, 4, 4, 4, 4, 4, 4, 4, 4, 4, 4, 4, 4, 4, 4, 4, 4, 4]
                    int[] faceVertexIndices = [0, 3, 2, 1, 4, 5, 6, 7, 0, 1, 5, 4, 2, 3, 7, 6, 1, 2, 6, 5, 3, 0, 4, 7, 8, 11, 10, 9, 12, 13, 14, 15, 8, 9, 13, 12, 10, 11, 15, 14, 9, 10, 14, 13, 11, 8, 12, 15, 16, 19, 18, 17, 20, 21, 22, 23, 16, 17, 21, 20, 18, 19, 23, 22, 17, 18, 22, 21, 19, 16, 20, 23, 24, 27, 26, 25, 28, 29, 30, 31, 24, 25, 29, 28, 26, 27, 31, 30, 25, 26, 30, 29, 27, 24, 28, 31, 32, 35, 34, 33, 36, 37, 38, 39, 32, 33, 37, 36, 34, 35, 39, 38, 33, 34, 38, 37, 35, 32, 36, 39, 40, 43, 42, 41, 44, 45, 46, 47, 40, 41, 45, 44, 42, 43, 47, 46, 41, 42, 46, 45, 43, 40, 44, 47, 48, 51, 50, 49, 52, 53, 54, 55, 48, 49, 53, 52, 50, 51, 55, 54, 49, 50, 54, 53, 51, 48, 52, 55, 56, 59, 58, 57, 60, 61, 62, 63, 56, 57, 61, 60, 58, 59, 63, 62, 57, 58, 62, 61, 59, 56, 60, 63, 64, 67, 66, 65, 68, 69, 70, 71, 64, 65, 69, 68, 66, 67, 71, 70, 65, 66, 70, 69, 67, 64, 68, 71, 72, 75, 74, 73, 76, 77, 78, 79, 72, 73, 77, 76, 74, 75, 79, 78, 73, 74, 78, 77, 75, 72, 76, 79, 80, 83, 82, 81, 84, 85, 86, 87, 80, 81, 85, 84, 82, 83, 87, 86, 81, 82, 86, 85, 83, 80, 84, 87, 88, 91, 90, 89, 92, 93, 94, 95, 88, 89, 93, 92, 90, 91, 95, 94, 89, 90, 94, 93, 91, 88, 92, 95, 96, 99, 98, 97, 100, 101, 102, 103, 96, 97, 101, 100, 98, 99, 103, 102, 97, 98, 102, 101, 99, 96, 100, 103, 104, 107, 106, 105, 108, 109, 110, 111, 104, 105, 109, 108, 106, 107, 111, 110, 105, 106, 110, 109, 107, 104, 108, 111, 112, 115, 114, 113, 116, 117, 118, 119, 112, 113, 117, 116, 114, 115, 119, 118, 113, 114, 118, 117, 115, 112, 116, 119, 120, 123, 122, 121, 124, 125, 126, 127, 120, 121, 125, 124, 122, 123, 127, 126, 121, 122, 126, 125, 123, 120, 124, 127, 128, 131, 130, 129, 132, 133, 134, 135, 128, 129, 133, 132, 130, 131, 135, 134, 129, 130, 134, 133, 131, 128, 132, 135, 136, 139, 138, 137, 140, 141, 142, 143, 136, 137, 141, 140, 138, 139, 143, 142, 137, 138, 142, 141, 139, 136, 140, 143, 144, 147, 146, 145, 148, 149, 150, 151, 144, 145, 149, 148, 146, 147, 151, 150, 145, 146, 150, 149, 147, 144, 148, 151, 152, 155, 154, 153, 156, 157, 158, 159, 152, 153, 157, 156, 154, 155, 159, 158, 153, 154, 158, 157, 155, 152, 156, 159, 160, 163, 162, 161, 164, 165, 166, 167, 160, 161, 165, 164, 162, 163, 167, 166, 161, 162, 166, 165, 163, 160, 164, 167, 168, 171, 170, 169, 172, 173, 174, 175, 168, 169, 173, 172, 170, 171, 175, 174, 169, 170, 174, 173, 171, 168, 172, 175, 176, 179, 178, 177, 180, 181, 182, 183, 176, 177, 181, 180, 178, 179, 183, 182, 177, 178, 182, 181, 179, 176, 180, 183, 184, 187, 186, 185, 188, 189, 190, 191, 184, 185, 189, 188, 186, 187, 191, 190, 185, 186, 190, 189, 187, 184, 188, 191]
                    rel material:binding = </GenericRack/Looks/VentDark>
                    uniform token orientation = "rightHanded"
                    point3f[] points = [(0.549, -0.1360932, 0.922808), (0.551, -0.1360932, 0.922808), (0.551, -0.11807613, 0.922808), (0.549, -0.11807613, 0.922808), (0.549, -0.1360932, 0.932257), (0.551, -0.1360932, 0.932257), (0.551, -0.11807613, 0.932257), (0.549, -0.11807613, 0.932257), (0.549, -0.110354535, 0.922808), (0.551, -0.110354535, 0.922808), (0.551, -0.09233747, 0.922808), (0.549, -0.09233747, 0.922808), (0.549, -0.110354535, 0.932257), (0.551, -0.110354535, 0.932257), (0.551, -0.09233747, 0.932257), (0.549, -0.09233747, 0.932257), (0.549, -0.084615864, 0.922808), (0.551, -0.084615864, 0.922808), (0.551, -0.0665988, 0.922808), (0.549, -0.0665988, 0.922808), (0.549, -0.084615864, 0.932257), (0.551, -0.084615864, 0.932257), (0.551, -0.0665988, 0.932257), (0.549, -0.0665988, 0.932257), (0.549, -0.0588772, 0.922808), (0.551, -0.0588772, 0.922808), (0.551, -0.040860135, 0.922808), (0.549, -0.040860135, 0.922808), (0.549, -0.0588772, 0.932257), (0.551, -0.0588772, 0.932257), (0.551, -0.040860135, 0.932257), (0.549, -0.040860135, 0.932257), (0.549, -0.033138532, 0.922808), (0.551, -0.033138532, 0.922808), (0.551, -0.0151214665, 0.922808), (0.549, -0.0151214665, 0.922808), (0.549, -0.033138532, 0.932257), (0.551, -0.033138532, 0.932257), (0.551, -0.0151214665, 0.932257), (0.549, -0.0151214665, 0.932257), (0.549, -0.007399867, 0.922808), (0.551, -0.007399867, 0.922808), (0.551, 0.0106172, 0.922808), (0.549, 0.0106172, 0.922808), (0.549, -0.007399867, 0.932257), (0.551, -0.007399867, 0.932257), (0.551, 0.0106172, 0.932257), (0.549, 0.0106172, 0.932257), (0.549, 0.0183388, 0.922808), (0.551, 0.0183388, 0.922808), (0.551, 0.036355868, 0.922808), (0.549, 0.036355868, 0.922808), (0.549, 0.0183388, 0.932257), (0.551, 0.0183388, 0.932257), (0.551, 0.036355868, 0.932257), (0.549, 0.036355868, 0.932257), (0.549, 0.044077467, 0.922808), (0.551, 0.044077467, 0.922808), (0.551, 0.062094532, 0.922808), (0.549, 0.062094532, 0.922808), (0.549, 0.044077467, 0.932257), (0.551, 0.044077467, 0.932257), (0.551, 0.062094532, 0.932257), (0.549, 0.062094532, 0.932257), (0.549, 0.069816135, 0.922808), (0.551, 0.069816135, 0.922808), (0.551, 0.0878332, 0.922808), (0.549, 0.0878332, 0.922808), (0.549, 0.069816135, 0.932257), (0.551, 0.069816135, 0.932257), (0.551, 0.0878332, 0.932257), (0.549, 0.0878332, 0.932257), (0.549, 0.0955548, 0.922808), (0.551, 0.0955548, 0.922808), (0.551, 0.11357187, 0.922808), (0.549, 0.11357187, 0.922808), (0.549, 0.0955548, 0.932257), (0.551, 0.0955548, 0.932257), (0.551, 0.11357187, 0.932257), (0.549, 0.11357187, 0.932257), (0.549, 0.12129347, 0.922808), (0.551, 0.12129347, 0.922808), (0.551, 0.13931054, 0.922808), (0.549, 0.13931054, 0.922808), (0.549, 0.12129347, 0.932257), (0.551, 0.12129347, 0.932257), (0.551, 0.13931054, 0.932257), (0.549, 0.13931054, 0.932257), (0.549, 0.14703213, 0.922808), (0.551, 0.14703213, 0.922808), (0.551, 0.1650492, 0.922808), (0.549, 0.1650492, 0.922808), (0.549, 0.14703213, 0.932257), (0.551, 0.14703213, 0.932257), (0.551, 0.1650492, 0.932257), (0.549, 0.1650492, 0.932257), (0.549, -0.1360932, 0.935693), (0.551, -0.1360932, 0.935693), (0.551, -0.11807613, 0.935693), (0.549, -0.11807613, 0.935693), (0.549, -0.1360932, 0.945142), (0.551, -0.1360932, 0.945142), (0.551, -0.11807613, 0.945142), (0.549, -0.11807613, 0.945142), (0.549, -0.110354535, 0.935693), (0.551, -0.110354535, 0.935693), (0.551, -0.09233747, 0.935693), (0.549, -0.09233747, 0.935693), (0.549, -0.110354535, 0.945142), (0.551, -0.110354535, 0.945142), (0.551, -0.09233747, 0.945142), (0.549, -0.09233747, 0.945142), (0.549, -0.084615864, 0.935693), (0.551, -0.084615864, 0.935693), (0.551, -0.0665988, 0.935693), (0.549, -0.0665988, 0.935693), (0.549, -0.084615864, 0.945142), (0.551, -0.084615864, 0.945142), (0.551, -0.0665988, 0.945142), (0.549, -0.0665988, 0.945142), (0.549, -0.0588772, 0.935693), (0.551, -0.0588772, 0.935693), (0.551, -0.040860135, 0.935693), (0.549, -0.040860135, 0.935693), (0.549, -0.0588772, 0.945142), (0.551, -0.0588772, 0.945142), (0.551, -0.040860135, 0.945142), (0.549, -0.040860135, 0.945142), (0.549, -0.033138532, 0.935693), (0.551, -0.033138532, 0.935693), (0.551, -0.0151214665, 0.935693), (0.549, -0.0151214665, 0.935693), (0.549, -0.033138532, 0.945142), (0.551, -0.033138532, 0.945142), (0.551, -0.0151214665, 0.945142), (0.549, -0.0151214665, 0.945142), (0.549, -0.007399867, 0.935693), (0.551, -0.007399867, 0.935693), (0.551, 0.0106172, 0.935693), (0.549, 0.0106172, 0.935693), (0.549, -0.007399867, 0.945142), (0.551, -0.007399867, 0.945142), (0.551, 0.0106172, 0.945142), (0.549, 0.0106172, 0.945142), (0.549, 0.0183388, 0.935693), (0.551, 0.0183388, 0.935693), (0.551, 0.036355868, 0.935693), (0.549, 0.036355868, 0.935693), (0.549, 0.0183388, 0.945142), (0.551, 0.0183388, 0.945142), (0.551, 0.036355868, 0.945142), (0.549, 0.036355868, 0.945142), (0.549, 0.044077467, 0.935693), (0.551, 0.044077467, 0.935693), (0.551, 0.062094532, 0.935693), (0.549, 0.062094532, 0.935693), (0.549, 0.044077467, 0.945142), (0.551, 0.044077467, 0.945142), (0.551, 0.062094532, 0.945142), (0.549, 0.062094532, 0.945142), (0.549, 0.069816135, 0.935693), (0.551, 0.069816135, 0.935693), (0.551, 0.0878332, 0.935693), (0.549, 0.0878332, 0.935693), (0.549, 0.069816135, 0.945142), (0.551, 0.069816135, 0.945142), (0.551, 0.0878332, 0.945142), (0.549, 0.0878332, 0.945142), (0.549, 0.0955548, 0.935693), (0.551, 0.0955548, 0.935693), (0.551, 0.11357187, 0.935693), (0.549, 0.11357187, 0.935693), (0.549, 0.0955548, 0.945142), (0.551, 0.0955548, 0.945142), (0.551, 0.11357187, 0.945142), (0.549, 0.11357187, 0.945142), (0.549, 0.12129347, 0.935693), (0.551, 0.12129347, 0.935693), (0.551, 0.13931054, 0.935693), (0.549, 0.13931054, 0.935693), (0.549, 0.12129347, 0.945142), (0.551, 0.12129347, 0.945142), (0.551, 0.13931054, 0.945142), (0.549, 0.13931054, 0.945142), (0.549, 0.14703213, 0.935693), (0.551, 0.14703213, 0.935693), (0.551, 0.1650492, 0.935693), (0.549, 0.1650492, 0.935693), (0.549, 0.14703213, 0.945142), (0.551, 0.14703213, 0.945142), (0.551, 0.1650492, 0.945142), (0.549, 0.1650492, 0.945142)]
                    uniform token subdivisionScheme = "none"
                }

                def Mesh "Handle" (
                    prepend apiSchemas = ["MaterialBindingAPI"]
                )
                {
                    float3[] extent = [(0.545, -0.2263, 0.9206605), (0.557, 0.2263, 0.9472895)]
                    int[] faceVertexCounts = [4, 4, 4, 4, 4, 4, 4, 4, 4, 4, 4, 4]
                    int[] faceVertexIndices = [0, 3, 2, 1, 4, 5, 6, 7, 0, 1, 5, 4, 2, 3, 7, 6, 1, 2, 6, 5, 3, 0, 4, 7, 8, 11, 10, 9, 12, 13, 14, 15, 8, 9, 13, 12, 10, 11, 15, 14, 9, 10, 14, 13, 11, 8, 12, 15]
                    rel material:binding = </GenericRack/Looks/Handle>
                    uniform token orientation = "rightHanded"
                    point3f[] points = [(0.545, -0.2263, 0.9206605), (0.557, -0.2263, 0.9206605), (0.557, -0.2123, 0.9206605), (0.545, -0.2123, 0.9206605), (0.545, -0.2263, 0.9472895), (0.557, -0.2263, 0.9472895), (0.557, -0.2123, 0.9472895), (0.545, -0.2123, 0.9472895), (0.545, 0.2123, 0.9206605), (0.557, 0.2123, 0.9206605), (0.557, 0.2263, 0.9206605), (0.545, 0.2263, 0.9206605), (0.545, 0.2123, 0.9472895), (0.557, 0.2123, 0.9472895), (0.557, 0.2263, 0.9472895), (0.545, 0.2263, 0.9472895)]
                    uniform token subdivisionScheme = "none"
                }

                def Mesh "StatusLamp" (
                    prepend apiSchemas = ["MaterialBindingAPI"]
                )
                {
                    float3[] extent = [(0.545, -0.1943, 0.939706), (0.547, -0.1883, 0.943706)]
                    int[] faceVertexCounts = [4, 4, 4, 4, 4, 4]
                    int[] faceVertexIndices = [0, 3, 2, 1, 4, 5, 6, 7, 0, 1, 5, 4, 2, 3, 7, 6, 1, 2, 6, 5, 3, 0, 4, 7]
                    rel material:binding = </GenericRack/Looks/StatusLamp>
                    uniform token orientation = "rightHanded"
                    point3f[] points = [(0.545, -0.1943, 0.939706), (0.547, -0.1943, 0.939706), (0.547, -0.1883, 0.939706), (0.545, -0.1883, 0.939706), (0.545, -0.1943, 0.943706), (0.547, -0.1943, 0.943706), (0.547, -0.1883, 0.943706), (0.545, -0.1883, 0.943706)]
                    uniform token subdivisionScheme = "none"
                }
            }

            def "switch_21"
            {
                def Mesh "TraySwitch" (
                    prepend apiSchemas = ["MaterialBindingAPI"]
                )
                {
                    float3[] extent = [(0.53, -0.2403, 0.95695), (0.545, 0.2403, 0.9999)]
                    int[] faceVertexCounts = [4, 4, 4, 4, 4, 4]
                    int[] faceVertexIndices = [0, 3, 2, 1, 4, 5, 6, 7, 0, 1, 5, 4, 2, 3, 7, 6, 1, 2, 6, 5, 3, 0, 4, 7]
                    rel material:binding = </GenericRack/Looks/TraySwitch>
                    uniform token orientation = "rightHanded"
                    point3f[] points = [(0.53, -0.2403, 0.95695), (0.545, -0.2403, 0.95695), (0.545, 0.2403, 0.95695), (0.53, 0.2403, 0.95695), (0.53, -0.2403, 0.9999), (0.545, -0.2403, 0.9999), (0.545, 0.2403, 0.9999), (0.53, 0.2403, 0.9999)]
                    uniform token subdivisionScheme = "none"
                }

                def Mesh "PortCage" (
                    prepend apiSchemas = ["MaterialBindingAPI"]
                )
                {
                    float3[] extent = [(0.545, -0.139954, 0.964681), (0.549, 0.16891, 0.992169)]
                    int[] faceVertexCounts = [4, 4, 4, 4, 4, 4]
                    int[] faceVertexIndices = [0, 3, 2, 1, 4, 5, 6, 7, 0, 1, 5, 4, 2, 3, 7, 6, 1, 2, 6, 5, 3, 0, 4, 7]
                    rel material:binding = </GenericRack/Looks/PortCage>
                    uniform token orientation = "rightHanded"
                    point3f[] points = [(0.545, -0.139954, 0.964681), (0.549, -0.139954, 0.964681), (0.549, 0.16891, 0.964681), (0.545, 0.16891, 0.964681), (0.545, -0.139954, 0.992169), (0.549, -0.139954, 0.992169), (0.549, 0.16891, 0.992169), (0.545, 0.16891, 0.992169)]
                    uniform token subdivisionScheme = "none"
                }

                def Mesh "VentDark" (
                    prepend apiSchemas = ["MaterialBindingAPI"]
                )
                {
                    float3[] extent = [(0.549, -0.1360932, 0.967258), (0.551, 0.1650492, 0.989592)]
                    int[] faceVertexCounts = [4, 4, 4, 4, 4, 4, 4, 4, 4, 4, 4, 4, 4, 4, 4, 4, 4, 4, 4, 4, 4, 4, 4, 4, 4, 4, 4, 4, 4, 4, 4, 4, 4, 4, 4, 4, 4, 4, 4, 4, 4, 4, 4, 4, 4, 4, 4, 4, 4, 4, 4, 4, 4, 4, 4, 4, 4, 4, 4, 4, 4, 4, 4, 4, 4, 4, 4, 4, 4, 4, 4, 4, 4, 4, 4, 4, 4, 4, 4, 4, 4, 4, 4, 4, 4, 4, 4, 4, 4, 4, 4, 4, 4, 4, 4, 4, 4, 4, 4, 4, 4, 4, 4, 4, 4, 4, 4, 4, 4, 4, 4, 4, 4, 4, 4, 4, 4, 4, 4, 4, 4, 4, 4, 4, 4, 4, 4, 4, 4, 4, 4, 4, 4, 4, 4, 4, 4, 4, 4, 4, 4, 4, 4, 4]
                    int[] faceVertexIndices = [0, 3, 2, 1, 4, 5, 6, 7, 0, 1, 5, 4, 2, 3, 7, 6, 1, 2, 6, 5, 3, 0, 4, 7, 8, 11, 10, 9, 12, 13, 14, 15, 8, 9, 13, 12, 10, 11, 15, 14, 9, 10, 14, 13, 11, 8, 12, 15, 16, 19, 18, 17, 20, 21, 22, 23, 16, 17, 21, 20, 18, 19, 23, 22, 17, 18, 22, 21, 19, 16, 20, 23, 24, 27, 26, 25, 28, 29, 30, 31, 24, 25, 29, 28, 26, 27, 31, 30, 25, 26, 30, 29, 27, 24, 28, 31, 32, 35, 34, 33, 36, 37, 38, 39, 32, 33, 37, 36, 34, 35, 39, 38, 33, 34, 38, 37, 35, 32, 36, 39, 40, 43, 42, 41, 44, 45, 46, 47, 40, 41, 45, 44, 42, 43, 47, 46, 41, 42, 46, 45, 43, 40, 44, 47, 48, 51, 50, 49, 52, 53, 54, 55, 48, 49, 53, 52, 50, 51, 55, 54, 49, 50, 54, 53, 51, 48, 52, 55, 56, 59, 58, 57, 60, 61, 62, 63, 56, 57, 61, 60, 58, 59, 63, 62, 57, 58, 62, 61, 59, 56, 60, 63, 64, 67, 66, 65, 68, 69, 70, 71, 64, 65, 69, 68, 66, 67, 71, 70, 65, 66, 70, 69, 67, 64, 68, 71, 72, 75, 74, 73, 76, 77, 78, 79, 72, 73, 77, 76, 74, 75, 79, 78, 73, 74, 78, 77, 75, 72, 76, 79, 80, 83, 82, 81, 84, 85, 86, 87, 80, 81, 85, 84, 82, 83, 87, 86, 81, 82, 86, 85, 83, 80, 84, 87, 88, 91, 90, 89, 92, 93, 94, 95, 88, 89, 93, 92, 90, 91, 95, 94, 89, 90, 94, 93, 91, 88, 92, 95, 96, 99, 98, 97, 100, 101, 102, 103, 96, 97, 101, 100, 98, 99, 103, 102, 97, 98, 102, 101, 99, 96, 100, 103, 104, 107, 106, 105, 108, 109, 110, 111, 104, 105, 109, 108, 106, 107, 111, 110, 105, 106, 110, 109, 107, 104, 108, 111, 112, 115, 114, 113, 116, 117, 118, 119, 112, 113, 117, 116, 114, 115, 119, 118, 113, 114, 118, 117, 115, 112, 116, 119, 120, 123, 122, 121, 124, 125, 126, 127, 120, 121, 125, 124, 122, 123, 127, 126, 121, 122, 126, 125, 123, 120, 124, 127, 128, 131, 130, 129, 132, 133, 134, 135, 128, 129, 133, 132, 130, 131, 135, 134, 129, 130, 134, 133, 131, 128, 132, 135, 136, 139, 138, 137, 140, 141, 142, 143, 136, 137, 141, 140, 138, 139, 143, 142, 137, 138, 142, 141, 139, 136, 140, 143, 144, 147, 146, 145, 148, 149, 150, 151, 144, 145, 149, 148, 146, 147, 151, 150, 145, 146, 150, 149, 147, 144, 148, 151, 152, 155, 154, 153, 156, 157, 158, 159, 152, 153, 157, 156, 154, 155, 159, 158, 153, 154, 158, 157, 155, 152, 156, 159, 160, 163, 162, 161, 164, 165, 166, 167, 160, 161, 165, 164, 162, 163, 167, 166, 161, 162, 166, 165, 163, 160, 164, 167, 168, 171, 170, 169, 172, 173, 174, 175, 168, 169, 173, 172, 170, 171, 175, 174, 169, 170, 174, 173, 171, 168, 172, 175, 176, 179, 178, 177, 180, 181, 182, 183, 176, 177, 181, 180, 178, 179, 183, 182, 177, 178, 182, 181, 179, 176, 180, 183, 184, 187, 186, 185, 188, 189, 190, 191, 184, 185, 189, 188, 186, 187, 191, 190, 185, 186, 190, 189, 187, 184, 188, 191]
                    rel material:binding = </GenericRack/Looks/VentDark>
                    uniform token orientation = "rightHanded"
                    point3f[] points = [(0.549, -0.1360932, 0.967258), (0.551, -0.1360932, 0.967258), (0.551, -0.11807613, 0.967258), (0.549, -0.11807613, 0.967258), (0.549, -0.1360932, 0.976707), (0.551, -0.1360932, 0.976707), (0.551, -0.11807613, 0.976707), (0.549, -0.11807613, 0.976707), (0.549, -0.110354535, 0.967258), (0.551, -0.110354535, 0.967258), (0.551, -0.09233747, 0.967258), (0.549, -0.09233747, 0.967258), (0.549, -0.110354535, 0.976707), (0.551, -0.110354535, 0.976707), (0.551, -0.09233747, 0.976707), (0.549, -0.09233747, 0.976707), (0.549, -0.084615864, 0.967258), (0.551, -0.084615864, 0.967258), (0.551, -0.0665988, 0.967258), (0.549, -0.0665988, 0.967258), (0.549, -0.084615864, 0.976707), (0.551, -0.084615864, 0.976707), (0.551, -0.0665988, 0.976707), (0.549, -0.0665988, 0.976707), (0.549, -0.0588772, 0.967258), (0.551, -0.0588772, 0.967258), (0.551, -0.040860135, 0.967258), (0.549, -0.040860135, 0.967258), (0.549, -0.0588772, 0.976707), (0.551, -0.0588772, 0.976707), (0.551, -0.040860135, 0.976707), (0.549, -0.040860135, 0.976707), (0.549, -0.033138532, 0.967258), (0.551, -0.033138532, 0.967258), (0.551, -0.0151214665, 0.967258), (0.549, -0.0151214665, 0.967258), (0.549, -0.033138532, 0.976707), (0.551, -0.033138532, 0.976707), (0.551, -0.0151214665, 0.976707), (0.549, -0.0151214665, 0.976707), (0.549, -0.007399867, 0.967258), (0.551, -0.007399867, 0.967258), (0.551, 0.0106172, 0.967258), (0.549, 0.0106172, 0.967258), (0.549, -0.007399867, 0.976707), (0.551, -0.007399867, 0.976707), (0.551, 0.0106172, 0.976707), (0.549, 0.0106172, 0.976707), (0.549, 0.0183388, 0.967258), (0.551, 0.0183388, 0.967258), (0.551, 0.036355868, 0.967258), (0.549, 0.036355868, 0.967258), (0.549, 0.0183388, 0.976707), (0.551, 0.0183388, 0.976707), (0.551, 0.036355868, 0.976707), (0.549, 0.036355868, 0.976707), (0.549, 0.044077467, 0.967258), (0.551, 0.044077467, 0.967258), (0.551, 0.062094532, 0.967258), (0.549, 0.062094532, 0.967258), (0.549, 0.044077467, 0.976707), (0.551, 0.044077467, 0.976707), (0.551, 0.062094532, 0.976707), (0.549, 0.062094532, 0.976707), (0.549, 0.069816135, 0.967258), (0.551, 0.069816135, 0.967258), (0.551, 0.0878332, 0.967258), (0.549, 0.0878332, 0.967258), (0.549, 0.069816135, 0.976707), (0.551, 0.069816135, 0.976707), (0.551, 0.0878332, 0.976707), (0.549, 0.0878332, 0.976707), (0.549, 0.0955548, 0.967258), (0.551, 0.0955548, 0.967258), (0.551, 0.11357187, 0.967258), (0.549, 0.11357187, 0.967258), (0.549, 0.0955548, 0.976707), (0.551, 0.0955548, 0.976707), (0.551, 0.11357187, 0.976707), (0.549, 0.11357187, 0.976707), (0.549, 0.12129347, 0.967258), (0.551, 0.12129347, 0.967258), (0.551, 0.13931054, 0.967258), (0.549, 0.13931054, 0.967258), (0.549, 0.12129347, 0.976707), (0.551, 0.12129347, 0.976707), (0.551, 0.13931054, 0.976707), (0.549, 0.13931054, 0.976707), (0.549, 0.14703213, 0.967258), (0.551, 0.14703213, 0.967258), (0.551, 0.1650492, 0.967258), (0.549, 0.1650492, 0.967258), (0.549, 0.14703213, 0.976707), (0.551, 0.14703213, 0.976707), (0.551, 0.1650492, 0.976707), (0.549, 0.1650492, 0.976707), (0.549, -0.1360932, 0.980143), (0.551, -0.1360932, 0.980143), (0.551, -0.11807613, 0.980143), (0.549, -0.11807613, 0.980143), (0.549, -0.1360932, 0.989592), (0.551, -0.1360932, 0.989592), (0.551, -0.11807613, 0.989592), (0.549, -0.11807613, 0.989592), (0.549, -0.110354535, 0.980143), (0.551, -0.110354535, 0.980143), (0.551, -0.09233747, 0.980143), (0.549, -0.09233747, 0.980143), (0.549, -0.110354535, 0.989592), (0.551, -0.110354535, 0.989592), (0.551, -0.09233747, 0.989592), (0.549, -0.09233747, 0.989592), (0.549, -0.084615864, 0.980143), (0.551, -0.084615864, 0.980143), (0.551, -0.0665988, 0.980143), (0.549, -0.0665988, 0.980143), (0.549, -0.084615864, 0.989592), (0.551, -0.084615864, 0.989592), (0.551, -0.0665988, 0.989592), (0.549, -0.0665988, 0.989592), (0.549, -0.0588772, 0.980143), (0.551, -0.0588772, 0.980143), (0.551, -0.040860135, 0.980143), (0.549, -0.040860135, 0.980143), (0.549, -0.0588772, 0.989592), (0.551, -0.0588772, 0.989592), (0.551, -0.040860135, 0.989592), (0.549, -0.040860135, 0.989592), (0.549, -0.033138532, 0.980143), (0.551, -0.033138532, 0.980143), (0.551, -0.0151214665, 0.980143), (0.549, -0.0151214665, 0.980143), (0.549, -0.033138532, 0.989592), (0.551, -0.033138532, 0.989592), (0.551, -0.0151214665, 0.989592), (0.549, -0.0151214665, 0.989592), (0.549, -0.007399867, 0.980143), (0.551, -0.007399867, 0.980143), (0.551, 0.0106172, 0.980143), (0.549, 0.0106172, 0.980143), (0.549, -0.007399867, 0.989592), (0.551, -0.007399867, 0.989592), (0.551, 0.0106172, 0.989592), (0.549, 0.0106172, 0.989592), (0.549, 0.0183388, 0.980143), (0.551, 0.0183388, 0.980143), (0.551, 0.036355868, 0.980143), (0.549, 0.036355868, 0.980143), (0.549, 0.0183388, 0.989592), (0.551, 0.0183388, 0.989592), (0.551, 0.036355868, 0.989592), (0.549, 0.036355868, 0.989592), (0.549, 0.044077467, 0.980143), (0.551, 0.044077467, 0.980143), (0.551, 0.062094532, 0.980143), (0.549, 0.062094532, 0.980143), (0.549, 0.044077467, 0.989592), (0.551, 0.044077467, 0.989592), (0.551, 0.062094532, 0.989592), (0.549, 0.062094532, 0.989592), (0.549, 0.069816135, 0.980143), (0.551, 0.069816135, 0.980143), (0.551, 0.0878332, 0.980143), (0.549, 0.0878332, 0.980143), (0.549, 0.069816135, 0.989592), (0.551, 0.069816135, 0.989592), (0.551, 0.0878332, 0.989592), (0.549, 0.0878332, 0.989592), (0.549, 0.0955548, 0.980143), (0.551, 0.0955548, 0.980143), (0.551, 0.11357187, 0.980143), (0.549, 0.11357187, 0.980143), (0.549, 0.0955548, 0.989592), (0.551, 0.0955548, 0.989592), (0.551, 0.11357187, 0.989592), (0.549, 0.11357187, 0.989592), (0.549, 0.12129347, 0.980143), (0.551, 0.12129347, 0.980143), (0.551, 0.13931054, 0.980143), (0.549, 0.13931054, 0.980143), (0.549, 0.12129347, 0.989592), (0.551, 0.12129347, 0.989592), (0.551, 0.13931054, 0.989592), (0.549, 0.13931054, 0.989592), (0.549, 0.14703213, 0.980143), (0.551, 0.14703213, 0.980143), (0.551, 0.1650492, 0.980143), (0.549, 0.1650492, 0.980143), (0.549, 0.14703213, 0.989592), (0.551, 0.14703213, 0.989592), (0.551, 0.1650492, 0.989592), (0.549, 0.1650492, 0.989592)]
                    uniform token subdivisionScheme = "none"
                }

                def Mesh "Handle" (
                    prepend apiSchemas = ["MaterialBindingAPI"]
                )
                {
                    float3[] extent = [(0.545, -0.2263, 0.9651105), (0.557, 0.2263, 0.9917395)]
                    int[] faceVertexCounts = [4, 4, 4, 4, 4, 4, 4, 4, 4, 4, 4, 4]
                    int[] faceVertexIndices = [0, 3, 2, 1, 4, 5, 6, 7, 0, 1, 5, 4, 2, 3, 7, 6, 1, 2, 6, 5, 3, 0, 4, 7, 8, 11, 10, 9, 12, 13, 14, 15, 8, 9, 13, 12, 10, 11, 15, 14, 9, 10, 14, 13, 11, 8, 12, 15]
                    rel material:binding = </GenericRack/Looks/Handle>
                    uniform token orientation = "rightHanded"
                    point3f[] points = [(0.545, -0.2263, 0.9651105), (0.557, -0.2263, 0.9651105), (0.557, -0.2123, 0.9651105), (0.545, -0.2123, 0.9651105), (0.545, -0.2263, 0.9917395), (0.557, -0.2263, 0.9917395), (0.557, -0.2123, 0.9917395), (0.545, -0.2123, 0.9917395), (0.545, 0.2123, 0.9651105), (0.557, 0.2123, 0.9651105), (0.557, 0.2263, 0.9651105), (0.545, 0.2263, 0.9651105), (0.545, 0.2123, 0.9917395), (0.557, 0.2123, 0.9917395), (0.557, 0.2263, 0.9917395), (0.545, 0.2263, 0.9917395)]
                    uniform token subdivisionScheme = "none"
                }

                def Mesh "StatusLamp" (
                    prepend apiSchemas = ["MaterialBindingAPI"]
                )
                {
                    float3[] extent = [(0.545, -0.1943, 0.984156), (0.547, -0.1883, 0.988156)]
                    int[] faceVertexCounts = [4, 4, 4, 4, 4, 4]
                    int[] faceVertexIndices = [0, 3, 2, 1, 4, 5, 6, 7, 0, 1, 5, 4, 2, 3, 7, 6, 1, 2, 6, 5, 3, 0, 4, 7]
                    rel material:binding = </GenericRack/Looks/StatusLamp>
                    uniform token orientation = "rightHanded"
                    point3f[] points = [(0.545, -0.1943, 0.984156), (0.547, -0.1943, 0.984156), (0.547, -0.1883, 0.984156), (0.545, -0.1883, 0.984156), (0.545, -0.1943, 0.988156), (0.547, -0.1943, 0.988156), (0.547, -0.1883, 0.988156), (0.545, -0.1883, 0.988156)]
                    uniform token subdivisionScheme = "none"
                }
            }

            def "switch_22"
            {
                def Mesh "TraySwitch" (
                    prepend apiSchemas = ["MaterialBindingAPI"]
                )
                {
                    float3[] extent = [(0.53, -0.2403, 1.0014), (0.545, 0.2403, 1.04435)]
                    int[] faceVertexCounts = [4, 4, 4, 4, 4, 4]
                    int[] faceVertexIndices = [0, 3, 2, 1, 4, 5, 6, 7, 0, 1, 5, 4, 2, 3, 7, 6, 1, 2, 6, 5, 3, 0, 4, 7]
                    rel material:binding = </GenericRack/Looks/TraySwitch>
                    uniform token orientation = "rightHanded"
                    point3f[] points = [(0.53, -0.2403, 1.0014), (0.545, -0.2403, 1.0014), (0.545, 0.2403, 1.0014), (0.53, 0.2403, 1.0014), (0.53, -0.2403, 1.04435), (0.545, -0.2403, 1.04435), (0.545, 0.2403, 1.04435), (0.53, 0.2403, 1.04435)]
                    uniform token subdivisionScheme = "none"
                }

                def Mesh "PortCage" (
                    prepend apiSchemas = ["MaterialBindingAPI"]
                )
                {
                    float3[] extent = [(0.545, -0.139954, 1.009131), (0.549, 0.16891, 1.036619)]
                    int[] faceVertexCounts = [4, 4, 4, 4, 4, 4]
                    int[] faceVertexIndices = [0, 3, 2, 1, 4, 5, 6, 7, 0, 1, 5, 4, 2, 3, 7, 6, 1, 2, 6, 5, 3, 0, 4, 7]
                    rel material:binding = </GenericRack/Looks/PortCage>
                    uniform token orientation = "rightHanded"
                    point3f[] points = [(0.545, -0.139954, 1.009131), (0.549, -0.139954, 1.009131), (0.549, 0.16891, 1.009131), (0.545, 0.16891, 1.009131), (0.545, -0.139954, 1.036619), (0.549, -0.139954, 1.036619), (0.549, 0.16891, 1.036619), (0.545, 0.16891, 1.036619)]
                    uniform token subdivisionScheme = "none"
                }

                def Mesh "VentDark" (
                    prepend apiSchemas = ["MaterialBindingAPI"]
                )
                {
                    float3[] extent = [(0.549, -0.1360932, 1.011708), (0.551, 0.1650492, 1.034042)]
                    int[] faceVertexCounts = [4, 4, 4, 4, 4, 4, 4, 4, 4, 4, 4, 4, 4, 4, 4, 4, 4, 4, 4, 4, 4, 4, 4, 4, 4, 4, 4, 4, 4, 4, 4, 4, 4, 4, 4, 4, 4, 4, 4, 4, 4, 4, 4, 4, 4, 4, 4, 4, 4, 4, 4, 4, 4, 4, 4, 4, 4, 4, 4, 4, 4, 4, 4, 4, 4, 4, 4, 4, 4, 4, 4, 4, 4, 4, 4, 4, 4, 4, 4, 4, 4, 4, 4, 4, 4, 4, 4, 4, 4, 4, 4, 4, 4, 4, 4, 4, 4, 4, 4, 4, 4, 4, 4, 4, 4, 4, 4, 4, 4, 4, 4, 4, 4, 4, 4, 4, 4, 4, 4, 4, 4, 4, 4, 4, 4, 4, 4, 4, 4, 4, 4, 4, 4, 4, 4, 4, 4, 4, 4, 4, 4, 4, 4, 4]
                    int[] faceVertexIndices = [0, 3, 2, 1, 4, 5, 6, 7, 0, 1, 5, 4, 2, 3, 7, 6, 1, 2, 6, 5, 3, 0, 4, 7, 8, 11, 10, 9, 12, 13, 14, 15, 8, 9, 13, 12, 10, 11, 15, 14, 9, 10, 14, 13, 11, 8, 12, 15, 16, 19, 18, 17, 20, 21, 22, 23, 16, 17, 21, 20, 18, 19, 23, 22, 17, 18, 22, 21, 19, 16, 20, 23, 24, 27, 26, 25, 28, 29, 30, 31, 24, 25, 29, 28, 26, 27, 31, 30, 25, 26, 30, 29, 27, 24, 28, 31, 32, 35, 34, 33, 36, 37, 38, 39, 32, 33, 37, 36, 34, 35, 39, 38, 33, 34, 38, 37, 35, 32, 36, 39, 40, 43, 42, 41, 44, 45, 46, 47, 40, 41, 45, 44, 42, 43, 47, 46, 41, 42, 46, 45, 43, 40, 44, 47, 48, 51, 50, 49, 52, 53, 54, 55, 48, 49, 53, 52, 50, 51, 55, 54, 49, 50, 54, 53, 51, 48, 52, 55, 56, 59, 58, 57, 60, 61, 62, 63, 56, 57, 61, 60, 58, 59, 63, 62, 57, 58, 62, 61, 59, 56, 60, 63, 64, 67, 66, 65, 68, 69, 70, 71, 64, 65, 69, 68, 66, 67, 71, 70, 65, 66, 70, 69, 67, 64, 68, 71, 72, 75, 74, 73, 76, 77, 78, 79, 72, 73, 77, 76, 74, 75, 79, 78, 73, 74, 78, 77, 75, 72, 76, 79, 80, 83, 82, 81, 84, 85, 86, 87, 80, 81, 85, 84, 82, 83, 87, 86, 81, 82, 86, 85, 83, 80, 84, 87, 88, 91, 90, 89, 92, 93, 94, 95, 88, 89, 93, 92, 90, 91, 95, 94, 89, 90, 94, 93, 91, 88, 92, 95, 96, 99, 98, 97, 100, 101, 102, 103, 96, 97, 101, 100, 98, 99, 103, 102, 97, 98, 102, 101, 99, 96, 100, 103, 104, 107, 106, 105, 108, 109, 110, 111, 104, 105, 109, 108, 106, 107, 111, 110, 105, 106, 110, 109, 107, 104, 108, 111, 112, 115, 114, 113, 116, 117, 118, 119, 112, 113, 117, 116, 114, 115, 119, 118, 113, 114, 118, 117, 115, 112, 116, 119, 120, 123, 122, 121, 124, 125, 126, 127, 120, 121, 125, 124, 122, 123, 127, 126, 121, 122, 126, 125, 123, 120, 124, 127, 128, 131, 130, 129, 132, 133, 134, 135, 128, 129, 133, 132, 130, 131, 135, 134, 129, 130, 134, 133, 131, 128, 132, 135, 136, 139, 138, 137, 140, 141, 142, 143, 136, 137, 141, 140, 138, 139, 143, 142, 137, 138, 142, 141, 139, 136, 140, 143, 144, 147, 146, 145, 148, 149, 150, 151, 144, 145, 149, 148, 146, 147, 151, 150, 145, 146, 150, 149, 147, 144, 148, 151, 152, 155, 154, 153, 156, 157, 158, 159, 152, 153, 157, 156, 154, 155, 159, 158, 153, 154, 158, 157, 155, 152, 156, 159, 160, 163, 162, 161, 164, 165, 166, 167, 160, 161, 165, 164, 162, 163, 167, 166, 161, 162, 166, 165, 163, 160, 164, 167, 168, 171, 170, 169, 172, 173, 174, 175, 168, 169, 173, 172, 170, 171, 175, 174, 169, 170, 174, 173, 171, 168, 172, 175, 176, 179, 178, 177, 180, 181, 182, 183, 176, 177, 181, 180, 178, 179, 183, 182, 177, 178, 182, 181, 179, 176, 180, 183, 184, 187, 186, 185, 188, 189, 190, 191, 184, 185, 189, 188, 186, 187, 191, 190, 185, 186, 190, 189, 187, 184, 188, 191]
                    rel material:binding = </GenericRack/Looks/VentDark>
                    uniform token orientation = "rightHanded"
                    point3f[] points = [(0.549, -0.1360932, 1.011708), (0.551, -0.1360932, 1.011708), (0.551, -0.11807613, 1.011708), (0.549, -0.11807613, 1.011708), (0.549, -0.1360932, 1.021157), (0.551, -0.1360932, 1.021157), (0.551, -0.11807613, 1.021157), (0.549, -0.11807613, 1.021157), (0.549, -0.110354535, 1.011708), (0.551, -0.110354535, 1.011708), (0.551, -0.09233747, 1.011708), (0.549, -0.09233747, 1.011708), (0.549, -0.110354535, 1.021157), (0.551, -0.110354535, 1.021157), (0.551, -0.09233747, 1.021157), (0.549, -0.09233747, 1.021157), (0.549, -0.084615864, 1.011708), (0.551, -0.084615864, 1.011708), (0.551, -0.0665988, 1.011708), (0.549, -0.0665988, 1.011708), (0.549, -0.084615864, 1.021157), (0.551, -0.084615864, 1.021157), (0.551, -0.0665988, 1.021157), (0.549, -0.0665988, 1.021157), (0.549, -0.0588772, 1.011708), (0.551, -0.0588772, 1.011708), (0.551, -0.040860135, 1.011708), (0.549, -0.040860135, 1.011708), (0.549, -0.0588772, 1.021157), (0.551, -0.0588772, 1.021157), (0.551, -0.040860135, 1.021157), (0.549, -0.040860135, 1.021157), (0.549, -0.033138532, 1.011708), (0.551, -0.033138532, 1.011708), (0.551, -0.0151214665, 1.011708), (0.549, -0.0151214665, 1.011708), (0.549, -0.033138532, 1.021157), (0.551, -0.033138532, 1.021157), (0.551, -0.0151214665, 1.021157), (0.549, -0.0151214665, 1.021157), (0.549, -0.007399867, 1.011708), (0.551, -0.007399867, 1.011708), (0.551, 0.0106172, 1.011708), (0.549, 0.0106172, 1.011708), (0.549, -0.007399867, 1.021157), (0.551, -0.007399867, 1.021157), (0.551, 0.0106172, 1.021157), (0.549, 0.0106172, 1.021157), (0.549, 0.0183388, 1.011708), (0.551, 0.0183388, 1.011708), (0.551, 0.036355868, 1.011708), (0.549, 0.036355868, 1.011708), (0.549, 0.0183388, 1.021157), (0.551, 0.0183388, 1.021157), (0.551, 0.036355868, 1.021157), (0.549, 0.036355868, 1.021157), (0.549, 0.044077467, 1.011708), (0.551, 0.044077467, 1.011708), (0.551, 0.062094532, 1.011708), (0.549, 0.062094532, 1.011708), (0.549, 0.044077467, 1.021157), (0.551, 0.044077467, 1.021157), (0.551, 0.062094532, 1.021157), (0.549, 0.062094532, 1.021157), (0.549, 0.069816135, 1.011708), (0.551, 0.069816135, 1.011708), (0.551, 0.0878332, 1.011708), (0.549, 0.0878332, 1.011708), (0.549, 0.069816135, 1.021157), (0.551, 0.069816135, 1.021157), (0.551, 0.0878332, 1.021157), (0.549, 0.0878332, 1.021157), (0.549, 0.0955548, 1.011708), (0.551, 0.0955548, 1.011708), (0.551, 0.11357187, 1.011708), (0.549, 0.11357187, 1.011708), (0.549, 0.0955548, 1.021157), (0.551, 0.0955548, 1.021157), (0.551, 0.11357187, 1.021157), (0.549, 0.11357187, 1.021157), (0.549, 0.12129347, 1.011708), (0.551, 0.12129347, 1.011708), (0.551, 0.13931054, 1.011708), (0.549, 0.13931054, 1.011708), (0.549, 0.12129347, 1.021157), (0.551, 0.12129347, 1.021157), (0.551, 0.13931054, 1.021157), (0.549, 0.13931054, 1.021157), (0.549, 0.14703213, 1.011708), (0.551, 0.14703213, 1.011708), (0.551, 0.1650492, 1.011708), (0.549, 0.1650492, 1.011708), (0.549, 0.14703213, 1.021157), (0.551, 0.14703213, 1.021157), (0.551, 0.1650492, 1.021157), (0.549, 0.1650492, 1.021157), (0.549, -0.1360932, 1.024593), (0.551, -0.1360932, 1.024593), (0.551, -0.11807613, 1.024593), (0.549, -0.11807613, 1.024593), (0.549, -0.1360932, 1.034042), (0.551, -0.1360932, 1.034042), (0.551, -0.11807613, 1.034042), (0.549, -0.11807613, 1.034042), (0.549, -0.110354535, 1.024593), (0.551, -0.110354535, 1.024593), (0.551, -0.09233747, 1.024593), (0.549, -0.09233747, 1.024593), (0.549, -0.110354535, 1.034042), (0.551, -0.110354535, 1.034042), (0.551, -0.09233747, 1.034042), (0.549, -0.09233747, 1.034042), (0.549, -0.084615864, 1.024593), (0.551, -0.084615864, 1.024593), (0.551, -0.0665988, 1.024593), (0.549, -0.0665988, 1.024593), (0.549, -0.084615864, 1.034042), (0.551, -0.084615864, 1.034042), (0.551, -0.0665988, 1.034042), (0.549, -0.0665988, 1.034042), (0.549, -0.0588772, 1.024593), (0.551, -0.0588772, 1.024593), (0.551, -0.040860135, 1.024593), (0.549, -0.040860135, 1.024593), (0.549, -0.0588772, 1.034042), (0.551, -0.0588772, 1.034042), (0.551, -0.040860135, 1.034042), (0.549, -0.040860135, 1.034042), (0.549, -0.033138532, 1.024593), (0.551, -0.033138532, 1.024593), (0.551, -0.0151214665, 1.024593), (0.549, -0.0151214665, 1.024593), (0.549, -0.033138532, 1.034042), (0.551, -0.033138532, 1.034042), (0.551, -0.0151214665, 1.034042), (0.549, -0.0151214665, 1.034042), (0.549, -0.007399867, 1.024593), (0.551, -0.007399867, 1.024593), (0.551, 0.0106172, 1.024593), (0.549, 0.0106172, 1.024593), (0.549, -0.007399867, 1.034042), (0.551, -0.007399867, 1.034042), (0.551, 0.0106172, 1.034042), (0.549, 0.0106172, 1.034042), (0.549, 0.0183388, 1.024593), (0.551, 0.0183388, 1.024593), (0.551, 0.036355868, 1.024593), (0.549, 0.036355868, 1.024593), (0.549, 0.0183388, 1.034042), (0.551, 0.0183388, 1.034042), (0.551, 0.036355868, 1.034042), (0.549, 0.036355868, 1.034042), (0.549, 0.044077467, 1.024593), (0.551, 0.044077467, 1.024593), (0.551, 0.062094532, 1.024593), (0.549, 0.062094532, 1.024593), (0.549, 0.044077467, 1.034042), (0.551, 0.044077467, 1.034042), (0.551, 0.062094532, 1.034042), (0.549, 0.062094532, 1.034042), (0.549, 0.069816135, 1.024593), (0.551, 0.069816135, 1.024593), (0.551, 0.0878332, 1.024593), (0.549, 0.0878332, 1.024593), (0.549, 0.069816135, 1.034042), (0.551, 0.069816135, 1.034042), (0.551, 0.0878332, 1.034042), (0.549, 0.0878332, 1.034042), (0.549, 0.0955548, 1.024593), (0.551, 0.0955548, 1.024593), (0.551, 0.11357187, 1.024593), (0.549, 0.11357187, 1.024593), (0.549, 0.0955548, 1.034042), (0.551, 0.0955548, 1.034042), (0.551, 0.11357187, 1.034042), (0.549, 0.11357187, 1.034042), (0.549, 0.12129347, 1.024593), (0.551, 0.12129347, 1.024593), (0.551, 0.13931054, 1.024593), (0.549, 0.13931054, 1.024593), (0.549, 0.12129347, 1.034042), (0.551, 0.12129347, 1.034042), (0.551, 0.13931054, 1.034042), (0.549, 0.13931054, 1.034042), (0.549, 0.14703213, 1.024593), (0.551, 0.14703213, 1.024593), (0.551, 0.1650492, 1.024593), (0.549, 0.1650492, 1.024593), (0.549, 0.14703213, 1.034042), (0.551, 0.14703213, 1.034042), (0.551, 0.1650492, 1.034042), (0.549, 0.1650492, 1.034042)]
                    uniform token subdivisionScheme = "none"
                }

                def Mesh "Handle" (
                    prepend apiSchemas = ["MaterialBindingAPI"]
                )
                {
                    float3[] extent = [(0.545, -0.2263, 1.0095605), (0.557, 0.2263, 1.0361896)]
                    int[] faceVertexCounts = [4, 4, 4, 4, 4, 4, 4, 4, 4, 4, 4, 4]
                    int[] faceVertexIndices = [0, 3, 2, 1, 4, 5, 6, 7, 0, 1, 5, 4, 2, 3, 7, 6, 1, 2, 6, 5, 3, 0, 4, 7, 8, 11, 10, 9, 12, 13, 14, 15, 8, 9, 13, 12, 10, 11, 15, 14, 9, 10, 14, 13, 11, 8, 12, 15]
                    rel material:binding = </GenericRack/Looks/Handle>
                    uniform token orientation = "rightHanded"
                    point3f[] points = [(0.545, -0.2263, 1.0095605), (0.557, -0.2263, 1.0095605), (0.557, -0.2123, 1.0095605), (0.545, -0.2123, 1.0095605), (0.545, -0.2263, 1.0361896), (0.557, -0.2263, 1.0361896), (0.557, -0.2123, 1.0361896), (0.545, -0.2123, 1.0361896), (0.545, 0.2123, 1.0095605), (0.557, 0.2123, 1.0095605), (0.557, 0.2263, 1.0095605), (0.545, 0.2263, 1.0095605), (0.545, 0.2123, 1.0361896), (0.557, 0.2123, 1.0361896), (0.557, 0.2263, 1.0361896), (0.545, 0.2263, 1.0361896)]
                    uniform token subdivisionScheme = "none"
                }

                def Mesh "StatusLamp" (
                    prepend apiSchemas = ["MaterialBindingAPI"]
                )
                {
                    float3[] extent = [(0.545, -0.1943, 1.028606), (0.547, -0.1883, 1.032606)]
                    int[] faceVertexCounts = [4, 4, 4, 4, 4, 4]
                    int[] faceVertexIndices = [0, 3, 2, 1, 4, 5, 6, 7, 0, 1, 5, 4, 2, 3, 7, 6, 1, 2, 6, 5, 3, 0, 4, 7]
                    rel material:binding = </GenericRack/Looks/StatusLamp>
                    uniform token orientation = "rightHanded"
                    point3f[] points = [(0.545, -0.1943, 1.028606), (0.547, -0.1943, 1.028606), (0.547, -0.1883, 1.028606), (0.545, -0.1883, 1.028606), (0.545, -0.1943, 1.032606), (0.547, -0.1943, 1.032606), (0.547, -0.1883, 1.032606), (0.545, -0.1883, 1.032606)]
                    uniform token subdivisionScheme = "none"
                }
            }

            def "switch_23"
            {
                def Mesh "TraySwitch" (
                    prepend apiSchemas = ["MaterialBindingAPI"]
                )
                {
                    float3[] extent = [(0.53, -0.2403, 1.04585), (0.545, 0.2403, 1.0888)]
                    int[] faceVertexCounts = [4, 4, 4, 4, 4, 4]
                    int[] faceVertexIndices = [0, 3, 2, 1, 4, 5, 6, 7, 0, 1, 5, 4, 2, 3, 7, 6, 1, 2, 6, 5, 3, 0, 4, 7]
                    rel material:binding = </GenericRack/Looks/TraySwitch>
                    uniform token orientation = "rightHanded"
                    point3f[] points = [(0.53, -0.2403, 1.04585), (0.545, -0.2403, 1.04585), (0.545, 0.2403, 1.04585), (0.53, 0.2403, 1.04585), (0.53, -0.2403, 1.0888), (0.545, -0.2403, 1.0888), (0.545, 0.2403, 1.0888), (0.53, 0.2403, 1.0888)]
                    uniform token subdivisionScheme = "none"
                }

                def Mesh "PortCage" (
                    prepend apiSchemas = ["MaterialBindingAPI"]
                )
                {
                    float3[] extent = [(0.545, -0.139954, 1.053581), (0.549, 0.16891, 1.081069)]
                    int[] faceVertexCounts = [4, 4, 4, 4, 4, 4]
                    int[] faceVertexIndices = [0, 3, 2, 1, 4, 5, 6, 7, 0, 1, 5, 4, 2, 3, 7, 6, 1, 2, 6, 5, 3, 0, 4, 7]
                    rel material:binding = </GenericRack/Looks/PortCage>
                    uniform token orientation = "rightHanded"
                    point3f[] points = [(0.545, -0.139954, 1.053581), (0.549, -0.139954, 1.053581), (0.549, 0.16891, 1.053581), (0.545, 0.16891, 1.053581), (0.545, -0.139954, 1.081069), (0.549, -0.139954, 1.081069), (0.549, 0.16891, 1.081069), (0.545, 0.16891, 1.081069)]
                    uniform token subdivisionScheme = "none"
                }

                def Mesh "VentDark" (
                    prepend apiSchemas = ["MaterialBindingAPI"]
                )
                {
                    float3[] extent = [(0.549, -0.1360932, 1.056158), (0.551, 0.1650492, 1.078492)]
                    int[] faceVertexCounts = [4, 4, 4, 4, 4, 4, 4, 4, 4, 4, 4, 4, 4, 4, 4, 4, 4, 4, 4, 4, 4, 4, 4, 4, 4, 4, 4, 4, 4, 4, 4, 4, 4, 4, 4, 4, 4, 4, 4, 4, 4, 4, 4, 4, 4, 4, 4, 4, 4, 4, 4, 4, 4, 4, 4, 4, 4, 4, 4, 4, 4, 4, 4, 4, 4, 4, 4, 4, 4, 4, 4, 4, 4, 4, 4, 4, 4, 4, 4, 4, 4, 4, 4, 4, 4, 4, 4, 4, 4, 4, 4, 4, 4, 4, 4, 4, 4, 4, 4, 4, 4, 4, 4, 4, 4, 4, 4, 4, 4, 4, 4, 4, 4, 4, 4, 4, 4, 4, 4, 4, 4, 4, 4, 4, 4, 4, 4, 4, 4, 4, 4, 4, 4, 4, 4, 4, 4, 4, 4, 4, 4, 4, 4, 4]
                    int[] faceVertexIndices = [0, 3, 2, 1, 4, 5, 6, 7, 0, 1, 5, 4, 2, 3, 7, 6, 1, 2, 6, 5, 3, 0, 4, 7, 8, 11, 10, 9, 12, 13, 14, 15, 8, 9, 13, 12, 10, 11, 15, 14, 9, 10, 14, 13, 11, 8, 12, 15, 16, 19, 18, 17, 20, 21, 22, 23, 16, 17, 21, 20, 18, 19, 23, 22, 17, 18, 22, 21, 19, 16, 20, 23, 24, 27, 26, 25, 28, 29, 30, 31, 24, 25, 29, 28, 26, 27, 31, 30, 25, 26, 30, 29, 27, 24, 28, 31, 32, 35, 34, 33, 36, 37, 38, 39, 32, 33, 37, 36, 34, 35, 39, 38, 33, 34, 38, 37, 35, 32, 36, 39, 40, 43, 42, 41, 44, 45, 46, 47, 40, 41, 45, 44, 42, 43, 47, 46, 41, 42, 46, 45, 43, 40, 44, 47, 48, 51, 50, 49, 52, 53, 54, 55, 48, 49, 53, 52, 50, 51, 55, 54, 49, 50, 54, 53, 51, 48, 52, 55, 56, 59, 58, 57, 60, 61, 62, 63, 56, 57, 61, 60, 58, 59, 63, 62, 57, 58, 62, 61, 59, 56, 60, 63, 64, 67, 66, 65, 68, 69, 70, 71, 64, 65, 69, 68, 66, 67, 71, 70, 65, 66, 70, 69, 67, 64, 68, 71, 72, 75, 74, 73, 76, 77, 78, 79, 72, 73, 77, 76, 74, 75, 79, 78, 73, 74, 78, 77, 75, 72, 76, 79, 80, 83, 82, 81, 84, 85, 86, 87, 80, 81, 85, 84, 82, 83, 87, 86, 81, 82, 86, 85, 83, 80, 84, 87, 88, 91, 90, 89, 92, 93, 94, 95, 88, 89, 93, 92, 90, 91, 95, 94, 89, 90, 94, 93, 91, 88, 92, 95, 96, 99, 98, 97, 100, 101, 102, 103, 96, 97, 101, 100, 98, 99, 103, 102, 97, 98, 102, 101, 99, 96, 100, 103, 104, 107, 106, 105, 108, 109, 110, 111, 104, 105, 109, 108, 106, 107, 111, 110, 105, 106, 110, 109, 107, 104, 108, 111, 112, 115, 114, 113, 116, 117, 118, 119, 112, 113, 117, 116, 114, 115, 119, 118, 113, 114, 118, 117, 115, 112, 116, 119, 120, 123, 122, 121, 124, 125, 126, 127, 120, 121, 125, 124, 122, 123, 127, 126, 121, 122, 126, 125, 123, 120, 124, 127, 128, 131, 130, 129, 132, 133, 134, 135, 128, 129, 133, 132, 130, 131, 135, 134, 129, 130, 134, 133, 131, 128, 132, 135, 136, 139, 138, 137, 140, 141, 142, 143, 136, 137, 141, 140, 138, 139, 143, 142, 137, 138, 142, 141, 139, 136, 140, 143, 144, 147, 146, 145, 148, 149, 150, 151, 144, 145, 149, 148, 146, 147, 151, 150, 145, 146, 150, 149, 147, 144, 148, 151, 152, 155, 154, 153, 156, 157, 158, 159, 152, 153, 157, 156, 154, 155, 159, 158, 153, 154, 158, 157, 155, 152, 156, 159, 160, 163, 162, 161, 164, 165, 166, 167, 160, 161, 165, 164, 162, 163, 167, 166, 161, 162, 166, 165, 163, 160, 164, 167, 168, 171, 170, 169, 172, 173, 174, 175, 168, 169, 173, 172, 170, 171, 175, 174, 169, 170, 174, 173, 171, 168, 172, 175, 176, 179, 178, 177, 180, 181, 182, 183, 176, 177, 181, 180, 178, 179, 183, 182, 177, 178, 182, 181, 179, 176, 180, 183, 184, 187, 186, 185, 188, 189, 190, 191, 184, 185, 189, 188, 186, 187, 191, 190, 185, 186, 190, 189, 187, 184, 188, 191]
                    rel material:binding = </GenericRack/Looks/VentDark>
                    uniform token orientation = "rightHanded"
                    point3f[] points = [(0.549, -0.1360932, 1.056158), (0.551, -0.1360932, 1.056158), (0.551, -0.11807613, 1.056158), (0.549, -0.11807613, 1.056158), (0.549, -0.1360932, 1.065607), (0.551, -0.1360932, 1.065607), (0.551, -0.11807613, 1.065607), (0.549, -0.11807613, 1.065607), (0.549, -0.110354535, 1.056158), (0.551, -0.110354535, 1.056158), (0.551, -0.09233747, 1.056158), (0.549, -0.09233747, 1.056158), (0.549, -0.110354535, 1.065607), (0.551, -0.110354535, 1.065607), (0.551, -0.09233747, 1.065607), (0.549, -0.09233747, 1.065607), (0.549, -0.084615864, 1.056158), (0.551, -0.084615864, 1.056158), (0.551, -0.0665988, 1.056158), (0.549, -0.0665988, 1.056158), (0.549, -0.084615864, 1.065607), (0.551, -0.084615864, 1.065607), (0.551, -0.0665988, 1.065607), (0.549, -0.0665988, 1.065607), (0.549, -0.0588772, 1.056158), (0.551, -0.0588772, 1.056158), (0.551, -0.040860135, 1.056158), (0.549, -0.040860135, 1.056158), (0.549, -0.0588772, 1.065607), (0.551, -0.0588772, 1.065607), (0.551, -0.040860135, 1.065607), (0.549, -0.040860135, 1.065607), (0.549, -0.033138532, 1.056158), (0.551, -0.033138532, 1.056158), (0.551, -0.0151214665, 1.056158), (0.549, -0.0151214665, 1.056158), (0.549, -0.033138532, 1.065607), (0.551, -0.033138532, 1.065607), (0.551, -0.0151214665, 1.065607), (0.549, -0.0151214665, 1.065607), (0.549, -0.007399867, 1.056158), (0.551, -0.007399867, 1.056158), (0.551, 0.0106172, 1.056158), (0.549, 0.0106172, 1.056158), (0.549, -0.007399867, 1.065607), (0.551, -0.007399867, 1.065607), (0.551, 0.0106172, 1.065607), (0.549, 0.0106172, 1.065607), (0.549, 0.0183388, 1.056158), (0.551, 0.0183388, 1.056158), (0.551, 0.036355868, 1.056158), (0.549, 0.036355868, 1.056158), (0.549, 0.0183388, 1.065607), (0.551, 0.0183388, 1.065607), (0.551, 0.036355868, 1.065607), (0.549, 0.036355868, 1.065607), (0.549, 0.044077467, 1.056158), (0.551, 0.044077467, 1.056158), (0.551, 0.062094532, 1.056158), (0.549, 0.062094532, 1.056158), (0.549, 0.044077467, 1.065607), (0.551, 0.044077467, 1.065607), (0.551, 0.062094532, 1.065607), (0.549, 0.062094532, 1.065607), (0.549, 0.069816135, 1.056158), (0.551, 0.069816135, 1.056158), (0.551, 0.0878332, 1.056158), (0.549, 0.0878332, 1.056158), (0.549, 0.069816135, 1.065607), (0.551, 0.069816135, 1.065607), (0.551, 0.0878332, 1.065607), (0.549, 0.0878332, 1.065607), (0.549, 0.0955548, 1.056158), (0.551, 0.0955548, 1.056158), (0.551, 0.11357187, 1.056158), (0.549, 0.11357187, 1.056158), (0.549, 0.0955548, 1.065607), (0.551, 0.0955548, 1.065607), (0.551, 0.11357187, 1.065607), (0.549, 0.11357187, 1.065607), (0.549, 0.12129347, 1.056158), (0.551, 0.12129347, 1.056158), (0.551, 0.13931054, 1.056158), (0.549, 0.13931054, 1.056158), (0.549, 0.12129347, 1.065607), (0.551, 0.12129347, 1.065607), (0.551, 0.13931054, 1.065607), (0.549, 0.13931054, 1.065607), (0.549, 0.14703213, 1.056158), (0.551, 0.14703213, 1.056158), (0.551, 0.1650492, 1.056158), (0.549, 0.1650492, 1.056158), (0.549, 0.14703213, 1.065607), (0.551, 0.14703213, 1.065607), (0.551, 0.1650492, 1.065607), (0.549, 0.1650492, 1.065607), (0.549, -0.1360932, 1.069043), (0.551, -0.1360932, 1.069043), (0.551, -0.11807613, 1.069043), (0.549, -0.11807613, 1.069043), (0.549, -0.1360932, 1.078492), (0.551, -0.1360932, 1.078492), (0.551, -0.11807613, 1.078492), (0.549, -0.11807613, 1.078492), (0.549, -0.110354535, 1.069043), (0.551, -0.110354535, 1.069043), (0.551, -0.09233747, 1.069043), (0.549, -0.09233747, 1.069043), (0.549, -0.110354535, 1.078492), (0.551, -0.110354535, 1.078492), (0.551, -0.09233747, 1.078492), (0.549, -0.09233747, 1.078492), (0.549, -0.084615864, 1.069043), (0.551, -0.084615864, 1.069043), (0.551, -0.0665988, 1.069043), (0.549, -0.0665988, 1.069043), (0.549, -0.084615864, 1.078492), (0.551, -0.084615864, 1.078492), (0.551, -0.0665988, 1.078492), (0.549, -0.0665988, 1.078492), (0.549, -0.0588772, 1.069043), (0.551, -0.0588772, 1.069043), (0.551, -0.040860135, 1.069043), (0.549, -0.040860135, 1.069043), (0.549, -0.0588772, 1.078492), (0.551, -0.0588772, 1.078492), (0.551, -0.040860135, 1.078492), (0.549, -0.040860135, 1.078492), (0.549, -0.033138532, 1.069043), (0.551, -0.033138532, 1.069043), (0.551, -0.0151214665, 1.069043), (0.549, -0.0151214665, 1.069043), (0.549, -0.033138532, 1.078492), (0.551, -0.033138532, 1.078492), (0.551, -0.0151214665, 1.078492), (0.549, -0.0151214665, 1.078492), (0.549, -0.007399867, 1.069043), (0.551, -0.007399867, 1.069043), (0.551, 0.0106172, 1.069043), (0.549, 0.0106172, 1.069043), (0.549, -0.007399867, 1.078492), (0.551, -0.007399867, 1.078492), (0.551, 0.0106172, 1.078492), (0.549, 0.0106172, 1.078492), (0.549, 0.0183388, 1.069043), (0.551, 0.0183388, 1.069043), (0.551, 0.036355868, 1.069043), (0.549, 0.036355868, 1.069043), (0.549, 0.0183388, 1.078492), (0.551, 0.0183388, 1.078492), (0.551, 0.036355868, 1.078492), (0.549, 0.036355868, 1.078492), (0.549, 0.044077467, 1.069043), (0.551, 0.044077467, 1.069043), (0.551, 0.062094532, 1.069043), (0.549, 0.062094532, 1.069043), (0.549, 0.044077467, 1.078492), (0.551, 0.044077467, 1.078492), (0.551, 0.062094532, 1.078492), (0.549, 0.062094532, 1.078492), (0.549, 0.069816135, 1.069043), (0.551, 0.069816135, 1.069043), (0.551, 0.0878332, 1.069043), (0.549, 0.0878332, 1.069043), (0.549, 0.069816135, 1.078492), (0.551, 0.069816135, 1.078492), (0.551, 0.0878332, 1.078492), (0.549, 0.0878332, 1.078492), (0.549, 0.0955548, 1.069043), (0.551, 0.0955548, 1.069043), (0.551, 0.11357187, 1.069043), (0.549, 0.11357187, 1.069043), (0.549, 0.0955548, 1.078492), (0.551, 0.0955548, 1.078492), (0.551, 0.11357187, 1.078492), (0.549, 0.11357187, 1.078492), (0.549, 0.12129347, 1.069043), (0.551, 0.12129347, 1.069043), (0.551, 0.13931054, 1.069043), (0.549, 0.13931054, 1.069043), (0.549, 0.12129347, 1.078492), (0.551, 0.12129347, 1.078492), (0.551, 0.13931054, 1.078492), (0.549, 0.13931054, 1.078492), (0.549, 0.14703213, 1.069043), (0.551, 0.14703213, 1.069043), (0.551, 0.1650492, 1.069043), (0.549, 0.1650492, 1.069043), (0.549, 0.14703213, 1.078492), (0.551, 0.14703213, 1.078492), (0.551, 0.1650492, 1.078492), (0.549, 0.1650492, 1.078492)]
                    uniform token subdivisionScheme = "none"
                }

                def Mesh "Handle" (
                    prepend apiSchemas = ["MaterialBindingAPI"]
                )
                {
                    float3[] extent = [(0.545, -0.2263, 1.0540105), (0.557, 0.2263, 1.0806395)]
                    int[] faceVertexCounts = [4, 4, 4, 4, 4, 4, 4, 4, 4, 4, 4, 4]
                    int[] faceVertexIndices = [0, 3, 2, 1, 4, 5, 6, 7, 0, 1, 5, 4, 2, 3, 7, 6, 1, 2, 6, 5, 3, 0, 4, 7, 8, 11, 10, 9, 12, 13, 14, 15, 8, 9, 13, 12, 10, 11, 15, 14, 9, 10, 14, 13, 11, 8, 12, 15]
                    rel material:binding = </GenericRack/Looks/Handle>
                    uniform token orientation = "rightHanded"
                    point3f[] points = [(0.545, -0.2263, 1.0540105), (0.557, -0.2263, 1.0540105), (0.557, -0.2123, 1.0540105), (0.545, -0.2123, 1.0540105), (0.545, -0.2263, 1.0806395), (0.557, -0.2263, 1.0806395), (0.557, -0.2123, 1.0806395), (0.545, -0.2123, 1.0806395), (0.545, 0.2123, 1.0540105), (0.557, 0.2123, 1.0540105), (0.557, 0.2263, 1.0540105), (0.545, 0.2263, 1.0540105), (0.545, 0.2123, 1.0806395), (0.557, 0.2123, 1.0806395), (0.557, 0.2263, 1.0806395), (0.545, 0.2263, 1.0806395)]
                    uniform token subdivisionScheme = "none"
                }

                def Mesh "StatusLamp" (
                    prepend apiSchemas = ["MaterialBindingAPI"]
                )
                {
                    float3[] extent = [(0.545, -0.1943, 1.073056), (0.547, -0.1883, 1.077056)]
                    int[] faceVertexCounts = [4, 4, 4, 4, 4, 4]
                    int[] faceVertexIndices = [0, 3, 2, 1, 4, 5, 6, 7, 0, 1, 5, 4, 2, 3, 7, 6, 1, 2, 6, 5, 3, 0, 4, 7]
                    rel material:binding = </GenericRack/Looks/StatusLamp>
                    uniform token orientation = "rightHanded"
                    point3f[] points = [(0.545, -0.1943, 1.073056), (0.547, -0.1943, 1.073056), (0.547, -0.1883, 1.073056), (0.545, -0.1883, 1.073056), (0.545, -0.1943, 1.077056), (0.547, -0.1943, 1.077056), (0.547, -0.1883, 1.077056), (0.545, -0.1883, 1.077056)]
                    uniform token subdivisionScheme = "none"
                }
            }

            def "switch_24"
            {
                def Mesh "TraySwitch" (
                    prepend apiSchemas = ["MaterialBindingAPI"]
                )
                {
                    float3[] extent = [(0.53, -0.2403, 1.0903), (0.545, 0.2403, 1.13325)]
                    int[] faceVertexCounts = [4, 4, 4, 4, 4, 4]
                    int[] faceVertexIndices = [0, 3, 2, 1, 4, 5, 6, 7, 0, 1, 5, 4, 2, 3, 7, 6, 1, 2, 6, 5, 3, 0, 4, 7]
                    rel material:binding = </GenericRack/Looks/TraySwitch>
                    uniform token orientation = "rightHanded"
                    point3f[] points = [(0.53, -0.2403, 1.0903), (0.545, -0.2403, 1.0903), (0.545, 0.2403, 1.0903), (0.53, 0.2403, 1.0903), (0.53, -0.2403, 1.13325), (0.545, -0.2403, 1.13325), (0.545, 0.2403, 1.13325), (0.53, 0.2403, 1.13325)]
                    uniform token subdivisionScheme = "none"
                }

                def Mesh "PortCage" (
                    prepend apiSchemas = ["MaterialBindingAPI"]
                )
                {
                    float3[] extent = [(0.545, -0.139954, 1.098031), (0.549, 0.16891, 1.125519)]
                    int[] faceVertexCounts = [4, 4, 4, 4, 4, 4]
                    int[] faceVertexIndices = [0, 3, 2, 1, 4, 5, 6, 7, 0, 1, 5, 4, 2, 3, 7, 6, 1, 2, 6, 5, 3, 0, 4, 7]
                    rel material:binding = </GenericRack/Looks/PortCage>
                    uniform token orientation = "rightHanded"
                    point3f[] points = [(0.545, -0.139954, 1.098031), (0.549, -0.139954, 1.098031), (0.549, 0.16891, 1.098031), (0.545, 0.16891, 1.098031), (0.545, -0.139954, 1.125519), (0.549, -0.139954, 1.125519), (0.549, 0.16891, 1.125519), (0.545, 0.16891, 1.125519)]
                    uniform token subdivisionScheme = "none"
                }

                def Mesh "VentDark" (
                    prepend apiSchemas = ["MaterialBindingAPI"]
                )
                {
                    float3[] extent = [(0.549, -0.1360932, 1.100608), (0.551, 0.1650492, 1.122942)]
                    int[] faceVertexCounts = [4, 4, 4, 4, 4, 4, 4, 4, 4, 4, 4, 4, 4, 4, 4, 4, 4, 4, 4, 4, 4, 4, 4, 4, 4, 4, 4, 4, 4, 4, 4, 4, 4, 4, 4, 4, 4, 4, 4, 4, 4, 4, 4, 4, 4, 4, 4, 4, 4, 4, 4, 4, 4, 4, 4, 4, 4, 4, 4, 4, 4, 4, 4, 4, 4, 4, 4, 4, 4, 4, 4, 4, 4, 4, 4, 4, 4, 4, 4, 4, 4, 4, 4, 4, 4, 4, 4, 4, 4, 4, 4, 4, 4, 4, 4, 4, 4, 4, 4, 4, 4, 4, 4, 4, 4, 4, 4, 4, 4, 4, 4, 4, 4, 4, 4, 4, 4, 4, 4, 4, 4, 4, 4, 4, 4, 4, 4, 4, 4, 4, 4, 4, 4, 4, 4, 4, 4, 4, 4, 4, 4, 4, 4, 4]
                    int[] faceVertexIndices = [0, 3, 2, 1, 4, 5, 6, 7, 0, 1, 5, 4, 2, 3, 7, 6, 1, 2, 6, 5, 3, 0, 4, 7, 8, 11, 10, 9, 12, 13, 14, 15, 8, 9, 13, 12, 10, 11, 15, 14, 9, 10, 14, 13, 11, 8, 12, 15, 16, 19, 18, 17, 20, 21, 22, 23, 16, 17, 21, 20, 18, 19, 23, 22, 17, 18, 22, 21, 19, 16, 20, 23, 24, 27, 26, 25, 28, 29, 30, 31, 24, 25, 29, 28, 26, 27, 31, 30, 25, 26, 30, 29, 27, 24, 28, 31, 32, 35, 34, 33, 36, 37, 38, 39, 32, 33, 37, 36, 34, 35, 39, 38, 33, 34, 38, 37, 35, 32, 36, 39, 40, 43, 42, 41, 44, 45, 46, 47, 40, 41, 45, 44, 42, 43, 47, 46, 41, 42, 46, 45, 43, 40, 44, 47, 48, 51, 50, 49, 52, 53, 54, 55, 48, 49, 53, 52, 50, 51, 55, 54, 49, 50, 54, 53, 51, 48, 52, 55, 56, 59, 58, 57, 60, 61, 62, 63, 56, 57, 61, 60, 58, 59, 63, 62, 57, 58, 62, 61, 59, 56, 60, 63, 64, 67, 66, 65, 68, 69, 70, 71, 64, 65, 69, 68, 66, 67, 71, 70, 65, 66, 70, 69, 67, 64, 68, 71, 72, 75, 74, 73, 76, 77, 78, 79, 72, 73, 77, 76, 74, 75, 79, 78, 73, 74, 78, 77, 75, 72, 76, 79, 80, 83, 82, 81, 84, 85, 86, 87, 80, 81, 85, 84, 82, 83, 87, 86, 81, 82, 86, 85, 83, 80, 84, 87, 88, 91, 90, 89, 92, 93, 94, 95, 88, 89, 93, 92, 90, 91, 95, 94, 89, 90, 94, 93, 91, 88, 92, 95, 96, 99, 98, 97, 100, 101, 102, 103, 96, 97, 101, 100, 98, 99, 103, 102, 97, 98, 102, 101, 99, 96, 100, 103, 104, 107, 106, 105, 108, 109, 110, 111, 104, 105, 109, 108, 106, 107, 111, 110, 105, 106, 110, 109, 107, 104, 108, 111, 112, 115, 114, 113, 116, 117, 118, 119, 112, 113, 117, 116, 114, 115, 119, 118, 113, 114, 118, 117, 115, 112, 116, 119, 120, 123, 122, 121, 124, 125, 126, 127, 120, 121, 125, 124, 122, 123, 127, 126, 121, 122, 126, 125, 123, 120, 124, 127, 128, 131, 130, 129, 132, 133, 134, 135, 128, 129, 133, 132, 130, 131, 135, 134, 129, 130, 134, 133, 131, 128, 132, 135, 136, 139, 138, 137, 140, 141, 142, 143, 136, 137, 141, 140, 138, 139, 143, 142, 137, 138, 142, 141, 139, 136, 140, 143, 144, 147, 146, 145, 148, 149, 150, 151, 144, 145, 149, 148, 146, 147, 151, 150, 145, 146, 150, 149, 147, 144, 148, 151, 152, 155, 154, 153, 156, 157, 158, 159, 152, 153, 157, 156, 154, 155, 159, 158, 153, 154, 158, 157, 155, 152, 156, 159, 160, 163, 162, 161, 164, 165, 166, 167, 160, 161, 165, 164, 162, 163, 167, 166, 161, 162, 166, 165, 163, 160, 164, 167, 168, 171, 170, 169, 172, 173, 174, 175, 168, 169, 173, 172, 170, 171, 175, 174, 169, 170, 174, 173, 171, 168, 172, 175, 176, 179, 178, 177, 180, 181, 182, 183, 176, 177, 181, 180, 178, 179, 183, 182, 177, 178, 182, 181, 179, 176, 180, 183, 184, 187, 186, 185, 188, 189, 190, 191, 184, 185, 189, 188, 186, 187, 191, 190, 185, 186, 190, 189, 187, 184, 188, 191]
                    rel material:binding = </GenericRack/Looks/VentDark>
                    uniform token orientation = "rightHanded"
                    point3f[] points = [(0.549, -0.1360932, 1.100608), (0.551, -0.1360932, 1.100608), (0.551, -0.11807613, 1.100608), (0.549, -0.11807613, 1.100608), (0.549, -0.1360932, 1.110057), (0.551, -0.1360932, 1.110057), (0.551, -0.11807613, 1.110057), (0.549, -0.11807613, 1.110057), (0.549, -0.110354535, 1.100608), (0.551, -0.110354535, 1.100608), (0.551, -0.09233747, 1.100608), (0.549, -0.09233747, 1.100608), (0.549, -0.110354535, 1.110057), (0.551, -0.110354535, 1.110057), (0.551, -0.09233747, 1.110057), (0.549, -0.09233747, 1.110057), (0.549, -0.084615864, 1.100608), (0.551, -0.084615864, 1.100608), (0.551, -0.0665988, 1.100608), (0.549, -0.0665988, 1.100608), (0.549, -0.084615864, 1.110057), (0.551, -0.084615864, 1.110057), (0.551, -0.0665988, 1.110057), (0.549, -0.0665988, 1.110057), (0.549, -0.0588772, 1.100608), (0.551, -0.0588772, 1.100608), (0.551, -0.040860135, 1.100608), (0.549, -0.040860135, 1.100608), (0.549, -0.0588772, 1.110057), (0.551, -0.0588772, 1.110057), (0.551, -0.040860135, 1.110057), (0.549, -0.040860135, 1.110057), (0.549, -0.033138532, 1.100608), (0.551, -0.033138532, 1.100608), (0.551, -0.0151214665, 1.100608), (0.549, -0.0151214665, 1.100608), (0.549, -0.033138532, 1.110057), (0.551, -0.033138532, 1.110057), (0.551, -0.0151214665, 1.110057), (0.549, -0.0151214665, 1.110057), (0.549, -0.007399867, 1.100608), (0.551, -0.007399867, 1.100608), (0.551, 0.0106172, 1.100608), (0.549, 0.0106172, 1.100608), (0.549, -0.007399867, 1.110057), (0.551, -0.007399867, 1.110057), (0.551, 0.0106172, 1.110057), (0.549, 0.0106172, 1.110057), (0.549, 0.0183388, 1.100608), (0.551, 0.0183388, 1.100608), (0.551, 0.036355868, 1.100608), (0.549, 0.036355868, 1.100608), (0.549, 0.0183388, 1.110057), (0.551, 0.0183388, 1.110057), (0.551, 0.036355868, 1.110057), (0.549, 0.036355868, 1.110057), (0.549, 0.044077467, 1.100608), (0.551, 0.044077467, 1.100608), (0.551, 0.062094532, 1.100608), (0.549, 0.062094532, 1.100608), (0.549, 0.044077467, 1.110057), (0.551, 0.044077467, 1.110057), (0.551, 0.062094532, 1.110057), (0.549, 0.062094532, 1.110057), (0.549, 0.069816135, 1.100608), (0.551, 0.069816135, 1.100608), (0.551, 0.0878332, 1.100608), (0.549, 0.0878332, 1.100608), (0.549, 0.069816135, 1.110057), (0.551, 0.069816135, 1.110057), (0.551, 0.0878332, 1.110057), (0.549, 0.0878332, 1.110057), (0.549, 0.0955548, 1.100608), (0.551, 0.0955548, 1.100608), (0.551, 0.11357187, 1.100608), (0.549, 0.11357187, 1.100608), (0.549, 0.0955548, 1.110057), (0.551, 0.0955548, 1.110057), (0.551, 0.11357187, 1.110057), (0.549, 0.11357187, 1.110057), (0.549, 0.12129347, 1.100608), (0.551, 0.12129347, 1.100608), (0.551, 0.13931054, 1.100608), (0.549, 0.13931054, 1.100608), (0.549, 0.12129347, 1.110057), (0.551, 0.12129347, 1.110057), (0.551, 0.13931054, 1.110057), (0.549, 0.13931054, 1.110057), (0.549, 0.14703213, 1.100608), (0.551, 0.14703213, 1.100608), (0.551, 0.1650492, 1.100608), (0.549, 0.1650492, 1.100608), (0.549, 0.14703213, 1.110057), (0.551, 0.14703213, 1.110057), (0.551, 0.1650492, 1.110057), (0.549, 0.1650492, 1.110057), (0.549, -0.1360932, 1.113493), (0.551, -0.1360932, 1.113493), (0.551, -0.11807613, 1.113493), (0.549, -0.11807613, 1.113493), (0.549, -0.1360932, 1.122942), (0.551, -0.1360932, 1.122942), (0.551, -0.11807613, 1.122942), (0.549, -0.11807613, 1.122942), (0.549, -0.110354535, 1.113493), (0.551, -0.110354535, 1.113493), (0.551, -0.09233747, 1.113493), (0.549, -0.09233747, 1.113493), (0.549, -0.110354535, 1.122942), (0.551, -0.110354535, 1.122942), (0.551, -0.09233747, 1.122942), (0.549, -0.09233747, 1.122942), (0.549, -0.084615864, 1.113493), (0.551, -0.084615864, 1.113493), (0.551, -0.0665988, 1.113493), (0.549, -0.0665988, 1.113493), (0.549, -0.084615864, 1.122942), (0.551, -0.084615864, 1.122942), (0.551, -0.0665988, 1.122942), (0.549, -0.0665988, 1.122942), (0.549, -0.0588772, 1.113493), (0.551, -0.0588772, 1.113493), (0.551, -0.040860135, 1.113493), (0.549, -0.040860135, 1.113493), (0.549, -0.0588772, 1.122942), (0.551, -0.0588772, 1.122942), (0.551, -0.040860135, 1.122942), (0.549, -0.040860135, 1.122942), (0.549, -0.033138532, 1.113493), (0.551, -0.033138532, 1.113493), (0.551, -0.0151214665, 1.113493), (0.549, -0.0151214665, 1.113493), (0.549, -0.033138532, 1.122942), (0.551, -0.033138532, 1.122942), (0.551, -0.0151214665, 1.122942), (0.549, -0.0151214665, 1.122942), (0.549, -0.007399867, 1.113493), (0.551, -0.007399867, 1.113493), (0.551, 0.0106172, 1.113493), (0.549, 0.0106172, 1.113493), (0.549, -0.007399867, 1.122942), (0.551, -0.007399867, 1.122942), (0.551, 0.0106172, 1.122942), (0.549, 0.0106172, 1.122942), (0.549, 0.0183388, 1.113493), (0.551, 0.0183388, 1.113493), (0.551, 0.036355868, 1.113493), (0.549, 0.036355868, 1.113493), (0.549, 0.0183388, 1.122942), (0.551, 0.0183388, 1.122942), (0.551, 0.036355868, 1.122942), (0.549, 0.036355868, 1.122942), (0.549, 0.044077467, 1.113493), (0.551, 0.044077467, 1.113493), (0.551, 0.062094532, 1.113493), (0.549, 0.062094532, 1.113493), (0.549, 0.044077467, 1.122942), (0.551, 0.044077467, 1.122942), (0.551, 0.062094532, 1.122942), (0.549, 0.062094532, 1.122942), (0.549, 0.069816135, 1.113493), (0.551, 0.069816135, 1.113493), (0.551, 0.0878332, 1.113493), (0.549, 0.0878332, 1.113493), (0.549, 0.069816135, 1.122942), (0.551, 0.069816135, 1.122942), (0.551, 0.0878332, 1.122942), (0.549, 0.0878332, 1.122942), (0.549, 0.0955548, 1.113493), (0.551, 0.0955548, 1.113493), (0.551, 0.11357187, 1.113493), (0.549, 0.11357187, 1.113493), (0.549, 0.0955548, 1.122942), (0.551, 0.0955548, 1.122942), (0.551, 0.11357187, 1.122942), (0.549, 0.11357187, 1.122942), (0.549, 0.12129347, 1.113493), (0.551, 0.12129347, 1.113493), (0.551, 0.13931054, 1.113493), (0.549, 0.13931054, 1.113493), (0.549, 0.12129347, 1.122942), (0.551, 0.12129347, 1.122942), (0.551, 0.13931054, 1.122942), (0.549, 0.13931054, 1.122942), (0.549, 0.14703213, 1.113493), (0.551, 0.14703213, 1.113493), (0.551, 0.1650492, 1.113493), (0.549, 0.1650492, 1.113493), (0.549, 0.14703213, 1.122942), (0.551, 0.14703213, 1.122942), (0.551, 0.1650492, 1.122942), (0.549, 0.1650492, 1.122942)]
                    uniform token subdivisionScheme = "none"
                }

                def Mesh "Handle" (
                    prepend apiSchemas = ["MaterialBindingAPI"]
                )
                {
                    float3[] extent = [(0.545, -0.2263, 1.0984606), (0.557, 0.2263, 1.1250895)]
                    int[] faceVertexCounts = [4, 4, 4, 4, 4, 4, 4, 4, 4, 4, 4, 4]
                    int[] faceVertexIndices = [0, 3, 2, 1, 4, 5, 6, 7, 0, 1, 5, 4, 2, 3, 7, 6, 1, 2, 6, 5, 3, 0, 4, 7, 8, 11, 10, 9, 12, 13, 14, 15, 8, 9, 13, 12, 10, 11, 15, 14, 9, 10, 14, 13, 11, 8, 12, 15]
                    rel material:binding = </GenericRack/Looks/Handle>
                    uniform token orientation = "rightHanded"
                    point3f[] points = [(0.545, -0.2263, 1.0984606), (0.557, -0.2263, 1.0984606), (0.557, -0.2123, 1.0984606), (0.545, -0.2123, 1.0984606), (0.545, -0.2263, 1.1250895), (0.557, -0.2263, 1.1250895), (0.557, -0.2123, 1.1250895), (0.545, -0.2123, 1.1250895), (0.545, 0.2123, 1.0984606), (0.557, 0.2123, 1.0984606), (0.557, 0.2263, 1.0984606), (0.545, 0.2263, 1.0984606), (0.545, 0.2123, 1.1250895), (0.557, 0.2123, 1.1250895), (0.557, 0.2263, 1.1250895), (0.545, 0.2263, 1.1250895)]
                    uniform token subdivisionScheme = "none"
                }

                def Mesh "StatusLamp" (
                    prepend apiSchemas = ["MaterialBindingAPI"]
                )
                {
                    float3[] extent = [(0.545, -0.1943, 1.117506), (0.547, -0.1883, 1.121506)]
                    int[] faceVertexCounts = [4, 4, 4, 4, 4, 4]
                    int[] faceVertexIndices = [0, 3, 2, 1, 4, 5, 6, 7, 0, 1, 5, 4, 2, 3, 7, 6, 1, 2, 6, 5, 3, 0, 4, 7]
                    rel material:binding = </GenericRack/Looks/StatusLamp>
                    uniform token orientation = "rightHanded"
                    point3f[] points = [(0.545, -0.1943, 1.117506), (0.547, -0.1943, 1.117506), (0.547, -0.1883, 1.117506), (0.545, -0.1883, 1.117506), (0.545, -0.1943, 1.121506), (0.547, -0.1943, 1.121506), (0.547, -0.1883, 1.121506), (0.545, -0.1883, 1.121506)]
                    uniform token subdivisionScheme = "none"
                }
            }

            def "switch_25"
            {
                def Mesh "TraySwitch" (
                    prepend apiSchemas = ["MaterialBindingAPI"]
                )
                {
                    float3[] extent = [(0.53, -0.2403, 1.13475), (0.545, 0.2403, 1.1777)]
                    int[] faceVertexCounts = [4, 4, 4, 4, 4, 4]
                    int[] faceVertexIndices = [0, 3, 2, 1, 4, 5, 6, 7, 0, 1, 5, 4, 2, 3, 7, 6, 1, 2, 6, 5, 3, 0, 4, 7]
                    rel material:binding = </GenericRack/Looks/TraySwitch>
                    uniform token orientation = "rightHanded"
                    point3f[] points = [(0.53, -0.2403, 1.13475), (0.545, -0.2403, 1.13475), (0.545, 0.2403, 1.13475), (0.53, 0.2403, 1.13475), (0.53, -0.2403, 1.1777), (0.545, -0.2403, 1.1777), (0.545, 0.2403, 1.1777), (0.53, 0.2403, 1.1777)]
                    uniform token subdivisionScheme = "none"
                }

                def Mesh "PortCage" (
                    prepend apiSchemas = ["MaterialBindingAPI"]
                )
                {
                    float3[] extent = [(0.545, -0.139954, 1.142481), (0.549, 0.16891, 1.169969)]
                    int[] faceVertexCounts = [4, 4, 4, 4, 4, 4]
                    int[] faceVertexIndices = [0, 3, 2, 1, 4, 5, 6, 7, 0, 1, 5, 4, 2, 3, 7, 6, 1, 2, 6, 5, 3, 0, 4, 7]
                    rel material:binding = </GenericRack/Looks/PortCage>
                    uniform token orientation = "rightHanded"
                    point3f[] points = [(0.545, -0.139954, 1.142481), (0.549, -0.139954, 1.142481), (0.549, 0.16891, 1.142481), (0.545, 0.16891, 1.142481), (0.545, -0.139954, 1.169969), (0.549, -0.139954, 1.169969), (0.549, 0.16891, 1.169969), (0.545, 0.16891, 1.169969)]
                    uniform token subdivisionScheme = "none"
                }

                def Mesh "VentDark" (
                    prepend apiSchemas = ["MaterialBindingAPI"]
                )
                {
                    float3[] extent = [(0.549, -0.1360932, 1.145058), (0.551, 0.1650492, 1.167392)]
                    int[] faceVertexCounts = [4, 4, 4, 4, 4, 4, 4, 4, 4, 4, 4, 4, 4, 4, 4, 4, 4, 4, 4, 4, 4, 4, 4, 4, 4, 4, 4, 4, 4, 4, 4, 4, 4, 4, 4, 4, 4, 4, 4, 4, 4, 4, 4, 4, 4, 4, 4, 4, 4, 4, 4, 4, 4, 4, 4, 4, 4, 4, 4, 4, 4, 4, 4, 4, 4, 4, 4, 4, 4, 4, 4, 4, 4, 4, 4, 4, 4, 4, 4, 4, 4, 4, 4, 4, 4, 4, 4, 4, 4, 4, 4, 4, 4, 4, 4, 4, 4, 4, 4, 4, 4, 4, 4, 4, 4, 4, 4, 4, 4, 4, 4, 4, 4, 4, 4, 4, 4, 4, 4, 4, 4, 4, 4, 4, 4, 4, 4, 4, 4, 4, 4, 4, 4, 4, 4, 4, 4, 4, 4, 4, 4, 4, 4, 4]
                    int[] faceVertexIndices = [0, 3, 2, 1, 4, 5, 6, 7, 0, 1, 5, 4, 2, 3, 7, 6, 1, 2, 6, 5, 3, 0, 4, 7, 8, 11, 10, 9, 12, 13, 14, 15, 8, 9, 13, 12, 10, 11, 15, 14, 9, 10, 14, 13, 11, 8, 12, 15, 16, 19, 18, 17, 20, 21, 22, 23, 16, 17, 21, 20, 18, 19, 23, 22, 17, 18, 22, 21, 19, 16, 20, 23, 24, 27, 26, 25, 28, 29, 30, 31, 24, 25, 29, 28, 26, 27, 31, 30, 25, 26, 30, 29, 27, 24, 28, 31, 32, 35, 34, 33, 36, 37, 38, 39, 32, 33, 37, 36, 34, 35, 39, 38, 33, 34, 38, 37, 35, 32, 36, 39, 40, 43, 42, 41, 44, 45, 46, 47, 40, 41, 45, 44, 42, 43, 47, 46, 41, 42, 46, 45, 43, 40, 44, 47, 48, 51, 50, 49, 52, 53, 54, 55, 48, 49, 53, 52, 50, 51, 55, 54, 49, 50, 54, 53, 51, 48, 52, 55, 56, 59, 58, 57, 60, 61, 62, 63, 56, 57, 61, 60, 58, 59, 63, 62, 57, 58, 62, 61, 59, 56, 60, 63, 64, 67, 66, 65, 68, 69, 70, 71, 64, 65, 69, 68, 66, 67, 71, 70, 65, 66, 70, 69, 67, 64, 68, 71, 72, 75, 74, 73, 76, 77, 78, 79, 72, 73, 77, 76, 74, 75, 79, 78, 73, 74, 78, 77, 75, 72, 76, 79, 80, 83, 82, 81, 84, 85, 86, 87, 80, 81, 85, 84, 82, 83, 87, 86, 81, 82, 86, 85, 83, 80, 84, 87, 88, 91, 90, 89, 92, 93, 94, 95, 88, 89, 93, 92, 90, 91, 95, 94, 89, 90, 94, 93, 91, 88, 92, 95, 96, 99, 98, 97, 100, 101, 102, 103, 96, 97, 101, 100, 98, 99, 103, 102, 97, 98, 102, 101, 99, 96, 100, 103, 104, 107, 106, 105, 108, 109, 110, 111, 104, 105, 109, 108, 106, 107, 111, 110, 105, 106, 110, 109, 107, 104, 108, 111, 112, 115, 114, 113, 116, 117, 118, 119, 112, 113, 117, 116, 114, 115, 119, 118, 113, 114, 118, 117, 115, 112, 116, 119, 120, 123, 122, 121, 124, 125, 126, 127, 120, 121, 125, 124, 122, 123, 127, 126, 121, 122, 126, 125, 123, 120, 124, 127, 128, 131, 130, 129, 132, 133, 134, 135, 128, 129, 133, 132, 130, 131, 135, 134, 129, 130, 134, 133, 131, 128, 132, 135, 136, 139, 138, 137, 140, 141, 142, 143, 136, 137, 141, 140, 138, 139, 143, 142, 137, 138, 142, 141, 139, 136, 140, 143, 144, 147, 146, 145, 148, 149, 150, 151, 144, 145, 149, 148, 146, 147, 151, 150, 145, 146, 150, 149, 147, 144, 148, 151, 152, 155, 154, 153, 156, 157, 158, 159, 152, 153, 157, 156, 154, 155, 159, 158, 153, 154, 158, 157, 155, 152, 156, 159, 160, 163, 162, 161, 164, 165, 166, 167, 160, 161, 165, 164, 162, 163, 167, 166, 161, 162, 166, 165, 163, 160, 164, 167, 168, 171, 170, 169, 172, 173, 174, 175, 168, 169, 173, 172, 170, 171, 175, 174, 169, 170, 174, 173, 171, 168, 172, 175, 176, 179, 178, 177, 180, 181, 182, 183, 176, 177, 181, 180, 178, 179, 183, 182, 177, 178, 182, 181, 179, 176, 180, 183, 184, 187, 186, 185, 188, 189, 190, 191, 184, 185, 189, 188, 186, 187, 191, 190, 185, 186, 190, 189, 187, 184, 188, 191]
                    rel material:binding = </GenericRack/Looks/VentDark>
                    uniform token orientation = "rightHanded"
                    point3f[] points = [(0.549, -0.1360932, 1.145058), (0.551, -0.1360932, 1.145058), (0.551, -0.11807613, 1.145058), (0.549, -0.11807613, 1.145058), (0.549, -0.1360932, 1.154507), (0.551, -0.1360932, 1.154507), (0.551, -0.11807613, 1.154507), (0.549, -0.11807613, 1.154507), (0.549, -0.110354535, 1.145058), (0.551, -0.110354535, 1.145058), (0.551, -0.09233747, 1.145058), (0.549, -0.09233747, 1.145058), (0.549, -0.110354535, 1.154507), (0.551, -0.110354535, 1.154507), (0.551, -0.09233747, 1.154507), (0.549, -0.09233747, 1.154507), (0.549, -0.084615864, 1.145058), (0.551, -0.084615864, 1.145058), (0.551, -0.0665988, 1.145058), (0.549, -0.0665988, 1.145058), (0.549, -0.084615864, 1.154507), (0.551, -0.084615864, 1.154507), (0.551, -0.0665988, 1.154507), (0.549, -0.0665988, 1.154507), (0.549, -0.0588772, 1.145058), (0.551, -0.0588772, 1.145058), (0.551, -0.040860135, 1.145058), (0.549, -0.040860135, 1.145058), (0.549, -0.0588772, 1.154507), (0.551, -0.0588772, 1.154507), (0.551, -0.040860135, 1.154507), (0.549, -0.040860135, 1.154507), (0.549, -0.033138532, 1.145058), (0.551, -0.033138532, 1.145058), (0.551, -0.0151214665, 1.145058), (0.549, -0.0151214665, 1.145058), (0.549, -0.033138532, 1.154507), (0.551, -0.033138532, 1.154507), (0.551, -0.0151214665, 1.154507), (0.549, -0.0151214665, 1.154507), (0.549, -0.007399867, 1.145058), (0.551, -0.007399867, 1.145058), (0.551, 0.0106172, 1.145058), (0.549, 0.0106172, 1.145058), (0.549, -0.007399867, 1.154507), (0.551, -0.007399867, 1.154507), (0.551, 0.0106172, 1.154507), (0.549, 0.0106172, 1.154507), (0.549, 0.0183388, 1.145058), (0.551, 0.0183388, 1.145058), (0.551, 0.036355868, 1.145058), (0.549, 0.036355868, 1.145058), (0.549, 0.0183388, 1.154507), (0.551, 0.0183388, 1.154507), (0.551, 0.036355868, 1.154507), (0.549, 0.036355868, 1.154507), (0.549, 0.044077467, 1.145058), (0.551, 0.044077467, 1.145058), (0.551, 0.062094532, 1.145058), (0.549, 0.062094532, 1.145058), (0.549, 0.044077467, 1.154507), (0.551, 0.044077467, 1.154507), (0.551, 0.062094532, 1.154507), (0.549, 0.062094532, 1.154507), (0.549, 0.069816135, 1.145058), (0.551, 0.069816135, 1.145058), (0.551, 0.0878332, 1.145058), (0.549, 0.0878332, 1.145058), (0.549, 0.069816135, 1.154507), (0.551, 0.069816135, 1.154507), (0.551, 0.0878332, 1.154507), (0.549, 0.0878332, 1.154507), (0.549, 0.0955548, 1.145058), (0.551, 0.0955548, 1.145058), (0.551, 0.11357187, 1.145058), (0.549, 0.11357187, 1.145058), (0.549, 0.0955548, 1.154507), (0.551, 0.0955548, 1.154507), (0.551, 0.11357187, 1.154507), (0.549, 0.11357187, 1.154507), (0.549, 0.12129347, 1.145058), (0.551, 0.12129347, 1.145058), (0.551, 0.13931054, 1.145058), (0.549, 0.13931054, 1.145058), (0.549, 0.12129347, 1.154507), (0.551, 0.12129347, 1.154507), (0.551, 0.13931054, 1.154507), (0.549, 0.13931054, 1.154507), (0.549, 0.14703213, 1.145058), (0.551, 0.14703213, 1.145058), (0.551, 0.1650492, 1.145058), (0.549, 0.1650492, 1.145058), (0.549, 0.14703213, 1.154507), (0.551, 0.14703213, 1.154507), (0.551, 0.1650492, 1.154507), (0.549, 0.1650492, 1.154507), (0.549, -0.1360932, 1.157943), (0.551, -0.1360932, 1.157943), (0.551, -0.11807613, 1.157943), (0.549, -0.11807613, 1.157943), (0.549, -0.1360932, 1.167392), (0.551, -0.1360932, 1.167392), (0.551, -0.11807613, 1.167392), (0.549, -0.11807613, 1.167392), (0.549, -0.110354535, 1.157943), (0.551, -0.110354535, 1.157943), (0.551, -0.09233747, 1.157943), (0.549, -0.09233747, 1.157943), (0.549, -0.110354535, 1.167392), (0.551, -0.110354535, 1.167392), (0.551, -0.09233747, 1.167392), (0.549, -0.09233747, 1.167392), (0.549, -0.084615864, 1.157943), (0.551, -0.084615864, 1.157943), (0.551, -0.0665988, 1.157943), (0.549, -0.0665988, 1.157943), (0.549, -0.084615864, 1.167392), (0.551, -0.084615864, 1.167392), (0.551, -0.0665988, 1.167392), (0.549, -0.0665988, 1.167392), (0.549, -0.0588772, 1.157943), (0.551, -0.0588772, 1.157943), (0.551, -0.040860135, 1.157943), (0.549, -0.040860135, 1.157943), (0.549, -0.0588772, 1.167392), (0.551, -0.0588772, 1.167392), (0.551, -0.040860135, 1.167392), (0.549, -0.040860135, 1.167392), (0.549, -0.033138532, 1.157943), (0.551, -0.033138532, 1.157943), (0.551, -0.0151214665, 1.157943), (0.549, -0.0151214665, 1.157943), (0.549, -0.033138532, 1.167392), (0.551, -0.033138532, 1.167392), (0.551, -0.0151214665, 1.167392), (0.549, -0.0151214665, 1.167392), (0.549, -0.007399867, 1.157943), (0.551, -0.007399867, 1.157943), (0.551, 0.0106172, 1.157943), (0.549, 0.0106172, 1.157943), (0.549, -0.007399867, 1.167392), (0.551, -0.007399867, 1.167392), (0.551, 0.0106172, 1.167392), (0.549, 0.0106172, 1.167392), (0.549, 0.0183388, 1.157943), (0.551, 0.0183388, 1.157943), (0.551, 0.036355868, 1.157943), (0.549, 0.036355868, 1.157943), (0.549, 0.0183388, 1.167392), (0.551, 0.0183388, 1.167392), (0.551, 0.036355868, 1.167392), (0.549, 0.036355868, 1.167392), (0.549, 0.044077467, 1.157943), (0.551, 0.044077467, 1.157943), (0.551, 0.062094532, 1.157943), (0.549, 0.062094532, 1.157943), (0.549, 0.044077467, 1.167392), (0.551, 0.044077467, 1.167392), (0.551, 0.062094532, 1.167392), (0.549, 0.062094532, 1.167392), (0.549, 0.069816135, 1.157943), (0.551, 0.069816135, 1.157943), (0.551, 0.0878332, 1.157943), (0.549, 0.0878332, 1.157943), (0.549, 0.069816135, 1.167392), (0.551, 0.069816135, 1.167392), (0.551, 0.0878332, 1.167392), (0.549, 0.0878332, 1.167392), (0.549, 0.0955548, 1.157943), (0.551, 0.0955548, 1.157943), (0.551, 0.11357187, 1.157943), (0.549, 0.11357187, 1.157943), (0.549, 0.0955548, 1.167392), (0.551, 0.0955548, 1.167392), (0.551, 0.11357187, 1.167392), (0.549, 0.11357187, 1.167392), (0.549, 0.12129347, 1.157943), (0.551, 0.12129347, 1.157943), (0.551, 0.13931054, 1.157943), (0.549, 0.13931054, 1.157943), (0.549, 0.12129347, 1.167392), (0.551, 0.12129347, 1.167392), (0.551, 0.13931054, 1.167392), (0.549, 0.13931054, 1.167392), (0.549, 0.14703213, 1.157943), (0.551, 0.14703213, 1.157943), (0.551, 0.1650492, 1.157943), (0.549, 0.1650492, 1.157943), (0.549, 0.14703213, 1.167392), (0.551, 0.14703213, 1.167392), (0.551, 0.1650492, 1.167392), (0.549, 0.1650492, 1.167392)]
                    uniform token subdivisionScheme = "none"
                }

                def Mesh "Handle" (
                    prepend apiSchemas = ["MaterialBindingAPI"]
                )
                {
                    float3[] extent = [(0.545, -0.2263, 1.1429105), (0.557, 0.2263, 1.1695395)]
                    int[] faceVertexCounts = [4, 4, 4, 4, 4, 4, 4, 4, 4, 4, 4, 4]
                    int[] faceVertexIndices = [0, 3, 2, 1, 4, 5, 6, 7, 0, 1, 5, 4, 2, 3, 7, 6, 1, 2, 6, 5, 3, 0, 4, 7, 8, 11, 10, 9, 12, 13, 14, 15, 8, 9, 13, 12, 10, 11, 15, 14, 9, 10, 14, 13, 11, 8, 12, 15]
                    rel material:binding = </GenericRack/Looks/Handle>
                    uniform token orientation = "rightHanded"
                    point3f[] points = [(0.545, -0.2263, 1.1429105), (0.557, -0.2263, 1.1429105), (0.557, -0.2123, 1.1429105), (0.545, -0.2123, 1.1429105), (0.545, -0.2263, 1.1695395), (0.557, -0.2263, 1.1695395), (0.557, -0.2123, 1.1695395), (0.545, -0.2123, 1.1695395), (0.545, 0.2123, 1.1429105), (0.557, 0.2123, 1.1429105), (0.557, 0.2263, 1.1429105), (0.545, 0.2263, 1.1429105), (0.545, 0.2123, 1.1695395), (0.557, 0.2123, 1.1695395), (0.557, 0.2263, 1.1695395), (0.545, 0.2263, 1.1695395)]
                    uniform token subdivisionScheme = "none"
                }

                def Mesh "StatusLamp" (
                    prepend apiSchemas = ["MaterialBindingAPI"]
                )
                {
                    float3[] extent = [(0.545, -0.1943, 1.161956), (0.547, -0.1883, 1.165956)]
                    int[] faceVertexCounts = [4, 4, 4, 4, 4, 4]
                    int[] faceVertexIndices = [0, 3, 2, 1, 4, 5, 6, 7, 0, 1, 5, 4, 2, 3, 7, 6, 1, 2, 6, 5, 3, 0, 4, 7]
                    rel material:binding = </GenericRack/Looks/StatusLamp>
                    uniform token orientation = "rightHanded"
                    point3f[] points = [(0.545, -0.1943, 1.161956), (0.547, -0.1943, 1.161956), (0.547, -0.1883, 1.161956), (0.545, -0.1883, 1.161956), (0.545, -0.1943, 1.165956), (0.547, -0.1943, 1.165956), (0.547, -0.1883, 1.165956), (0.545, -0.1883, 1.165956)]
                    uniform token subdivisionScheme = "none"
                }
            }

            def "switch_26"
            {
                def Mesh "TraySwitch" (
                    prepend apiSchemas = ["MaterialBindingAPI"]
                )
                {
                    float3[] extent = [(0.53, -0.2403, 1.1792), (0.545, 0.2403, 1.22215)]
                    int[] faceVertexCounts = [4, 4, 4, 4, 4, 4]
                    int[] faceVertexIndices = [0, 3, 2, 1, 4, 5, 6, 7, 0, 1, 5, 4, 2, 3, 7, 6, 1, 2, 6, 5, 3, 0, 4, 7]
                    rel material:binding = </GenericRack/Looks/TraySwitch>
                    uniform token orientation = "rightHanded"
                    point3f[] points = [(0.53, -0.2403, 1.1792), (0.545, -0.2403, 1.1792), (0.545, 0.2403, 1.1792), (0.53, 0.2403, 1.1792), (0.53, -0.2403, 1.22215), (0.545, -0.2403, 1.22215), (0.545, 0.2403, 1.22215), (0.53, 0.2403, 1.22215)]
                    uniform token subdivisionScheme = "none"
                }

                def Mesh "PortCage" (
                    prepend apiSchemas = ["MaterialBindingAPI"]
                )
                {
                    float3[] extent = [(0.545, -0.139954, 1.186931), (0.549, 0.16891, 1.214419)]
                    int[] faceVertexCounts = [4, 4, 4, 4, 4, 4]
                    int[] faceVertexIndices = [0, 3, 2, 1, 4, 5, 6, 7, 0, 1, 5, 4, 2, 3, 7, 6, 1, 2, 6, 5, 3, 0, 4, 7]
                    rel material:binding = </GenericRack/Looks/PortCage>
                    uniform token orientation = "rightHanded"
                    point3f[] points = [(0.545, -0.139954, 1.186931), (0.549, -0.139954, 1.186931), (0.549, 0.16891, 1.186931), (0.545, 0.16891, 1.186931), (0.545, -0.139954, 1.214419), (0.549, -0.139954, 1.214419), (0.549, 0.16891, 1.214419), (0.545, 0.16891, 1.214419)]
                    uniform token subdivisionScheme = "none"
                }

                def Mesh "VentDark" (
                    prepend apiSchemas = ["MaterialBindingAPI"]
                )
                {
                    float3[] extent = [(0.549, -0.1360932, 1.189508), (0.551, 0.1650492, 1.211842)]
                    int[] faceVertexCounts = [4, 4, 4, 4, 4, 4, 4, 4, 4, 4, 4, 4, 4, 4, 4, 4, 4, 4, 4, 4, 4, 4, 4, 4, 4, 4, 4, 4, 4, 4, 4, 4, 4, 4, 4, 4, 4, 4, 4, 4, 4, 4, 4, 4, 4, 4, 4, 4, 4, 4, 4, 4, 4, 4, 4, 4, 4, 4, 4, 4, 4, 4, 4, 4, 4, 4, 4, 4, 4, 4, 4, 4, 4, 4, 4, 4, 4, 4, 4, 4, 4, 4, 4, 4, 4, 4, 4, 4, 4, 4, 4, 4, 4, 4, 4, 4, 4, 4, 4, 4, 4, 4, 4, 4, 4, 4, 4, 4, 4, 4, 4, 4, 4, 4, 4, 4, 4, 4, 4, 4, 4, 4, 4, 4, 4, 4, 4, 4, 4, 4, 4, 4, 4, 4, 4, 4, 4, 4, 4, 4, 4, 4, 4, 4]
                    int[] faceVertexIndices = [0, 3, 2, 1, 4, 5, 6, 7, 0, 1, 5, 4, 2, 3, 7, 6, 1, 2, 6, 5, 3, 0, 4, 7, 8, 11, 10, 9, 12, 13, 14, 15, 8, 9, 13, 12, 10, 11, 15, 14, 9, 10, 14, 13, 11, 8, 12, 15, 16, 19, 18, 17, 20, 21, 22, 23, 16, 17, 21, 20, 18, 19, 23, 22, 17, 18, 22, 21, 19, 16, 20, 23, 24, 27, 26, 25, 28, 29, 30, 31, 24, 25, 29, 28, 26, 27, 31, 30, 25, 26, 30, 29, 27, 24, 28, 31, 32, 35, 34, 33, 36, 37, 38, 39, 32, 33, 37, 36, 34, 35, 39, 38, 33, 34, 38, 37, 35, 32, 36, 39, 40, 43, 42, 41, 44, 45, 46, 47, 40, 41, 45, 44, 42, 43, 47, 46, 41, 42, 46, 45, 43, 40, 44, 47, 48, 51, 50, 49, 52, 53, 54, 55, 48, 49, 53, 52, 50, 51, 55, 54, 49, 50, 54, 53, 51, 48, 52, 55, 56, 59, 58, 57, 60, 61, 62, 63, 56, 57, 61, 60, 58, 59, 63, 62, 57, 58, 62, 61, 59, 56, 60, 63, 64, 67, 66, 65, 68, 69, 70, 71, 64, 65, 69, 68, 66, 67, 71, 70, 65, 66, 70, 69, 67, 64, 68, 71, 72, 75, 74, 73, 76, 77, 78, 79, 72, 73, 77, 76, 74, 75, 79, 78, 73, 74, 78, 77, 75, 72, 76, 79, 80, 83, 82, 81, 84, 85, 86, 87, 80, 81, 85, 84, 82, 83, 87, 86, 81, 82, 86, 85, 83, 80, 84, 87, 88, 91, 90, 89, 92, 93, 94, 95, 88, 89, 93, 92, 90, 91, 95, 94, 89, 90, 94, 93, 91, 88, 92, 95, 96, 99, 98, 97, 100, 101, 102, 103, 96, 97, 101, 100, 98, 99, 103, 102, 97, 98, 102, 101, 99, 96, 100, 103, 104, 107, 106, 105, 108, 109, 110, 111, 104, 105, 109, 108, 106, 107, 111, 110, 105, 106, 110, 109, 107, 104, 108, 111, 112, 115, 114, 113, 116, 117, 118, 119, 112, 113, 117, 116, 114, 115, 119, 118, 113, 114, 118, 117, 115, 112, 116, 119, 120, 123, 122, 121, 124, 125, 126, 127, 120, 121, 125, 124, 122, 123, 127, 126, 121, 122, 126, 125, 123, 120, 124, 127, 128, 131, 130, 129, 132, 133, 134, 135, 128, 129, 133, 132, 130, 131, 135, 134, 129, 130, 134, 133, 131, 128, 132, 135, 136, 139, 138, 137, 140, 141, 142, 143, 136, 137, 141, 140, 138, 139, 143, 142, 137, 138, 142, 141, 139, 136, 140, 143, 144, 147, 146, 145, 148, 149, 150, 151, 144, 145, 149, 148, 146, 147, 151, 150, 145, 146, 150, 149, 147, 144, 148, 151, 152, 155, 154, 153, 156, 157, 158, 159, 152, 153, 157, 156, 154, 155, 159, 158, 153, 154, 158, 157, 155, 152, 156, 159, 160, 163, 162, 161, 164, 165, 166, 167, 160, 161, 165, 164, 162, 163, 167, 166, 161, 162, 166, 165, 163, 160, 164, 167, 168, 171, 170, 169, 172, 173, 174, 175, 168, 169, 173, 172, 170, 171, 175, 174, 169, 170, 174, 173, 171, 168, 172, 175, 176, 179, 178, 177, 180, 181, 182, 183, 176, 177, 181, 180, 178, 179, 183, 182, 177, 178, 182, 181, 179, 176, 180, 183, 184, 187, 186, 185, 188, 189, 190, 191, 184, 185, 189, 188, 186, 187, 191, 190, 185, 186, 190, 189, 187, 184, 188, 191]
                    rel material:binding = </GenericRack/Looks/VentDark>
                    uniform token orientation = "rightHanded"
                    point3f[] points = [(0.549, -0.1360932, 1.189508), (0.551, -0.1360932, 1.189508), (0.551, -0.11807613, 1.189508), (0.549, -0.11807613, 1.189508), (0.549, -0.1360932, 1.198957), (0.551, -0.1360932, 1.198957), (0.551, -0.11807613, 1.198957), (0.549, -0.11807613, 1.198957), (0.549, -0.110354535, 1.189508), (0.551, -0.110354535, 1.189508), (0.551, -0.09233747, 1.189508), (0.549, -0.09233747, 1.189508), (0.549, -0.110354535, 1.198957), (0.551, -0.110354535, 1.198957), (0.551, -0.09233747, 1.198957), (0.549, -0.09233747, 1.198957), (0.549, -0.084615864, 1.189508), (0.551, -0.084615864, 1.189508), (0.551, -0.0665988, 1.189508), (0.549, -0.0665988, 1.189508), (0.549, -0.084615864, 1.198957), (0.551, -0.084615864, 1.198957), (0.551, -0.0665988, 1.198957), (0.549, -0.0665988, 1.198957), (0.549, -0.0588772, 1.189508), (0.551, -0.0588772, 1.189508), (0.551, -0.040860135, 1.189508), (0.549, -0.040860135, 1.189508), (0.549, -0.0588772, 1.198957), (0.551, -0.0588772, 1.198957), (0.551, -0.040860135, 1.198957), (0.549, -0.040860135, 1.198957), (0.549, -0.033138532, 1.189508), (0.551, -0.033138532, 1.189508), (0.551, -0.0151214665, 1.189508), (0.549, -0.0151214665, 1.189508), (0.549, -0.033138532, 1.198957), (0.551, -0.033138532, 1.198957), (0.551, -0.0151214665, 1.198957), (0.549, -0.0151214665, 1.198957), (0.549, -0.007399867, 1.189508), (0.551, -0.007399867, 1.189508), (0.551, 0.0106172, 1.189508), (0.549, 0.0106172, 1.189508), (0.549, -0.007399867, 1.198957), (0.551, -0.007399867, 1.198957), (0.551, 0.0106172, 1.198957), (0.549, 0.0106172, 1.198957), (0.549, 0.0183388, 1.189508), (0.551, 0.0183388, 1.189508), (0.551, 0.036355868, 1.189508), (0.549, 0.036355868, 1.189508), (0.549, 0.0183388, 1.198957), (0.551, 0.0183388, 1.198957), (0.551, 0.036355868, 1.198957), (0.549, 0.036355868, 1.198957), (0.549, 0.044077467, 1.189508), (0.551, 0.044077467, 1.189508), (0.551, 0.062094532, 1.189508), (0.549, 0.062094532, 1.189508), (0.549, 0.044077467, 1.198957), (0.551, 0.044077467, 1.198957), (0.551, 0.062094532, 1.198957), (0.549, 0.062094532, 1.198957), (0.549, 0.069816135, 1.189508), (0.551, 0.069816135, 1.189508), (0.551, 0.0878332, 1.189508), (0.549, 0.0878332, 1.189508), (0.549, 0.069816135, 1.198957), (0.551, 0.069816135, 1.198957), (0.551, 0.0878332, 1.198957), (0.549, 0.0878332, 1.198957), (0.549, 0.0955548, 1.189508), (0.551, 0.0955548, 1.189508), (0.551, 0.11357187, 1.189508), (0.549, 0.11357187, 1.189508), (0.549, 0.0955548, 1.198957), (0.551, 0.0955548, 1.198957), (0.551, 0.11357187, 1.198957), (0.549, 0.11357187, 1.198957), (0.549, 0.12129347, 1.189508), (0.551, 0.12129347, 1.189508), (0.551, 0.13931054, 1.189508), (0.549, 0.13931054, 1.189508), (0.549, 0.12129347, 1.198957), (0.551, 0.12129347, 1.198957), (0.551, 0.13931054, 1.198957), (0.549, 0.13931054, 1.198957), (0.549, 0.14703213, 1.189508), (0.551, 0.14703213, 1.189508), (0.551, 0.1650492, 1.189508), (0.549, 0.1650492, 1.189508), (0.549, 0.14703213, 1.198957), (0.551, 0.14703213, 1.198957), (0.551, 0.1650492, 1.198957), (0.549, 0.1650492, 1.198957), (0.549, -0.1360932, 1.202393), (0.551, -0.1360932, 1.202393), (0.551, -0.11807613, 1.202393), (0.549, -0.11807613, 1.202393), (0.549, -0.1360932, 1.211842), (0.551, -0.1360932, 1.211842), (0.551, -0.11807613, 1.211842), (0.549, -0.11807613, 1.211842), (0.549, -0.110354535, 1.202393), (0.551, -0.110354535, 1.202393), (0.551, -0.09233747, 1.202393), (0.549, -0.09233747, 1.202393), (0.549, -0.110354535, 1.211842), (0.551, -0.110354535, 1.211842), (0.551, -0.09233747, 1.211842), (0.549, -0.09233747, 1.211842), (0.549, -0.084615864, 1.202393), (0.551, -0.084615864, 1.202393), (0.551, -0.0665988, 1.202393), (0.549, -0.0665988, 1.202393), (0.549, -0.084615864, 1.211842), (0.551, -0.084615864, 1.211842), (0.551, -0.0665988, 1.211842), (0.549, -0.0665988, 1.211842), (0.549, -0.0588772, 1.202393), (0.551, -0.0588772, 1.202393), (0.551, -0.040860135, 1.202393), (0.549, -0.040860135, 1.202393), (0.549, -0.0588772, 1.211842), (0.551, -0.0588772, 1.211842), (0.551, -0.040860135, 1.211842), (0.549, -0.040860135, 1.211842), (0.549, -0.033138532, 1.202393), (0.551, -0.033138532, 1.202393), (0.551, -0.0151214665, 1.202393), (0.549, -0.0151214665, 1.202393), (0.549, -0.033138532, 1.211842), (0.551, -0.033138532, 1.211842), (0.551, -0.0151214665, 1.211842), (0.549, -0.0151214665, 1.211842), (0.549, -0.007399867, 1.202393), (0.551, -0.007399867, 1.202393), (0.551, 0.0106172, 1.202393), (0.549, 0.0106172, 1.202393), (0.549, -0.007399867, 1.211842), (0.551, -0.007399867, 1.211842), (0.551, 0.0106172, 1.211842), (0.549, 0.0106172, 1.211842), (0.549, 0.0183388, 1.202393), (0.551, 0.0183388, 1.202393), (0.551, 0.036355868, 1.202393), (0.549, 0.036355868, 1.202393), (0.549, 0.0183388, 1.211842), (0.551, 0.0183388, 1.211842), (0.551, 0.036355868, 1.211842), (0.549, 0.036355868, 1.211842), (0.549, 0.044077467, 1.202393), (0.551, 0.044077467, 1.202393), (0.551, 0.062094532, 1.202393), (0.549, 0.062094532, 1.202393), (0.549, 0.044077467, 1.211842), (0.551, 0.044077467, 1.211842), (0.551, 0.062094532, 1.211842), (0.549, 0.062094532, 1.211842), (0.549, 0.069816135, 1.202393), (0.551, 0.069816135, 1.202393), (0.551, 0.0878332, 1.202393), (0.549, 0.0878332, 1.202393), (0.549, 0.069816135, 1.211842), (0.551, 0.069816135, 1.211842), (0.551, 0.0878332, 1.211842), (0.549, 0.0878332, 1.211842), (0.549, 0.0955548, 1.202393), (0.551, 0.0955548, 1.202393), (0.551, 0.11357187, 1.202393), (0.549, 0.11357187, 1.202393), (0.549, 0.0955548, 1.211842), (0.551, 0.0955548, 1.211842), (0.551, 0.11357187, 1.211842), (0.549, 0.11357187, 1.211842), (0.549, 0.12129347, 1.202393), (0.551, 0.12129347, 1.202393), (0.551, 0.13931054, 1.202393), (0.549, 0.13931054, 1.202393), (0.549, 0.12129347, 1.211842), (0.551, 0.12129347, 1.211842), (0.551, 0.13931054, 1.211842), (0.549, 0.13931054, 1.211842), (0.549, 0.14703213, 1.202393), (0.551, 0.14703213, 1.202393), (0.551, 0.1650492, 1.202393), (0.549, 0.1650492, 1.202393), (0.549, 0.14703213, 1.211842), (0.551, 0.14703213, 1.211842), (0.551, 0.1650492, 1.211842), (0.549, 0.1650492, 1.211842)]
                    uniform token subdivisionScheme = "none"
                }

                def Mesh "Handle" (
                    prepend apiSchemas = ["MaterialBindingAPI"]
                )
                {
                    float3[] extent = [(0.545, -0.2263, 1.1873605), (0.557, 0.2263, 1.2139895)]
                    int[] faceVertexCounts = [4, 4, 4, 4, 4, 4, 4, 4, 4, 4, 4, 4]
                    int[] faceVertexIndices = [0, 3, 2, 1, 4, 5, 6, 7, 0, 1, 5, 4, 2, 3, 7, 6, 1, 2, 6, 5, 3, 0, 4, 7, 8, 11, 10, 9, 12, 13, 14, 15, 8, 9, 13, 12, 10, 11, 15, 14, 9, 10, 14, 13, 11, 8, 12, 15]
                    rel material:binding = </GenericRack/Looks/Handle>
                    uniform token orientation = "rightHanded"
                    point3f[] points = [(0.545, -0.2263, 1.1873605), (0.557, -0.2263, 1.1873605), (0.557, -0.2123, 1.1873605), (0.545, -0.2123, 1.1873605), (0.545, -0.2263, 1.2139895), (0.557, -0.2263, 1.2139895), (0.557, -0.2123, 1.2139895), (0.545, -0.2123, 1.2139895), (0.545, 0.2123, 1.1873605), (0.557, 0.2123, 1.1873605), (0.557, 0.2263, 1.1873605), (0.545, 0.2263, 1.1873605), (0.545, 0.2123, 1.2139895), (0.557, 0.2123, 1.2139895), (0.557, 0.2263, 1.2139895), (0.545, 0.2263, 1.2139895)]
                    uniform token subdivisionScheme = "none"
                }

                def Mesh "StatusLamp" (
                    prepend apiSchemas = ["MaterialBindingAPI"]
                )
                {
                    float3[] extent = [(0.545, -0.1943, 1.206406), (0.547, -0.1883, 1.210406)]
                    int[] faceVertexCounts = [4, 4, 4, 4, 4, 4]
                    int[] faceVertexIndices = [0, 3, 2, 1, 4, 5, 6, 7, 0, 1, 5, 4, 2, 3, 7, 6, 1, 2, 6, 5, 3, 0, 4, 7]
                    rel material:binding = </GenericRack/Looks/StatusLamp>
                    uniform token orientation = "rightHanded"
                    point3f[] points = [(0.545, -0.1943, 1.206406), (0.547, -0.1943, 1.206406), (0.547, -0.1883, 1.206406), (0.545, -0.1883, 1.206406), (0.545, -0.1943, 1.210406), (0.547, -0.1943, 1.210406), (0.547, -0.1883, 1.210406), (0.545, -0.1883, 1.210406)]
                    uniform token subdivisionScheme = "none"
                }
            }

            def "switch_27"
            {
                def Mesh "TraySwitch" (
                    prepend apiSchemas = ["MaterialBindingAPI"]
                )
                {
                    float3[] extent = [(0.53, -0.2403, 1.22365), (0.545, 0.2403, 1.2666)]
                    int[] faceVertexCounts = [4, 4, 4, 4, 4, 4]
                    int[] faceVertexIndices = [0, 3, 2, 1, 4, 5, 6, 7, 0, 1, 5, 4, 2, 3, 7, 6, 1, 2, 6, 5, 3, 0, 4, 7]
                    rel material:binding = </GenericRack/Looks/TraySwitch>
                    uniform token orientation = "rightHanded"
                    point3f[] points = [(0.53, -0.2403, 1.22365), (0.545, -0.2403, 1.22365), (0.545, 0.2403, 1.22365), (0.53, 0.2403, 1.22365), (0.53, -0.2403, 1.2666), (0.545, -0.2403, 1.2666), (0.545, 0.2403, 1.2666), (0.53, 0.2403, 1.2666)]
                    uniform token subdivisionScheme = "none"
                }

                def Mesh "PortCage" (
                    prepend apiSchemas = ["MaterialBindingAPI"]
                )
                {
                    float3[] extent = [(0.545, -0.139954, 1.231381), (0.549, 0.16891, 1.258869)]
                    int[] faceVertexCounts = [4, 4, 4, 4, 4, 4]
                    int[] faceVertexIndices = [0, 3, 2, 1, 4, 5, 6, 7, 0, 1, 5, 4, 2, 3, 7, 6, 1, 2, 6, 5, 3, 0, 4, 7]
                    rel material:binding = </GenericRack/Looks/PortCage>
                    uniform token orientation = "rightHanded"
                    point3f[] points = [(0.545, -0.139954, 1.231381), (0.549, -0.139954, 1.231381), (0.549, 0.16891, 1.231381), (0.545, 0.16891, 1.231381), (0.545, -0.139954, 1.258869), (0.549, -0.139954, 1.258869), (0.549, 0.16891, 1.258869), (0.545, 0.16891, 1.258869)]
                    uniform token subdivisionScheme = "none"
                }

                def Mesh "VentDark" (
                    prepend apiSchemas = ["MaterialBindingAPI"]
                )
                {
                    float3[] extent = [(0.549, -0.1360932, 1.233958), (0.551, 0.1650492, 1.256292)]
                    int[] faceVertexCounts = [4, 4, 4, 4, 4, 4, 4, 4, 4, 4, 4, 4, 4, 4, 4, 4, 4, 4, 4, 4, 4, 4, 4, 4, 4, 4, 4, 4, 4, 4, 4, 4, 4, 4, 4, 4, 4, 4, 4, 4, 4, 4, 4, 4, 4, 4, 4, 4, 4, 4, 4, 4, 4, 4, 4, 4, 4, 4, 4, 4, 4, 4, 4, 4, 4, 4, 4, 4, 4, 4, 4, 4, 4, 4, 4, 4, 4, 4, 4, 4, 4, 4, 4, 4, 4, 4, 4, 4, 4, 4, 4, 4, 4, 4, 4, 4, 4, 4, 4, 4, 4, 4, 4, 4, 4, 4, 4, 4, 4, 4, 4, 4, 4, 4, 4, 4, 4, 4, 4, 4, 4, 4, 4, 4, 4, 4, 4, 4, 4, 4, 4, 4, 4, 4, 4, 4, 4, 4, 4, 4, 4, 4, 4, 4]
                    int[] faceVertexIndices = [0, 3, 2, 1, 4, 5, 6, 7, 0, 1, 5, 4, 2, 3, 7, 6, 1, 2, 6, 5, 3, 0, 4, 7, 8, 11, 10, 9, 12, 13, 14, 15, 8, 9, 13, 12, 10, 11, 15, 14, 9, 10, 14, 13, 11, 8, 12, 15, 16, 19, 18, 17, 20, 21, 22, 23, 16, 17, 21, 20, 18, 19, 23, 22, 17, 18, 22, 21, 19, 16, 20, 23, 24, 27, 26, 25, 28, 29, 30, 31, 24, 25, 29, 28, 26, 27, 31, 30, 25, 26, 30, 29, 27, 24, 28, 31, 32, 35, 34, 33, 36, 37, 38, 39, 32, 33, 37, 36, 34, 35, 39, 38, 33, 34, 38, 37, 35, 32, 36, 39, 40, 43, 42, 41, 44, 45, 46, 47, 40, 41, 45, 44, 42, 43, 47, 46, 41, 42, 46, 45, 43, 40, 44, 47, 48, 51, 50, 49, 52, 53, 54, 55, 48, 49, 53, 52, 50, 51, 55, 54, 49, 50, 54, 53, 51, 48, 52, 55, 56, 59, 58, 57, 60, 61, 62, 63, 56, 57, 61, 60, 58, 59, 63, 62, 57, 58, 62, 61, 59, 56, 60, 63, 64, 67, 66, 65, 68, 69, 70, 71, 64, 65, 69, 68, 66, 67, 71, 70, 65, 66, 70, 69, 67, 64, 68, 71, 72, 75, 74, 73, 76, 77, 78, 79, 72, 73, 77, 76, 74, 75, 79, 78, 73, 74, 78, 77, 75, 72, 76, 79, 80, 83, 82, 81, 84, 85, 86, 87, 80, 81, 85, 84, 82, 83, 87, 86, 81, 82, 86, 85, 83, 80, 84, 87, 88, 91, 90, 89, 92, 93, 94, 95, 88, 89, 93, 92, 90, 91, 95, 94, 89, 90, 94, 93, 91, 88, 92, 95, 96, 99, 98, 97, 100, 101, 102, 103, 96, 97, 101, 100, 98, 99, 103, 102, 97, 98, 102, 101, 99, 96, 100, 103, 104, 107, 106, 105, 108, 109, 110, 111, 104, 105, 109, 108, 106, 107, 111, 110, 105, 106, 110, 109, 107, 104, 108, 111, 112, 115, 114, 113, 116, 117, 118, 119, 112, 113, 117, 116, 114, 115, 119, 118, 113, 114, 118, 117, 115, 112, 116, 119, 120, 123, 122, 121, 124, 125, 126, 127, 120, 121, 125, 124, 122, 123, 127, 126, 121, 122, 126, 125, 123, 120, 124, 127, 128, 131, 130, 129, 132, 133, 134, 135, 128, 129, 133, 132, 130, 131, 135, 134, 129, 130, 134, 133, 131, 128, 132, 135, 136, 139, 138, 137, 140, 141, 142, 143, 136, 137, 141, 140, 138, 139, 143, 142, 137, 138, 142, 141, 139, 136, 140, 143, 144, 147, 146, 145, 148, 149, 150, 151, 144, 145, 149, 148, 146, 147, 151, 150, 145, 146, 150, 149, 147, 144, 148, 151, 152, 155, 154, 153, 156, 157, 158, 159, 152, 153, 157, 156, 154, 155, 159, 158, 153, 154, 158, 157, 155, 152, 156, 159, 160, 163, 162, 161, 164, 165, 166, 167, 160, 161, 165, 164, 162, 163, 167, 166, 161, 162, 166, 165, 163, 160, 164, 167, 168, 171, 170, 169, 172, 173, 174, 175, 168, 169, 173, 172, 170, 171, 175, 174, 169, 170, 174, 173, 171, 168, 172, 175, 176, 179, 178, 177, 180, 181, 182, 183, 176, 177, 181, 180, 178, 179, 183, 182, 177, 178, 182, 181, 179, 176, 180, 183, 184, 187, 186, 185, 188, 189, 190, 191, 184, 185, 189, 188, 186, 187, 191, 190, 185, 186, 190, 189, 187, 184, 188, 191]
                    rel material:binding = </GenericRack/Looks/VentDark>
                    uniform token orientation = "rightHanded"
                    point3f[] points = [(0.549, -0.1360932, 1.233958), (0.551, -0.1360932, 1.233958), (0.551, -0.11807613, 1.233958), (0.549, -0.11807613, 1.233958), (0.549, -0.1360932, 1.243407), (0.551, -0.1360932, 1.243407), (0.551, -0.11807613, 1.243407), (0.549, -0.11807613, 1.243407), (0.549, -0.110354535, 1.233958), (0.551, -0.110354535, 1.233958), (0.551, -0.09233747, 1.233958), (0.549, -0.09233747, 1.233958), (0.549, -0.110354535, 1.243407), (0.551, -0.110354535, 1.243407), (0.551, -0.09233747, 1.243407), (0.549, -0.09233747, 1.243407), (0.549, -0.084615864, 1.233958), (0.551, -0.084615864, 1.233958), (0.551, -0.0665988, 1.233958), (0.549, -0.0665988, 1.233958), (0.549, -0.084615864, 1.243407), (0.551, -0.084615864, 1.243407), (0.551, -0.0665988, 1.243407), (0.549, -0.0665988, 1.243407), (0.549, -0.0588772, 1.233958), (0.551, -0.0588772, 1.233958), (0.551, -0.040860135, 1.233958), (0.549, -0.040860135, 1.233958), (0.549, -0.0588772, 1.243407), (0.551, -0.0588772, 1.243407), (0.551, -0.040860135, 1.243407), (0.549, -0.040860135, 1.243407), (0.549, -0.033138532, 1.233958), (0.551, -0.033138532, 1.233958), (0.551, -0.0151214665, 1.233958), (0.549, -0.0151214665, 1.233958), (0.549, -0.033138532, 1.243407), (0.551, -0.033138532, 1.243407), (0.551, -0.0151214665, 1.243407), (0.549, -0.0151214665, 1.243407), (0.549, -0.007399867, 1.233958), (0.551, -0.007399867, 1.233958), (0.551, 0.0106172, 1.233958), (0.549, 0.0106172, 1.233958), (0.549, -0.007399867, 1.243407), (0.551, -0.007399867, 1.243407), (0.551, 0.0106172, 1.243407), (0.549, 0.0106172, 1.243407), (0.549, 0.0183388, 1.233958), (0.551, 0.0183388, 1.233958), (0.551, 0.036355868, 1.233958), (0.549, 0.036355868, 1.233958), (0.549, 0.0183388, 1.243407), (0.551, 0.0183388, 1.243407), (0.551, 0.036355868, 1.243407), (0.549, 0.036355868, 1.243407), (0.549, 0.044077467, 1.233958), (0.551, 0.044077467, 1.233958), (0.551, 0.062094532, 1.233958), (0.549, 0.062094532, 1.233958), (0.549, 0.044077467, 1.243407), (0.551, 0.044077467, 1.243407), (0.551, 0.062094532, 1.243407), (0.549, 0.062094532, 1.243407), (0.549, 0.069816135, 1.233958), (0.551, 0.069816135, 1.233958), (0.551, 0.0878332, 1.233958), (0.549, 0.0878332, 1.233958), (0.549, 0.069816135, 1.243407), (0.551, 0.069816135, 1.243407), (0.551, 0.0878332, 1.243407), (0.549, 0.0878332, 1.243407), (0.549, 0.0955548, 1.233958), (0.551, 0.0955548, 1.233958), (0.551, 0.11357187, 1.233958), (0.549, 0.11357187, 1.233958), (0.549, 0.0955548, 1.243407), (0.551, 0.0955548, 1.243407), (0.551, 0.11357187, 1.243407), (0.549, 0.11357187, 1.243407), (0.549, 0.12129347, 1.233958), (0.551, 0.12129347, 1.233958), (0.551, 0.13931054, 1.233958), (0.549, 0.13931054, 1.233958), (0.549, 0.12129347, 1.243407), (0.551, 0.12129347, 1.243407), (0.551, 0.13931054, 1.243407), (0.549, 0.13931054, 1.243407), (0.549, 0.14703213, 1.233958), (0.551, 0.14703213, 1.233958), (0.551, 0.1650492, 1.233958), (0.549, 0.1650492, 1.233958), (0.549, 0.14703213, 1.243407), (0.551, 0.14703213, 1.243407), (0.551, 0.1650492, 1.243407), (0.549, 0.1650492, 1.243407), (0.549, -0.1360932, 1.246843), (0.551, -0.1360932, 1.246843), (0.551, -0.11807613, 1.246843), (0.549, -0.11807613, 1.246843), (0.549, -0.1360932, 1.256292), (0.551, -0.1360932, 1.256292), (0.551, -0.11807613, 1.256292), (0.549, -0.11807613, 1.256292), (0.549, -0.110354535, 1.246843), (0.551, -0.110354535, 1.246843), (0.551, -0.09233747, 1.246843), (0.549, -0.09233747, 1.246843), (0.549, -0.110354535, 1.256292), (0.551, -0.110354535, 1.256292), (0.551, -0.09233747, 1.256292), (0.549, -0.09233747, 1.256292), (0.549, -0.084615864, 1.246843), (0.551, -0.084615864, 1.246843), (0.551, -0.0665988, 1.246843), (0.549, -0.0665988, 1.246843), (0.549, -0.084615864, 1.256292), (0.551, -0.084615864, 1.256292), (0.551, -0.0665988, 1.256292), (0.549, -0.0665988, 1.256292), (0.549, -0.0588772, 1.246843), (0.551, -0.0588772, 1.246843), (0.551, -0.040860135, 1.246843), (0.549, -0.040860135, 1.246843), (0.549, -0.0588772, 1.256292), (0.551, -0.0588772, 1.256292), (0.551, -0.040860135, 1.256292), (0.549, -0.040860135, 1.256292), (0.549, -0.033138532, 1.246843), (0.551, -0.033138532, 1.246843), (0.551, -0.0151214665, 1.246843), (0.549, -0.0151214665, 1.246843), (0.549, -0.033138532, 1.256292), (0.551, -0.033138532, 1.256292), (0.551, -0.0151214665, 1.256292), (0.549, -0.0151214665, 1.256292), (0.549, -0.007399867, 1.246843), (0.551, -0.007399867, 1.246843), (0.551, 0.0106172, 1.246843), (0.549, 0.0106172, 1.246843), (0.549, -0.007399867, 1.256292), (0.551, -0.007399867, 1.256292), (0.551, 0.0106172, 1.256292), (0.549, 0.0106172, 1.256292), (0.549, 0.0183388, 1.246843), (0.551, 0.0183388, 1.246843), (0.551, 0.036355868, 1.246843), (0.549, 0.036355868, 1.246843), (0.549, 0.0183388, 1.256292), (0.551, 0.0183388, 1.256292), (0.551, 0.036355868, 1.256292), (0.549, 0.036355868, 1.256292), (0.549, 0.044077467, 1.246843), (0.551, 0.044077467, 1.246843), (0.551, 0.062094532, 1.246843), (0.549, 0.062094532, 1.246843), (0.549, 0.044077467, 1.256292), (0.551, 0.044077467, 1.256292), (0.551, 0.062094532, 1.256292), (0.549, 0.062094532, 1.256292), (0.549, 0.069816135, 1.246843), (0.551, 0.069816135, 1.246843), (0.551, 0.0878332, 1.246843), (0.549, 0.0878332, 1.246843), (0.549, 0.069816135, 1.256292), (0.551, 0.069816135, 1.256292), (0.551, 0.0878332, 1.256292), (0.549, 0.0878332, 1.256292), (0.549, 0.0955548, 1.246843), (0.551, 0.0955548, 1.246843), (0.551, 0.11357187, 1.246843), (0.549, 0.11357187, 1.246843), (0.549, 0.0955548, 1.256292), (0.551, 0.0955548, 1.256292), (0.551, 0.11357187, 1.256292), (0.549, 0.11357187, 1.256292), (0.549, 0.12129347, 1.246843), (0.551, 0.12129347, 1.246843), (0.551, 0.13931054, 1.246843), (0.549, 0.13931054, 1.246843), (0.549, 0.12129347, 1.256292), (0.551, 0.12129347, 1.256292), (0.551, 0.13931054, 1.256292), (0.549, 0.13931054, 1.256292), (0.549, 0.14703213, 1.246843), (0.551, 0.14703213, 1.246843), (0.551, 0.1650492, 1.246843), (0.549, 0.1650492, 1.246843), (0.549, 0.14703213, 1.256292), (0.551, 0.14703213, 1.256292), (0.551, 0.1650492, 1.256292), (0.549, 0.1650492, 1.256292)]
                    uniform token subdivisionScheme = "none"
                }

                def Mesh "Handle" (
                    prepend apiSchemas = ["MaterialBindingAPI"]
                )
                {
                    float3[] extent = [(0.545, -0.2263, 1.2318105), (0.557, 0.2263, 1.2584395)]
                    int[] faceVertexCounts = [4, 4, 4, 4, 4, 4, 4, 4, 4, 4, 4, 4]
                    int[] faceVertexIndices = [0, 3, 2, 1, 4, 5, 6, 7, 0, 1, 5, 4, 2, 3, 7, 6, 1, 2, 6, 5, 3, 0, 4, 7, 8, 11, 10, 9, 12, 13, 14, 15, 8, 9, 13, 12, 10, 11, 15, 14, 9, 10, 14, 13, 11, 8, 12, 15]
                    rel material:binding = </GenericRack/Looks/Handle>
                    uniform token orientation = "rightHanded"
                    point3f[] points = [(0.545, -0.2263, 1.2318105), (0.557, -0.2263, 1.2318105), (0.557, -0.2123, 1.2318105), (0.545, -0.2123, 1.2318105), (0.545, -0.2263, 1.2584395), (0.557, -0.2263, 1.2584395), (0.557, -0.2123, 1.2584395), (0.545, -0.2123, 1.2584395), (0.545, 0.2123, 1.2318105), (0.557, 0.2123, 1.2318105), (0.557, 0.2263, 1.2318105), (0.545, 0.2263, 1.2318105), (0.545, 0.2123, 1.2584395), (0.557, 0.2123, 1.2584395), (0.557, 0.2263, 1.2584395), (0.545, 0.2263, 1.2584395)]
                    uniform token subdivisionScheme = "none"
                }

                def Mesh "StatusLamp" (
                    prepend apiSchemas = ["MaterialBindingAPI"]
                )
                {
                    float3[] extent = [(0.545, -0.1943, 1.250856), (0.547, -0.1883, 1.254856)]
                    int[] faceVertexCounts = [4, 4, 4, 4, 4, 4]
                    int[] faceVertexIndices = [0, 3, 2, 1, 4, 5, 6, 7, 0, 1, 5, 4, 2, 3, 7, 6, 1, 2, 6, 5, 3, 0, 4, 7]
                    rel material:binding = </GenericRack/Looks/StatusLamp>
                    uniform token orientation = "rightHanded"
                    point3f[] points = [(0.545, -0.1943, 1.250856), (0.547, -0.1943, 1.250856), (0.547, -0.1883, 1.250856), (0.545, -0.1883, 1.250856), (0.545, -0.1943, 1.254856), (0.547, -0.1943, 1.254856), (0.547, -0.1883, 1.254856), (0.545, -0.1883, 1.254856)]
                    uniform token subdivisionScheme = "none"
                }
            }

            def "blank_28"
            {
                def Mesh "TrayBlank" (
                    prepend apiSchemas = ["MaterialBindingAPI"]
                )
                {
                    float3[] extent = [(0.53, -0.2403, 1.2681), (0.545, 0.2403, 1.31105)]
                    int[] faceVertexCounts = [4, 4, 4, 4, 4, 4]
                    int[] faceVertexIndices = [0, 3, 2, 1, 4, 5, 6, 7, 0, 1, 5, 4, 2, 3, 7, 6, 1, 2, 6, 5, 3, 0, 4, 7]
                    rel material:binding = </GenericRack/Looks/TrayBlank>
                    uniform token orientation = "rightHanded"
                    point3f[] points = [(0.53, -0.2403, 1.2681), (0.545, -0.2403, 1.2681), (0.545, 0.2403, 1.2681), (0.53, 0.2403, 1.2681), (0.53, -0.2403, 1.31105), (0.545, -0.2403, 1.31105), (0.545, 0.2403, 1.31105), (0.53, 0.2403, 1.31105)]
                    uniform token subdivisionScheme = "none"
                }
            }

            def "compute_29"
            {
                def Mesh "TrayCompute" (
                    prepend apiSchemas = ["MaterialBindingAPI"]
                )
                {
                    float3[] extent = [(0.53, -0.2403, 1.31255), (0.545, 0.2403, 1.3555)]
                    int[] faceVertexCounts = [4, 4, 4, 4, 4, 4]
                    int[] faceVertexIndices = [0, 3, 2, 1, 4, 5, 6, 7, 0, 1, 5, 4, 2, 3, 7, 6, 1, 2, 6, 5, 3, 0, 4, 7]
                    rel material:binding = </GenericRack/Looks/TrayCompute>
                    uniform token orientation = "rightHanded"
                    point3f[] points = [(0.53, -0.2403, 1.31255), (0.545, -0.2403, 1.31255), (0.545, 0.2403, 1.31255), (0.53, 0.2403, 1.31255), (0.53, -0.2403, 1.3555), (0.545, -0.2403, 1.3555), (0.545, 0.2403, 1.3555), (0.53, 0.2403, 1.3555)]
                    uniform token subdivisionScheme = "none"
                }

                def Mesh "VentDark" (
                    prepend apiSchemas = ["MaterialBindingAPI"]
                )
                {
                    float3[] extent = [(0.545, -0.171346, 1.321999), (0.551, 0.1556385, 1.346051)]
                    int[] faceVertexCounts = [4, 4, 4, 4, 4, 4, 4, 4, 4, 4, 4, 4, 4, 4, 4, 4, 4, 4, 4, 4, 4, 4, 4, 4, 4, 4, 4, 4, 4, 4]
                    int[] faceVertexIndices = [0, 3, 2, 1, 4, 5, 6, 7, 0, 1, 5, 4, 2, 3, 7, 6, 1, 2, 6, 5, 3, 0, 4, 7, 8, 11, 10, 9, 12, 13, 14, 15, 8, 9, 13, 12, 10, 11, 15, 14, 9, 10, 14, 13, 11, 8, 12, 15, 16, 19, 18, 17, 20, 21, 22, 23, 16, 17, 21, 20, 18, 19, 23, 22, 17, 18, 22, 21, 19, 16, 20, 23, 24, 27, 26, 25, 28, 29, 30, 31, 24, 25, 29, 28, 26, 27, 31, 30, 25, 26, 30, 29, 27, 24, 28, 31, 32, 35, 34, 33, 36, 37, 38, 39, 32, 33, 37, 36, 34, 35, 39, 38, 33, 34, 38, 37, 35, 32, 36, 39]
                    rel material:binding = </GenericRack/Looks/VentDark>
                    uniform token orientation = "rightHanded"
                    point3f[] points = [(0.545, -0.171346, 1.321999), (0.547, -0.171346, 1.321999), (0.547, 0.031346, 1.321999), (0.545, 0.031346, 1.321999), (0.545, -0.171346, 1.346051), (0.547, -0.171346, 1.346051), (0.547, 0.031346, 1.346051), (0.545, 0.031346, 1.346051), (0.549, 0.0760095, 1.3275825), (0.551, 0.0760095, 1.3275825), (0.551, 0.0904875, 1.3275825), (0.549, 0.0904875, 1.3275825), (0.549, 0.0760095, 1.3404675), (0.551, 0.0760095, 1.3404675), (0.551, 0.0904875, 1.3404675), (0.549, 0.0904875, 1.3404675), (0.549, 0.0977265, 1.3275825), (0.551, 0.0977265, 1.3275825), (0.551, 0.1122045, 1.3275825), (0.549, 0.1122045, 1.3275825), (0.549, 0.0977265, 1.3404675), (0.551, 0.0977265, 1.3404675), (0.551, 0.1122045, 1.3404675), (0.549, 0.1122045, 1.3404675), (0.549, 0.1194435, 1.3275825), (0.551, 0.1194435, 1.3275825), (0.551, 0.1339215, 1.3275825), (0.549, 0.1339215, 1.3275825), (0.549, 0.1194435, 1.3404675), (0.551, 0.1194435, 1.3404675), (0.551, 0.1339215, 1.3404675), (0.549, 0.1339215, 1.3404675), (0.549, 0.1411605, 1.3275825), (0.551, 0.1411605, 1.3275825), (0.551, 0.1556385, 1.3275825), (0.549, 0.1556385, 1.3275825), (0.549, 0.1411605, 1.3404675), (0.551, 0.1411605, 1.3404675), (0.551, 0.1556385, 1.3404675), (0.549, 0.1556385, 1.3404675)]
                    uniform token subdivisionScheme = "none"
                }

                def Mesh "PortCage" (
                    prepend apiSchemas = ["MaterialBindingAPI"]
                )
                {
                    float3[] extent = [(0.545, 0.067564, 1.3207105), (0.549, 0.164084, 1.3473395)]
                    int[] faceVertexCounts = [4, 4, 4, 4, 4, 4]
                    int[] faceVertexIndices = [0, 3, 2, 1, 4, 5, 6, 7, 0, 1, 5, 4, 2, 3, 7, 6, 1, 2, 6, 5, 3, 0, 4, 7]
                    rel material:binding = </GenericRack/Looks/PortCage>
                    uniform token orientation = "rightHanded"
                    point3f[] points = [(0.545, 0.067564, 1.3207105), (0.549, 0.067564, 1.3207105), (0.549, 0.164084, 1.3207105), (0.545, 0.164084, 1.3207105), (0.545, 0.067564, 1.3473395), (0.549, 0.067564, 1.3473395), (0.549, 0.164084, 1.3473395), (0.545, 0.164084, 1.3473395)]
                    uniform token subdivisionScheme = "none"
                }

                def Mesh "Handle" (
                    prepend apiSchemas = ["MaterialBindingAPI"]
                )
                {
                    float3[] extent = [(0.545, -0.2263, 1.3207105), (0.557, 0.2263, 1.3473395)]
                    int[] faceVertexCounts = [4, 4, 4, 4, 4, 4, 4, 4, 4, 4, 4, 4]
                    int[] faceVertexIndices = [0, 3, 2, 1, 4, 5, 6, 7, 0, 1, 5, 4, 2, 3, 7, 6, 1, 2, 6, 5, 3, 0, 4, 7, 8, 11, 10, 9, 12, 13, 14, 15, 8, 9, 13, 12, 10, 11, 15, 14, 9, 10, 14, 13, 11, 8, 12, 15]
                    rel material:binding = </GenericRack/Looks/Handle>
                    uniform token orientation = "rightHanded"
                    point3f[] points = [(0.545, -0.2263, 1.3207105), (0.557, -0.2263, 1.3207105), (0.557, -0.2123, 1.3207105), (0.545, -0.2123, 1.3207105), (0.545, -0.2263, 1.3473395), (0.557, -0.2263, 1.3473395), (0.557, -0.2123, 1.3473395), (0.545, -0.2123, 1.3473395), (0.545, 0.2123, 1.3207105), (0.557, 0.2123, 1.3207105), (0.557, 0.2263, 1.3207105), (0.545, 0.2263, 1.3207105), (0.545, 0.2123, 1.3473395), (0.557, 0.2123, 1.3473395), (0.557, 0.2263, 1.3473395), (0.545, 0.2263, 1.3473395)]
                    uniform token subdivisionScheme = "none"
                }

                def Mesh "StatusLamp" (
                    prepend apiSchemas = ["MaterialBindingAPI"]
                )
                {
                    float3[] extent = [(0.545, -0.1943, 1.339756), (0.547, -0.1883, 1.343756)]
                    int[] faceVertexCounts = [4, 4, 4, 4, 4, 4]
                    int[] faceVertexIndices = [0, 3, 2, 1, 4, 5, 6, 7, 0, 1, 5, 4, 2, 3, 7, 6, 1, 2, 6, 5, 3, 0, 4, 7]
                    rel material:binding = </GenericRack/Looks/StatusLamp>
                    uniform token orientation = "rightHanded"
                    point3f[] points = [(0.545, -0.1943, 1.339756), (0.547, -0.1943, 1.339756), (0.547, -0.1883, 1.339756), (0.545, -0.1883, 1.339756), (0.545, -0.1943, 1.343756), (0.547, -0.1943, 1.343756), (0.547, -0.1883, 1.343756), (0.545, -0.1883, 1.343756)]
                    uniform token subdivisionScheme = "none"
                }
            }

            def "compute_30"
            {
                def Mesh "TrayCompute" (
                    prepend apiSchemas = ["MaterialBindingAPI"]
                )
                {
                    float3[] extent = [(0.53, -0.2403, 1.357), (0.545, 0.2403, 1.39995)]
                    int[] faceVertexCounts = [4, 4, 4, 4, 4, 4]
                    int[] faceVertexIndices = [0, 3, 2, 1, 4, 5, 6, 7, 0, 1, 5, 4, 2, 3, 7, 6, 1, 2, 6, 5, 3, 0, 4, 7]
                    rel material:binding = </GenericRack/Looks/TrayCompute>
                    uniform token orientation = "rightHanded"
                    point3f[] points = [(0.53, -0.2403, 1.357), (0.545, -0.2403, 1.357), (0.545, 0.2403, 1.357), (0.53, 0.2403, 1.357), (0.53, -0.2403, 1.39995), (0.545, -0.2403, 1.39995), (0.545, 0.2403, 1.39995), (0.53, 0.2403, 1.39995)]
                    uniform token subdivisionScheme = "none"
                }

                def Mesh "VentDark" (
                    prepend apiSchemas = ["MaterialBindingAPI"]
                )
                {
                    float3[] extent = [(0.545, -0.171346, 1.366449), (0.551, 0.1556385, 1.390501)]
                    int[] faceVertexCounts = [4, 4, 4, 4, 4, 4, 4, 4, 4, 4, 4, 4, 4, 4, 4, 4, 4, 4, 4, 4, 4, 4, 4, 4, 4, 4, 4, 4, 4, 4]
                    int[] faceVertexIndices = [0, 3, 2, 1, 4, 5, 6, 7, 0, 1, 5, 4, 2, 3, 7, 6, 1, 2, 6, 5, 3, 0, 4, 7, 8, 11, 10, 9, 12, 13, 14, 15, 8, 9, 13, 12, 10, 11, 15, 14, 9, 10, 14, 13, 11, 8, 12, 15, 16, 19, 18, 17, 20, 21, 22, 23, 16, 17, 21, 20, 18, 19, 23, 22, 17, 18, 22, 21, 19, 16, 20, 23, 24, 27, 26, 25, 28, 29, 30, 31, 24, 25, 29, 28, 26, 27, 31, 30, 25, 26, 30, 29, 27, 24, 28, 31, 32, 35, 34, 33, 36, 37, 38, 39, 32, 33, 37, 36, 34, 35, 39, 38, 33, 34, 38, 37, 35, 32, 36, 39]
                    rel material:binding = </GenericRack/Looks/VentDark>
                    uniform token orientation = "rightHanded"
                    point3f[] points = [(0.545, -0.171346, 1.366449), (0.547, -0.171346, 1.366449), (0.547, 0.031346, 1.366449), (0.545, 0.031346, 1.366449), (0.545, -0.171346, 1.390501), (0.547, -0.171346, 1.390501), (0.547, 0.031346, 1.390501), (0.545, 0.031346, 1.390501), (0.549, 0.0760095, 1.3720325), (0.551, 0.0760095, 1.3720325), (0.551, 0.0904875, 1.3720325), (0.549, 0.0904875, 1.3720325), (0.549, 0.0760095, 1.3849175), (0.551, 0.0760095, 1.3849175), (0.551, 0.0904875, 1.3849175), (0.549, 0.0904875, 1.3849175), (0.549, 0.0977265, 1.3720325), (0.551, 0.0977265, 1.3720325), (0.551, 0.1122045, 1.3720325), (0.549, 0.1122045, 1.3720325), (0.549, 0.0977265, 1.3849175), (0.551, 0.0977265, 1.3849175), (0.551, 0.1122045, 1.3849175), (0.549, 0.1122045, 1.3849175), (0.549, 0.1194435, 1.3720325), (0.551, 0.1194435, 1.3720325), (0.551, 0.1339215, 1.3720325), (0.549, 0.1339215, 1.3720325), (0.549, 0.1194435, 1.3849175), (0.551, 0.1194435, 1.3849175), (0.551, 0.1339215, 1.3849175), (0.549, 0.1339215, 1.3849175), (0.549, 0.1411605, 1.3720325), (0.551, 0.1411605, 1.3720325), (0.551, 0.1556385, 1.3720325), (0.549, 0.1556385, 1.3720325), (0.549, 0.1411605, 1.3849175), (0.551, 0.1411605, 1.3849175), (0.551, 0.1556385, 1.3849175), (0.549, 0.1556385, 1.3849175)]
                    uniform token subdivisionScheme = "none"
                }

                def Mesh "PortCage" (
                    prepend apiSchemas = ["MaterialBindingAPI"]
                )
                {
                    float3[] extent = [(0.545, 0.067564, 1.3651605), (0.549, 0.164084, 1.3917896)]
                    int[] faceVertexCounts = [4, 4, 4, 4, 4, 4]
                    int[] faceVertexIndices = [0, 3, 2, 1, 4, 5, 6, 7, 0, 1, 5, 4, 2, 3, 7, 6, 1, 2, 6, 5, 3, 0, 4, 7]
                    rel material:binding = </GenericRack/Looks/PortCage>
                    uniform token orientation = "rightHanded"
                    point3f[] points = [(0.545, 0.067564, 1.3651605), (0.549, 0.067564, 1.3651605), (0.549, 0.164084, 1.3651605), (0.545, 0.164084, 1.3651605), (0.545, 0.067564, 1.3917896), (0.549, 0.067564, 1.3917896), (0.549, 0.164084, 1.3917896), (0.545, 0.164084, 1.3917896)]
                    uniform token subdivisionScheme = "none"
                }

                def Mesh "Handle" (
                    prepend apiSchemas = ["MaterialBindingAPI"]
                )
                {
                    float3[] extent = [(0.545, -0.2263, 1.3651605), (0.557, 0.2263, 1.3917896)]
                    int[] faceVertexCounts = [4, 4, 4, 4, 4, 4, 4, 4, 4, 4, 4, 4]
                    int[] faceVertexIndices = [0, 3, 2, 1, 4, 5, 6, 7, 0, 1, 5, 4, 2, 3, 7, 6, 1, 2, 6, 5, 3, 0, 4, 7, 8, 11, 10, 9, 12, 13, 14, 15, 8, 9, 13, 12, 10, 11, 15, 14, 9, 10, 14, 13, 11, 8, 12, 15]
                    rel material:binding = </GenericRack/Looks/Handle>
                    uniform token orientation = "rightHanded"
                    point3f[] points = [(0.545, -0.2263, 1.3651605), (0.557, -0.2263, 1.3651605), (0.557, -0.2123, 1.3651605), (0.545, -0.2123, 1.3651605), (0.545, -0.2263, 1.3917896), (0.557, -0.2263, 1.3917896), (0.557, -0.2123, 1.3917896), (0.545, -0.2123, 1.3917896), (0.545, 0.2123, 1.3651605), (0.557, 0.2123, 1.3651605), (0.557, 0.2263, 1.3651605), (0.545, 0.2263, 1.3651605), (0.545, 0.2123, 1.3917896), (0.557, 0.2123, 1.3917896), (0.557, 0.2263, 1.3917896), (0.545, 0.2263, 1.3917896)]
                    uniform token subdivisionScheme = "none"
                }

                def Mesh "StatusLamp" (
                    prepend apiSchemas = ["MaterialBindingAPI"]
                )
                {
                    float3[] extent = [(0.545, -0.1943, 1.384206), (0.547, -0.1883, 1.388206)]
                    int[] faceVertexCounts = [4, 4, 4, 4, 4, 4]
                    int[] faceVertexIndices = [0, 3, 2, 1, 4, 5, 6, 7, 0, 1, 5, 4, 2, 3, 7, 6, 1, 2, 6, 5, 3, 0, 4, 7]
                    rel material:binding = </GenericRack/Looks/StatusLamp>
                    uniform token orientation = "rightHanded"
                    point3f[] points = [(0.545, -0.1943, 1.384206), (0.547, -0.1943, 1.384206), (0.547, -0.1883, 1.384206), (0.545, -0.1883, 1.384206), (0.545, -0.1943, 1.388206), (0.547, -0.1943, 1.388206), (0.547, -0.1883, 1.388206), (0.545, -0.1883, 1.388206)]
                    uniform token subdivisionScheme = "none"
                }
            }

            def "compute_31"
            {
                def Mesh "TrayCompute" (
                    prepend apiSchemas = ["MaterialBindingAPI"]
                )
                {
                    float3[] extent = [(0.53, -0.2403, 1.40145), (0.545, 0.2403, 1.4444)]
                    int[] faceVertexCounts = [4, 4, 4, 4, 4, 4]
                    int[] faceVertexIndices = [0, 3, 2, 1, 4, 5, 6, 7, 0, 1, 5, 4, 2, 3, 7, 6, 1, 2, 6, 5, 3, 0, 4, 7]
                    rel material:binding = </GenericRack/Looks/TrayCompute>
                    uniform token orientation = "rightHanded"
                    point3f[] points = [(0.53, -0.2403, 1.40145), (0.545, -0.2403, 1.40145), (0.545, 0.2403, 1.40145), (0.53, 0.2403, 1.40145), (0.53, -0.2403, 1.4444), (0.545, -0.2403, 1.4444), (0.545, 0.2403, 1.4444), (0.53, 0.2403, 1.4444)]
                    uniform token subdivisionScheme = "none"
                }

                def Mesh "VentDark" (
                    prepend apiSchemas = ["MaterialBindingAPI"]
                )
                {
                    float3[] extent = [(0.545, -0.171346, 1.410899), (0.551, 0.1556385, 1.434951)]
                    int[] faceVertexCounts = [4, 4, 4, 4, 4, 4, 4, 4, 4, 4, 4, 4, 4, 4, 4, 4, 4, 4, 4, 4, 4, 4, 4, 4, 4, 4, 4, 4, 4, 4]
                    int[] faceVertexIndices = [0, 3, 2, 1, 4, 5, 6, 7, 0, 1, 5, 4, 2, 3, 7, 6, 1, 2, 6, 5, 3, 0, 4, 7, 8, 11, 10, 9, 12, 13, 14, 15, 8, 9, 13, 12, 10, 11, 15, 14, 9, 10, 14, 13, 11, 8, 12, 15, 16, 19, 18, 17, 20, 21, 22, 23, 16, 17, 21, 20, 18, 19, 23, 22, 17, 18, 22, 21, 19, 16, 20, 23, 24, 27, 26, 25, 28, 29, 30, 31, 24, 25, 29, 28, 26, 27, 31, 30, 25, 26, 30, 29, 27, 24, 28, 31, 32, 35, 34, 33, 36, 37, 38, 39, 32, 33, 37, 36, 34, 35, 39, 38, 33, 34, 38, 37, 35, 32, 36, 39]
                    rel material:binding = </GenericRack/Looks/VentDark>
                    uniform token orientation = "rightHanded"
                    point3f[] points = [(0.545, -0.171346, 1.410899), (0.547, -0.171346, 1.410899), (0.547, 0.031346, 1.410899), (0.545, 0.031346, 1.410899), (0.545, -0.171346, 1.434951), (0.547, -0.171346, 1.434951), (0.547, 0.031346, 1.434951), (0.545, 0.031346, 1.434951), (0.549, 0.0760095, 1.4164824), (0.551, 0.0760095, 1.4164824), (0.551, 0.0904875, 1.4164824), (0.549, 0.0904875, 1.4164824), (0.549, 0.0760095, 1.4293675), (0.551, 0.0760095, 1.4293675), (0.551, 0.0904875, 1.4293675), (0.549, 0.0904875, 1.4293675), (0.549, 0.0977265, 1.4164824), (0.551, 0.0977265, 1.4164824), (0.551, 0.1122045, 1.4164824), (0.549, 0.1122045, 1.4164824), (0.549, 0.0977265, 1.4293675), (0.551, 0.0977265, 1.4293675), (0.551, 0.1122045, 1.4293675), (0.549, 0.1122045, 1.4293675), (0.549, 0.1194435, 1.4164824), (0.551, 0.1194435, 1.4164824), (0.551, 0.1339215, 1.4164824), (0.549, 0.1339215, 1.4164824), (0.549, 0.1194435, 1.4293675), (0.551, 0.1194435, 1.4293675), (0.551, 0.1339215, 1.4293675), (0.549, 0.1339215, 1.4293675), (0.549, 0.1411605, 1.4164824), (0.551, 0.1411605, 1.4164824), (0.551, 0.1556385, 1.4164824), (0.549, 0.1556385, 1.4164824), (0.549, 0.1411605, 1.4293675), (0.551, 0.1411605, 1.4293675), (0.551, 0.1556385, 1.4293675), (0.549, 0.1556385, 1.4293675)]
                    uniform token subdivisionScheme = "none"
                }

                def Mesh "PortCage" (
                    prepend apiSchemas = ["MaterialBindingAPI"]
                )
                {
                    float3[] extent = [(0.545, 0.067564, 1.4096105), (0.549, 0.164084, 1.4362395)]
                    int[] faceVertexCounts = [4, 4, 4, 4, 4, 4]
                    int[] faceVertexIndices = [0, 3, 2, 1, 4, 5, 6, 7, 0, 1, 5, 4, 2, 3, 7, 6, 1, 2, 6, 5, 3, 0, 4, 7]
                    rel material:binding = </GenericRack/Looks/PortCage>
                    uniform token orientation = "rightHanded"
                    point3f[] points = [(0.545, 0.067564, 1.4096105), (0.549, 0.067564, 1.4096105), (0.549, 0.164084, 1.4096105), (0.545, 0.164084, 1.4096105), (0.545, 0.067564, 1.4362395), (0.549, 0.067564, 1.4362395), (0.549, 0.164084, 1.4362395), (0.545, 0.164084, 1.4362395)]
                    uniform token subdivisionScheme = "none"
                }

                def Mesh "Handle" (
                    prepend apiSchemas = ["MaterialBindingAPI"]
                )
                {
                    float3[] extent = [(0.545, -0.2263, 1.4096105), (0.557, 0.2263, 1.4362395)]
                    int[] faceVertexCounts = [4, 4, 4, 4, 4, 4, 4, 4, 4, 4, 4, 4]
                    int[] faceVertexIndices = [0, 3, 2, 1, 4, 5, 6, 7, 0, 1, 5, 4, 2, 3, 7, 6, 1, 2, 6, 5, 3, 0, 4, 7, 8, 11, 10, 9, 12, 13, 14, 15, 8, 9, 13, 12, 10, 11, 15, 14, 9, 10, 14, 13, 11, 8, 12, 15]
                    rel material:binding = </GenericRack/Looks/Handle>
                    uniform token orientation = "rightHanded"
                    point3f[] points = [(0.545, -0.2263, 1.4096105), (0.557, -0.2263, 1.4096105), (0.557, -0.2123, 1.4096105), (0.545, -0.2123, 1.4096105), (0.545, -0.2263, 1.4362395), (0.557, -0.2263, 1.4362395), (0.557, -0.2123, 1.4362395), (0.545, -0.2123, 1.4362395), (0.545, 0.2123, 1.4096105), (0.557, 0.2123, 1.4096105), (0.557, 0.2263, 1.4096105), (0.545, 0.2263, 1.4096105), (0.545, 0.2123, 1.4362395), (0.557, 0.2123, 1.4362395), (0.557, 0.2263, 1.4362395), (0.545, 0.2263, 1.4362395)]
                    uniform token subdivisionScheme = "none"
                }

                def Mesh "StatusLamp" (
                    prepend apiSchemas = ["MaterialBindingAPI"]
                )
                {
                    float3[] extent = [(0.545, -0.1943, 1.428656), (0.547, -0.1883, 1.432656)]
                    int[] faceVertexCounts = [4, 4, 4, 4, 4, 4]
                    int[] faceVertexIndices = [0, 3, 2, 1, 4, 5, 6, 7, 0, 1, 5, 4, 2, 3, 7, 6, 1, 2, 6, 5, 3, 0, 4, 7]
                    rel material:binding = </GenericRack/Looks/StatusLamp>
                    uniform token orientation = "rightHanded"
                    point3f[] points = [(0.545, -0.1943, 1.428656), (0.547, -0.1943, 1.428656), (0.547, -0.1883, 1.428656), (0.545, -0.1883, 1.428656), (0.545, -0.1943, 1.432656), (0.547, -0.1943, 1.432656), (0.547, -0.1883, 1.432656), (0.545, -0.1883, 1.432656)]
                    uniform token subdivisionScheme = "none"
                }
            }

            def "compute_32"
            {
                def Mesh "TrayCompute" (
                    prepend apiSchemas = ["MaterialBindingAPI"]
                )
                {
                    float3[] extent = [(0.53, -0.2403, 1.4459), (0.545, 0.2403, 1.48885)]
                    int[] faceVertexCounts = [4, 4, 4, 4, 4, 4]
                    int[] faceVertexIndices = [0, 3, 2, 1, 4, 5, 6, 7, 0, 1, 5, 4, 2, 3, 7, 6, 1, 2, 6, 5, 3, 0, 4, 7]
                    rel material:binding = </GenericRack/Looks/TrayCompute>
                    uniform token orientation = "rightHanded"
                    point3f[] points = [(0.53, -0.2403, 1.4459), (0.545, -0.2403, 1.4459), (0.545, 0.2403, 1.4459), (0.53, 0.2403, 1.4459), (0.53, -0.2403, 1.48885), (0.545, -0.2403, 1.48885), (0.545, 0.2403, 1.48885), (0.53, 0.2403, 1.48885)]
                    uniform token subdivisionScheme = "none"
                }

                def Mesh "VentDark" (
                    prepend apiSchemas = ["MaterialBindingAPI"]
                )
                {
                    float3[] extent = [(0.545, -0.171346, 1.455349), (0.551, 0.1556385, 1.479401)]
                    int[] faceVertexCounts = [4, 4, 4, 4, 4, 4, 4, 4, 4, 4, 4, 4, 4, 4, 4, 4, 4, 4, 4, 4, 4, 4, 4, 4, 4, 4, 4, 4, 4, 4]
                    int[] faceVertexIndices = [0, 3, 2, 1, 4, 5, 6, 7, 0, 1, 5, 4, 2, 3, 7, 6, 1, 2, 6, 5, 3, 0, 4, 7, 8, 11, 10, 9, 12, 13, 14, 15, 8, 9, 13, 12, 10, 11, 15, 14, 9, 10, 14, 13, 11, 8, 12, 15, 16, 19, 18, 17, 20, 21, 22, 23, 16, 17, 21, 20, 18, 19, 23, 22, 17, 18, 22, 21, 19, 16, 20, 23, 24, 27, 26, 25, 28, 29, 30, 31, 24, 25, 29, 28, 26, 27, 31, 30, 25, 26, 30, 29, 27, 24, 28, 31, 32, 35, 34, 33, 36, 37, 38, 39, 32, 33, 37, 36, 34, 35, 39, 38, 33, 34, 38, 37, 35, 32, 36, 39]
                    rel material:binding = </GenericRack/Looks/VentDark>
                    uniform token orientation = "rightHanded"
                    point3f[] points = [(0.545, -0.171346, 1.455349), (0.547, -0.171346, 1.455349), (0.547, 0.031346, 1.455349), (0.545, 0.031346, 1.455349), (0.545, -0.171346, 1.479401), (0.547, -0.171346, 1.479401), (0.547, 0.031346, 1.479401), (0.545, 0.031346, 1.479401), (0.549, 0.0760095, 1.4609325), (0.551, 0.0760095, 1.4609325), (0.551, 0.0904875, 1.4609325), (0.549, 0.0904875, 1.4609325), (0.549, 0.0760095, 1.4738175), (0.551, 0.0760095, 1.4738175), (0.551, 0.0904875, 1.4738175), (0.549, 0.0904875, 1.4738175), (0.549, 0.0977265, 1.4609325), (0.551, 0.0977265, 1.4609325), (0.551, 0.1122045, 1.4609325), (0.549, 0.1122045, 1.4609325), (0.549, 0.0977265, 1.4738175), (0.551, 0.0977265, 1.4738175), (0.551, 0.1122045, 1.4738175), (0.549, 0.1122045, 1.4738175), (0.549, 0.1194435, 1.4609325), (0.551, 0.1194435, 1.4609325), (0.551, 0.1339215, 1.4609325), (0.549, 0.1339215, 1.4609325), (0.549, 0.1194435, 1.4738175), (0.551, 0.1194435, 1.4738175), (0.551, 0.1339215, 1.4738175), (0.549, 0.1339215, 1.4738175), (0.549, 0.1411605, 1.4609325), (0.551, 0.1411605, 1.4609325), (0.551, 0.1556385, 1.4609325), (0.549, 0.1556385, 1.4609325), (0.549, 0.1411605, 1.4738175), (0.551, 0.1411605, 1.4738175), (0.551, 0.1556385, 1.4738175), (0.549, 0.1556385, 1.4738175)]
                    uniform token subdivisionScheme = "none"
                }

                def Mesh "PortCage" (
                    prepend apiSchemas = ["MaterialBindingAPI"]
                )
                {
                    float3[] extent = [(0.545, 0.067564, 1.4540606), (0.549, 0.164084, 1.4806895)]
                    int[] faceVertexCounts = [4, 4, 4, 4, 4, 4]
                    int[] faceVertexIndices = [0, 3, 2, 1, 4, 5, 6, 7, 0, 1, 5, 4, 2, 3, 7, 6, 1, 2, 6, 5, 3, 0, 4, 7]
                    rel material:binding = </GenericRack/Looks/PortCage>
                    uniform token orientation = "rightHanded"
                    point3f[] points = [(0.545, 0.067564, 1.4540606), (0.549, 0.067564, 1.4540606), (0.549, 0.164084, 1.4540606), (0.545, 0.164084, 1.4540606), (0.545, 0.067564, 1.4806895), (0.549, 0.067564, 1.4806895), (0.549, 0.164084, 1.4806895), (0.545, 0.164084, 1.4806895)]
                    uniform token subdivisionScheme = "none"
                }

                def Mesh "Handle" (
                    prepend apiSchemas = ["MaterialBindingAPI"]
                )
                {
                    float3[] extent = [(0.545, -0.2263, 1.4540606), (0.557, 0.2263, 1.4806895)]
                    int[] faceVertexCounts = [4, 4, 4, 4, 4, 4, 4, 4, 4, 4, 4, 4]
                    int[] faceVertexIndices = [0, 3, 2, 1, 4, 5, 6, 7, 0, 1, 5, 4, 2, 3, 7, 6, 1, 2, 6, 5, 3, 0, 4, 7, 8, 11, 10, 9, 12, 13, 14, 15, 8, 9, 13, 12, 10, 11, 15, 14, 9, 10, 14, 13, 11, 8, 12, 15]
                    rel material:binding = </GenericRack/Looks/Handle>
                    uniform token orientation = "rightHanded"
                    point3f[] points = [(0.545, -0.2263, 1.4540606), (0.557, -0.2263, 1.4540606), (0.557, -0.2123, 1.4540606), (0.545, -0.2123, 1.4540606), (0.545, -0.2263, 1.4806895), (0.557, -0.2263, 1.4806895), (0.557, -0.2123, 1.4806895), (0.545, -0.2123, 1.4806895), (0.545, 0.2123, 1.4540606), (0.557, 0.2123, 1.4540606), (0.557, 0.2263, 1.4540606), (0.545, 0.2263, 1.4540606), (0.545, 0.2123, 1.4806895), (0.557, 0.2123, 1.4806895), (0.557, 0.2263, 1.4806895), (0.545, 0.2263, 1.4806895)]
                    uniform token subdivisionScheme = "none"
                }

                def Mesh "StatusLamp" (
                    prepend apiSchemas = ["MaterialBindingAPI"]
                )
                {
                    float3[] extent = [(0.545, -0.1943, 1.473106), (0.547, -0.1883, 1.477106)]
                    int[] faceVertexCounts = [4, 4, 4, 4, 4, 4]
                    int[] faceVertexIndices = [0, 3, 2, 1, 4, 5, 6, 7, 0, 1, 5, 4, 2, 3, 7, 6, 1, 2, 6, 5, 3, 0, 4, 7]
                    rel material:binding = </GenericRack/Looks/StatusLamp>
                    uniform token orientation = "rightHanded"
                    point3f[] points = [(0.545, -0.1943, 1.473106), (0.547, -0.1943, 1.473106), (0.547, -0.1883, 1.473106), (0.545, -0.1883, 1.473106), (0.545, -0.1943, 1.477106), (0.547, -0.1943, 1.477106), (0.547, -0.1883, 1.477106), (0.545, -0.1883, 1.477106)]
                    uniform token subdivisionScheme = "none"
                }
            }

            def "compute_33"
            {
                def Mesh "TrayCompute" (
                    prepend apiSchemas = ["MaterialBindingAPI"]
                )
                {
                    float3[] extent = [(0.53, -0.2403, 1.49035), (0.545, 0.2403, 1.5333)]
                    int[] faceVertexCounts = [4, 4, 4, 4, 4, 4]
                    int[] faceVertexIndices = [0, 3, 2, 1, 4, 5, 6, 7, 0, 1, 5, 4, 2, 3, 7, 6, 1, 2, 6, 5, 3, 0, 4, 7]
                    rel material:binding = </GenericRack/Looks/TrayCompute>
                    uniform token orientation = "rightHanded"
                    point3f[] points = [(0.53, -0.2403, 1.49035), (0.545, -0.2403, 1.49035), (0.545, 0.2403, 1.49035), (0.53, 0.2403, 1.49035), (0.53, -0.2403, 1.5333), (0.545, -0.2403, 1.5333), (0.545, 0.2403, 1.5333), (0.53, 0.2403, 1.5333)]
                    uniform token subdivisionScheme = "none"
                }

                def Mesh "VentDark" (
                    prepend apiSchemas = ["MaterialBindingAPI"]
                )
                {
                    float3[] extent = [(0.545, -0.171346, 1.499799), (0.551, 0.1556385, 1.523851)]
                    int[] faceVertexCounts = [4, 4, 4, 4, 4, 4, 4, 4, 4, 4, 4, 4, 4, 4, 4, 4, 4, 4, 4, 4, 4, 4, 4, 4, 4, 4, 4, 4, 4, 4]
                    int[] faceVertexIndices = [0, 3, 2, 1, 4, 5, 6, 7, 0, 1, 5, 4, 2, 3, 7, 6, 1, 2, 6, 5, 3, 0, 4, 7, 8, 11, 10, 9, 12, 13, 14, 15, 8, 9, 13, 12, 10, 11, 15, 14, 9, 10, 14, 13, 11, 8, 12, 15, 16, 19, 18, 17, 20, 21, 22, 23, 16, 17, 21, 20, 18, 19, 23, 22, 17, 18, 22, 21, 19, 16, 20, 23, 24, 27, 26, 25, 28, 29, 30, 31, 24, 25, 29, 28, 26, 27, 31, 30, 25, 26, 30, 29, 27, 24, 28, 31, 32, 35, 34, 33, 36, 37, 38, 39, 32, 33, 37, 36, 34, 35, 39, 38, 33, 34, 38, 37, 35, 32, 36, 39]
                    rel material:binding = </GenericRack/Looks/VentDark>
                    uniform token orientation = "rightHanded"
                    point3f[] points = [(0.545, -0.171346, 1.499799), (0.547, -0.171346, 1.499799), (0.547, 0.031346, 1.499799), (0.545, 0.031346, 1.499799), (0.545, -0.171346, 1.523851), (0.547, -0.171346, 1.523851), (0.547, 0.031346, 1.523851), (0.545, 0.031346, 1.523851), (0.549, 0.0760095, 1.5053825), (0.551, 0.0760095, 1.5053825), (0.551, 0.0904875, 1.5053825), (0.549, 0.0904875, 1.5053825), (0.549, 0.0760095, 1.5182675), (0.551, 0.0760095, 1.5182675), (0.551, 0.0904875, 1.5182675), (0.549, 0.0904875, 1.5182675), (0.549, 0.0977265, 1.5053825), (0.551, 0.0977265, 1.5053825), (0.551, 0.1122045, 1.5053825), (0.549, 0.1122045, 1.5053825), (0.549, 0.0977265, 1.5182675), (0.551, 0.0977265, 1.5182675), (0.551, 0.1122045, 1.5182675), (0.549, 0.1122045, 1.5182675), (0.549, 0.1194435, 1.5053825), (0.551, 0.1194435, 1.5053825), (0.551, 0.1339215, 1.5053825), (0.549, 0.1339215, 1.5053825), (0.549, 0.1194435, 1.5182675), (0.551, 0.1194435, 1.5182675), (0.551, 0.1339215, 1.5182675), (0.549, 0.1339215, 1.5182675), (0.549, 0.1411605, 1.5053825), (0.551, 0.1411605, 1.5053825), (0.551, 0.1556385, 1.5053825), (0.549, 0.1556385, 1.5053825), (0.549, 0.1411605, 1.5182675), (0.551, 0.1411605, 1.5182675), (0.551, 0.1556385, 1.5182675), (0.549, 0.1556385, 1.5182675)]
                    uniform token subdivisionScheme = "none"
                }

                def Mesh "PortCage" (
                    prepend apiSchemas = ["MaterialBindingAPI"]
                )
                {
                    float3[] extent = [(0.545, 0.067564, 1.4985105), (0.549, 0.164084, 1.5251395)]
                    int[] faceVertexCounts = [4, 4, 4, 4, 4, 4]
                    int[] faceVertexIndices = [0, 3, 2, 1, 4, 5, 6, 7, 0, 1, 5, 4, 2, 3, 7, 6, 1, 2, 6, 5, 3, 0, 4, 7]
                    rel material:binding = </GenericRack/Looks/PortCage>
                    uniform token orientation = "rightHanded"
                    point3f[] points = [(0.545, 0.067564, 1.4985105), (0.549, 0.067564, 1.4985105), (0.549, 0.164084, 1.4985105), (0.545, 0.164084, 1.4985105), (0.545, 0.067564, 1.5251395), (0.549, 0.067564, 1.5251395), (0.549, 0.164084, 1.5251395), (0.545, 0.164084, 1.5251395)]
                    uniform token subdivisionScheme = "none"
                }

                def Mesh "Handle" (
                    prepend apiSchemas = ["MaterialBindingAPI"]
                )
                {
                    float3[] extent = [(0.545, -0.2263, 1.4985105), (0.557, 0.2263, 1.5251395)]
                    int[] faceVertexCounts = [4, 4, 4, 4, 4, 4, 4, 4, 4, 4, 4, 4]
                    int[] faceVertexIndices = [0, 3, 2, 1, 4, 5, 6, 7, 0, 1, 5, 4, 2, 3, 7, 6, 1, 2, 6, 5, 3, 0, 4, 7, 8, 11, 10, 9, 12, 13, 14, 15, 8, 9, 13, 12, 10, 11, 15, 14, 9, 10, 14, 13, 11, 8, 12, 15]
                    rel material:binding = </GenericRack/Looks/Handle>
                    uniform token orientation = "rightHanded"
                    point3f[] points = [(0.545, -0.2263, 1.4985105), (0.557, -0.2263, 1.4985105), (0.557, -0.2123, 1.4985105), (0.545, -0.2123, 1.4985105), (0.545, -0.2263, 1.5251395), (0.557, -0.2263, 1.5251395), (0.557, -0.2123, 1.5251395), (0.545, -0.2123, 1.5251395), (0.545, 0.2123, 1.4985105), (0.557, 0.2123, 1.4985105), (0.557, 0.2263, 1.4985105), (0.545, 0.2263, 1.4985105), (0.545, 0.2123, 1.5251395), (0.557, 0.2123, 1.5251395), (0.557, 0.2263, 1.5251395), (0.545, 0.2263, 1.5251395)]
                    uniform token subdivisionScheme = "none"
                }

                def Mesh "StatusLamp" (
                    prepend apiSchemas = ["MaterialBindingAPI"]
                )
                {
                    float3[] extent = [(0.545, -0.1943, 1.517556), (0.547, -0.1883, 1.521556)]
                    int[] faceVertexCounts = [4, 4, 4, 4, 4, 4]
                    int[] faceVertexIndices = [0, 3, 2, 1, 4, 5, 6, 7, 0, 1, 5, 4, 2, 3, 7, 6, 1, 2, 6, 5, 3, 0, 4, 7]
                    rel material:binding = </GenericRack/Looks/StatusLamp>
                    uniform token orientation = "rightHanded"
                    point3f[] points = [(0.545, -0.1943, 1.517556), (0.547, -0.1943, 1.517556), (0.547, -0.1883, 1.517556), (0.545, -0.1883, 1.517556), (0.545, -0.1943, 1.521556), (0.547, -0.1943, 1.521556), (0.547, -0.1883, 1.521556), (0.545, -0.1883, 1.521556)]
                    uniform token subdivisionScheme = "none"
                }
            }

            def "compute_34"
            {
                def Mesh "TrayCompute" (
                    prepend apiSchemas = ["MaterialBindingAPI"]
                )
                {
                    float3[] extent = [(0.53, -0.2403, 1.5348), (0.545, 0.2403, 1.57775)]
                    int[] faceVertexCounts = [4, 4, 4, 4, 4, 4]
                    int[] faceVertexIndices = [0, 3, 2, 1, 4, 5, 6, 7, 0, 1, 5, 4, 2, 3, 7, 6, 1, 2, 6, 5, 3, 0, 4, 7]
                    rel material:binding = </GenericRack/Looks/TrayCompute>
                    uniform token orientation = "rightHanded"
                    point3f[] points = [(0.53, -0.2403, 1.5348), (0.545, -0.2403, 1.5348), (0.545, 0.2403, 1.5348), (0.53, 0.2403, 1.5348), (0.53, -0.2403, 1.57775), (0.545, -0.2403, 1.57775), (0.545, 0.2403, 1.57775), (0.53, 0.2403, 1.57775)]
                    uniform token subdivisionScheme = "none"
                }

                def Mesh "VentDark" (
                    prepend apiSchemas = ["MaterialBindingAPI"]
                )
                {
                    float3[] extent = [(0.545, -0.171346, 1.544249), (0.551, 0.1556385, 1.568301)]
                    int[] faceVertexCounts = [4, 4, 4, 4, 4, 4, 4, 4, 4, 4, 4, 4, 4, 4, 4, 4, 4, 4, 4, 4, 4, 4, 4, 4, 4, 4, 4, 4, 4, 4]
                    int[] faceVertexIndices = [0, 3, 2, 1, 4, 5, 6, 7, 0, 1, 5, 4, 2, 3, 7, 6, 1, 2, 6, 5, 3, 0, 4, 7, 8, 11, 10, 9, 12, 13, 14, 15, 8, 9, 13, 12, 10, 11, 15, 14, 9, 10, 14, 13, 11, 8, 12, 15, 16, 19, 18, 17, 20, 21, 22, 23, 16, 17, 21, 20, 18, 19, 23, 22, 17, 18, 22, 21, 19, 16, 20, 23, 24, 27, 26, 25, 28, 29, 30, 31, 24, 25, 29, 28, 26, 27, 31, 30, 25, 26, 30, 29, 27, 24, 28, 31, 32, 35, 34, 33, 36, 37, 38, 39, 32, 33, 37, 36, 34, 35, 39, 38, 33, 34, 38, 37, 35, 32, 36, 39]
                    rel material:binding = </GenericRack/Looks/VentDark>
                    uniform token orientation = "rightHanded"
                    point3f[] points = [(0.545, -0.171346, 1.544249), (0.547, -0.171346, 1.544249), (0.547, 0.031346, 1.544249), (0.545, 0.031346, 1.544249), (0.545, -0.171346, 1.568301), (0.547, -0.171346, 1.568301), (0.547, 0.031346, 1.568301), (0.545, 0.031346, 1.568301), (0.549, 0.0760095, 1.5498325), (0.551, 0.0760095, 1.5498325), (0.551, 0.0904875, 1.5498325), (0.549, 0.0904875, 1.5498325), (0.549, 0.0760095, 1.5627176), (0.551, 0.0760095, 1.5627176), (0.551, 0.0904875, 1.5627176), (0.549, 0.0904875, 1.5627176), (0.549, 0.0977265, 1.5498325), (0.551, 0.0977265, 1.5498325), (0.551, 0.1122045, 1.5498325), (0.549, 0.1122045, 1.5498325), (0.549, 0.0977265, 1.5627176), (0.551, 0.0977265, 1.5627176), (0.551, 0.1122045, 1.5627176), (0.549, 0.1122045, 1.5627176), (0.549, 0.1194435, 1.5498325), (0.551, 0.1194435, 1.5498325), (0.551, 0.1339215, 1.5498325), (0.549, 0.1339215, 1.5498325), (0.549, 0.1194435, 1.5627176), (0.551, 0.1194435, 1.5627176), (0.551, 0.1339215, 1.5627176), (0.549, 0.1339215, 1.5627176), (0.549, 0.1411605, 1.5498325), (0.551, 0.1411605, 1.5498325), (0.551, 0.1556385, 1.5498325), (0.549, 0.1556385, 1.5498325), (0.549, 0.1411605, 1.5627176), (0.551, 0.1411605, 1.5627176), (0.551, 0.1556385, 1.5627176), (0.549, 0.1556385, 1.5627176)]
                    uniform token subdivisionScheme = "none"
                }

                def Mesh "PortCage" (
                    prepend apiSchemas = ["MaterialBindingAPI"]
                )
                {
                    float3[] extent = [(0.545, 0.067564, 1.5429605), (0.549, 0.164084, 1.5695895)]
                    int[] faceVertexCounts = [4, 4, 4, 4, 4, 4]
                    int[] faceVertexIndices = [0, 3, 2, 1, 4, 5, 6, 7, 0, 1, 5, 4, 2, 3, 7, 6, 1, 2, 6, 5, 3, 0, 4, 7]
                    rel material:binding = </GenericRack/Looks/PortCage>
                    uniform token orientation = "rightHanded"
                    point3f[] points = [(0.545, 0.067564, 1.5429605), (0.549, 0.067564, 1.5429605), (0.549, 0.164084, 1.5429605), (0.545, 0.164084, 1.5429605), (0.545, 0.067564, 1.5695895), (0.549, 0.067564, 1.5695895), (0.549, 0.164084, 1.5695895), (0.545, 0.164084, 1.5695895)]
                    uniform token subdivisionScheme = "none"
                }

                def Mesh "Handle" (
                    prepend apiSchemas = ["MaterialBindingAPI"]
                )
                {
                    float3[] extent = [(0.545, -0.2263, 1.5429605), (0.557, 0.2263, 1.5695895)]
                    int[] faceVertexCounts = [4, 4, 4, 4, 4, 4, 4, 4, 4, 4, 4, 4]
                    int[] faceVertexIndices = [0, 3, 2, 1, 4, 5, 6, 7, 0, 1, 5, 4, 2, 3, 7, 6, 1, 2, 6, 5, 3, 0, 4, 7, 8, 11, 10, 9, 12, 13, 14, 15, 8, 9, 13, 12, 10, 11, 15, 14, 9, 10, 14, 13, 11, 8, 12, 15]
                    rel material:binding = </GenericRack/Looks/Handle>
                    uniform token orientation = "rightHanded"
                    point3f[] points = [(0.545, -0.2263, 1.5429605), (0.557, -0.2263, 1.5429605), (0.557, -0.2123, 1.5429605), (0.545, -0.2123, 1.5429605), (0.545, -0.2263, 1.5695895), (0.557, -0.2263, 1.5695895), (0.557, -0.2123, 1.5695895), (0.545, -0.2123, 1.5695895), (0.545, 0.2123, 1.5429605), (0.557, 0.2123, 1.5429605), (0.557, 0.2263, 1.5429605), (0.545, 0.2263, 1.5429605), (0.545, 0.2123, 1.5695895), (0.557, 0.2123, 1.5695895), (0.557, 0.2263, 1.5695895), (0.545, 0.2263, 1.5695895)]
                    uniform token subdivisionScheme = "none"
                }

                def Mesh "StatusLamp" (
                    prepend apiSchemas = ["MaterialBindingAPI"]
                )
                {
                    float3[] extent = [(0.545, -0.1943, 1.562006), (0.547, -0.1883, 1.566006)]
                    int[] faceVertexCounts = [4, 4, 4, 4, 4, 4]
                    int[] faceVertexIndices = [0, 3, 2, 1, 4, 5, 6, 7, 0, 1, 5, 4, 2, 3, 7, 6, 1, 2, 6, 5, 3, 0, 4, 7]
                    rel material:binding = </GenericRack/Looks/StatusLamp>
                    uniform token orientation = "rightHanded"
                    point3f[] points = [(0.545, -0.1943, 1.562006), (0.547, -0.1943, 1.562006), (0.547, -0.1883, 1.562006), (0.545, -0.1883, 1.562006), (0.545, -0.1943, 1.566006), (0.547, -0.1943, 1.566006), (0.547, -0.1883, 1.566006), (0.545, -0.1883, 1.566006)]
                    uniform token subdivisionScheme = "none"
                }
            }

            def "compute_35"
            {
                def Mesh "TrayCompute" (
                    prepend apiSchemas = ["MaterialBindingAPI"]
                )
                {
                    float3[] extent = [(0.53, -0.2403, 1.57925), (0.545, 0.2403, 1.6222)]
                    int[] faceVertexCounts = [4, 4, 4, 4, 4, 4]
                    int[] faceVertexIndices = [0, 3, 2, 1, 4, 5, 6, 7, 0, 1, 5, 4, 2, 3, 7, 6, 1, 2, 6, 5, 3, 0, 4, 7]
                    rel material:binding = </GenericRack/Looks/TrayCompute>
                    uniform token orientation = "rightHanded"
                    point3f[] points = [(0.53, -0.2403, 1.57925), (0.545, -0.2403, 1.57925), (0.545, 0.2403, 1.57925), (0.53, 0.2403, 1.57925), (0.53, -0.2403, 1.6222), (0.545, -0.2403, 1.6222), (0.545, 0.2403, 1.6222), (0.53, 0.2403, 1.6222)]
                    uniform token subdivisionScheme = "none"
                }

                def Mesh "VentDark" (
                    prepend apiSchemas = ["MaterialBindingAPI"]
                )
                {
                    float3[] extent = [(0.545, -0.171346, 1.588699), (0.551, 0.1556385, 1.612751)]
                    int[] faceVertexCounts = [4, 4, 4, 4, 4, 4, 4, 4, 4, 4, 4, 4, 4, 4, 4, 4, 4, 4, 4, 4, 4, 4, 4, 4, 4, 4, 4, 4, 4, 4]
                    int[] faceVertexIndices = [0, 3, 2, 1, 4, 5, 6, 7, 0, 1, 5, 4, 2, 3, 7, 6, 1, 2, 6, 5, 3, 0, 4, 7, 8, 11, 10, 9, 12, 13, 14, 15, 8, 9, 13, 12, 10, 11, 15, 14, 9, 10, 14, 13, 11, 8, 12, 15, 16, 19, 18, 17, 20, 21, 22, 23, 16, 17, 21, 20, 18, 19, 23, 22, 17, 18, 22, 21, 19, 16, 20, 23, 24, 27, 26, 25, 28, 29, 30, 31, 24, 25, 29, 28, 26, 27, 31, 30, 25, 26, 30, 29, 27, 24, 28, 31, 32, 35, 34, 33, 36, 37, 38, 39, 32, 33, 37, 36, 34, 35, 39, 38, 33, 34, 38, 37, 35, 32, 36, 39]
                    rel material:binding = </GenericRack/Looks/VentDark>
                    uniform token orientation = "rightHanded"
                    point3f[] points = [(0.545, -0.171346, 1.588699), (0.547, -0.171346, 1.588699), (0.547, 0.031346, 1.588699), (0.545, 0.031346, 1.588699), (0.545, -0.171346, 1.612751), (0.547, -0.171346, 1.612751), (0.547, 0.031346, 1.612751), (0.545, 0.031346, 1.612751), (0.549, 0.0760095, 1.5942825), (0.551, 0.0760095, 1.5942825), (0.551, 0.0904875, 1.5942825), (0.549, 0.0904875, 1.5942825), (0.549, 0.0760095, 1.6071675), (0.551, 0.0760095, 1.6071675), (0.551, 0.0904875, 1.6071675), (0.549, 0.0904875, 1.6071675), (0.549, 0.0977265, 1.5942825), (0.551, 0.0977265, 1.5942825), (0.551, 0.1122045, 1.5942825), (0.549, 0.1122045, 1.5942825), (0.549, 0.0977265, 1.6071675), (0.551, 0.0977265, 1.6071675), (0.551, 0.1122045, 1.6071675), (0.549, 0.1122045, 1.6071675), (0.549, 0.1194435, 1.5942825), (0.551, 0.1194435, 1.5942825), (0.551, 0.1339215, 1.5942825), (0.549, 0.1339215, 1.5942825), (0.549, 0.1194435, 1.6071675), (0.551, 0.1194435, 1.6071675), (0.551, 0.1339215, 1.6071675), (0.549, 0.1339215, 1.6071675), (0.549, 0.1411605, 1.5942825), (0.551, 0.1411605, 1.5942825), (0.551, 0.1556385, 1.5942825), (0.549, 0.1556385, 1.5942825), (0.549, 0.1411605, 1.6071675), (0.551, 0.1411605, 1.6071675), (0.551, 0.1556385, 1.6071675), (0.549, 0.1556385, 1.6071675)]
                    uniform token subdivisionScheme = "none"
                }

                def Mesh "PortCage" (
                    prepend apiSchemas = ["MaterialBindingAPI"]
                )
                {
                    float3[] extent = [(0.545, 0.067564, 1.5874104), (0.549, 0.164084, 1.6140395)]
                    int[] faceVertexCounts = [4, 4, 4, 4, 4, 4]
                    int[] faceVertexIndices = [0, 3, 2, 1, 4, 5, 6, 7, 0, 1, 5, 4, 2, 3, 7, 6, 1, 2, 6, 5, 3, 0, 4, 7]
                    rel material:binding = </GenericRack/Looks/PortCage>
                    uniform token orientation = "rightHanded"
                    point3f[] points = [(0.545, 0.067564, 1.5874104), (0.549, 0.067564, 1.5874104), (0.549, 0.164084, 1.5874104), (0.545, 0.164084, 1.5874104), (0.545, 0.067564, 1.6140395), (0.549, 0.067564, 1.6140395), (0.549, 0.164084, 1.6140395), (0.545, 0.164084, 1.6140395)]
                    uniform token subdivisionScheme = "none"
                }

                def Mesh "Handle" (
                    prepend apiSchemas = ["MaterialBindingAPI"]
                )
                {
                    float3[] extent = [(0.545, -0.2263, 1.5874104), (0.557, 0.2263, 1.6140395)]
                    int[] faceVertexCounts = [4, 4, 4, 4, 4, 4, 4, 4, 4, 4, 4, 4]
                    int[] faceVertexIndices = [0, 3, 2, 1, 4, 5, 6, 7, 0, 1, 5, 4, 2, 3, 7, 6, 1, 2, 6, 5, 3, 0, 4, 7, 8, 11, 10, 9, 12, 13, 14, 15, 8, 9, 13, 12, 10, 11, 15, 14, 9, 10, 14, 13, 11, 8, 12, 15]
                    rel material:binding = </GenericRack/Looks/Handle>
                    uniform token orientation = "rightHanded"
                    point3f[] points = [(0.545, -0.2263, 1.5874104), (0.557, -0.2263, 1.5874104), (0.557, -0.2123, 1.5874104), (0.545, -0.2123, 1.5874104), (0.545, -0.2263, 1.6140395), (0.557, -0.2263, 1.6140395), (0.557, -0.2123, 1.6140395), (0.545, -0.2123, 1.6140395), (0.545, 0.2123, 1.5874104), (0.557, 0.2123, 1.5874104), (0.557, 0.2263, 1.5874104), (0.545, 0.2263, 1.5874104), (0.545, 0.2123, 1.6140395), (0.557, 0.2123, 1.6140395), (0.557, 0.2263, 1.6140395), (0.545, 0.2263, 1.6140395)]
                    uniform token subdivisionScheme = "none"
                }

                def Mesh "StatusLamp" (
                    prepend apiSchemas = ["MaterialBindingAPI"]
                )
                {
                    float3[] extent = [(0.545, -0.1943, 1.606456), (0.547, -0.1883, 1.610456)]
                    int[] faceVertexCounts = [4, 4, 4, 4, 4, 4]
                    int[] faceVertexIndices = [0, 3, 2, 1, 4, 5, 6, 7, 0, 1, 5, 4, 2, 3, 7, 6, 1, 2, 6, 5, 3, 0, 4, 7]
                    rel material:binding = </GenericRack/Looks/StatusLamp>
                    uniform token orientation = "rightHanded"
                    point3f[] points = [(0.545, -0.1943, 1.606456), (0.547, -0.1943, 1.606456), (0.547, -0.1883, 1.606456), (0.545, -0.1883, 1.606456), (0.545, -0.1943, 1.610456), (0.547, -0.1943, 1.610456), (0.547, -0.1883, 1.610456), (0.545, -0.1883, 1.610456)]
                    uniform token subdivisionScheme = "none"
                }
            }

            def "compute_36"
            {
                def Mesh "TrayCompute" (
                    prepend apiSchemas = ["MaterialBindingAPI"]
                )
                {
                    float3[] extent = [(0.53, -0.2403, 1.6237), (0.545, 0.2403, 1.66665)]
                    int[] faceVertexCounts = [4, 4, 4, 4, 4, 4]
                    int[] faceVertexIndices = [0, 3, 2, 1, 4, 5, 6, 7, 0, 1, 5, 4, 2, 3, 7, 6, 1, 2, 6, 5, 3, 0, 4, 7]
                    rel material:binding = </GenericRack/Looks/TrayCompute>
                    uniform token orientation = "rightHanded"
                    point3f[] points = [(0.53, -0.2403, 1.6237), (0.545, -0.2403, 1.6237), (0.545, 0.2403, 1.6237), (0.53, 0.2403, 1.6237), (0.53, -0.2403, 1.66665), (0.545, -0.2403, 1.66665), (0.545, 0.2403, 1.66665), (0.53, 0.2403, 1.66665)]
                    uniform token subdivisionScheme = "none"
                }

                def Mesh "VentDark" (
                    prepend apiSchemas = ["MaterialBindingAPI"]
                )
                {
                    float3[] extent = [(0.545, -0.171346, 1.633149), (0.551, 0.1556385, 1.657201)]
                    int[] faceVertexCounts = [4, 4, 4, 4, 4, 4, 4, 4, 4, 4, 4, 4, 4, 4, 4, 4, 4, 4, 4, 4, 4, 4, 4, 4, 4, 4, 4, 4, 4, 4]
                    int[] faceVertexIndices = [0, 3, 2, 1, 4, 5, 6, 7, 0, 1, 5, 4, 2, 3, 7, 6, 1, 2, 6, 5, 3, 0, 4, 7, 8, 11, 10, 9, 12, 13, 14, 15, 8, 9, 13, 12, 10, 11, 15, 14, 9, 10, 14, 13, 11, 8, 12, 15, 16, 19, 18, 17, 20, 21, 22, 23, 16, 17, 21, 20, 18, 19, 23, 22, 17, 18, 22, 21, 19, 16, 20, 23, 24, 27, 26, 25, 28, 29, 30, 31, 24, 25, 29, 28, 26, 27, 31, 30, 25, 26, 30, 29, 27, 24, 28, 31, 32, 35, 34, 33, 36, 37, 38, 39, 32, 33, 37, 36, 34, 35, 39, 38, 33, 34, 38, 37, 35, 32, 36, 39]
                    rel material:binding = </GenericRack/Looks/VentDark>
                    uniform token orientation = "rightHanded"
                    point3f[] points = [(0.545, -0.171346, 1.633149), (0.547, -0.171346, 1.633149), (0.547, 0.031346, 1.633149), (0.545, 0.031346, 1.633149), (0.545, -0.171346, 1.657201), (0.547, -0.171346, 1.657201), (0.547, 0.031346, 1.657201), (0.545, 0.031346, 1.657201), (0.549, 0.0760095, 1.6387326), (0.551, 0.0760095, 1.6387326), (0.551, 0.0904875, 1.6387326), (0.549, 0.0904875, 1.6387326), (0.549, 0.0760095, 1.6516175), (0.551, 0.0760095, 1.6516175), (0.551, 0.0904875, 1.6516175), (0.549, 0.0904875, 1.6516175), (0.549, 0.0977265, 1.6387326), (0.551, 0.0977265, 1.6387326), (0.551, 0.1122045, 1.6387326), (0.549, 0.1122045, 1.6387326), (0.549, 0.0977265, 1.6516175), (0.551, 0.0977265, 1.6516175), (0.551, 0.1122045, 1.6516175), (0.549, 0.1122045, 1.6516175), (0.549, 0.1194435, 1.6387326), (0.551, 0.1194435, 1.6387326), (0.551, 0.1339215, 1.6387326), (0.549, 0.1339215, 1.6387326), (0.549, 0.1194435, 1.6516175), (0.551, 0.1194435, 1.6516175), (0.551, 0.1339215, 1.6516175), (0.549, 0.1339215, 1.6516175), (0.549, 0.1411605, 1.6387326), (0.551, 0.1411605, 1.6387326), (0.551, 0.1556385, 1.6387326), (0.549, 0.1556385, 1.6387326), (0.549, 0.1411605, 1.6516175), (0.551, 0.1411605, 1.6516175), (0.551, 0.1556385, 1.6516175), (0.549, 0.1556385, 1.6516175)]
                    uniform token subdivisionScheme = "none"
                }

                def Mesh "PortCage" (
                    prepend apiSchemas = ["MaterialBindingAPI"]
                )
                {
                    float3[] extent = [(0.545, 0.067564, 1.6318605), (0.549, 0.164084, 1.6584895)]
                    int[] faceVertexCounts = [4, 4, 4, 4, 4, 4]
                    int[] faceVertexIndices = [0, 3, 2, 1, 4, 5, 6, 7, 0, 1, 5, 4, 2, 3, 7, 6, 1, 2, 6, 5, 3, 0, 4, 7]
                    rel material:binding = </GenericRack/Looks/PortCage>
                    uniform token orientation = "rightHanded"
                    point3f[] points = [(0.545, 0.067564, 1.6318605), (0.549, 0.067564, 1.6318605), (0.549, 0.164084, 1.6318605), (0.545, 0.164084, 1.6318605), (0.545, 0.067564, 1.6584895), (0.549, 0.067564, 1.6584895), (0.549, 0.164084, 1.6584895), (0.545, 0.164084, 1.6584895)]
                    uniform token subdivisionScheme = "none"
                }

                def Mesh "Handle" (
                    prepend apiSchemas = ["MaterialBindingAPI"]
                )
                {
                    float3[] extent = [(0.545, -0.2263, 1.6318605), (0.557, 0.2263, 1.6584895)]
                    int[] faceVertexCounts = [4, 4, 4, 4, 4, 4, 4, 4, 4, 4, 4, 4]
                    int[] faceVertexIndices = [0, 3, 2, 1, 4, 5, 6, 7, 0, 1, 5, 4, 2, 3, 7, 6, 1, 2, 6, 5, 3, 0, 4, 7, 8, 11, 10, 9, 12, 13, 14, 15, 8, 9, 13, 12, 10, 11, 15, 14, 9, 10, 14, 13, 11, 8, 12, 15]
                    rel material:binding = </GenericRack/Looks/Handle>
                    uniform token orientation = "rightHanded"
                    point3f[] points = [(0.545, -0.2263, 1.6318605), (0.557, -0.2263, 1.6318605), (0.557, -0.2123, 1.6318605), (0.545, -0.2123, 1.6318605), (0.545, -0.2263, 1.6584895), (0.557, -0.2263, 1.6584895), (0.557, -0.2123, 1.6584895), (0.545, -0.2123, 1.6584895), (0.545, 0.2123, 1.6318605), (0.557, 0.2123, 1.6318605), (0.557, 0.2263, 1.6318605), (0.545, 0.2263, 1.6318605), (0.545, 0.2123, 1.6584895), (0.557, 0.2123, 1.6584895), (0.557, 0.2263, 1.6584895), (0.545, 0.2263, 1.6584895)]
                    uniform token subdivisionScheme = "none"
                }

                def Mesh "StatusLamp" (
                    prepend apiSchemas = ["MaterialBindingAPI"]
                )
                {
                    float3[] extent = [(0.545, -0.1943, 1.650906), (0.547, -0.1883, 1.654906)]
                    int[] faceVertexCounts = [4, 4, 4, 4, 4, 4]
                    int[] faceVertexIndices = [0, 3, 2, 1, 4, 5, 6, 7, 0, 1, 5, 4, 2, 3, 7, 6, 1, 2, 6, 5, 3, 0, 4, 7]
                    rel material:binding = </GenericRack/Looks/StatusLamp>
                    uniform token orientation = "rightHanded"
                    point3f[] points = [(0.545, -0.1943, 1.650906), (0.547, -0.1943, 1.650906), (0.547, -0.1883, 1.650906), (0.545, -0.1883, 1.650906), (0.545, -0.1943, 1.654906), (0.547, -0.1943, 1.654906), (0.547, -0.1883, 1.654906), (0.545, -0.1883, 1.654906)]
                    uniform token subdivisionScheme = "none"
                }
            }

            def "compute_37"
            {
                def Mesh "TrayCompute" (
                    prepend apiSchemas = ["MaterialBindingAPI"]
                )
                {
                    float3[] extent = [(0.53, -0.2403, 1.66815), (0.545, 0.2403, 1.7111)]
                    int[] faceVertexCounts = [4, 4, 4, 4, 4, 4]
                    int[] faceVertexIndices = [0, 3, 2, 1, 4, 5, 6, 7, 0, 1, 5, 4, 2, 3, 7, 6, 1, 2, 6, 5, 3, 0, 4, 7]
                    rel material:binding = </GenericRack/Looks/TrayCompute>
                    uniform token orientation = "rightHanded"
                    point3f[] points = [(0.53, -0.2403, 1.66815), (0.545, -0.2403, 1.66815), (0.545, 0.2403, 1.66815), (0.53, 0.2403, 1.66815), (0.53, -0.2403, 1.7111), (0.545, -0.2403, 1.7111), (0.545, 0.2403, 1.7111), (0.53, 0.2403, 1.7111)]
                    uniform token subdivisionScheme = "none"
                }

                def Mesh "VentDark" (
                    prepend apiSchemas = ["MaterialBindingAPI"]
                )
                {
                    float3[] extent = [(0.545, -0.171346, 1.677599), (0.551, 0.1556385, 1.701651)]
                    int[] faceVertexCounts = [4, 4, 4, 4, 4, 4, 4, 4, 4, 4, 4, 4, 4, 4, 4, 4, 4, 4, 4, 4, 4, 4, 4, 4, 4, 4, 4, 4, 4, 4]
                    int[] faceVertexIndices = [0, 3, 2, 1, 4, 5, 6, 7, 0, 1, 5, 4, 2, 3, 7, 6, 1, 2, 6, 5, 3, 0, 4, 7, 8, 11, 10, 9, 12, 13, 14, 15, 8, 9, 13, 12, 10, 11, 15, 14, 9, 10, 14, 13, 11, 8, 12, 15, 16, 19, 18, 17, 20, 21, 22, 23, 16, 17, 21, 20, 18, 19, 23, 22, 17, 18, 22, 21, 19, 16, 20, 23, 24, 27, 26, 25, 28, 29, 30, 31, 24, 25, 29, 28, 26, 27, 31, 30, 25, 26, 30, 29, 27, 24, 28, 31, 32, 35, 34, 33, 36, 37, 38, 39, 32, 33, 37, 36, 34, 35, 39, 38, 33, 34, 38, 37, 35, 32, 36, 39]
                    rel material:binding = </GenericRack/Looks/VentDark>
                    uniform token orientation = "rightHanded"
                    point3f[] points = [(0.545, -0.171346, 1.677599), (0.547, -0.171346, 1.677599), (0.547, 0.031346, 1.677599), (0.545, 0.031346, 1.677599), (0.545, -0.171346, 1.701651), (0.547, -0.171346, 1.701651), (0.547, 0.031346, 1.701651), (0.545, 0.031346, 1.701651), (0.549, 0.0760095, 1.6831825), (0.551, 0.0760095, 1.6831825), (0.551, 0.0904875, 1.6831825), (0.549, 0.0904875, 1.6831825), (0.549, 0.0760095, 1.6960675), (0.551, 0.0760095, 1.6960675), (0.551, 0.0904875, 1.6960675), (0.549, 0.0904875, 1.6960675), (0.549, 0.0977265, 1.6831825), (0.551, 0.0977265, 1.6831825), (0.551, 0.1122045, 1.6831825), (0.549, 0.1122045, 1.6831825), (0.549, 0.0977265, 1.6960675), (0.551, 0.0977265, 1.6960675), (0.551, 0.1122045, 1.6960675), (0.549, 0.1122045, 1.6960675), (0.549, 0.1194435, 1.6831825), (0.551, 0.1194435, 1.6831825), (0.551, 0.1339215, 1.6831825), (0.549, 0.1339215, 1.6831825), (0.549, 0.1194435, 1.6960675), (0.551, 0.1194435, 1.6960675), (0.551, 0.1339215, 1.6960675), (0.549, 0.1339215, 1.6960675), (0.549, 0.1411605, 1.6831825), (0.551, 0.1411605, 1.6831825), (0.551, 0.1556385, 1.6831825), (0.549, 0.1556385, 1.6831825), (0.549, 0.1411605, 1.6960675), (0.551, 0.1411605, 1.6960675), (0.551, 0.1556385, 1.6960675), (0.549, 0.1556385, 1.6960675)]
                    uniform token subdivisionScheme = "none"
                }

                def Mesh "PortCage" (
                    prepend apiSchemas = ["MaterialBindingAPI"]
                )
                {
                    float3[] extent = [(0.545, 0.067564, 1.6763105), (0.549, 0.164084, 1.7029395)]
                    int[] faceVertexCounts = [4, 4, 4, 4, 4, 4]
                    int[] faceVertexIndices = [0, 3, 2, 1, 4, 5, 6, 7, 0, 1, 5, 4, 2, 3, 7, 6, 1, 2, 6, 5, 3, 0, 4, 7]
                    rel material:binding = </GenericRack/Looks/PortCage>
                    uniform token orientation = "rightHanded"
                    point3f[] points = [(0.545, 0.067564, 1.6763105), (0.549, 0.067564, 1.6763105), (0.549, 0.164084, 1.6763105), (0.545, 0.164084, 1.6763105), (0.545, 0.067564, 1.7029395), (0.549, 0.067564, 1.7029395), (0.549, 0.164084, 1.7029395), (0.545, 0.164084, 1.7029395)]
                    uniform token subdivisionScheme = "none"
                }

                def Mesh "Handle" (
                    prepend apiSchemas = ["MaterialBindingAPI"]
                )
                {
                    float3[] extent = [(0.545, -0.2263, 1.6763105), (0.557, 0.2263, 1.7029395)]
                    int[] faceVertexCounts = [4, 4, 4, 4, 4, 4, 4, 4, 4, 4, 4, 4]
                    int[] faceVertexIndices = [0, 3, 2, 1, 4, 5, 6, 7, 0, 1, 5, 4, 2, 3, 7, 6, 1, 2, 6, 5, 3, 0, 4, 7, 8, 11, 10, 9, 12, 13, 14, 15, 8, 9, 13, 12, 10, 11, 15, 14, 9, 10, 14, 13, 11, 8, 12, 15]
                    rel material:binding = </GenericRack/Looks/Handle>
                    uniform token orientation = "rightHanded"
                    point3f[] points = [(0.545, -0.2263, 1.6763105), (0.557, -0.2263, 1.6763105), (0.557, -0.2123, 1.6763105), (0.545, -0.2123, 1.6763105), (0.545, -0.2263, 1.7029395), (0.557, -0.2263, 1.7029395), (0.557, -0.2123, 1.7029395), (0.545, -0.2123, 1.7029395), (0.545, 0.2123, 1.6763105), (0.557, 0.2123, 1.6763105), (0.557, 0.2263, 1.6763105), (0.545, 0.2263, 1.6763105), (0.545, 0.2123, 1.7029395), (0.557, 0.2123, 1.7029395), (0.557, 0.2263, 1.7029395), (0.545, 0.2263, 1.7029395)]
                    uniform token subdivisionScheme = "none"
                }

                def Mesh "StatusLamp" (
                    prepend apiSchemas = ["MaterialBindingAPI"]
                )
                {
                    float3[] extent = [(0.545, -0.1943, 1.695356), (0.547, -0.1883, 1.699356)]
                    int[] faceVertexCounts = [4, 4, 4, 4, 4, 4]
                    int[] faceVertexIndices = [0, 3, 2, 1, 4, 5, 6, 7, 0, 1, 5, 4, 2, 3, 7, 6, 1, 2, 6, 5, 3, 0, 4, 7]
                    rel material:binding = </GenericRack/Looks/StatusLamp>
                    uniform token orientation = "rightHanded"
                    point3f[] points = [(0.545, -0.1943, 1.695356), (0.547, -0.1943, 1.695356), (0.547, -0.1883, 1.695356), (0.545, -0.1883, 1.695356), (0.545, -0.1943, 1.699356), (0.547, -0.1943, 1.699356), (0.547, -0.1883, 1.699356), (0.545, -0.1883, 1.699356)]
                    uniform token subdivisionScheme = "none"
                }
            }

            def "compute_38"
            {
                def Mesh "TrayCompute" (
                    prepend apiSchemas = ["MaterialBindingAPI"]
                )
                {
                    float3[] extent = [(0.53, -0.2403, 1.7126), (0.545, 0.2403, 1.75555)]
                    int[] faceVertexCounts = [4, 4, 4, 4, 4, 4]
                    int[] faceVertexIndices = [0, 3, 2, 1, 4, 5, 6, 7, 0, 1, 5, 4, 2, 3, 7, 6, 1, 2, 6, 5, 3, 0, 4, 7]
                    rel material:binding = </GenericRack/Looks/TrayCompute>
                    uniform token orientation = "rightHanded"
                    point3f[] points = [(0.53, -0.2403, 1.7126), (0.545, -0.2403, 1.7126), (0.545, 0.2403, 1.7126), (0.53, 0.2403, 1.7126), (0.53, -0.2403, 1.75555), (0.545, -0.2403, 1.75555), (0.545, 0.2403, 1.75555), (0.53, 0.2403, 1.75555)]
                    uniform token subdivisionScheme = "none"
                }

                def Mesh "VentDark" (
                    prepend apiSchemas = ["MaterialBindingAPI"]
                )
                {
                    float3[] extent = [(0.545, -0.171346, 1.722049), (0.551, 0.1556385, 1.746101)]
                    int[] faceVertexCounts = [4, 4, 4, 4, 4, 4, 4, 4, 4, 4, 4, 4, 4, 4, 4, 4, 4, 4, 4, 4, 4, 4, 4, 4, 4, 4, 4, 4, 4, 4]
                    int[] faceVertexIndices = [0, 3, 2, 1, 4, 5, 6, 7, 0, 1, 5, 4, 2, 3, 7, 6, 1, 2, 6, 5, 3, 0, 4, 7, 8, 11, 10, 9, 12, 13, 14, 15, 8, 9, 13, 12, 10, 11, 15, 14, 9, 10, 14, 13, 11, 8, 12, 15, 16, 19, 18, 17, 20, 21, 22, 23, 16, 17, 21, 20, 18, 19, 23, 22, 17, 18, 22, 21, 19, 16, 20, 23, 24, 27, 26, 25, 28, 29, 30, 31, 24, 25, 29, 28, 26, 27, 31, 30, 25, 26, 30, 29, 27, 24, 28, 31, 32, 35, 34, 33, 36, 37, 38, 39, 32, 33, 37, 36, 34, 35, 39, 38, 33, 34, 38, 37, 35, 32, 36, 39]
                    rel material:binding = </GenericRack/Looks/VentDark>
                    uniform token orientation = "rightHanded"
                    point3f[] points = [(0.545, -0.171346, 1.722049), (0.547, -0.171346, 1.722049), (0.547, 0.031346, 1.722049), (0.545, 0.031346, 1.722049), (0.545, -0.171346, 1.746101), (0.547, -0.171346, 1.746101), (0.547, 0.031346, 1.746101), (0.545, 0.031346, 1.746101), (0.549, 0.0760095, 1.7276325), (0.551, 0.0760095, 1.7276325), (0.551, 0.0904875, 1.7276325), (0.549, 0.0904875, 1.7276325), (0.549, 0.0760095, 1.7405175), (0.551, 0.0760095, 1.7405175), (0.551, 0.0904875, 1.7405175), (0.549, 0.0904875, 1.7405175), (0.549, 0.0977265, 1.7276325), (0.551, 0.0977265, 1.7276325), (0.551, 0.1122045, 1.7276325), (0.549, 0.1122045, 1.7276325), (0.549, 0.0977265, 1.7405175), (0.551, 0.0977265, 1.7405175), (0.551, 0.1122045, 1.7405175), (0.549, 0.1122045, 1.7405175), (0.549, 0.1194435, 1.7276325), (0.551, 0.1194435, 1.7276325), (0.551, 0.1339215, 1.7276325), (0.549, 0.1339215, 1.7276325), (0.549, 0.1194435, 1.7405175), (0.551, 0.1194435, 1.7405175), (0.551, 0.1339215, 1.7405175), (0.549, 0.1339215, 1.7405175), (0.549, 0.1411605, 1.7276325), (0.551, 0.1411605, 1.7276325), (0.551, 0.1556385, 1.7276325), (0.549, 0.1556385, 1.7276325), (0.549, 0.1411605, 1.7405175), (0.551, 0.1411605, 1.7405175), (0.551, 0.1556385, 1.7405175), (0.549, 0.1556385, 1.7405175)]
                    uniform token subdivisionScheme = "none"
                }

                def Mesh "PortCage" (
                    prepend apiSchemas = ["MaterialBindingAPI"]
                )
                {
                    float3[] extent = [(0.545, 0.067564, 1.7207605), (0.549, 0.164084, 1.7473896)]
                    int[] faceVertexCounts = [4, 4, 4, 4, 4, 4]
                    int[] faceVertexIndices = [0, 3, 2, 1, 4, 5, 6, 7, 0, 1, 5, 4, 2, 3, 7, 6, 1, 2, 6, 5, 3, 0, 4, 7]
                    rel material:binding = </GenericRack/Looks/PortCage>
                    uniform token orientation = "rightHanded"
                    point3f[] points = [(0.545, 0.067564, 1.7207605), (0.549, 0.067564, 1.7207605), (0.549, 0.164084, 1.7207605), (0.545, 0.164084, 1.7207605), (0.545, 0.067564, 1.7473896), (0.549, 0.067564, 1.7473896), (0.549, 0.164084, 1.7473896), (0.545, 0.164084, 1.7473896)]
                    uniform token subdivisionScheme = "none"
                }

                def Mesh "Handle" (
                    prepend apiSchemas = ["MaterialBindingAPI"]
                )
                {
                    float3[] extent = [(0.545, -0.2263, 1.7207605), (0.557, 0.2263, 1.7473896)]
                    int[] faceVertexCounts = [4, 4, 4, 4, 4, 4, 4, 4, 4, 4, 4, 4]
                    int[] faceVertexIndices = [0, 3, 2, 1, 4, 5, 6, 7, 0, 1, 5, 4, 2, 3, 7, 6, 1, 2, 6, 5, 3, 0, 4, 7, 8, 11, 10, 9, 12, 13, 14, 15, 8, 9, 13, 12, 10, 11, 15, 14, 9, 10, 14, 13, 11, 8, 12, 15]
                    rel material:binding = </GenericRack/Looks/Handle>
                    uniform token orientation = "rightHanded"
                    point3f[] points = [(0.545, -0.2263, 1.7207605), (0.557, -0.2263, 1.7207605), (0.557, -0.2123, 1.7207605), (0.545, -0.2123, 1.7207605), (0.545, -0.2263, 1.7473896), (0.557, -0.2263, 1.7473896), (0.557, -0.2123, 1.7473896), (0.545, -0.2123, 1.7473896), (0.545, 0.2123, 1.7207605), (0.557, 0.2123, 1.7207605), (0.557, 0.2263, 1.7207605), (0.545, 0.2263, 1.7207605), (0.545, 0.2123, 1.7473896), (0.557, 0.2123, 1.7473896), (0.557, 0.2263, 1.7473896), (0.545, 0.2263, 1.7473896)]
                    uniform token subdivisionScheme = "none"
                }

                def Mesh "StatusLamp" (
                    prepend apiSchemas = ["MaterialBindingAPI"]
                )
                {
                    float3[] extent = [(0.545, -0.1943, 1.739806), (0.547, -0.1883, 1.743806)]
                    int[] faceVertexCounts = [4, 4, 4, 4, 4, 4]
                    int[] faceVertexIndices = [0, 3, 2, 1, 4, 5, 6, 7, 0, 1, 5, 4, 2, 3, 7, 6, 1, 2, 6, 5, 3, 0, 4, 7]
                    rel material:binding = </GenericRack/Looks/StatusLamp>
                    uniform token orientation = "rightHanded"
                    point3f[] points = [(0.545, -0.1943, 1.739806), (0.547, -0.1943, 1.739806), (0.547, -0.1883, 1.739806), (0.545, -0.1883, 1.739806), (0.545, -0.1943, 1.743806), (0.547, -0.1943, 1.743806), (0.547, -0.1883, 1.743806), (0.545, -0.1883, 1.743806)]
                    uniform token subdivisionScheme = "none"
                }
            }

            def "blank_39"
            {
                def Mesh "TrayBlank" (
                    prepend apiSchemas = ["MaterialBindingAPI"]
                )
                {
                    float3[] extent = [(0.53, -0.2403, 1.75705), (0.545, 0.2403, 1.8)]
                    int[] faceVertexCounts = [4, 4, 4, 4, 4, 4]
                    int[] faceVertexIndices = [0, 3, 2, 1, 4, 5, 6, 7, 0, 1, 5, 4, 2, 3, 7, 6, 1, 2, 6, 5, 3, 0, 4, 7]
                    rel material:binding = </GenericRack/Looks/TrayBlank>
                    uniform token orientation = "rightHanded"
                    point3f[] points = [(0.53, -0.2403, 1.75705), (0.545, -0.2403, 1.75705), (0.545, 0.2403, 1.75705), (0.53, 0.2403, 1.75705), (0.53, -0.2403, 1.8), (0.545, -0.2403, 1.8), (0.545, 0.2403, 1.8), (0.53, 0.2403, 1.8)]
                    uniform token subdivisionScheme = "none"
                }
            }

            def "power_40"
            {
                def Mesh "TrayPower" (
                    prepend apiSchemas = ["MaterialBindingAPI"]
                )
                {
                    float3[] extent = [(0.53, -0.2403, 1.8015), (0.545, 0.2403, 1.84445)]
                    int[] faceVertexCounts = [4, 4, 4, 4, 4, 4]
                    int[] faceVertexIndices = [0, 3, 2, 1, 4, 5, 6, 7, 0, 1, 5, 4, 2, 3, 7, 6, 1, 2, 6, 5, 3, 0, 4, 7]
                    rel material:binding = </GenericRack/Looks/TrayPower>
                    uniform token orientation = "rightHanded"
                    point3f[] points = [(0.53, -0.2403, 1.8015), (0.545, -0.2403, 1.8015), (0.545, 0.2403, 1.8015), (0.53, 0.2403, 1.8015), (0.53, -0.2403, 1.84445), (0.545, -0.2403, 1.84445), (0.545, 0.2403, 1.84445), (0.53, 0.2403, 1.84445)]
                    uniform token subdivisionScheme = "none"
                }

                def Mesh "VentDark" (
                    prepend apiSchemas = ["MaterialBindingAPI"]
                )
                {
                    float3[] extent = [(0.545, -0.1627, 1.8036475), (0.546, 0.1607, 1.8423024)]
                    int[] faceVertexCounts = [4, 4, 4, 4, 4, 4, 4, 4, 4, 4, 4, 4, 4, 4, 4, 4, 4, 4, 4, 4, 4, 4, 4, 4, 4, 4, 4, 4, 4, 4]
                    int[] faceVertexIndices = [0, 3, 2, 1, 4, 5, 6, 7, 0, 1, 5, 4, 2, 3, 7, 6, 1, 2, 6, 5, 3, 0, 4, 7, 8, 11, 10, 9, 12, 13, 14, 15, 8, 9, 13, 12, 10, 11, 15, 14, 9, 10, 14, 13, 11, 8, 12, 15, 16, 19, 18, 17, 20, 21, 22, 23, 16, 17, 21, 20, 18, 19, 23, 22, 17, 18, 22, 21, 19, 16, 20, 23, 24, 27, 26, 25, 28, 29, 30, 31, 24, 25, 29, 28, 26, 27, 31, 30, 25, 26, 30, 29, 27, 24, 28, 31, 32, 35, 34, 33, 36, 37, 38, 39, 32, 33, 37, 36, 34, 35, 39, 38, 33, 34, 38, 37, 35, 32, 36, 39]
                    rel material:binding = </GenericRack/Looks/VentDark>
                    uniform token orientation = "rightHanded"
                    point3f[] points = [(0.545, -0.1627, 1.8036475), (0.546, -0.1627, 1.8036475), (0.546, -0.1597, 1.8036475), (0.545, -0.1597, 1.8036475), (0.545, -0.1627, 1.8423024), (0.546, -0.1627, 1.8423024), (0.546, -0.1597, 1.8423024), (0.545, -0.1597, 1.8423024), (0.545, -0.0826, 1.8036475), (0.546, -0.0826, 1.8036475), (0.546, -0.0796, 1.8036475), (0.545, -0.0796, 1.8036475), (0.545, -0.0826, 1.8423024), (0.546, -0.0826, 1.8423024), (0.546, -0.0796, 1.8423024), (0.545, -0.0796, 1.8423024), (0.545, -0.0025, 1.8036475), (0.546, -0.0025, 1.8036475), (0.546, 0.0005, 1.8036475), (0.545, 0.0005, 1.8036475), (0.545, -0.0025, 1.8423024), (0.546, -0.0025, 1.8423024), (0.546, 0.0005, 1.8423024), (0.545, 0.0005, 1.8423024), (0.545, 0.0776, 1.8036475), (0.546, 0.0776, 1.8036475), (0.546, 0.0806, 1.8036475), (0.545, 0.0806, 1.8036475), (0.545, 0.0776, 1.8423024), (0.546, 0.0776, 1.8423024), (0.546, 0.0806, 1.8423024), (0.545, 0.0806, 1.8423024), (0.545, 0.1577, 1.8036475), (0.546, 0.1577, 1.8036475), (0.546, 0.1607, 1.8036475), (0.545, 0.1607, 1.8036475), (0.545, 0.1577, 1.8423024), (0.546, 0.1577, 1.8423024), (0.546, 0.1607, 1.8423024), (0.545, 0.1607, 1.8423024)]
                    uniform token subdivisionScheme = "none"
                }

                def Mesh "Handle" (
                    prepend apiSchemas = ["MaterialBindingAPI"]
                )
                {
                    float3[] extent = [(0.545, -0.2192725, 1.811385), (0.553, 0.2172725, 1.817385)]
                    int[] faceVertexCounts = [4, 4, 4, 4, 4, 4, 4, 4, 4, 4, 4, 4, 4, 4, 4, 4, 4, 4, 4, 4, 4, 4, 4, 4, 4, 4, 4, 4, 4, 4, 4, 4, 4, 4, 4, 4]
                    int[] faceVertexIndices = [0, 3, 2, 1, 4, 5, 6, 7, 0, 1, 5, 4, 2, 3, 7, 6, 1, 2, 6, 5, 3, 0, 4, 7, 8, 11, 10, 9, 12, 13, 14, 15, 8, 9, 13, 12, 10, 11, 15, 14, 9, 10, 14, 13, 11, 8, 12, 15, 16, 19, 18, 17, 20, 21, 22, 23, 16, 17, 21, 20, 18, 19, 23, 22, 17, 18, 22, 21, 19, 16, 20, 23, 24, 27, 26, 25, 28, 29, 30, 31, 24, 25, 29, 28, 26, 27, 31, 30, 25, 26, 30, 29, 27, 24, 28, 31, 32, 35, 34, 33, 36, 37, 38, 39, 32, 33, 37, 36, 34, 35, 39, 38, 33, 34, 38, 37, 35, 32, 36, 39, 40, 43, 42, 41, 44, 45, 46, 47, 40, 41, 45, 44, 42, 43, 47, 46, 41, 42, 46, 45, 43, 40, 44, 47]
                    rel material:binding = </GenericRack/Looks/Handle>
                    uniform token orientation = "rightHanded"
                    point3f[] points = [(0.545, -0.2192725, 1.811385), (0.553, -0.2192725, 1.811385), (0.553, -0.1832275, 1.811385), (0.545, -0.1832275, 1.811385), (0.545, -0.2192725, 1.817385), (0.553, -0.2192725, 1.817385), (0.553, -0.1832275, 1.817385), (0.545, -0.1832275, 1.817385), (0.545, -0.1391725, 1.811385), (0.553, -0.1391725, 1.811385), (0.553, -0.1031275, 1.811385), (0.545, -0.1031275, 1.811385), (0.545, -0.1391725, 1.817385), (0.553, -0.1391725, 1.817385), (0.553, -0.1031275, 1.817385), (0.545, -0.1031275, 1.817385), (0.545, -0.0590725, 1.811385), (0.553, -0.0590725, 1.811385), (0.553, -0.0230275, 1.811385), (0.545, -0.0230275, 1.811385), (0.545, -0.0590725, 1.817385), (0.553, -0.0590725, 1.817385), (0.553, -0.0230275, 1.817385), (0.545, -0.0230275, 1.817385), (0.545, 0.0210275, 1.811385), (0.553, 0.0210275, 1.811385), (0.553, 0.0570725, 1.811385), (0.545, 0.0570725, 1.811385), (0.545, 0.0210275, 1.817385), (0.553, 0.0210275, 1.817385), (0.553, 0.0570725, 1.817385), (0.545, 0.0570725, 1.817385), (0.545, 0.1011275, 1.811385), (0.553, 0.1011275, 1.811385), (0.553, 0.1371725, 1.811385), (0.545, 0.1371725, 1.811385), (0.545, 0.1011275, 1.817385), (0.553, 0.1011275, 1.817385), (0.553, 0.1371725, 1.817385), (0.545, 0.1371725, 1.817385), (0.545, 0.1812275, 1.811385), (0.553, 0.1812275, 1.811385), (0.553, 0.2172725, 1.811385), (0.545, 0.2172725, 1.811385), (0.545, 0.1812275, 1.817385), (0.553, 0.1812275, 1.817385), (0.553, 0.2172725, 1.817385), (0.545, 0.2172725, 1.817385)]
                    uniform token subdivisionScheme = "none"
                }

                def Mesh "StatusLamp" (
                    prepend apiSchemas = ["MaterialBindingAPI"]
                )
                {
                    float3[] extent = [(0.545, -0.178118, 1.830424), (0.547, 0.227382, 1.834424)]
                    int[] faceVertexCounts = [4, 4, 4, 4, 4, 4, 4, 4, 4, 4, 4, 4, 4, 4, 4, 4, 4, 4, 4, 4, 4, 4, 4, 4, 4, 4, 4, 4, 4, 4, 4, 4, 4, 4, 4, 4]
                    int[] faceVertexIndices = [0, 3, 2, 1, 4, 5, 6, 7, 0, 1, 5, 4, 2, 3, 7, 6, 1, 2, 6, 5, 3, 0, 4, 7, 8, 11, 10, 9, 12, 13, 14, 15, 8, 9, 13, 12, 10, 11, 15, 14, 9, 10, 14, 13, 11, 8, 12, 15, 16, 19, 18, 17, 20, 21, 22, 23, 16, 17, 21, 20, 18, 19, 23, 22, 17, 18, 22, 21, 19, 16, 20, 23, 24, 27, 26, 25, 28, 29, 30, 31, 24, 25, 29, 28, 26, 27, 31, 30, 25, 26, 30, 29, 27, 24, 28, 31, 32, 35, 34, 33, 36, 37, 38, 39, 32, 33, 37, 36, 34, 35, 39, 38, 33, 34, 38, 37, 35, 32, 36, 39, 40, 43, 42, 41, 44, 45, 46, 47, 40, 41, 45, 44, 42, 43, 47, 46, 41, 42, 46, 45, 43, 40, 44, 47]
                    rel material:binding = </GenericRack/Looks/StatusLamp>
                    uniform token orientation = "rightHanded"
                    point3f[] points = [(0.545, -0.178118, 1.830424), (0.547, -0.178118, 1.830424), (0.547, -0.173118, 1.830424), (0.545, -0.173118, 1.830424), (0.545, -0.178118, 1.834424), (0.547, -0.178118, 1.834424), (0.547, -0.173118, 1.834424), (0.545, -0.173118, 1.834424), (0.545, -0.098018, 1.830424), (0.547, -0.098018, 1.830424), (0.547, -0.093018, 1.830424), (0.545, -0.093018, 1.830424), (0.545, -0.098018, 1.834424), (0.547, -0.098018, 1.834424), (0.547, -0.093018, 1.834424), (0.545, -0.093018, 1.834424), (0.545, -0.017918, 1.830424), (0.547, -0.017918, 1.830424), (0.547, -0.012918, 1.830424), (0.545, -0.012918, 1.830424), (0.545, -0.017918, 1.834424), (0.547, -0.017918, 1.834424), (0.547, -0.012918, 1.834424), (0.545, -0.012918, 1.834424), (0.545, 0.062182, 1.830424), (0.547, 0.062182, 1.830424), (0.547, 0.067182, 1.830424), (0.545, 0.067182, 1.830424), (0.545, 0.062182, 1.834424), (0.547, 0.062182, 1.834424), (0.547, 0.067182, 1.834424), (0.545, 0.067182, 1.834424), (0.545, 0.142282, 1.830424), (0.547, 0.142282, 1.830424), (0.547, 0.147282, 1.830424), (0.545, 0.147282, 1.830424), (0.545, 0.142282, 1.834424), (0.547, 0.142282, 1.834424), (0.547, 0.147282, 1.834424), (0.545, 0.147282, 1.834424), (0.545, 0.222382, 1.830424), (0.547, 0.222382, 1.830424), (0.547, 0.227382, 1.830424), (0.545, 0.227382, 1.830424), (0.545, 0.222382, 1.834424), (0.547, 0.222382, 1.834424), (0.547, 0.227382, 1.834424), (0.545, 0.227382, 1.834424)]
                    uniform token subdivisionScheme = "none"
                }
            }

            def "power_41"
            {
                def Mesh "TrayPower" (
                    prepend apiSchemas = ["MaterialBindingAPI"]
                )
                {
                    float3[] extent = [(0.53, -0.2403, 1.84595), (0.545, 0.2403, 1.8889)]
                    int[] faceVertexCounts = [4, 4, 4, 4, 4, 4]
                    int[] faceVertexIndices = [0, 3, 2, 1, 4, 5, 6, 7, 0, 1, 5, 4, 2, 3, 7, 6, 1, 2, 6, 5, 3, 0, 4, 7]
                    rel material:binding = </GenericRack/Looks/TrayPower>
                    uniform token orientation = "rightHanded"
                    point3f[] points = [(0.53, -0.2403, 1.84595), (0.545, -0.2403, 1.84595), (0.545, 0.2403, 1.84595), (0.53, 0.2403, 1.84595), (0.53, -0.2403, 1.8889), (0.545, -0.2403, 1.8889), (0.545, 0.2403, 1.8889), (0.53, 0.2403, 1.8889)]
                    uniform token subdivisionScheme = "none"
                }

                def Mesh "VentDark" (
                    prepend apiSchemas = ["MaterialBindingAPI"]
                )
                {
                    float3[] extent = [(0.545, -0.1627, 1.8480974), (0.546, 0.1607, 1.8867525)]
                    int[] faceVertexCounts = [4, 4, 4, 4, 4, 4, 4, 4, 4, 4, 4, 4, 4, 4, 4, 4, 4, 4, 4, 4, 4, 4, 4, 4, 4, 4, 4, 4, 4, 4]
                    int[] faceVertexIndices = [0, 3, 2, 1, 4, 5, 6, 7, 0, 1, 5, 4, 2, 3, 7, 6, 1, 2, 6, 5, 3, 0, 4, 7, 8, 11, 10, 9, 12, 13, 14, 15, 8, 9, 13, 12, 10, 11, 15, 14, 9, 10, 14, 13, 11, 8, 12, 15, 16, 19, 18, 17, 20, 21, 22, 23, 16, 17, 21, 20, 18, 19, 23, 22, 17, 18, 22, 21, 19, 16, 20, 23, 24, 27, 26, 25, 28, 29, 30, 31, 24, 25, 29, 28, 26, 27, 31, 30, 25, 26, 30, 29, 27, 24, 28, 31, 32, 35, 34, 33, 36, 37, 38, 39, 32, 33, 37, 36, 34, 35, 39, 38, 33, 34, 38, 37, 35, 32, 36, 39]
                    rel material:binding = </GenericRack/Looks/VentDark>
                    uniform token orientation = "rightHanded"
                    point3f[] points = [(0.545, -0.1627, 1.8480974), (0.546, -0.1627, 1.8480974), (0.546, -0.1597, 1.8480974), (0.545, -0.1597, 1.8480974), (0.545, -0.1627, 1.8867525), (0.546, -0.1627, 1.8867525), (0.546, -0.1597, 1.8867525), (0.545, -0.1597, 1.8867525), (0.545, -0.0826, 1.8480974), (0.546, -0.0826, 1.8480974), (0.546, -0.0796, 1.8480974), (0.545, -0.0796, 1.8480974), (0.545, -0.0826, 1.8867525), (0.546, -0.0826, 1.8867525), (0.546, -0.0796, 1.8867525), (0.545, -0.0796, 1.8867525), (0.545, -0.0025, 1.8480974), (0.546, -0.0025, 1.8480974), (0.546, 0.0005, 1.8480974), (0.545, 0.0005, 1.8480974), (0.545, -0.0025, 1.8867525), (0.546, -0.0025, 1.8867525), (0.546, 0.0005, 1.8867525), (0.545, 0.0005, 1.8867525), (0.545, 0.0776, 1.8480974), (0.546, 0.0776, 1.8480974), (0.546, 0.0806, 1.8480974), (0.545, 0.0806, 1.8480974), (0.545, 0.0776, 1.8867525), (0.546, 0.0776, 1.8867525), (0.546, 0.0806, 1.8867525), (0.545, 0.0806, 1.8867525), (0.545, 0.1577, 1.8480974), (0.546, 0.1577, 1.8480974), (0.546, 0.1607, 1.8480974), (0.545, 0.1607, 1.8480974), (0.545, 0.1577, 1.8867525), (0.546, 0.1577, 1.8867525), (0.546, 0.1607, 1.8867525), (0.545, 0.1607, 1.8867525)]
                    uniform token subdivisionScheme = "none"
                }

                def Mesh "Handle" (
                    prepend apiSchemas = ["MaterialBindingAPI"]
                )
                {
                    float3[] extent = [(0.545, -0.2192725, 1.855835), (0.553, 0.2172725, 1.861835)]
                    int[] faceVertexCounts = [4, 4, 4, 4, 4, 4, 4, 4, 4, 4, 4, 4, 4, 4, 4, 4, 4, 4, 4, 4, 4, 4, 4, 4, 4, 4, 4, 4, 4, 4, 4, 4, 4, 4, 4, 4]
                    int[] faceVertexIndices = [0, 3, 2, 1, 4, 5, 6, 7, 0, 1, 5, 4, 2, 3, 7, 6, 1, 2, 6, 5, 3, 0, 4, 7, 8, 11, 10, 9, 12, 13, 14, 15, 8, 9, 13, 12, 10, 11, 15, 14, 9, 10, 14, 13, 11, 8, 12, 15, 16, 19, 18, 17, 20, 21, 22, 23, 16, 17, 21, 20, 18, 19, 23, 22, 17, 18, 22, 21, 19, 16, 20, 23, 24, 27, 26, 25, 28, 29, 30, 31, 24, 25, 29, 28, 26, 27, 31, 30, 25, 26, 30, 29, 27, 24, 28, 31, 32, 35, 34, 33, 36, 37, 38, 39, 32, 33, 37, 36, 34, 35, 39, 38, 33, 34, 38, 37, 35, 32, 36, 39, 40, 43, 42, 41, 44, 45, 46, 47, 40, 41, 45, 44, 42, 43, 47, 46, 41, 42, 46, 45, 43, 40, 44, 47]
                    rel material:binding = </GenericRack/Looks/Handle>
                    uniform token orientation = "rightHanded"
                    point3f[] points = [(0.545, -0.2192725, 1.855835), (0.553, -0.2192725, 1.855835), (0.553, -0.1832275, 1.855835), (0.545, -0.1832275, 1.855835), (0.545, -0.2192725, 1.861835), (0.553, -0.2192725, 1.861835), (0.553, -0.1832275, 1.861835), (0.545, -0.1832275, 1.861835), (0.545, -0.1391725, 1.855835), (0.553, -0.1391725, 1.855835), (0.553, -0.1031275, 1.855835), (0.545, -0.1031275, 1.855835), (0.545, -0.1391725, 1.861835), (0.553, -0.1391725, 1.861835), (0.553, -0.1031275, 1.861835), (0.545, -0.1031275, 1.861835), (0.545, -0.0590725, 1.855835), (0.553, -0.0590725, 1.855835), (0.553, -0.0230275, 1.855835), (0.545, -0.0230275, 1.855835), (0.545, -0.0590725, 1.861835), (0.553, -0.0590725, 1.861835), (0.553, -0.0230275, 1.861835), (0.545, -0.0230275, 1.861835), (0.545, 0.0210275, 1.855835), (0.553, 0.0210275, 1.855835), (0.553, 0.0570725, 1.855835), (0.545, 0.0570725, 1.855835), (0.545, 0.0210275, 1.861835), (0.553, 0.0210275, 1.861835), (0.553, 0.0570725, 1.861835), (0.545, 0.0570725, 1.861835), (0.545, 0.1011275, 1.855835), (0.553, 0.1011275, 1.855835), (0.553, 0.1371725, 1.855835), (0.545, 0.1371725, 1.855835), (0.545, 0.1011275, 1.861835), (0.553, 0.1011275, 1.861835), (0.553, 0.1371725, 1.861835), (0.545, 0.1371725, 1.861835), (0.545, 0.1812275, 1.855835), (0.553, 0.1812275, 1.855835), (0.553, 0.2172725, 1.855835), (0.545, 0.2172725, 1.855835), (0.545, 0.1812275, 1.861835), (0.553, 0.1812275, 1.861835), (0.553, 0.2172725, 1.861835), (0.545, 0.2172725, 1.861835)]
                    uniform token subdivisionScheme = "none"
                }

                def Mesh "StatusLamp" (
                    prepend apiSchemas = ["MaterialBindingAPI"]
                )
                {
                    float3[] extent = [(0.545, -0.178118, 1.874874), (0.547, 0.227382, 1.878874)]
                    int[] faceVertexCounts = [4, 4, 4, 4, 4, 4, 4, 4, 4, 4, 4, 4, 4, 4, 4, 4, 4, 4, 4, 4, 4, 4, 4, 4, 4, 4, 4, 4, 4, 4, 4, 4, 4, 4, 4, 4]
                    int[] faceVertexIndices = [0, 3, 2, 1, 4, 5, 6, 7, 0, 1, 5, 4, 2, 3, 7, 6, 1, 2, 6, 5, 3, 0, 4, 7, 8, 11, 10, 9, 12, 13, 14, 15, 8, 9, 13, 12, 10, 11, 15, 14, 9, 10, 14, 13, 11, 8, 12, 15, 16, 19, 18, 17, 20, 21, 22, 23, 16, 17, 21, 20, 18, 19, 23, 22, 17, 18, 22, 21, 19, 16, 20, 23, 24, 27, 26, 25, 28, 29, 30, 31, 24, 25, 29, 28, 26, 27, 31, 30, 25, 26, 30, 29, 27, 24, 28, 31, 32, 35, 34, 33, 36, 37, 38, 39, 32, 33, 37, 36, 34, 35, 39, 38, 33, 34, 38, 37, 35, 32, 36, 39, 40, 43, 42, 41, 44, 45, 46, 47, 40, 41, 45, 44, 42, 43, 47, 46, 41, 42, 46, 45, 43, 40, 44, 47]
                    rel material:binding = </GenericRack/Looks/StatusLamp>
                    uniform token orientation = "rightHanded"
                    point3f[] points = [(0.545, -0.178118, 1.874874), (0.547, -0.178118, 1.874874), (0.547, -0.173118, 1.874874), (0.545, -0.173118, 1.874874), (0.545, -0.178118, 1.878874), (0.547, -0.178118, 1.878874), (0.547, -0.173118, 1.878874), (0.545, -0.173118, 1.878874), (0.545, -0.098018, 1.874874), (0.547, -0.098018, 1.874874), (0.547, -0.093018, 1.874874), (0.545, -0.093018, 1.874874), (0.545, -0.098018, 1.878874), (0.547, -0.098018, 1.878874), (0.547, -0.093018, 1.878874), (0.545, -0.093018, 1.878874), (0.545, -0.017918, 1.874874), (0.547, -0.017918, 1.874874), (0.547, -0.012918, 1.874874), (0.545, -0.012918, 1.874874), (0.545, -0.017918, 1.878874), (0.547, -0.017918, 1.878874), (0.547, -0.012918, 1.878874), (0.545, -0.012918, 1.878874), (0.545, 0.062182, 1.874874), (0.547, 0.062182, 1.874874), (0.547, 0.067182, 1.874874), (0.545, 0.067182, 1.874874), (0.545, 0.062182, 1.878874), (0.547, 0.062182, 1.878874), (0.547, 0.067182, 1.878874), (0.545, 0.067182, 1.878874), (0.545, 0.142282, 1.874874), (0.547, 0.142282, 1.874874), (0.547, 0.147282, 1.874874), (0.545, 0.147282, 1.874874), (0.545, 0.142282, 1.878874), (0.547, 0.142282, 1.878874), (0.547, 0.147282, 1.878874), (0.545, 0.147282, 1.878874), (0.545, 0.222382, 1.874874), (0.547, 0.222382, 1.874874), (0.547, 0.227382, 1.874874), (0.545, 0.227382, 1.874874), (0.545, 0.222382, 1.878874), (0.547, 0.222382, 1.878874), (0.547, 0.227382, 1.878874), (0.545, 0.227382, 1.878874)]
                    uniform token subdivisionScheme = "none"
                }
            }

            def "power_42"
            {
                def Mesh "TrayPower" (
                    prepend apiSchemas = ["MaterialBindingAPI"]
                )
                {
                    float3[] extent = [(0.53, -0.2403, 1.8904), (0.545, 0.2403, 1.93335)]
                    int[] faceVertexCounts = [4, 4, 4, 4, 4, 4]
                    int[] faceVertexIndices = [0, 3, 2, 1, 4, 5, 6, 7, 0, 1, 5, 4, 2, 3, 7, 6, 1, 2, 6, 5, 3, 0, 4, 7]
                    rel material:binding = </GenericRack/Looks/TrayPower>
                    uniform token orientation = "rightHanded"
                    point3f[] points = [(0.53, -0.2403, 1.8904), (0.545, -0.2403, 1.8904), (0.545, 0.2403, 1.8904), (0.53, 0.2403, 1.8904), (0.53, -0.2403, 1.93335), (0.545, -0.2403, 1.93335), (0.545, 0.2403, 1.93335), (0.53, 0.2403, 1.93335)]
                    uniform token subdivisionScheme = "none"
                }

                def Mesh "VentDark" (
                    prepend apiSchemas = ["MaterialBindingAPI"]
                )
                {
                    float3[] extent = [(0.545, -0.1627, 1.8925475), (0.546, 0.1607, 1.9312025)]
                    int[] faceVertexCounts = [4, 4, 4, 4, 4, 4, 4, 4, 4, 4, 4, 4, 4, 4, 4, 4, 4, 4, 4, 4, 4, 4, 4, 4, 4, 4, 4, 4, 4, 4]
                    int[] faceVertexIndices = [0, 3, 2, 1, 4, 5, 6, 7, 0, 1, 5, 4, 2, 3, 7, 6, 1, 2, 6, 5, 3, 0, 4, 7, 8, 11, 10, 9, 12, 13, 14, 15, 8, 9, 13, 12, 10, 11, 15, 14, 9, 10, 14, 13, 11, 8, 12, 15, 16, 19, 18, 17, 20, 21, 22, 23, 16, 17, 21, 20, 18, 19, 23, 22, 17, 18, 22, 21, 19, 16, 20, 23, 24, 27, 26, 25, 28, 29, 30, 31, 24, 25, 29, 28, 26, 27, 31, 30, 25, 26, 30, 29, 27, 24, 28, 31, 32, 35, 34, 33, 36, 37, 38, 39, 32, 33, 37, 36, 34, 35, 39, 38, 33, 34, 38, 37, 35, 32, 36, 39]
                    rel material:binding = </GenericRack/Looks/VentDark>
                    uniform token orientation = "rightHanded"
                    point3f[] points = [(0.545, -0.1627, 1.8925475), (0.546, -0.1627, 1.8925475), (0.546, -0.1597, 1.8925475), (0.545, -0.1597, 1.8925475), (0.545, -0.1627, 1.9312025), (0.546, -0.1627, 1.9312025), (0.546, -0.1597, 1.9312025), (0.545, -0.1597, 1.9312025), (0.545, -0.0826, 1.8925475), (0.546, -0.0826, 1.8925475), (0.546, -0.0796, 1.8925475), (0.545, -0.0796, 1.8925475), (0.545, -0.0826, 1.9312025), (0.546, -0.0826, 1.9312025), (0.546, -0.0796, 1.9312025), (0.545, -0.0796, 1.9312025), (0.545, -0.0025, 1.8925475), (0.546, -0.0025, 1.8925475), (0.546, 0.0005, 1.8925475), (0.545, 0.0005, 1.8925475), (0.545, -0.0025, 1.9312025), (0.546, -0.0025, 1.9312025), (0.546, 0.0005, 1.9312025), (0.545, 0.0005, 1.9312025), (0.545, 0.0776, 1.8925475), (0.546, 0.0776, 1.8925475), (0.546, 0.0806, 1.8925475), (0.545, 0.0806, 1.8925475), (0.545, 0.0776, 1.9312025), (0.546, 0.0776, 1.9312025), (0.546, 0.0806, 1.9312025), (0.545, 0.0806, 1.9312025), (0.545, 0.1577, 1.8925475), (0.546, 0.1577, 1.8925475), (0.546, 0.1607, 1.8925475), (0.545, 0.1607, 1.8925475), (0.545, 0.1577, 1.9312025), (0.546, 0.1577, 1.9312025), (0.546, 0.1607, 1.9312025), (0.545, 0.1607, 1.9312025)]
                    uniform token subdivisionScheme = "none"
                }

                def Mesh "Handle" (
                    prepend apiSchemas = ["MaterialBindingAPI"]
                )
                {
                    float3[] extent = [(0.545, -0.2192725, 1.900285), (0.553, 0.2172725, 1.906285)]
                    int[] faceVertexCounts = [4, 4, 4, 4, 4, 4, 4, 4, 4, 4, 4, 4, 4, 4, 4, 4, 4, 4, 4, 4, 4, 4, 4, 4, 4, 4, 4, 4, 4, 4, 4, 4, 4, 4, 4, 4]
                    int[] faceVertexIndices = [0, 3, 2, 1, 4, 5, 6, 7, 0, 1, 5, 4, 2, 3, 7, 6, 1, 2, 6, 5, 3, 0, 4, 7, 8, 11, 10, 9, 12, 13, 14, 15, 8, 9, 13, 12, 10, 11, 15, 14, 9, 10, 14, 13, 11, 8, 12, 15, 16, 19, 18, 17, 20, 21, 22, 23, 16, 17, 21, 20, 18, 19, 23, 22, 17, 18, 22, 21, 19, 16, 20, 23, 24, 27, 26, 25, 28, 29, 30, 31, 24, 25, 29, 28, 26, 27, 31, 30, 25, 26, 30, 29, 27, 24, 28, 31, 32, 35, 34, 33, 36, 37, 38, 39, 32, 33, 37, 36, 34, 35, 39, 38, 33, 34, 38, 37, 35, 32, 36, 39, 40, 43, 42, 41, 44, 45, 46, 47, 40, 41, 45, 44, 42, 43, 47, 46, 41, 42, 46, 45, 43, 40, 44, 47]
                    rel material:binding = </GenericRack/Looks/Handle>
                    uniform token orientation = "rightHanded"
                    point3f[] points = [(0.545, -0.2192725, 1.900285), (0.553, -0.2192725, 1.900285), (0.553, -0.1832275, 1.900285), (0.545, -0.1832275, 1.900285), (0.545, -0.2192725, 1.906285), (0.553, -0.2192725, 1.906285), (0.553, -0.1832275, 1.906285), (0.545, -0.1832275, 1.906285), (0.545, -0.1391725, 1.900285), (0.553, -0.1391725, 1.900285), (0.553, -0.1031275, 1.900285), (0.545, -0.1031275, 1.900285), (0.545, -0.1391725, 1.906285), (0.553, -0.1391725, 1.906285), (0.553, -0.1031275, 1.906285), (0.545, -0.1031275, 1.906285), (0.545, -0.0590725, 1.900285), (0.553, -0.0590725, 1.900285), (0.553, -0.0230275, 1.900285), (0.545, -0.0230275, 1.900285), (0.545, -0.0590725, 1.906285), (0.553, -0.0590725, 1.906285), (0.553, -0.0230275, 1.906285), (0.545, -0.0230275, 1.906285), (0.545, 0.0210275, 1.900285), (0.553, 0.0210275, 1.900285), (0.553, 0.0570725, 1.900285), (0.545, 0.0570725, 1.900285), (0.545, 0.0210275, 1.906285), (0.553, 0.0210275, 1.906285), (0.553, 0.0570725, 1.906285), (0.545, 0.0570725, 1.906285), (0.545, 0.1011275, 1.900285), (0.553, 0.1011275, 1.900285), (0.553, 0.1371725, 1.900285), (0.545, 0.1371725, 1.900285), (0.545, 0.1011275, 1.906285), (0.553, 0.1011275, 1.906285), (0.553, 0.1371725, 1.906285), (0.545, 0.1371725, 1.906285), (0.545, 0.1812275, 1.900285), (0.553, 0.1812275, 1.900285), (0.553, 0.2172725, 1.900285), (0.545, 0.2172725, 1.900285), (0.545, 0.1812275, 1.906285), (0.553, 0.1812275, 1.906285), (0.553, 0.2172725, 1.906285), (0.545, 0.2172725, 1.906285)]
                    uniform token subdivisionScheme = "none"
                }

                def Mesh "StatusLamp" (
                    prepend apiSchemas = ["MaterialBindingAPI"]
                )
                {
                    float3[] extent = [(0.545, -0.178118, 1.919324), (0.547, 0.227382, 1.923324)]
                    int[] faceVertexCounts = [4, 4, 4, 4, 4, 4, 4, 4, 4, 4, 4, 4, 4, 4, 4, 4, 4, 4, 4, 4, 4, 4, 4, 4, 4, 4, 4, 4, 4, 4, 4, 4, 4, 4, 4, 4]
                    int[] faceVertexIndices = [0, 3, 2, 1, 4, 5, 6, 7, 0, 1, 5, 4, 2, 3, 7, 6, 1, 2, 6, 5, 3, 0, 4, 7, 8, 11, 10, 9, 12, 13, 14, 15, 8, 9, 13, 12, 10, 11, 15, 14, 9, 10, 14, 13, 11, 8, 12, 15, 16, 19, 18, 17, 20, 21, 22, 23, 16, 17, 21, 20, 18, 19, 23, 22, 17, 18, 22, 21, 19, 16, 20, 23, 24, 27, 26, 25, 28, 29, 30, 31, 24, 25, 29, 28, 26, 27, 31, 30, 25, 26, 30, 29, 27, 24, 28, 31, 32, 35, 34, 33, 36, 37, 38, 39, 32, 33, 37, 36, 34, 35, 39, 38, 33, 34, 38, 37, 35, 32, 36, 39, 40, 43, 42, 41, 44, 45, 46, 47, 40, 41, 45, 44, 42, 43, 47, 46, 41, 42, 46, 45, 43, 40, 44, 47]
                    rel material:binding = </GenericRack/Looks/StatusLamp>
                    uniform token orientation = "rightHanded"
                    point3f[] points = [(0.545, -0.178118, 1.919324), (0.547, -0.178118, 1.919324), (0.547, -0.173118, 1.919324), (0.545, -0.173118, 1.919324), (0.545, -0.178118, 1.923324), (0.547, -0.178118, 1.923324), (0.547, -0.173118, 1.923324), (0.545, -0.173118, 1.923324), (0.545, -0.098018, 1.919324), (0.547, -0.098018, 1.919324), (0.547, -0.093018, 1.919324), (0.545, -0.093018, 1.919324), (0.545, -0.098018, 1.923324), (0.547, -0.098018, 1.923324), (0.547, -0.093018, 1.923324), (0.545, -0.093018, 1.923324), (0.545, -0.017918, 1.919324), (0.547, -0.017918, 1.919324), (0.547, -0.012918, 1.919324), (0.545, -0.012918, 1.919324), (0.545, -0.017918, 1.923324), (0.547, -0.017918, 1.923324), (0.547, -0.012918, 1.923324), (0.545, -0.012918, 1.923324), (0.545, 0.062182, 1.919324), (0.547, 0.062182, 1.919324), (0.547, 0.067182, 1.919324), (0.545, 0.067182, 1.919324), (0.545, 0.062182, 1.923324), (0.547, 0.062182, 1.923324), (0.547, 0.067182, 1.923324), (0.545, 0.067182, 1.923324), (0.545, 0.142282, 1.919324), (0.547, 0.142282, 1.919324), (0.547, 0.147282, 1.919324), (0.545, 0.147282, 1.919324), (0.545, 0.142282, 1.923324), (0.547, 0.142282, 1.923324), (0.547, 0.147282, 1.923324), (0.545, 0.147282, 1.923324), (0.545, 0.222382, 1.919324), (0.547, 0.222382, 1.919324), (0.547, 0.227382, 1.919324), (0.545, 0.227382, 1.919324), (0.545, 0.222382, 1.923324), (0.547, 0.222382, 1.923324), (0.547, 0.227382, 1.923324), (0.545, 0.227382, 1.923324)]
                    uniform token subdivisionScheme = "none"
                }
            }

            def "power_43"
            {
                def Mesh "TrayPower" (
                    prepend apiSchemas = ["MaterialBindingAPI"]
                )
                {
                    float3[] extent = [(0.53, -0.2403, 1.93485), (0.545, 0.2403, 1.9778)]
                    int[] faceVertexCounts = [4, 4, 4, 4, 4, 4]
                    int[] faceVertexIndices = [0, 3, 2, 1, 4, 5, 6, 7, 0, 1, 5, 4, 2, 3, 7, 6, 1, 2, 6, 5, 3, 0, 4, 7]
                    rel material:binding = </GenericRack/Looks/TrayPower>
                    uniform token orientation = "rightHanded"
                    point3f[] points = [(0.53, -0.2403, 1.93485), (0.545, -0.2403, 1.93485), (0.545, 0.2403, 1.93485), (0.53, 0.2403, 1.93485), (0.53, -0.2403, 1.9778), (0.545, -0.2403, 1.9778), (0.545, 0.2403, 1.9778), (0.53, 0.2403, 1.9778)]
                    uniform token subdivisionScheme = "none"
                }

                def Mesh "VentDark" (
                    prepend apiSchemas = ["MaterialBindingAPI"]
                )
                {
                    float3[] extent = [(0.545, -0.1627, 1.9369975), (0.546, 0.1607, 1.9756525)]
                    int[] faceVertexCounts = [4, 4, 4, 4, 4, 4, 4, 4, 4, 4, 4, 4, 4, 4, 4, 4, 4, 4, 4, 4, 4, 4, 4, 4, 4, 4, 4, 4, 4, 4]
                    int[] faceVertexIndices = [0, 3, 2, 1, 4, 5, 6, 7, 0, 1, 5, 4, 2, 3, 7, 6, 1, 2, 6, 5, 3, 0, 4, 7, 8, 11, 10, 9, 12, 13, 14, 15, 8, 9, 13, 12, 10, 11, 15, 14, 9, 10, 14, 13, 11, 8, 12, 15, 16, 19, 18, 17, 20, 21, 22, 23, 16, 17, 21, 20, 18, 19, 23, 22, 17, 18, 22, 21, 19, 16, 20, 23, 24, 27, 26, 25, 28, 29, 30, 31, 24, 25, 29, 28, 26, 27, 31, 30, 25, 26, 30, 29, 27, 24, 28, 31, 32, 35, 34, 33, 36, 37, 38, 39, 32, 33, 37, 36, 34, 35, 39, 38, 33, 34, 38, 37, 35, 32, 36, 39]
                    rel material:binding = </GenericRack/Looks/VentDark>
                    uniform token orientation = "rightHanded"
                    point3f[] points = [(0.545, -0.1627, 1.9369975), (0.546, -0.1627, 1.9369975), (0.546, -0.1597, 1.9369975), (0.545, -0.1597, 1.9369975), (0.545, -0.1627, 1.9756525), (0.546, -0.1627, 1.9756525), (0.546, -0.1597, 1.9756525), (0.545, -0.1597, 1.9756525), (0.545, -0.0826, 1.9369975), (0.546, -0.0826, 1.9369975), (0.546, -0.0796, 1.9369975), (0.545, -0.0796, 1.9369975), (0.545, -0.0826, 1.9756525), (0.546, -0.0826, 1.9756525), (0.546, -0.0796, 1.9756525), (0.545, -0.0796, 1.9756525), (0.545, -0.0025, 1.9369975), (0.546, -0.0025, 1.9369975), (0.546, 0.0005, 1.9369975), (0.545, 0.0005, 1.9369975), (0.545, -0.0025, 1.9756525), (0.546, -0.0025, 1.9756525), (0.546, 0.0005, 1.9756525), (0.545, 0.0005, 1.9756525), (0.545, 0.0776, 1.9369975), (0.546, 0.0776, 1.9369975), (0.546, 0.0806, 1.9369975), (0.545, 0.0806, 1.9369975), (0.545, 0.0776, 1.9756525), (0.546, 0.0776, 1.9756525), (0.546, 0.0806, 1.9756525), (0.545, 0.0806, 1.9756525), (0.545, 0.1577, 1.9369975), (0.546, 0.1577, 1.9369975), (0.546, 0.1607, 1.9369975), (0.545, 0.1607, 1.9369975), (0.545, 0.1577, 1.9756525), (0.546, 0.1577, 1.9756525), (0.546, 0.1607, 1.9756525), (0.545, 0.1607, 1.9756525)]
                    uniform token subdivisionScheme = "none"
                }

                def Mesh "Handle" (
                    prepend apiSchemas = ["MaterialBindingAPI"]
                )
                {
                    float3[] extent = [(0.545, -0.2192725, 1.944735), (0.553, 0.2172725, 1.950735)]
                    int[] faceVertexCounts = [4, 4, 4, 4, 4, 4, 4, 4, 4, 4, 4, 4, 4, 4, 4, 4, 4, 4, 4, 4, 4, 4, 4, 4, 4, 4, 4, 4, 4, 4, 4, 4, 4, 4, 4, 4]
                    int[] faceVertexIndices = [0, 3, 2, 1, 4, 5, 6, 7, 0, 1, 5, 4, 2, 3, 7, 6, 1, 2, 6, 5, 3, 0, 4, 7, 8, 11, 10, 9, 12, 13, 14, 15, 8, 9, 13, 12, 10, 11, 15, 14, 9, 10, 14, 13, 11, 8, 12, 15, 16, 19, 18, 17, 20, 21, 22, 23, 16, 17, 21, 20, 18, 19, 23, 22, 17, 18, 22, 21, 19, 16, 20, 23, 24, 27, 26, 25, 28, 29, 30, 31, 24, 25, 29, 28, 26, 27, 31, 30, 25, 26, 30, 29, 27, 24, 28, 31, 32, 35, 34, 33, 36, 37, 38, 39, 32, 33, 37, 36, 34, 35, 39, 38, 33, 34, 38, 37, 35, 32, 36, 39, 40, 43, 42, 41, 44, 45, 46, 47, 40, 41, 45, 44, 42, 43, 47, 46, 41, 42, 46, 45, 43, 40, 44, 47]
                    rel material:binding = </GenericRack/Looks/Handle>
                    uniform token orientation = "rightHanded"
                    point3f[] points = [(0.545, -0.2192725, 1.944735), (0.553, -0.2192725, 1.944735), (0.553, -0.1832275, 1.944735), (0.545, -0.1832275, 1.944735), (0.545, -0.2192725, 1.950735), (0.553, -0.2192725, 1.950735), (0.553, -0.1832275, 1.950735), (0.545, -0.1832275, 1.950735), (0.545, -0.1391725, 1.944735), (0.553, -0.1391725, 1.944735), (0.553, -0.1031275, 1.944735), (0.545, -0.1031275, 1.944735), (0.545, -0.1391725, 1.950735), (0.553, -0.1391725, 1.950735), (0.553, -0.1031275, 1.950735), (0.545, -0.1031275, 1.950735), (0.545, -0.0590725, 1.944735), (0.553, -0.0590725, 1.944735), (0.553, -0.0230275, 1.944735), (0.545, -0.0230275, 1.944735), (0.545, -0.0590725, 1.950735), (0.553, -0.0590725, 1.950735), (0.553, -0.0230275, 1.950735), (0.545, -0.0230275, 1.950735), (0.545, 0.0210275, 1.944735), (0.553, 0.0210275, 1.944735), (0.553, 0.0570725, 1.944735), (0.545, 0.0570725, 1.944735), (0.545, 0.0210275, 1.950735), (0.553, 0.0210275, 1.950735), (0.553, 0.0570725, 1.950735), (0.545, 0.0570725, 1.950735), (0.545, 0.1011275, 1.944735), (0.553, 0.1011275, 1.944735), (0.553, 0.1371725, 1.944735), (0.545, 0.1371725, 1.944735), (0.545, 0.1011275, 1.950735), (0.553, 0.1011275, 1.950735), (0.553, 0.1371725, 1.950735), (0.545, 0.1371725, 1.950735), (0.545, 0.1812275, 1.944735), (0.553, 0.1812275, 1.944735), (0.553, 0.2172725, 1.944735), (0.545, 0.2172725, 1.944735), (0.545, 0.1812275, 1.950735), (0.553, 0.1812275, 1.950735), (0.553, 0.2172725, 1.950735), (0.545, 0.2172725, 1.950735)]
                    uniform token subdivisionScheme = "none"
                }

                def Mesh "StatusLamp" (
                    prepend apiSchemas = ["MaterialBindingAPI"]
                )
                {
                    float3[] extent = [(0.545, -0.178118, 1.963774), (0.547, 0.227382, 1.967774)]
                    int[] faceVertexCounts = [4, 4, 4, 4, 4, 4, 4, 4, 4, 4, 4, 4, 4, 4, 4, 4, 4, 4, 4, 4, 4, 4, 4, 4, 4, 4, 4, 4, 4, 4, 4, 4, 4, 4, 4, 4]
                    int[] faceVertexIndices = [0, 3, 2, 1, 4, 5, 6, 7, 0, 1, 5, 4, 2, 3, 7, 6, 1, 2, 6, 5, 3, 0, 4, 7, 8, 11, 10, 9, 12, 13, 14, 15, 8, 9, 13, 12, 10, 11, 15, 14, 9, 10, 14, 13, 11, 8, 12, 15, 16, 19, 18, 17, 20, 21, 22, 23, 16, 17, 21, 20, 18, 19, 23, 22, 17, 18, 22, 21, 19, 16, 20, 23, 24, 27, 26, 25, 28, 29, 30, 31, 24, 25, 29, 28, 26, 27, 31, 30, 25, 26, 30, 29, 27, 24, 28, 31, 32, 35, 34, 33, 36, 37, 38, 39, 32, 33, 37, 36, 34, 35, 39, 38, 33, 34, 38, 37, 35, 32, 36, 39, 40, 43, 42, 41, 44, 45, 46, 47, 40, 41, 45, 44, 42, 43, 47, 46, 41, 42, 46, 45, 43, 40, 44, 47]
                    rel material:binding = </GenericRack/Looks/StatusLamp>
                    uniform token orientation = "rightHanded"
                    point3f[] points = [(0.545, -0.178118, 1.963774), (0.547, -0.178118, 1.963774), (0.547, -0.173118, 1.963774), (0.545, -0.173118, 1.963774), (0.545, -0.178118, 1.967774), (0.547, -0.178118, 1.967774), (0.547, -0.173118, 1.967774), (0.545, -0.173118, 1.967774), (0.545, -0.098018, 1.963774), (0.547, -0.098018, 1.963774), (0.547, -0.093018, 1.963774), (0.545, -0.093018, 1.963774), (0.545, -0.098018, 1.967774), (0.547, -0.098018, 1.967774), (0.547, -0.093018, 1.967774), (0.545, -0.093018, 1.967774), (0.545, -0.017918, 1.963774), (0.547, -0.017918, 1.963774), (0.547, -0.012918, 1.963774), (0.545, -0.012918, 1.963774), (0.545, -0.017918, 1.967774), (0.547, -0.017918, 1.967774), (0.547, -0.012918, 1.967774), (0.545, -0.012918, 1.967774), (0.545, 0.062182, 1.963774), (0.547, 0.062182, 1.963774), (0.547, 0.067182, 1.963774), (0.545, 0.067182, 1.963774), (0.545, 0.062182, 1.967774), (0.547, 0.062182, 1.967774), (0.547, 0.067182, 1.967774), (0.545, 0.067182, 1.967774), (0.545, 0.142282, 1.963774), (0.547, 0.142282, 1.963774), (0.547, 0.147282, 1.963774), (0.545, 0.147282, 1.963774), (0.545, 0.142282, 1.967774), (0.547, 0.142282, 1.967774), (0.547, 0.147282, 1.967774), (0.545, 0.147282, 1.967774), (0.545, 0.222382, 1.963774), (0.547, 0.222382, 1.963774), (0.547, 0.227382, 1.963774), (0.545, 0.227382, 1.963774), (0.545, 0.222382, 1.967774), (0.547, 0.222382, 1.967774), (0.547, 0.227382, 1.967774), (0.545, 0.227382, 1.967774)]
                    uniform token subdivisionScheme = "none"
                }
            }

            def "blank_44"
            {
                def Mesh "TrayBlank" (
                    prepend apiSchemas = ["MaterialBindingAPI"]
                )
                {
                    float3[] extent = [(0.53, -0.2403, 1.9793), (0.545, 0.2403, 2.02225)]
                    int[] faceVertexCounts = [4, 4, 4, 4, 4, 4]
                    int[] faceVertexIndices = [0, 3, 2, 1, 4, 5, 6, 7, 0, 1, 5, 4, 2, 3, 7, 6, 1, 2, 6, 5, 3, 0, 4, 7]
                    rel material:binding = </GenericRack/Looks/TrayBlank>
                    uniform token orientation = "rightHanded"
                    point3f[] points = [(0.53, -0.2403, 1.9793), (0.545, -0.2403, 1.9793), (0.545, 0.2403, 1.9793), (0.53, 0.2403, 1.9793), (0.53, -0.2403, 2.02225), (0.545, -0.2403, 2.02225), (0.545, 0.2403, 2.02225), (0.53, 0.2403, 2.02225)]
                    uniform token subdivisionScheme = "none"
                }
            }

            def "stiffener_45"
            {
                def Mesh "Stiffener" (
                    prepend apiSchemas = ["MaterialBindingAPI"]
                )
                {
                    float3[] extent = [(0.53, -0.2403, 2.02375), (0.545, 0.2403, 2.11115)]
                    int[] faceVertexCounts = [4, 4, 4, 4, 4, 4]
                    int[] faceVertexIndices = [0, 3, 2, 1, 4, 5, 6, 7, 0, 1, 5, 4, 2, 3, 7, 6, 1, 2, 6, 5, 3, 0, 4, 7]
                    rel material:binding = </GenericRack/Looks/Stiffener>
                    uniform token orientation = "rightHanded"
                    point3f[] points = [(0.53, -0.2403, 2.02375), (0.545, -0.2403, 2.02375), (0.545, 0.2403, 2.02375), (0.53, 0.2403, 2.02375), (0.53, -0.2403, 2.11115), (0.545, -0.2403, 2.11115), (0.545, 0.2403, 2.11115), (0.53, 0.2403, 2.11115)]
                    uniform token subdivisionScheme = "none"
                }

                def Mesh "VentDark" (
                    prepend apiSchemas = ["MaterialBindingAPI"]
                )
                {
                    float3[] extent = [(0.545, -0.21717, 2.06545), (0.546, 0.21717, 2.06945)]
                    int[] faceVertexCounts = [4, 4, 4, 4, 4, 4]
                    int[] faceVertexIndices = [0, 3, 2, 1, 4, 5, 6, 7, 0, 1, 5, 4, 2, 3, 7, 6, 1, 2, 6, 5, 3, 0, 4, 7]
                    rel material:binding = </GenericRack/Looks/VentDark>
                    uniform token orientation = "rightHanded"
                    point3f[] points = [(0.545, -0.21717, 2.06545), (0.546, -0.21717, 2.06545), (0.546, 0.21717, 2.06545), (0.545, 0.21717, 2.06545), (0.545, -0.21717, 2.06945), (0.546, -0.21717, 2.06945), (0.546, 0.21717, 2.06945), (0.545, 0.21717, 2.06945)]
                    uniform token subdivisionScheme = "none"
                }
            }

            def "mgmt_47"
            {
                def Mesh "TrayMgmt" (
                    prepend apiSchemas = ["MaterialBindingAPI"]
                )
                {
                    float3[] extent = [(0.53, -0.2403, 2.11265), (0.545, 0.2403, 2.1556)]
                    int[] faceVertexCounts = [4, 4, 4, 4, 4, 4]
                    int[] faceVertexIndices = [0, 3, 2, 1, 4, 5, 6, 7, 0, 1, 5, 4, 2, 3, 7, 6, 1, 2, 6, 5, 3, 0, 4, 7]
                    rel material:binding = </GenericRack/Looks/TrayMgmt>
                    uniform token orientation = "rightHanded"
                    point3f[] points = [(0.53, -0.2403, 2.11265), (0.545, -0.2403, 2.11265), (0.545, 0.2403, 2.11265), (0.53, 0.2403, 2.11265), (0.53, -0.2403, 2.1556), (0.545, -0.2403, 2.1556), (0.545, 0.2403, 2.1556), (0.53, 0.2403, 2.1556)]
                    uniform token subdivisionScheme = "none"
                }

                def Mesh "PortCage" (
                    prepend apiSchemas = ["MaterialBindingAPI"]
                )
                {
                    float3[] extent = [(0.545, -0.183388, 2.1233876), (0.548, 0.106172, 2.1448624)]
                    int[] faceVertexCounts = [4, 4, 4, 4, 4, 4]
                    int[] faceVertexIndices = [0, 3, 2, 1, 4, 5, 6, 7, 0, 1, 5, 4, 2, 3, 7, 6, 1, 2, 6, 5, 3, 0, 4, 7]
                    rel material:binding = </GenericRack/Looks/PortCage>
                    uniform token orientation = "rightHanded"
                    point3f[] points = [(0.545, -0.183388, 2.1233876), (0.548, -0.183388, 2.1233876), (0.548, 0.106172, 2.1233876), (0.545, 0.106172, 2.1233876), (0.545, -0.183388, 2.1448624), (0.548, -0.183388, 2.1448624), (0.548, 0.106172, 2.1448624), (0.545, 0.106172, 2.1448624)]
                    uniform token subdivisionScheme = "none"
                }

                def Mesh "VentDark" (
                    prepend apiSchemas = ["MaterialBindingAPI"]
                )
                {
                    float3[] extent = [(0.548, -0.18157825, 2.1276824), (0.55, 0.10436225, 2.1405675)]
                    int[] faceVertexCounts = [4, 4, 4, 4, 4, 4, 4, 4, 4, 4, 4, 4, 4, 4, 4, 4, 4, 4, 4, 4, 4, 4, 4, 4, 4, 4, 4, 4, 4, 4, 4, 4, 4, 4, 4, 4, 4, 4, 4, 4, 4, 4, 4, 4, 4, 4, 4, 4, 4, 4, 4, 4, 4, 4, 4, 4, 4, 4, 4, 4, 4, 4, 4, 4, 4, 4, 4, 4, 4, 4, 4, 4, 4, 4, 4, 4, 4, 4, 4, 4, 4, 4, 4, 4, 4, 4, 4, 4, 4, 4, 4, 4, 4, 4, 4, 4, 4, 4, 4, 4, 4, 4, 4, 4, 4, 4, 4, 4, 4, 4, 4, 4, 4, 4, 4, 4, 4, 4, 4, 4, 4, 4, 4, 4, 4, 4, 4, 4, 4, 4, 4, 4, 4, 4, 4, 4, 4, 4, 4, 4, 4, 4, 4, 4]
                    int[] faceVertexIndices = [0, 3, 2, 1, 4, 5, 6, 7, 0, 1, 5, 4, 2, 3, 7, 6, 1, 2, 6, 5, 3, 0, 4, 7, 8, 11, 10, 9, 12, 13, 14, 15, 8, 9, 13, 12, 10, 11, 15, 14, 9, 10, 14, 13, 11, 8, 12, 15, 16, 19, 18, 17, 20, 21, 22, 23, 16, 17, 21, 20, 18, 19, 23, 22, 17, 18, 22, 21, 19, 16, 20, 23, 24, 27, 26, 25, 28, 29, 30, 31, 24, 25, 29, 28, 26, 27, 31, 30, 25, 26, 30, 29, 27, 24, 28, 31, 32, 35, 34, 33, 36, 37, 38, 39, 32, 33, 37, 36, 34, 35, 39, 38, 33, 34, 38, 37, 35, 32, 36, 39, 40, 43, 42, 41, 44, 45, 46, 47, 40, 41, 45, 44, 42, 43, 47, 46, 41, 42, 46, 45, 43, 40, 44, 47, 48, 51, 50, 49, 52, 53, 54, 55, 48, 49, 53, 52, 50, 51, 55, 54, 49, 50, 54, 53, 51, 48, 52, 55, 56, 59, 58, 57, 60, 61, 62, 63, 56, 57, 61, 60, 58, 59, 63, 62, 57, 58, 62, 61, 59, 56, 60, 63, 64, 67, 66, 65, 68, 69, 70, 71, 64, 65, 69, 68, 66, 67, 71, 70, 65, 66, 70, 69, 67, 64, 68, 71, 72, 75, 74, 73, 76, 77, 78, 79, 72, 73, 77, 76, 74, 75, 79, 78, 73, 74, 78, 77, 75, 72, 76, 79, 80, 83, 82, 81, 84, 85, 86, 87, 80, 81, 85, 84, 82, 83, 87, 86, 81, 82, 86, 85, 83, 80, 84, 87, 88, 91, 90, 89, 92, 93, 94, 95, 88, 89, 93, 92, 90, 91, 95, 94, 89, 90, 94, 93, 91, 88, 92, 95, 96, 99, 98, 97, 100, 101, 102, 103, 96, 97, 101, 100, 98, 99, 103, 102, 97, 98, 102, 101, 99, 96, 100, 103, 104, 107, 106, 105, 108, 109, 110, 111, 104, 105, 109, 108, 106, 107, 111, 110, 105, 106, 110, 109, 107, 104, 108, 111, 112, 115, 114, 113, 116, 117, 118, 119, 112, 113, 117, 116, 114, 115, 119, 118, 113, 114, 118, 117, 115, 112, 116, 119, 120, 123, 122, 121, 124, 125, 126, 127, 120, 121, 125, 124, 122, 123, 127, 126, 121, 122, 126, 125, 123, 120, 124, 127, 128, 131, 130, 129, 132, 133, 134, 135, 128, 129, 133, 132, 130, 131, 135, 134, 129, 130, 134, 133, 131, 128, 132, 135, 136, 139, 138, 137, 140, 141, 142, 143, 136, 137, 141, 140, 138, 139, 143, 142, 137, 138, 142, 141, 139, 136, 140, 143, 144, 147, 146, 145, 148, 149, 150, 151, 144, 145, 149, 148, 146, 147, 151, 150, 145, 146, 150, 149, 147, 144, 148, 151, 152, 155, 154, 153, 156, 157, 158, 159, 152, 153, 157, 156, 154, 155, 159, 158, 153, 154, 158, 157, 155, 152, 156, 159, 160, 163, 162, 161, 164, 165, 166, 167, 160, 161, 165, 164, 162, 163, 167, 166, 161, 162, 166, 165, 163, 160, 164, 167, 168, 171, 170, 169, 172, 173, 174, 175, 168, 169, 173, 172, 170, 171, 175, 174, 169, 170, 174, 173, 171, 168, 172, 175, 176, 179, 178, 177, 180, 181, 182, 183, 176, 177, 181, 180, 178, 179, 183, 182, 177, 178, 182, 181, 179, 176, 180, 183, 184, 187, 186, 185, 188, 189, 190, 191, 184, 185, 189, 188, 186, 187, 191, 190, 185, 186, 190, 189, 187, 184, 188, 191]
                    rel material:binding = </GenericRack/Looks/VentDark>
                    uniform token orientation = "rightHanded"
                    point3f[] points = [(0.548, -0.18157825, 2.1276824), (0.55, -0.18157825, 2.1276824), (0.55, -0.17313275, 2.1276824), (0.548, -0.17313275, 2.1276824), (0.548, -0.18157825, 2.1405675), (0.55, -0.18157825, 2.1405675), (0.55, -0.17313275, 2.1405675), (0.548, -0.17313275, 2.1405675), (0.548, -0.16951326, 2.1276824), (0.55, -0.16951326, 2.1276824), (0.55, -0.16106775, 2.1276824), (0.548, -0.16106775, 2.1276824), (0.548, -0.16951326, 2.1405675), (0.55, -0.16951326, 2.1405675), (0.55, -0.16106775, 2.1405675), (0.548, -0.16106775, 2.1405675), (0.548, -0.15744825, 2.1276824), (0.55, -0.15744825, 2.1276824), (0.55, -0.14900275, 2.1276824), (0.548, -0.14900275, 2.1276824), (0.548, -0.15744825, 2.1405675), (0.55, -0.15744825, 2.1405675), (0.55, -0.14900275, 2.1405675), (0.548, -0.14900275, 2.1405675), (0.548, -0.14538325, 2.1276824), (0.55, -0.14538325, 2.1276824), (0.55, -0.13693775, 2.1276824), (0.548, -0.13693775, 2.1276824), (0.548, -0.14538325, 2.1405675), (0.55, -0.14538325, 2.1405675), (0.55, -0.13693775, 2.1405675), (0.548, -0.13693775, 2.1405675), (0.548, -0.13331825, 2.1276824), (0.55, -0.13331825, 2.1276824), (0.55, -0.12487275, 2.1276824), (0.548, -0.12487275, 2.1276824), (0.548, -0.13331825, 2.1405675), (0.55, -0.13331825, 2.1405675), (0.55, -0.12487275, 2.1405675), (0.548, -0.12487275, 2.1405675), (0.548, -0.12125325, 2.1276824), (0.55, -0.12125325, 2.1276824), (0.55, -0.11280775, 2.1276824), (0.548, -0.11280775, 2.1276824), (0.548, -0.12125325, 2.1405675), (0.55, -0.12125325, 2.1405675), (0.55, -0.11280775, 2.1405675), (0.548, -0.11280775, 2.1405675), (0.548, -0.10918825, 2.1276824), (0.55, -0.10918825, 2.1276824), (0.55, -0.10074275, 2.1276824), (0.548, -0.10074275, 2.1276824), (0.548, -0.10918825, 2.1405675), (0.55, -0.10918825, 2.1405675), (0.55, -0.10074275, 2.1405675), (0.548, -0.10074275, 2.1405675), (0.548, -0.09712325, 2.1276824), (0.55, -0.09712325, 2.1276824), (0.55, -0.08867775, 2.1276824), (0.548, -0.08867775, 2.1276824), (0.548, -0.09712325, 2.1405675), (0.55, -0.09712325, 2.1405675), (0.55, -0.08867775, 2.1405675), (0.548, -0.08867775, 2.1405675), (0.548, -0.08505825, 2.1276824), (0.55, -0.08505825, 2.1276824), (0.55, -0.07661275, 2.1276824), (0.548, -0.07661275, 2.1276824), (0.548, -0.08505825, 2.1405675), (0.55, -0.08505825, 2.1405675), (0.55, -0.07661275, 2.1405675), (0.548, -0.07661275, 2.1405675), (0.548, -0.07299325, 2.1276824), (0.55, -0.07299325, 2.1276824), (0.55, -0.06454775, 2.1276824), (0.548, -0.06454775, 2.1276824), (0.548, -0.07299325, 2.1405675), (0.55, -0.07299325, 2.1405675), (0.55, -0.06454775, 2.1405675), (0.548, -0.06454775, 2.1405675), (0.548, -0.06092825, 2.1276824), (0.55, -0.06092825, 2.1276824), (0.55, -0.05248275, 2.1276824), (0.548, -0.05248275, 2.1276824), (0.548, -0.06092825, 2.1405675), (0.55, -0.06092825, 2.1405675), (0.55, -0.05248275, 2.1405675), (0.548, -0.05248275, 2.1405675), (0.548, -0.04886325, 2.1276824), (0.55, -0.04886325, 2.1276824), (0.55, -0.04041775, 2.1276824), (0.548, -0.04041775, 2.1276824), (0.548, -0.04886325, 2.1405675), (0.55, -0.04886325, 2.1405675), (0.55, -0.04041775, 2.1405675), (0.548, -0.04041775, 2.1405675), (0.548, -0.03679825, 2.1276824), (0.55, -0.03679825, 2.1276824), (0.55, -0.02835275, 2.1276824), (0.548, -0.02835275, 2.1276824), (0.548, -0.03679825, 2.1405675), (0.55, -0.03679825, 2.1405675), (0.55, -0.02835275, 2.1405675), (0.548, -0.02835275, 2.1405675), (0.548, -0.02473325, 2.1276824), (0.55, -0.02473325, 2.1276824), (0.55, -0.01628775, 2.1276824), (0.548, -0.01628775, 2.1276824), (0.548, -0.02473325, 2.1405675), (0.55, -0.02473325, 2.1405675), (0.55, -0.01628775, 2.1405675), (0.548, -0.01628775, 2.1405675), (0.548, -0.01266825, 2.1276824), (0.55, -0.01266825, 2.1276824), (0.55, -0.00422275, 2.1276824), (0.548, -0.00422275, 2.1276824), (0.548, -0.01266825, 2.1405675), (0.55, -0.01266825, 2.1405675), (0.55, -0.00422275, 2.1405675), (0.548, -0.00422275, 2.1405675), (0.548, -0.00060325, 2.1276824), (0.55, -0.00060325, 2.1276824), (0.55, 0.00784225, 2.1276824), (0.548, 0.00784225, 2.1276824), (0.548, -0.00060325, 2.1405675), (0.55, -0.00060325, 2.1405675), (0.55, 0.00784225, 2.1405675), (0.548, 0.00784225, 2.1405675), (0.548, 0.01146175, 2.1276824), (0.55, 0.01146175, 2.1276824), (0.55, 0.01990725, 2.1276824), (0.548, 0.01990725, 2.1276824), (0.548, 0.01146175, 2.1405675), (0.55, 0.01146175, 2.1405675), (0.55, 0.01990725, 2.1405675), (0.548, 0.01990725, 2.1405675), (0.548, 0.02352675, 2.1276824), (0.55, 0.02352675, 2.1276824), (0.55, 0.03197225, 2.1276824), (0.548, 0.03197225, 2.1276824), (0.548, 0.02352675, 2.1405675), (0.55, 0.02352675, 2.1405675), (0.55, 0.03197225, 2.1405675), (0.548, 0.03197225, 2.1405675), (0.548, 0.03559175, 2.1276824), (0.55, 0.03559175, 2.1276824), (0.55, 0.04403725, 2.1276824), (0.548, 0.04403725, 2.1276824), (0.548, 0.03559175, 2.1405675), (0.55, 0.03559175, 2.1405675), (0.55, 0.04403725, 2.1405675), (0.548, 0.04403725, 2.1405675), (0.548, 0.04765675, 2.1276824), (0.55, 0.04765675, 2.1276824), (0.55, 0.05610225, 2.1276824), (0.548, 0.05610225, 2.1276824), (0.548, 0.04765675, 2.1405675), (0.55, 0.04765675, 2.1405675), (0.55, 0.05610225, 2.1405675), (0.548, 0.05610225, 2.1405675), (0.548, 0.05972175, 2.1276824), (0.55, 0.05972175, 2.1276824), (0.55, 0.06816725, 2.1276824), (0.548, 0.06816725, 2.1276824), (0.548, 0.05972175, 2.1405675), (0.55, 0.05972175, 2.1405675), (0.55, 0.06816725, 2.1405675), (0.548, 0.06816725, 2.1405675), (0.548, 0.07178675, 2.1276824), (0.55, 0.07178675, 2.1276824), (0.55, 0.08023225, 2.1276824), (0.548, 0.08023225, 2.1276824), (0.548, 0.07178675, 2.1405675), (0.55, 0.07178675, 2.1405675), (0.55, 0.08023225, 2.1405675), (0.548, 0.08023225, 2.1405675), (0.548, 0.08385175, 2.1276824), (0.55, 0.08385175, 2.1276824), (0.55, 0.09229725, 2.1276824), (0.548, 0.09229725, 2.1276824), (0.548, 0.08385175, 2.1405675), (0.55, 0.08385175, 2.1405675), (0.55, 0.09229725, 2.1405675), (0.548, 0.09229725, 2.1405675), (0.548, 0.09591675, 2.1276824), (0.55, 0.09591675, 2.1276824), (0.55, 0.10436225, 2.1276824), (0.548, 0.10436225, 2.1276824), (0.548, 0.09591675, 2.1405675), (0.55, 0.09591675, 2.1405675), (0.55, 0.10436225, 2.1405675), (0.548, 0.10436225, 2.1405675)]
                    uniform token subdivisionScheme = "none"
                }

                def Mesh "StatusLamp" (
                    prepend apiSchemas = ["MaterialBindingAPI"]
                )
                {
                    float3[] extent = [(0.545, 0.1983, 2.132125), (0.547, 0.2043, 2.136125)]
                    int[] faceVertexCounts = [4, 4, 4, 4, 4, 4]
                    int[] faceVertexIndices = [0, 3, 2, 1, 4, 5, 6, 7, 0, 1, 5, 4, 2, 3, 7, 6, 1, 2, 6, 5, 3, 0, 4, 7]
                    rel material:binding = </GenericRack/Looks/StatusLamp>
                    uniform token orientation = "rightHanded"
                    point3f[] points = [(0.545, 0.1983, 2.132125), (0.547, 0.1983, 2.132125), (0.547, 0.2043, 2.132125), (0.545, 0.2043, 2.132125), (0.545, 0.1983, 2.136125), (0.547, 0.1983, 2.136125), (0.547, 0.2043, 2.136125), (0.545, 0.2043, 2.136125)]
                    uniform token subdivisionScheme = "none"
                }
            }

            def "mgmt_48"
            {
                def Mesh "TrayMgmt" (
                    prepend apiSchemas = ["MaterialBindingAPI"]
                )
                {
                    float3[] extent = [(0.53, -0.2403, 2.1571), (0.545, 0.2403, 2.20005)]
                    int[] faceVertexCounts = [4, 4, 4, 4, 4, 4]
                    int[] faceVertexIndices = [0, 3, 2, 1, 4, 5, 6, 7, 0, 1, 5, 4, 2, 3, 7, 6, 1, 2, 6, 5, 3, 0, 4, 7]
                    rel material:binding = </GenericRack/Looks/TrayMgmt>
                    uniform token orientation = "rightHanded"
                    point3f[] points = [(0.53, -0.2403, 2.1571), (0.545, -0.2403, 2.1571), (0.545, 0.2403, 2.1571), (0.53, 0.2403, 2.1571), (0.53, -0.2403, 2.20005), (0.545, -0.2403, 2.20005), (0.545, 0.2403, 2.20005), (0.53, 0.2403, 2.20005)]
                    uniform token subdivisionScheme = "none"
                }

                def Mesh "PortCage" (
                    prepend apiSchemas = ["MaterialBindingAPI"]
                )
                {
                    float3[] extent = [(0.545, -0.183388, 2.1678374), (0.548, 0.106172, 2.1893125)]
                    int[] faceVertexCounts = [4, 4, 4, 4, 4, 4]
                    int[] faceVertexIndices = [0, 3, 2, 1, 4, 5, 6, 7, 0, 1, 5, 4, 2, 3, 7, 6, 1, 2, 6, 5, 3, 0, 4, 7]
                    rel material:binding = </GenericRack/Looks/PortCage>
                    uniform token orientation = "rightHanded"
                    point3f[] points = [(0.545, -0.183388, 2.1678374), (0.548, -0.183388, 2.1678374), (0.548, 0.106172, 2.1678374), (0.545, 0.106172, 2.1678374), (0.545, -0.183388, 2.1893125), (0.548, -0.183388, 2.1893125), (0.548, 0.106172, 2.1893125), (0.545, 0.106172, 2.1893125)]
                    uniform token subdivisionScheme = "none"
                }

                def Mesh "VentDark" (
                    prepend apiSchemas = ["MaterialBindingAPI"]
                )
                {
                    float3[] extent = [(0.548, -0.18157825, 2.1721325), (0.55, 0.10436225, 2.1850176)]
                    int[] faceVertexCounts = [4, 4, 4, 4, 4, 4, 4, 4, 4, 4, 4, 4, 4, 4, 4, 4, 4, 4, 4, 4, 4, 4, 4, 4, 4, 4, 4, 4, 4, 4, 4, 4, 4, 4, 4, 4, 4, 4, 4, 4, 4, 4, 4, 4, 4, 4, 4, 4, 4, 4, 4, 4, 4, 4, 4, 4, 4, 4, 4, 4, 4, 4, 4, 4, 4, 4, 4, 4, 4, 4, 4, 4, 4, 4, 4, 4, 4, 4, 4, 4, 4, 4, 4, 4, 4, 4, 4, 4, 4, 4, 4, 4, 4, 4, 4, 4, 4, 4, 4, 4, 4, 4, 4, 4, 4, 4, 4, 4, 4, 4, 4, 4, 4, 4, 4, 4, 4, 4, 4, 4, 4, 4, 4, 4, 4, 4, 4, 4, 4, 4, 4, 4, 4, 4, 4, 4, 4, 4, 4, 4, 4, 4, 4, 4]
                    int[] faceVertexIndices = [0, 3, 2, 1, 4, 5, 6, 7, 0, 1, 5, 4, 2, 3, 7, 6, 1, 2, 6, 5, 3, 0, 4, 7, 8, 11, 10, 9, 12, 13, 14, 15, 8, 9, 13, 12, 10, 11, 15, 14, 9, 10, 14, 13, 11, 8, 12, 15, 16, 19, 18, 17, 20, 21, 22, 23, 16, 17, 21, 20, 18, 19, 23, 22, 17, 18, 22, 21, 19, 16, 20, 23, 24, 27, 26, 25, 28, 29, 30, 31, 24, 25, 29, 28, 26, 27, 31, 30, 25, 26, 30, 29, 27, 24, 28, 31, 32, 35, 34, 33, 36, 37, 38, 39, 32, 33, 37, 36, 34, 35, 39, 38, 33, 34, 38, 37, 35, 32, 36, 39, 40, 43, 42, 41, 44, 45, 46, 47, 40, 41, 45, 44, 42, 43, 47, 46, 41, 42, 46, 45, 43, 40, 44, 47, 48, 51, 50, 49, 52, 53, 54, 55, 48, 49, 53, 52, 50, 51, 55, 54, 49, 50, 54, 53, 51, 48, 52, 55, 56, 59, 58, 57, 60, 61, 62, 63, 56, 57, 61, 60, 58, 59, 63, 62, 57, 58, 62, 61, 59, 56, 60, 63, 64, 67, 66, 65, 68, 69, 70, 71, 64, 65, 69, 68, 66, 67, 71, 70, 65, 66, 70, 69, 67, 64, 68, 71, 72, 75, 74, 73, 76, 77, 78, 79, 72, 73, 77, 76, 74, 75, 79, 78, 73, 74, 78, 77, 75, 72, 76, 79, 80, 83, 82, 81, 84, 85, 86, 87, 80, 81, 85, 84, 82, 83, 87, 86, 81, 82, 86, 85, 83, 80, 84, 87, 88, 91, 90, 89, 92, 93, 94, 95, 88, 89, 93, 92, 90, 91, 95, 94, 89, 90, 94, 93, 91, 88, 92, 95, 96, 99, 98, 97, 100, 101, 102, 103, 96, 97, 101, 100, 98, 99, 103, 102, 97, 98, 102, 101, 99, 96, 100, 103, 104, 107, 106, 105, 108, 109, 110, 111, 104, 105, 109, 108, 106, 107, 111, 110, 105, 106, 110, 109, 107, 104, 108, 111, 112, 115, 114, 113, 116, 117, 118, 119, 112, 113, 117, 116, 114, 115, 119, 118, 113, 114, 118, 117, 115, 112, 116, 119, 120, 123, 122, 121, 124, 125, 126, 127, 120, 121, 125, 124, 122, 123, 127, 126, 121, 122, 126, 125, 123, 120, 124, 127, 128, 131, 130, 129, 132, 133, 134, 135, 128, 129, 133, 132, 130, 131, 135, 134, 129, 130, 134, 133, 131, 128, 132, 135, 136, 139, 138, 137, 140, 141, 142, 143, 136, 137, 141, 140, 138, 139, 143, 142, 137, 138, 142, 141, 139, 136, 140, 143, 144, 147, 146, 145, 148, 149, 150, 151, 144, 145, 149, 148, 146, 147, 151, 150, 145, 146, 150, 149, 147, 144, 148, 151, 152, 155, 154, 153, 156, 157, 158, 159, 152, 153, 157, 156, 154, 155, 159, 158, 153, 154, 158, 157, 155, 152, 156, 159, 160, 163, 162, 161, 164, 165, 166, 167, 160, 161, 165, 164, 162, 163, 167, 166, 161, 162, 166, 165, 163, 160, 164, 167, 168, 171, 170, 169, 172, 173, 174, 175, 168, 169, 173, 172, 170, 171, 175, 174, 169, 170, 174, 173, 171, 168, 172, 175, 176, 179, 178, 177, 180, 181, 182, 183, 176, 177, 181, 180, 178, 179, 183, 182, 177, 178, 182, 181, 179, 176, 180, 183, 184, 187, 186, 185, 188, 189, 190, 191, 184, 185, 189, 188, 186, 187, 191, 190, 185, 186, 190, 189, 187, 184, 188, 191]
                    rel material:binding = </GenericRack/Looks/VentDark>
                    uniform token orientation = "rightHanded"
                    point3f[] points = [(0.548, -0.18157825, 2.1721325), (0.55, -0.18157825, 2.1721325), (0.55, -0.17313275, 2.1721325), (0.548, -0.17313275, 2.1721325), (0.548, -0.18157825, 2.1850176), (0.55, -0.18157825, 2.1850176), (0.55, -0.17313275, 2.1850176), (0.548, -0.17313275, 2.1850176), (0.548, -0.16951326, 2.1721325), (0.55, -0.16951326, 2.1721325), (0.55, -0.16106775, 2.1721325), (0.548, -0.16106775, 2.1721325), (0.548, -0.16951326, 2.1850176), (0.55, -0.16951326, 2.1850176), (0.55, -0.16106775, 2.1850176), (0.548, -0.16106775, 2.1850176), (0.548, -0.15744825, 2.1721325), (0.55, -0.15744825, 2.1721325), (0.55, -0.14900275, 2.1721325), (0.548, -0.14900275, 2.1721325), (0.548, -0.15744825, 2.1850176), (0.55, -0.15744825, 2.1850176), (0.55, -0.14900275, 2.1850176), (0.548, -0.14900275, 2.1850176), (0.548, -0.14538325, 2.1721325), (0.55, -0.14538325, 2.1721325), (0.55, -0.13693775, 2.1721325), (0.548, -0.13693775, 2.1721325), (0.548, -0.14538325, 2.1850176), (0.55, -0.14538325, 2.1850176), (0.55, -0.13693775, 2.1850176), (0.548, -0.13693775, 2.1850176), (0.548, -0.13331825, 2.1721325), (0.55, -0.13331825, 2.1721325), (0.55, -0.12487275, 2.1721325), (0.548, -0.12487275, 2.1721325), (0.548, -0.13331825, 2.1850176), (0.55, -0.13331825, 2.1850176), (0.55, -0.12487275, 2.1850176), (0.548, -0.12487275, 2.1850176), (0.548, -0.12125325, 2.1721325), (0.55, -0.12125325, 2.1721325), (0.55, -0.11280775, 2.1721325), (0.548, -0.11280775, 2.1721325), (0.548, -0.12125325, 2.1850176), (0.55, -0.12125325, 2.1850176), (0.55, -0.11280775, 2.1850176), (0.548, -0.11280775, 2.1850176), (0.548, -0.10918825, 2.1721325), (0.55, -0.10918825, 2.1721325), (0.55, -0.10074275, 2.1721325), (0.548, -0.10074275, 2.1721325), (0.548, -0.10918825, 2.1850176), (0.55, -0.10918825, 2.1850176), (0.55, -0.10074275, 2.1850176), (0.548, -0.10074275, 2.1850176), (0.548, -0.09712325, 2.1721325), (0.55, -0.09712325, 2.1721325), (0.55, -0.08867775, 2.1721325), (0.548, -0.08867775, 2.1721325), (0.548, -0.09712325, 2.1850176), (0.55, -0.09712325, 2.1850176), (0.55, -0.08867775, 2.1850176), (0.548, -0.08867775, 2.1850176), (0.548, -0.08505825, 2.1721325), (0.55, -0.08505825, 2.1721325), (0.55, -0.07661275, 2.1721325), (0.548, -0.07661275, 2.1721325), (0.548, -0.08505825, 2.1850176), (0.55, -0.08505825, 2.1850176), (0.55, -0.07661275, 2.1850176), (0.548, -0.07661275, 2.1850176), (0.548, -0.07299325, 2.1721325), (0.55, -0.07299325, 2.1721325), (0.55, -0.06454775, 2.1721325), (0.548, -0.06454775, 2.1721325), (0.548, -0.07299325, 2.1850176), (0.55, -0.07299325, 2.1850176), (0.55, -0.06454775, 2.1850176), (0.548, -0.06454775, 2.1850176), (0.548, -0.06092825, 2.1721325), (0.55, -0.06092825, 2.1721325), (0.55, -0.05248275, 2.1721325), (0.548, -0.05248275, 2.1721325), (0.548, -0.06092825, 2.1850176), (0.55, -0.06092825, 2.1850176), (0.55, -0.05248275, 2.1850176), (0.548, -0.05248275, 2.1850176), (0.548, -0.04886325, 2.1721325), (0.55, -0.04886325, 2.1721325), (0.55, -0.04041775, 2.1721325), (0.548, -0.04041775, 2.1721325), (0.548, -0.04886325, 2.1850176), (0.55, -0.04886325, 2.1850176), (0.55, -0.04041775, 2.1850176), (0.548, -0.04041775, 2.1850176), (0.548, -0.03679825, 2.1721325), (0.55, -0.03679825, 2.1721325), (0.55, -0.02835275, 2.1721325), (0.548, -0.02835275, 2.1721325), (0.548, -0.03679825, 2.1850176), (0.55, -0.03679825, 2.1850176), (0.55, -0.02835275, 2.1850176), (0.548, -0.02835275, 2.1850176), (0.548, -0.02473325, 2.1721325), (0.55, -0.02473325, 2.1721325), (0.55, -0.01628775, 2.1721325), (0.548, -0.01628775, 2.1721325), (0.548, -0.02473325, 2.1850176), (0.55, -0.02473325, 2.1850176), (0.55, -0.01628775, 2.1850176), (0.548, -0.01628775, 2.1850176), (0.548, -0.01266825, 2.1721325), (0.55, -0.01266825, 2.1721325), (0.55, -0.00422275, 2.1721325), (0.548, -0.00422275, 2.1721325), (0.548, -0.01266825, 2.1850176), (0.55, -0.01266825, 2.1850176), (0.55, -0.00422275, 2.1850176), (0.548, -0.00422275, 2.1850176), (0.548, -0.00060325, 2.1721325), (0.55, -0.00060325, 2.1721325), (0.55, 0.00784225, 2.1721325), (0.548, 0.00784225, 2.1721325), (0.548, -0.00060325, 2.1850176), (0.55, -0.00060325, 2.1850176), (0.55, 0.00784225, 2.1850176), (0.548, 0.00784225, 2.1850176), (0.548, 0.01146175, 2.1721325), (0.55, 0.01146175, 2.1721325), (0.55, 0.01990725, 2.1721325), (0.548, 0.01990725, 2.1721325), (0.548, 0.01146175, 2.1850176), (0.55, 0.01146175, 2.1850176), (0.55, 0.01990725, 2.1850176), (0.548, 0.01990725, 2.1850176), (0.548, 0.02352675, 2.1721325), (0.55, 0.02352675, 2.1721325), (0.55, 0.03197225, 2.1721325), (0.548, 0.03197225, 2.1721325), (0.548, 0.02352675, 2.1850176), (0.55, 0.02352675, 2.1850176), (0.55, 0.03197225, 2.1850176), (0.548, 0.03197225, 2.1850176), (0.548, 0.03559175, 2.1721325), (0.55, 0.03559175, 2.1721325), (0.55, 0.04403725, 2.1721325), (0.548, 0.04403725, 2.1721325), (0.548, 0.03559175, 2.1850176), (0.55, 0.03559175, 2.1850176), (0.55, 0.04403725, 2.1850176), (0.548, 0.04403725, 2.1850176), (0.548, 0.04765675, 2.1721325), (0.55, 0.04765675, 2.1721325), (0.55, 0.05610225, 2.1721325), (0.548, 0.05610225, 2.1721325), (0.548, 0.04765675, 2.1850176), (0.55, 0.04765675, 2.1850176), (0.55, 0.05610225, 2.1850176), (0.548, 0.05610225, 2.1850176), (0.548, 0.05972175, 2.1721325), (0.55, 0.05972175, 2.1721325), (0.55, 0.06816725, 2.1721325), (0.548, 0.06816725, 2.1721325), (0.548, 0.05972175, 2.1850176), (0.55, 0.05972175, 2.1850176), (0.55, 0.06816725, 2.1850176), (0.548, 0.06816725, 2.1850176), (0.548, 0.07178675, 2.1721325), (0.55, 0.07178675, 2.1721325), (0.55, 0.08023225, 2.1721325), (0.548, 0.08023225, 2.1721325), (0.548, 0.07178675, 2.1850176), (0.55, 0.07178675, 2.1850176), (0.55, 0.08023225, 2.1850176), (0.548, 0.08023225, 2.1850176), (0.548, 0.08385175, 2.1721325), (0.55, 0.08385175, 2.1721325), (0.55, 0.09229725, 2.1721325), (0.548, 0.09229725, 2.1721325), (0.548, 0.08385175, 2.1850176), (0.55, 0.08385175, 2.1850176), (0.55, 0.09229725, 2.1850176), (0.548, 0.09229725, 2.1850176), (0.548, 0.09591675, 2.1721325), (0.55, 0.09591675, 2.1721325), (0.55, 0.10436225, 2.1721325), (0.548, 0.10436225, 2.1721325), (0.548, 0.09591675, 2.1850176), (0.55, 0.09591675, 2.1850176), (0.55, 0.10436225, 2.1850176), (0.548, 0.10436225, 2.1850176)]
                    uniform token subdivisionScheme = "none"
                }

                def Mesh "StatusLamp" (
                    prepend apiSchemas = ["MaterialBindingAPI"]
                )
                {
                    float3[] extent = [(0.545, 0.1983, 2.176575), (0.547, 0.2043, 2.180575)]
                    int[] faceVertexCounts = [4, 4, 4, 4, 4, 4]
                    int[] faceVertexIndices = [0, 3, 2, 1, 4, 5, 6, 7, 0, 1, 5, 4, 2, 3, 7, 6, 1, 2, 6, 5, 3, 0, 4, 7]
                    rel material:binding = </GenericRack/Looks/StatusLamp>
                    uniform token orientation = "rightHanded"
                    point3f[] points = [(0.545, 0.1983, 2.176575), (0.547, 0.1983, 2.176575), (0.547, 0.2043, 2.176575), (0.545, 0.2043, 2.176575), (0.545, 0.1983, 2.180575), (0.547, 0.1983, 2.180575), (0.547, 0.2043, 2.180575), (0.545, 0.2043, 2.180575)]
                    uniform token subdivisionScheme = "none"
                }
            }
        }

        def "Rear"
        {
            def Mesh "Busbar" (
                prepend apiSchemas = ["MaterialBindingAPI"]
            )
            {
                float3[] extent = [(-0.53, -0.045, 0.0672), (-0.5, 0.045, 2.2008)]
                int[] faceVertexCounts = [4, 4, 4, 4, 4, 4]
                int[] faceVertexIndices = [0, 3, 2, 1, 4, 5, 6, 7, 0, 1, 5, 4, 2, 3, 7, 6, 1, 2, 6, 5, 3, 0, 4, 7]
                rel material:binding = </GenericRack/Looks/Busbar>
                uniform token orientation = "rightHanded"
                point3f[] points = [(-0.53, -0.045, 0.0672), (-0.5, -0.045, 0.0672), (-0.5, 0.045, 0.0672), (-0.53, 0.045, 0.0672), (-0.53, -0.045, 2.2008), (-0.5, -0.045, 2.2008), (-0.5, 0.045, 2.2008), (-0.53, 0.045, 2.2008)]
                uniform token subdivisionScheme = "none"
            }

            def Mesh "ManifoldSteel" (
                prepend apiSchemas = ["MaterialBindingAPI"]
            )
            {
                float3[] extent = [(-0.556, -0.196, 0.12), (-0.504, 0.196, 2.178)]
                int[] faceVertexCounts = [4, 4, 4, 4, 4, 4, 4, 4, 4, 4, 4, 4, 4, 4, 4, 4, 3, 3, 3, 3, 3, 3, 3, 3, 3, 3, 3, 3, 3, 3, 3, 3, 3, 3, 3, 3, 3, 3, 3, 3, 3, 3, 3, 3, 3, 3, 3, 3, 4, 4, 4, 4, 4, 4, 4, 4, 4, 4, 4, 4, 4, 4, 4, 4, 3, 3, 3, 3, 3, 3, 3, 3, 3, 3, 3, 3, 3, 3, 3, 3, 3, 3, 3, 3, 3, 3, 3, 3, 3, 3, 3, 3, 3, 3, 3, 3]
                int[] faceVertexIndices = [0, 1, 17, 16, 1, 2, 18, 17, 2, 3, 19, 18, 3, 4, 20, 19, 4, 5, 21, 20, 5, 6, 22, 21, 6, 7, 23, 22, 7, 8, 24, 23, 8, 9, 25, 24, 9, 10, 26, 25, 10, 11, 27, 26, 11, 12, 28, 27, 12, 13, 29, 28, 13, 14, 30, 29, 14, 15, 31, 30, 15, 0, 16, 31, 32, 1, 0, 33, 16, 17, 32, 2, 1, 33, 17, 18, 32, 3, 2, 33, 18, 19, 32, 4, 3, 33, 19, 20, 32, 5, 4, 33, 20, 21, 32, 6, 5, 33, 21, 22, 32, 7, 6, 33, 22, 23, 32, 8, 7, 33, 23, 24, 32, 9, 8, 33, 24, 25, 32, 10, 9, 33, 25, 26, 32, 11, 10, 33, 26, 27, 32, 12, 11, 33, 27, 28, 32, 13, 12, 33, 28, 29, 32, 14, 13, 33, 29, 30, 32, 15, 14, 33, 30, 31, 32, 0, 15, 33, 31, 16, 34, 35, 51, 50, 35, 36, 52, 51, 36, 37, 53, 52, 37, 38, 54, 53, 38, 39, 55, 54, 39, 40, 56, 55, 40, 41, 57, 56, 41, 42, 58, 57, 42, 43, 59, 58, 43, 44, 60, 59, 44, 45, 61, 60, 45, 46, 62, 61, 46, 47, 63, 62, 47, 48, 64, 63, 48, 49, 65, 64, 49, 34, 50, 65, 66, 35, 34, 67, 50, 51, 66, 36, 35, 67, 51, 52, 66, 37, 36, 67, 52, 53, 66, 38, 37, 67, 53, 54, 66, 39, 38, 67, 54, 55, 66, 40, 39, 67, 55, 56, 66, 41, 40, 67, 56, 57, 66, 42, 41, 67, 57, 58, 66, 43, 42, 67, 58, 59, 66, 44, 43, 67, 59, 60, 66, 45, 44, 67, 60, 61, 66, 46, 45, 67, 61, 62, 66, 47, 46, 67, 62, 63, 66, 48, 47, 67, 63, 64, 66, 49, 48, 67, 64, 65, 66, 34, 49, 67, 65, 50]
                rel material:binding = </GenericRack/Looks/ManifoldSteel>
                uniform token orientation = "rightHanded"
                point3f[] points = [(-0.53, -0.144, 0.12), (-0.5399498, -0.14597914, 0.12), (-0.5483848, -0.15161522, 0.12), (-0.5540209, -0.16005023, 0.12), (-0.556, -0.17, 0.12), (-0.5540209, -0.17994978, 0.12), (-0.5483848, -0.18838477, 0.12), (-0.5399498, -0.19402087, 0.12), (-0.53, -0.196, 0.12), (-0.5200502, -0.19402087, 0.12), (-0.5116152, -0.18838477, 0.12), (-0.5059791, -0.17994978, 0.12), (-0.504, -0.17, 0.12), (-0.5059791, -0.16005023, 0.12), (-0.5116152, -0.15161522, 0.12), (-0.5200502, -0.14597914, 0.12), (-0.53, -0.144, 2.178), (-0.5399498, -0.14597914, 2.178), (-0.5483848, -0.15161522, 2.178), (-0.5540209, -0.16005023, 2.178), (-0.556, -0.17, 2.178), (-0.5540209, -0.17994978, 2.178), (-0.5483848, -0.18838477, 2.178), (-0.5399498, -0.19402087, 2.178), (-0.53, -0.196, 2.178), (-0.5200502, -0.19402087, 2.178), (-0.5116152, -0.18838477, 2.178), (-0.5059791, -0.17994978, 2.178), (-0.504, -0.17, 2.178), (-0.5059791, -0.16005023, 2.178), (-0.5116152, -0.15161522, 2.178), (-0.5200502, -0.14597914, 2.178), (-0.53, -0.17, 0.12), (-0.53, -0.17, 2.178), (-0.53, 0.196, 0.12), (-0.5399498, 0.19402087, 0.12), (-0.5483848, 0.18838477, 0.12), (-0.5540209, 0.17994978, 0.12), (-0.556, 0.17, 0.12), (-0.5540209, 0.16005023, 0.12), (-0.5483848, 0.15161522, 0.12), (-0.5399498, 0.14597914, 0.12), (-0.53, 0.144, 0.12), (-0.5200502, 0.14597914, 0.12), (-0.5116152, 0.15161522, 0.12), (-0.5059791, 0.16005023, 0.12), (-0.504, 0.17, 0.12), (-0.5059791, 0.17994978, 0.12), (-0.5116152, 0.18838477, 0.12), (-0.5200502, 0.19402087, 0.12), (-0.53, 0.196, 2.178), (-0.5399498, 0.19402087, 2.178), (-0.5483848, 0.18838477, 2.178), (-0.5540209, 0.17994978, 2.178), (-0.556, 0.17, 2.178), (-0.5540209, 0.16005023, 2.178), (-0.5483848, 0.15161522, 2.178), (-0.5399498, 0.14597914, 2.178), (-0.53, 0.144, 2.178), (-0.5200502, 0.14597914, 2.178), (-0.5116152, 0.15161522, 2.178), (-0.5059791, 0.16005023, 2.178), (-0.504, 0.17, 2.178), (-0.5059791, 0.17994978, 2.178), (-0.5116152, 0.18838477, 2.178), (-0.5200502, 0.19402087, 2.178), (-0.53, 0.17, 0.12), (-0.53, 0.17, 2.178)]
                uniform token subdivisionScheme = "none"
            }

            def Mesh "Coupler" (
                prepend apiSchemas = ["MaterialBindingAPI"]
            )
            {
                float3[] extent = [(-0.562, -0.202, 0.25389), (-0.48, 0.202, 2.1)]
                int[] faceVertexCounts = [4, 4, 4, 4, 4, 4, 4, 4, 4, 4, 4, 4, 4, 4, 4, 4, 3, 3, 3, 3, 3, 3, 3, 3, 3, 3, 3, 3, 3, 3, 3, 3, 3, 3, 3, 3, 3, 3, 3, 3, 3, 3, 3, 3, 3, 3, 3, 3, 4, 4, 4, 4, 4, 4, 4, 4, 4, 4, 4, 4, 4, 4, 4, 4, 3, 3, 3, 3, 3, 3, 3, 3, 3, 3, 3, 3, 3, 3, 3, 3, 3, 3, 3, 3, 3, 3, 3, 3, 3, 3, 3, 3, 3, 3, 3, 3, 4, 4, 4, 4, 4, 4, 4, 4, 4, 4, 4, 4, 4, 4, 4, 4, 3, 3, 3, 3, 3, 3, 3, 3, 3, 3, 3, 3, 3, 3, 3, 3, 3, 3, 3, 3, 3, 3, 3, 3, 3, 3, 3, 3, 3, 3, 3, 3, 4, 4, 4, 4, 4, 4, 4, 4, 4, 4, 4, 4, 4, 4, 4, 4, 4, 4, 4, 4, 4, 4, 4, 4, 4, 4, 4, 4, 4, 4, 4, 4, 4, 4, 4, 4, 4, 4, 4, 4, 4, 4, 4, 4, 4, 4, 4, 4, 4, 4, 4, 4, 4, 4, 4, 4, 4, 4, 4, 4, 4, 4, 4, 4, 4, 4, 4, 4, 4, 4, 4, 4, 4, 4, 4, 4, 4, 4, 4, 4, 4, 4, 4, 4, 4, 4, 4, 4, 4, 4, 4, 4, 4, 4, 4, 4, 4, 4, 4, 4, 4, 4, 4, 4, 4, 4, 4, 4, 4, 4, 4, 4, 4, 4, 4, 4, 4, 4, 4, 4, 4, 4, 4, 4, 4, 4, 4, 4, 4, 4, 4, 4, 4, 4, 4, 4, 4, 4, 4, 4, 4, 4, 4, 4, 4, 4, 4, 4, 4, 4, 4, 4, 4, 4, 4, 4, 4, 4, 4, 4, 4, 4, 4, 4, 4, 4, 4, 4, 4, 4, 4, 4, 4, 4, 4, 4, 4, 4, 4, 4, 4, 4, 4, 4, 4, 4, 4, 4, 4, 4, 4, 4, 4, 4, 4, 4, 4, 4, 4, 4, 4, 4, 4, 4, 4, 4, 4, 4, 4, 4, 4, 4, 4, 4, 4, 4, 4, 4, 4, 4, 4, 4, 4, 4, 4, 4, 4, 4, 4, 4, 4, 4, 4, 4, 4, 4, 4, 4, 4, 4, 4, 4, 4, 4, 4, 4, 4, 4, 4, 4, 4, 4, 4, 4, 4, 4, 4, 4, 4, 4, 4, 4, 4, 4, 4, 4, 4, 4, 4, 4, 4, 4, 4, 4, 4, 4, 4, 4, 4, 4, 4, 4, 4, 4, 4, 4, 4, 4, 4, 4, 4, 4, 4, 4, 4, 4, 4, 4, 4, 4, 4, 4, 4, 4, 4, 4, 4, 4, 4, 4, 4, 4, 4, 4, 4, 4, 4, 4, 4, 4, 4, 4, 4, 4, 4, 4, 4, 4, 4, 4, 4, 4, 4, 4, 4, 4, 4, 4, 4, 4, 4, 4, 4, 4, 4, 4, 4, 4, 4, 4, 4, 4, 4, 4, 4, 4, 4, 4, 4, 4, 4, 4, 4, 4, 4, 4, 4, 4, 4, 4, 4, 4, 4, 4, 4, 4, 4, 4, 4, 4, 4, 4, 4, 4, 4, 4, 4, 4, 4, 4, 4, 4, 4, 4, 4, 4, 4, 4, 4, 4, 4, 4, 4, 4, 4, 4, 4, 4, 4, 4, 4, 4, 4, 4, 4, 4, 4, 4, 4, 4]
                int[] faceVertexIndices = [0, 1, 17, 16, 1, 2, 18, 17, 2, 3, 19, 18, 3, 4, 20, 19, 4, 5, 21, 20, 5, 6, 22, 21, 6, 7, 23, 22, 7, 8, 24, 23, 8, 9, 25, 24, 9, 10, 26, 25, 10, 11, 27, 26, 11, 12, 28, 27, 12, 13, 29, 28, 13, 14, 30, 29, 14, 15, 31, 30, 15, 0, 16, 31, 32, 1, 0, 33, 16, 17, 32, 2, 1, 33, 17, 18, 32, 3, 2, 33, 18, 19, 32, 4, 3, 33, 19, 20, 32, 5, 4, 33, 20, 21, 32, 6, 5, 33, 21, 22, 32, 7, 6, 33, 22, 23, 32, 8, 7, 33, 23, 24, 32, 9, 8, 33, 24, 25, 32, 10, 9, 33, 25, 26, 32, 11, 10, 33, 26, 27, 32, 12, 11, 33, 27, 28, 32, 13, 12, 33, 28, 29, 32, 14, 13, 33, 29, 30, 32, 15, 14, 33, 30, 31, 32, 0, 15, 33, 31, 16, 34, 35, 51, 50, 35, 36, 52, 51, 36, 37, 53, 52, 37, 38, 54, 53, 38, 39, 55, 54, 39, 40, 56, 55, 40, 41, 57, 56, 41, 42, 58, 57, 42, 43, 59, 58, 43, 44, 60, 59, 44, 45, 61, 60, 45, 46, 62, 61, 46, 47, 63, 62, 47, 48, 64, 63, 48, 49, 65, 64, 49, 34, 50, 65, 66, 35, 34, 67, 50, 51, 66, 36, 35, 67, 51, 52, 66, 37, 36, 67, 52, 53, 66, 38, 37, 67, 53, 54, 66, 39, 38, 67, 54, 55, 66, 40, 39, 67, 55, 56, 66, 41, 40, 67, 56, 57, 66, 42, 41, 67, 57, 58, 66, 43, 42, 67, 58, 59, 66, 44, 43, 67, 59, 60, 66, 45, 44, 67, 60, 61, 66, 46, 45, 67, 61, 62, 66, 47, 46, 67, 62, 63, 66, 48, 47, 67, 63, 64, 66, 49, 48, 67, 64, 65, 66, 34, 49, 67, 65, 50, 68, 69, 85, 84, 69, 70, 86, 85, 70, 71, 87, 86, 71, 72, 88, 87, 72, 73, 89, 88, 73, 74, 90, 89, 74, 75, 91, 90, 75, 76, 92, 91, 76, 77, 93, 92, 77, 78, 94, 93, 78, 79, 95, 94, 79, 80, 96, 95, 80, 81, 97, 96, 81, 82, 98, 97, 82, 83, 99, 98, 83, 68, 84, 99, 100, 69, 68, 101, 84, 85, 100, 70, 69, 101, 85, 86, 100, 71, 70, 101, 86, 87, 100, 72, 71, 101, 87, 88, 100, 73, 72, 101, 88, 89, 100, 74, 73, 101, 89, 90, 100, 75, 74, 101, 90, 91, 100, 76, 75, 101, 91, 92, 100, 77, 76, 101, 92, 93, 100, 78, 77, 101, 93, 94, 100, 79, 78, 101, 94, 95, 100, 80, 79, 101, 95, 96, 100, 81, 80, 101, 96, 97, 100, 82, 81, 101, 97, 98, 100, 83, 82, 101, 98, 99, 100, 68, 83, 101, 99, 84, 102, 105, 104, 103, 106, 107, 108, 109, 102, 103, 107, 106, 104, 105, 109, 108, 103, 104, 108, 107, 105, 102, 106, 109, 110, 113, 112, 111, 114, 115, 116, 117, 110, 111, 115, 114, 112, 113, 117, 116, 111, 112, 116, 115, 113, 110, 114, 117, 118, 121, 120, 119, 122, 123, 124, 125, 118, 119, 123, 122, 120, 121, 125, 124, 119, 120, 124, 123, 121, 118, 122, 125, 126, 129, 128, 127, 130, 131, 132, 133, 126, 127, 131, 130, 128, 129, 133, 132, 127, 128, 132, 131, 129, 126, 130, 133, 134, 137, 136, 135, 138, 139, 140, 141, 134, 135, 139, 138, 136, 137, 141, 140, 135, 136, 140, 139, 137, 134, 138, 141, 142, 145, 144, 143, 146, 147, 148, 149, 142, 143, 147, 146, 144, 145, 149, 148, 143, 144, 148, 147, 145, 142, 146, 149, 150, 153, 152, 151, 154, 155, 156, 157, 150, 151, 155, 154, 152, 153, 157, 156, 151, 152, 156, 155, 153, 150, 154, 157, 158, 161, 160, 159, 162, 163, 164, 165, 158, 159, 163, 162, 160, 161, 165, 164, 159, 160, 164, 163, 161, 158, 162, 165, 166, 169, 168, 167, 170, 171, 172, 173, 166, 167, 171, 170, 168, 169, 173, 172, 167, 168, 172, 171, 169, 166, 170, 173, 174, 177, 176, 175, 178, 179, 180, 181, 174, 175, 179, 178, 176, 177, 181, 180, 175, 176, 180, 179, 177, 174, 178, 181, 182, 185, 184, 183, 186, 187, 188, 189, 182, 183, 187, 186, 184, 185, 189, 188, 183, 184, 188, 187, 185, 182, 186, 189, 190, 193, 192, 191, 194, 195, 196, 197, 190, 191, 195, 194, 192, 193, 197, 196, 191, 192, 196, 195, 193, 190, 194, 197, 198, 201, 200, 199, 202, 203, 204, 205, 198, 199, 203, 202, 200, 201, 205, 204, 199, 200, 204, 203, 201, 198, 202, 205, 206, 209, 208, 207, 210, 211, 212, 213, 206, 207, 211, 210, 208, 209, 213, 212, 207, 208, 212, 211, 209, 206, 210, 213, 214, 217, 216, 215, 218, 219, 220, 221, 214, 215, 219, 218, 216, 217, 221, 220, 215, 216, 220, 219, 217, 214, 218, 221, 222, 225, 224, 223, 226, 227, 228, 229, 222, 223, 227, 226, 224, 225, 229, 228, 223, 224, 228, 227, 225, 222, 226, 229, 230, 233, 232, 231, 234, 235, 236, 237, 230, 231, 235, 234, 232, 233, 237, 236, 231, 232, 236, 235, 233, 230, 234, 237, 238, 241, 240, 239, 242, 243, 244, 245, 238, 239, 243, 242, 240, 241, 245, 244, 239, 240, 244, 243, 241, 238, 242, 245, 246, 249, 248, 247, 250, 251, 252, 253, 246, 247, 251, 250, 248, 249, 253, 252, 247, 248, 252, 251, 249, 246, 250, 253, 254, 257, 256, 255, 258, 259, 260, 261, 254, 255, 259, 258, 256, 257, 261, 260, 255, 256, 260, 259, 257, 254, 258, 261, 262, 265, 264, 263, 266, 267, 268, 269, 262, 263, 267, 266, 264, 265, 269, 268, 263, 264, 268, 267, 265, 262, 266, 269, 270, 273, 272, 271, 274, 275, 276, 277, 270, 271, 275, 274, 272, 273, 277, 276, 271, 272, 276, 275, 273, 270, 274, 277, 278, 281, 280, 279, 282, 283, 284, 285, 278, 279, 283, 282, 280, 281, 285, 284, 279, 280, 284, 283, 281, 278, 282, 285, 286, 289, 288, 287, 290, 291, 292, 293, 286, 287, 291, 290, 288, 289, 293, 292, 287, 288, 292, 291, 289, 286, 290, 293, 294, 297, 296, 295, 298, 299, 300, 301, 294, 295, 299, 298, 296, 297, 301, 300, 295, 296, 300, 299, 297, 294, 298, 301, 302, 305, 304, 303, 306, 307, 308, 309, 302, 303, 307, 306, 304, 305, 309, 308, 303, 304, 308, 307, 305, 302, 306, 309, 310, 313, 312, 311, 314, 315, 316, 317, 310, 311, 315, 314, 312, 313, 317, 316, 311, 312, 316, 315, 313, 310, 314, 317, 318, 321, 320, 319, 322, 323, 324, 325, 318, 319, 323, 322, 320, 321, 325, 324, 319, 320, 324, 323, 321, 318, 322, 325, 326, 329, 328, 327, 330, 331, 332, 333, 326, 327, 331, 330, 328, 329, 333, 332, 327, 328, 332, 331, 329, 326, 330, 333, 334, 337, 336, 335, 338, 339, 340, 341, 334, 335, 339, 338, 336, 337, 341, 340, 335, 336, 340, 339, 337, 334, 338, 341, 342, 345, 344, 343, 346, 347, 348, 349, 342, 343, 347, 346, 344, 345, 349, 348, 343, 344, 348, 347, 345, 342, 346, 349, 350, 353, 352, 351, 354, 355, 356, 357, 350, 351, 355, 354, 352, 353, 357, 356, 351, 352, 356, 355, 353, 350, 354, 357, 358, 361, 360, 359, 362, 363, 364, 365, 358, 359, 363, 362, 360, 361, 365, 364, 359, 360, 364, 363, 361, 358, 362, 365, 366, 369, 368, 367, 370, 371, 372, 373, 366, 367, 371, 370, 368, 369, 373, 372, 367, 368, 372, 371, 369, 366, 370, 373, 374, 377, 376, 375, 378, 379, 380, 381, 374, 375, 379, 378, 376, 377, 381, 380, 375, 376, 380, 379, 377, 374, 378, 381, 382, 385, 384, 383, 386, 387, 388, 389, 382, 383, 387, 386, 384, 385, 389, 388, 383, 384, 388, 387, 385, 382, 386, 389, 390, 393, 392, 391, 394, 395, 396, 397, 390, 391, 395, 394, 392, 393, 397, 396, 391, 392, 396, 395, 393, 390, 394, 397, 398, 401, 400, 399, 402, 403, 404, 405, 398, 399, 403, 402, 400, 401, 405, 404, 399, 400, 404, 403, 401, 398, 402, 405, 406, 409, 408, 407, 410, 411, 412, 413, 406, 407, 411, 410, 408, 409, 413, 412, 407, 408, 412, 411, 409, 406, 410, 413, 414, 417, 416, 415, 418, 419, 420, 421, 414, 415, 419, 418, 416, 417, 421, 420, 415, 416, 420, 419, 417, 414, 418, 421, 422, 425, 424, 423, 426, 427, 428, 429, 422, 423, 427, 426, 424, 425, 429, 428, 423, 424, 428, 427, 425, 422, 426, 429, 430, 433, 432, 431, 434, 435, 436, 437, 430, 431, 435, 434, 432, 433, 437, 436, 431, 432, 436, 435, 433, 430, 434, 437, 438, 441, 440, 439, 442, 443, 444, 445, 438, 439, 443, 442, 440, 441, 445, 444, 439, 440, 444, 443, 441, 438, 442, 445, 446, 449, 448, 447, 450, 451, 452, 453, 446, 447, 451, 450, 448, 449, 453, 452, 447, 448, 452, 451, 449, 446, 450, 453, 454, 457, 456, 455, 458, 459, 460, 461, 454, 455, 459, 458, 456, 457, 461, 460, 455, 456, 460, 459, 457, 454, 458, 461, 462, 465, 464, 463, 466, 467, 468, 469, 462, 463, 467, 466, 464, 465, 469, 468, 463, 464, 468, 467, 465, 462, 466, 469, 470, 473, 472, 471, 474, 475, 476, 477, 470, 471, 475, 474, 472, 473, 477, 476, 471, 472, 476, 475, 473, 470, 474, 477, 478, 481, 480, 479, 482, 483, 484, 485, 478, 479, 483, 482, 480, 481, 485, 484, 479, 480, 484, 483, 481, 478, 482, 485, 486, 489, 488, 487, 490, 491, 492, 493, 486, 487, 491, 490, 488, 489, 493, 492, 487, 488, 492, 491, 489, 486, 490, 493, 494, 497, 496, 495, 498, 499, 500, 501, 494, 495, 499, 498, 496, 497, 501, 500, 495, 496, 500, 499, 497, 494, 498, 501, 502, 505, 504, 503, 506, 507, 508, 509, 502, 503, 507, 506, 504, 505, 509, 508, 503, 504, 508, 507, 505, 502, 506, 509, 510, 513, 512, 511, 514, 515, 516, 517, 510, 511, 515, 514, 512, 513, 517, 516, 511, 512, 516, 515, 513, 510, 514, 517, 518, 521, 520, 519, 522, 523, 524, 525, 518, 519, 523, 522, 520, 521, 525, 524, 519, 520, 524, 523, 521, 518, 522, 525, 526, 529, 528, 527, 530, 531, 532, 533, 526, 527, 531, 530, 528, 529, 533, 532, 527, 528, 532, 531, 529, 526, 530, 533, 534, 537, 536, 535, 538, 539, 540, 541, 534, 535, 539, 538, 536, 537, 541, 540, 535, 536, 540, 539, 537, 534, 538, 541, 542, 545, 544, 543, 546, 547, 548, 549, 542, 543, 547, 546, 544, 545, 549, 548, 543, 544, 548, 547, 545, 542, 546, 549, 550, 553, 552, 551, 554, 555, 556, 557, 550, 551, 555, 554, 552, 553, 557, 556, 551, 552, 556, 555, 553, 550, 554, 557, 558, 561, 560, 559, 562, 563, 564, 565, 558, 559, 563, 562, 560, 561, 565, 564, 559, 560, 564, 563, 561, 558, 562, 565, 566, 569, 568, 567, 570, 571, 572, 573, 566, 567, 571, 570, 568, 569, 573, 572, 567, 568, 572, 571, 569, 566, 570, 573, 574, 577, 576, 575, 578, 579, 580, 581, 574, 575, 579, 578, 576, 577, 581, 580, 575, 576, 580, 579, 577, 574, 578, 581, 582, 585, 584, 583, 586, 587, 588, 589, 582, 583, 587, 586, 584, 585, 589, 588, 583, 584, 588, 587, 585, 582, 586, 589, 590, 593, 592, 591, 594, 595, 596, 597, 590, 591, 595, 594, 592, 593, 597, 596, 591, 592, 596, 595, 593, 590, 594, 597, 598, 601, 600, 599, 602, 603, 604, 605, 598, 599, 603, 602, 600, 601, 605, 604, 599, 600, 604, 603, 601, 598, 602, 605, 606, 609, 608, 607, 610, 611, 612, 613, 606, 607, 611, 610, 608, 609, 613, 612, 607, 608, 612, 611, 609, 606, 610, 613, 614, 617, 616, 615, 618, 619, 620, 621, 614, 615, 619, 618, 616, 617, 621, 620, 615, 616, 620, 619, 617, 614, 618, 621, 622, 625, 624, 623, 626, 627, 628, 629, 622, 623, 627, 626, 624, 625, 629, 628, 623, 624, 628, 627, 625, 622, 626, 629, 630, 633, 632, 631, 634, 635, 636, 637, 630, 631, 635, 634, 632, 633, 637, 636, 631, 632, 636, 635, 633, 630, 634, 637, 638, 641, 640, 639, 642, 643, 644, 645, 638, 639, 643, 642, 640, 641, 645, 644, 639, 640, 644, 643, 641, 638, 642, 645, 646, 649, 648, 647, 650, 651, 652, 653, 646, 647, 651, 650, 648, 649, 653, 652, 647, 648, 652, 651, 649, 646, 650, 653, 654, 657, 656, 655, 658, 659, 660, 661, 654, 655, 659, 658, 656, 657, 661, 660, 655, 656, 660, 659, 657, 654, 658, 661]
                rel material:binding = </GenericRack/Looks/Coupler>
                uniform token orientation = "rightHanded"
                point3f[] points = [(-0.53, -0.138, 2.076), (-0.54224586, -0.14043586, 2.076), (-0.55262744, -0.14737259, 2.076), (-0.5595642, -0.15775412, 2.076), (-0.562, -0.17, 2.076), (-0.5595642, -0.18224587, 2.076), (-0.55262744, -0.19262742, 2.076), (-0.54224586, -0.19956414, 2.076), (-0.53, -0.202, 2.076), (-0.51775414, -0.19956414, 2.076), (-0.50737256, -0.19262742, 2.076), (-0.5004358, -0.18224587, 2.076), (-0.498, -0.17, 2.076), (-0.5004358, -0.15775412, 2.076), (-0.50737256, -0.14737259, 2.076), (-0.51775414, -0.14043586, 2.076), (-0.53, -0.138, 2.1), (-0.54224586, -0.14043586, 2.1), (-0.55262744, -0.14737259, 2.1), (-0.5595642, -0.15775412, 2.1), (-0.562, -0.17, 2.1), (-0.5595642, -0.18224587, 2.1), (-0.55262744, -0.19262742, 2.1), (-0.54224586, -0.19956414, 2.1), (-0.53, -0.202, 2.1), (-0.51775414, -0.19956414, 2.1), (-0.50737256, -0.19262742, 2.1), (-0.5004358, -0.18224587, 2.1), (-0.498, -0.17, 2.1), (-0.5004358, -0.15775412, 2.1), (-0.50737256, -0.14737259, 2.1), (-0.51775414, -0.14043586, 2.1), (-0.53, -0.17, 2.076), (-0.53, -0.17, 2.1), (-0.53, -0.138, 2.026), (-0.54224586, -0.14043586, 2.026), (-0.55262744, -0.14737259, 2.026), (-0.5595642, -0.15775412, 2.026), (-0.562, -0.17, 2.026), (-0.5595642, -0.18224587, 2.026), (-0.55262744, -0.19262742, 2.026), (-0.54224586, -0.19956414, 2.026), (-0.53, -0.202, 2.026), (-0.51775414, -0.19956414, 2.026), (-0.50737256, -0.19262742, 2.026), (-0.5004358, -0.18224587, 2.026), (-0.498, -0.17, 2.026), (-0.5004358, -0.15775412, 2.026), (-0.50737256, -0.14737259, 2.026), (-0.51775414, -0.14043586, 2.026), (-0.53, -0.138, 2.05), (-0.54224586, -0.14043586, 2.05), (-0.55262744, -0.14737259, 2.05), (-0.5595642, -0.15775412, 2.05), (-0.562, -0.17, 2.05), (-0.5595642, -0.18224587, 2.05), (-0.55262744, -0.19262742, 2.05), (-0.54224586, -0.19956414, 2.05), (-0.53, -0.202, 2.05), (-0.51775414, -0.19956414, 2.05), (-0.50737256, -0.19262742, 2.05), (-0.5004358, -0.18224587, 2.05), (-0.498, -0.17, 2.05), (-0.5004358, -0.15775412, 2.05), (-0.50737256, -0.14737259, 2.05), (-0.51775414, -0.14043586, 2.05), (-0.53, -0.17, 2.026), (-0.53, -0.17, 2.05), (-0.53, 0.202, 2.076), (-0.54224586, 0.19956414, 2.076), (-0.55262744, 0.19262742, 2.076), (-0.5595642, 0.18224587, 2.076), (-0.562, 0.17, 2.076), (-0.5595642, 0.15775412, 2.076), (-0.55262744, 0.14737259, 2.076), (-0.54224586, 0.14043586, 2.076), (-0.53, 0.138, 2.076), (-0.51775414, 0.14043586, 2.076), (-0.50737256, 0.14737259, 2.076), (-0.5004358, 0.15775412, 2.076), (-0.498, 0.17, 2.076), (-0.5004358, 0.18224587, 2.076), (-0.50737256, 0.19262742, 2.076), (-0.51775414, 0.19956414, 2.076), (-0.53, 0.202, 2.1), (-0.54224586, 0.19956414, 2.1), (-0.55262744, 0.19262742, 2.1), (-0.5595642, 0.18224587, 2.1), (-0.562, 0.17, 2.1), (-0.5595642, 0.15775412, 2.1), (-0.55262744, 0.14737259, 2.1), (-0.54224586, 0.14043586, 2.1), (-0.53, 0.138, 2.1), (-0.51775414, 0.14043586, 2.1), (-0.50737256, 0.14737259, 2.1), (-0.5004358, 0.15775412, 2.1), (-0.498, 0.17, 2.1), (-0.5004358, 0.18224587, 2.1), (-0.50737256, 0.19262742, 2.1), (-0.51775414, 0.19956414, 2.1), (-0.53, 0.17, 2.076), (-0.53, 0.17, 2.1), (-0.51, -0.15, 0.5183675), (-0.48, -0.15, 0.5183675), (-0.48, -0.1, 0.5183675), (-0.51, -0.1, 0.5183675), (-0.51, -0.15, 0.5494825), (-0.48, -0.15, 0.5494825), (-0.48, -0.1, 0.5494825), (-0.51, -0.1, 0.5494825), (-0.51, 0.1, 0.5183675), (-0.48, 0.1, 0.5183675), (-0.48, 0.15, 0.5183675), (-0.51, 0.15, 0.5183675), (-0.51, 0.1, 0.5494825), (-0.48, 0.1, 0.5494825), (-0.48, 0.15, 0.5494825), (-0.51, 0.15, 0.5494825), (-0.51, -0.15, 0.5628175), (-0.48, -0.15, 0.5628175), (-0.48, -0.1, 0.5628175), (-0.51, -0.1, 0.5628175), (-0.51, -0.15, 0.5939325), (-0.48, -0.15, 0.5939325), (-0.48, -0.1, 0.5939325), (-0.51, -0.1, 0.5939325), (-0.51, 0.1, 0.5628175), (-0.48, 0.1, 0.5628175), (-0.48, 0.15, 0.5628175), (-0.51, 0.15, 0.5628175), (-0.51, 0.1, 0.5939325), (-0.48, 0.1, 0.5939325), (-0.48, 0.15, 0.5939325), (-0.51, 0.15, 0.5939325), (-0.51, -0.15, 0.6072675), (-0.48, -0.15, 0.6072675), (-0.48, -0.1, 0.6072675), (-0.51, -0.1, 0.6072675), (-0.51, -0.15, 0.6383825), (-0.48, -0.15, 0.6383825), (-0.48, -0.1, 0.6383825), (-0.51, -0.1, 0.6383825), (-0.51, 0.1, 0.6072675), (-0.48, 0.1, 0.6072675), (-0.48, 0.15, 0.6072675), (-0.51, 0.15, 0.6072675), (-0.51, 0.1, 0.6383825), (-0.48, 0.1, 0.6383825), (-0.48, 0.15, 0.6383825), (-0.51, 0.15, 0.6383825), (-0.51, -0.15, 0.6517175), (-0.48, -0.15, 0.6517175), (-0.48, -0.1, 0.6517175), (-0.51, -0.1, 0.6517175), (-0.51, -0.15, 0.6828325), (-0.48, -0.15, 0.6828325), (-0.48, -0.1, 0.6828325), (-0.51, -0.1, 0.6828325), (-0.51, 0.1, 0.6517175), (-0.48, 0.1, 0.6517175), (-0.48, 0.15, 0.6517175), (-0.51, 0.15, 0.6517175), (-0.51, 0.1, 0.6828325), (-0.48, 0.1, 0.6828325), (-0.48, 0.15, 0.6828325), (-0.51, 0.15, 0.6828325), (-0.51, -0.15, 0.6961675), (-0.48, -0.15, 0.6961675), (-0.48, -0.1, 0.6961675), (-0.51, -0.1, 0.6961675), (-0.51, -0.15, 0.7272825), (-0.48, -0.15, 0.7272825), (-0.48, -0.1, 0.7272825), (-0.51, -0.1, 0.7272825), (-0.51, 0.1, 0.6961675), (-0.48, 0.1, 0.6961675), (-0.48, 0.15, 0.6961675), (-0.51, 0.15, 0.6961675), (-0.51, 0.1, 0.7272825), (-0.48, 0.1, 0.7272825), (-0.48, 0.15, 0.7272825), (-0.51, 0.15, 0.7272825), (-0.51, -0.15, 0.7406175), (-0.48, -0.15, 0.7406175), (-0.48, -0.1, 0.7406175), (-0.51, -0.1, 0.7406175), (-0.51, -0.15, 0.7717325), (-0.48, -0.15, 0.7717325), (-0.48, -0.1, 0.7717325), (-0.51, -0.1, 0.7717325), (-0.51, 0.1, 0.7406175), (-0.48, 0.1, 0.7406175), (-0.48, 0.15, 0.7406175), (-0.51, 0.15, 0.7406175), (-0.51, 0.1, 0.7717325), (-0.48, 0.1, 0.7717325), (-0.48, 0.15, 0.7717325), (-0.51, 0.15, 0.7717325), (-0.51, -0.15, 0.7850675), (-0.48, -0.15, 0.7850675), (-0.48, -0.1, 0.7850675), (-0.51, -0.1, 0.7850675), (-0.51, -0.15, 0.8161825), (-0.48, -0.15, 0.8161825), (-0.48, -0.1, 0.8161825), (-0.51, -0.1, 0.8161825), (-0.51, 0.1, 0.7850675), (-0.48, 0.1, 0.7850675), (-0.48, 0.15, 0.7850675), (-0.51, 0.15, 0.7850675), (-0.51, 0.1, 0.8161825), (-0.48, 0.1, 0.8161825), (-0.48, 0.15, 0.8161825), (-0.51, 0.15, 0.8161825), (-0.51, -0.15, 0.8295175), (-0.48, -0.15, 0.8295175), (-0.48, -0.1, 0.8295175), (-0.51, -0.1, 0.8295175), (-0.51, -0.15, 0.8606325), (-0.48, -0.15, 0.8606325), (-0.48, -0.1, 0.8606325), (-0.51, -0.1, 0.8606325), (-0.51, 0.1, 0.8295175), (-0.48, 0.1, 0.8295175), (-0.48, 0.15, 0.8295175), (-0.51, 0.15, 0.8295175), (-0.51, 0.1, 0.8606325), (-0.48, 0.1, 0.8606325), (-0.48, 0.15, 0.8606325), (-0.51, 0.15, 0.8606325), (-0.51, -0.15, 0.8739675), (-0.48, -0.15, 0.8739675), (-0.48, -0.1, 0.8739675), (-0.51, -0.1, 0.8739675), (-0.51, -0.15, 0.9050825), (-0.48, -0.15, 0.9050825), (-0.48, -0.1, 0.9050825), (-0.51, -0.1, 0.9050825), (-0.51, 0.1, 0.8739675), (-0.48, 0.1, 0.8739675), (-0.48, 0.15, 0.8739675), (-0.51, 0.15, 0.8739675), (-0.51, 0.1, 0.9050825), (-0.48, 0.1, 0.9050825), (-0.48, 0.15, 0.9050825), (-0.51, 0.15, 0.9050825), (-0.51, -0.15, 0.9184175), (-0.48, -0.15, 0.9184175), (-0.48, -0.1, 0.9184175), (-0.51, -0.1, 0.9184175), (-0.51, -0.15, 0.9495325), (-0.48, -0.15, 0.9495325), (-0.48, -0.1, 0.9495325), (-0.51, -0.1, 0.9495325), (-0.51, 0.1, 0.9184175), (-0.48, 0.1, 0.9184175), (-0.48, 0.15, 0.9184175), (-0.51, 0.15, 0.9184175), (-0.51, 0.1, 0.9495325), (-0.48, 0.1, 0.9495325), (-0.48, 0.15, 0.9495325), (-0.51, 0.15, 0.9495325), (-0.51, -0.15, 0.9628675), (-0.48, -0.15, 0.9628675), (-0.48, -0.1, 0.9628675), (-0.51, -0.1, 0.9628675), (-0.51, -0.15, 0.9939825), (-0.48, -0.15, 0.9939825), (-0.48, -0.1, 0.9939825), (-0.51, -0.1, 0.9939825), (-0.51, 0.1, 0.9628675), (-0.48, 0.1, 0.9628675), (-0.48, 0.15, 0.9628675), (-0.51, 0.15, 0.9628675), (-0.51, 0.1, 0.9939825), (-0.48, 0.1, 0.9939825), (-0.48, 0.15, 0.9939825), (-0.51, 0.15, 0.9939825), (-0.51, -0.15, 1.0073175), (-0.48, -0.15, 1.0073175), (-0.48, -0.1, 1.0073175), (-0.51, -0.1, 1.0073175), (-0.51, -0.15, 1.0384325), (-0.48, -0.15, 1.0384325), (-0.48, -0.1, 1.0384325), (-0.51, -0.1, 1.0384325), (-0.51, 0.1, 1.0073175), (-0.48, 0.1, 1.0073175), (-0.48, 0.15, 1.0073175), (-0.51, 0.15, 1.0073175), (-0.51, 0.1, 1.0384325), (-0.48, 0.1, 1.0384325), (-0.48, 0.15, 1.0384325), (-0.51, 0.15, 1.0384325), (-0.51, -0.15, 1.0517675), (-0.48, -0.15, 1.0517675), (-0.48, -0.1, 1.0517675), (-0.51, -0.1, 1.0517675), (-0.51, -0.15, 1.0828825), (-0.48, -0.15, 1.0828825), (-0.48, -0.1, 1.0828825), (-0.51, -0.1, 1.0828825), (-0.51, 0.1, 1.0517675), (-0.48, 0.1, 1.0517675), (-0.48, 0.15, 1.0517675), (-0.51, 0.15, 1.0517675), (-0.51, 0.1, 1.0828825), (-0.48, 0.1, 1.0828825), (-0.48, 0.15, 1.0828825), (-0.51, 0.15, 1.0828825), (-0.51, -0.15, 1.0962175), (-0.48, -0.15, 1.0962175), (-0.48, -0.1, 1.0962175), (-0.51, -0.1, 1.0962175), (-0.51, -0.15, 1.1273324), (-0.48, -0.15, 1.1273324), (-0.48, -0.1, 1.1273324), (-0.51, -0.1, 1.1273324), (-0.51, 0.1, 1.0962175), (-0.48, 0.1, 1.0962175), (-0.48, 0.15, 1.0962175), (-0.51, 0.15, 1.0962175), (-0.51, 0.1, 1.1273324), (-0.48, 0.1, 1.1273324), (-0.48, 0.15, 1.1273324), (-0.51, 0.15, 1.1273324), (-0.51, -0.15, 1.1406676), (-0.48, -0.15, 1.1406676), (-0.48, -0.1, 1.1406676), (-0.51, -0.1, 1.1406676), (-0.51, -0.15, 1.1717825), (-0.48, -0.15, 1.1717825), (-0.48, -0.1, 1.1717825), (-0.51, -0.1, 1.1717825), (-0.51, 0.1, 1.1406676), (-0.48, 0.1, 1.1406676), (-0.48, 0.15, 1.1406676), (-0.51, 0.15, 1.1406676), (-0.51, 0.1, 1.1717825), (-0.48, 0.1, 1.1717825), (-0.48, 0.15, 1.1717825), (-0.51, 0.15, 1.1717825), (-0.51, -0.15, 1.1851175), (-0.48, -0.15, 1.1851175), (-0.48, -0.1, 1.1851175), (-0.51, -0.1, 1.1851175), (-0.51, -0.15, 1.2162325), (-0.48, -0.15, 1.2162325), (-0.48, -0.1, 1.2162325), (-0.51, -0.1, 1.2162325), (-0.51, 0.1, 1.1851175), (-0.48, 0.1, 1.1851175), (-0.48, 0.15, 1.1851175), (-0.51, 0.15, 1.1851175), (-0.51, 0.1, 1.2162325), (-0.48, 0.1, 1.2162325), (-0.48, 0.15, 1.2162325), (-0.51, 0.15, 1.2162325), (-0.51, -0.15, 1.2295675), (-0.48, -0.15, 1.2295675), (-0.48, -0.1, 1.2295675), (-0.51, -0.1, 1.2295675), (-0.51, -0.15, 1.2606825), (-0.48, -0.15, 1.2606825), (-0.48, -0.1, 1.2606825), (-0.51, -0.1, 1.2606825), (-0.51, 0.1, 1.2295675), (-0.48, 0.1, 1.2295675), (-0.48, 0.15, 1.2295675), (-0.51, 0.15, 1.2295675), (-0.51, 0.1, 1.2606825), (-0.48, 0.1, 1.2606825), (-0.48, 0.15, 1.2606825), (-0.51, 0.15, 1.2606825), (-0.51, -0.15, 1.3184675), (-0.48, -0.15, 1.3184675), (-0.48, -0.1, 1.3184675), (-0.51, -0.1, 1.3184675), (-0.51, -0.15, 1.3495826), (-0.48, -0.15, 1.3495826), (-0.48, -0.1, 1.3495826), (-0.51, -0.1, 1.3495826), (-0.51, 0.1, 1.3184675), (-0.48, 0.1, 1.3184675), (-0.48, 0.15, 1.3184675), (-0.51, 0.15, 1.3184675), (-0.51, 0.1, 1.3495826), (-0.48, 0.1, 1.3495826), (-0.48, 0.15, 1.3495826), (-0.51, 0.15, 1.3495826), (-0.51, -0.15, 1.3629175), (-0.48, -0.15, 1.3629175), (-0.48, -0.1, 1.3629175), (-0.51, -0.1, 1.3629175), (-0.51, -0.15, 1.3940325), (-0.48, -0.15, 1.3940325), (-0.48, -0.1, 1.3940325), (-0.51, -0.1, 1.3940325), (-0.51, 0.1, 1.3629175), (-0.48, 0.1, 1.3629175), (-0.48, 0.15, 1.3629175), (-0.51, 0.15, 1.3629175), (-0.51, 0.1, 1.3940325), (-0.48, 0.1, 1.3940325), (-0.48, 0.15, 1.3940325), (-0.51, 0.15, 1.3940325), (-0.51, -0.15, 1.4073675), (-0.48, -0.15, 1.4073675), (-0.48, -0.1, 1.4073675), (-0.51, -0.1, 1.4073675), (-0.51, -0.15, 1.4384825), (-0.48, -0.15, 1.4384825), (-0.48, -0.1, 1.4384825), (-0.51, -0.1, 1.4384825), (-0.51, 0.1, 1.4073675), (-0.48, 0.1, 1.4073675), (-0.48, 0.15, 1.4073675), (-0.51, 0.15, 1.4073675), (-0.51, 0.1, 1.4384825), (-0.48, 0.1, 1.4384825), (-0.48, 0.15, 1.4384825), (-0.51, 0.15, 1.4384825), (-0.51, -0.15, 1.4518175), (-0.48, -0.15, 1.4518175), (-0.48, -0.1, 1.4518175), (-0.51, -0.1, 1.4518175), (-0.51, -0.15, 1.4829324), (-0.48, -0.15, 1.4829324), (-0.48, -0.1, 1.4829324), (-0.51, -0.1, 1.4829324), (-0.51, 0.1, 1.4518175), (-0.48, 0.1, 1.4518175), (-0.48, 0.15, 1.4518175), (-0.51, 0.15, 1.4518175), (-0.51, 0.1, 1.4829324), (-0.48, 0.1, 1.4829324), (-0.48, 0.15, 1.4829324), (-0.51, 0.15, 1.4829324), (-0.51, -0.15, 1.4962676), (-0.48, -0.15, 1.4962676), (-0.48, -0.1, 1.4962676), (-0.51, -0.1, 1.4962676), (-0.51, -0.15, 1.5273825), (-0.48, -0.15, 1.5273825), (-0.48, -0.1, 1.5273825), (-0.51, -0.1, 1.5273825), (-0.51, 0.1, 1.4962676), (-0.48, 0.1, 1.4962676), (-0.48, 0.15, 1.4962676), (-0.51, 0.15, 1.4962676), (-0.51, 0.1, 1.5273825), (-0.48, 0.1, 1.5273825), (-0.48, 0.15, 1.5273825), (-0.51, 0.15, 1.5273825), (-0.51, -0.15, 1.5407175), (-0.48, -0.15, 1.5407175), (-0.48, -0.1, 1.5407175), (-0.51, -0.1, 1.5407175), (-0.51, -0.15, 1.5718325), (-0.48, -0.15, 1.5718325), (-0.48, -0.1, 1.5718325), (-0.51, -0.1, 1.5718325), (-0.51, 0.1, 1.5407175), (-0.48, 0.1, 1.5407175), (-0.48, 0.15, 1.5407175), (-0.51, 0.15, 1.5407175), (-0.51, 0.1, 1.5718325), (-0.48, 0.1, 1.5718325), (-0.48, 0.15, 1.5718325), (-0.51, 0.15, 1.5718325), (-0.51, -0.15, 1.5851675), (-0.48, -0.15, 1.5851675), (-0.48, -0.1, 1.5851675), (-0.51, -0.1, 1.5851675), (-0.51, -0.15, 1.6162825), (-0.48, -0.15, 1.6162825), (-0.48, -0.1, 1.6162825), (-0.51, -0.1, 1.6162825), (-0.51, 0.1, 1.5851675), (-0.48, 0.1, 1.5851675), (-0.48, 0.15, 1.5851675), (-0.51, 0.15, 1.5851675), (-0.51, 0.1, 1.6162825), (-0.48, 0.1, 1.6162825), (-0.48, 0.15, 1.6162825), (-0.51, 0.15, 1.6162825), (-0.51, -0.15, 1.6296175), (-0.48, -0.15, 1.6296175), (-0.48, -0.1, 1.6296175), (-0.51, -0.1, 1.6296175), (-0.51, -0.15, 1.6607325), (-0.48, -0.15, 1.6607325), (-0.48, -0.1, 1.6607325), (-0.51, -0.1, 1.6607325), (-0.51, 0.1, 1.6296175), (-0.48, 0.1, 1.6296175), (-0.48, 0.15, 1.6296175), (-0.51, 0.15, 1.6296175), (-0.51, 0.1, 1.6607325), (-0.48, 0.1, 1.6607325), (-0.48, 0.15, 1.6607325), (-0.51, 0.15, 1.6607325), (-0.51, -0.15, 1.6740675), (-0.48, -0.15, 1.6740675), (-0.48, -0.1, 1.6740675), (-0.51, -0.1, 1.6740675), (-0.51, -0.15, 1.7051826), (-0.48, -0.15, 1.7051826), (-0.48, -0.1, 1.7051826), (-0.51, -0.1, 1.7051826), (-0.51, 0.1, 1.6740675), (-0.48, 0.1, 1.6740675), (-0.48, 0.15, 1.6740675), (-0.51, 0.15, 1.6740675), (-0.51, 0.1, 1.7051826), (-0.48, 0.1, 1.7051826), (-0.48, 0.15, 1.7051826), (-0.51, 0.15, 1.7051826), (-0.51, -0.15, 1.7185175), (-0.48, -0.15, 1.7185175), (-0.48, -0.1, 1.7185175), (-0.51, -0.1, 1.7185175), (-0.51, -0.15, 1.7496325), (-0.48, -0.15, 1.7496325), (-0.48, -0.1, 1.7496325), (-0.51, -0.1, 1.7496325), (-0.51, 0.1, 1.7185175), (-0.48, 0.1, 1.7185175), (-0.48, 0.15, 1.7185175), (-0.51, 0.15, 1.7185175), (-0.51, 0.1, 1.7496325), (-0.48, 0.1, 1.7496325), (-0.48, 0.15, 1.7496325), (-0.51, 0.15, 1.7496325), (-0.5, -0.17478, 0.25389), (-0.48, -0.17478, 0.25389), (-0.48, -0.11478, 0.25389), (-0.5, -0.11478, 0.25389), (-0.5, -0.17478, 0.28056), (-0.48, -0.17478, 0.28056), (-0.48, -0.11478, 0.28056), (-0.5, -0.11478, 0.28056), (-0.5, 0.11478, 0.25389), (-0.48, 0.11478, 0.25389), (-0.48, 0.17478, 0.25389), (-0.5, 0.17478, 0.25389), (-0.5, 0.11478, 0.28056), (-0.48, 0.11478, 0.28056), (-0.48, 0.17478, 0.28056), (-0.5, 0.17478, 0.28056), (-0.5, -0.17478, 0.29834), (-0.48, -0.17478, 0.29834), (-0.48, -0.11478, 0.29834), (-0.5, -0.11478, 0.29834), (-0.5, -0.17478, 0.32501), (-0.48, -0.17478, 0.32501), (-0.48, -0.11478, 0.32501), (-0.5, -0.11478, 0.32501), (-0.5, 0.11478, 0.29834), (-0.48, 0.11478, 0.29834), (-0.48, 0.17478, 0.29834), (-0.5, 0.17478, 0.29834), (-0.5, 0.11478, 0.32501), (-0.48, 0.11478, 0.32501), (-0.48, 0.17478, 0.32501), (-0.5, 0.17478, 0.32501), (-0.5, -0.17478, 0.34279), (-0.48, -0.17478, 0.34279), (-0.48, -0.11478, 0.34279), (-0.5, -0.11478, 0.34279), (-0.5, -0.17478, 0.36946), (-0.48, -0.17478, 0.36946), (-0.48, -0.11478, 0.36946), (-0.5, -0.11478, 0.36946), (-0.5, 0.11478, 0.34279), (-0.48, 0.11478, 0.34279), (-0.48, 0.17478, 0.34279), (-0.5, 0.17478, 0.34279), (-0.5, 0.11478, 0.36946), (-0.48, 0.11478, 0.36946), (-0.48, 0.17478, 0.36946), (-0.5, 0.17478, 0.36946), (-0.5, -0.17478, 0.38724), (-0.48, -0.17478, 0.38724), (-0.48, -0.11478, 0.38724), (-0.5, -0.11478, 0.38724), (-0.5, -0.17478, 0.41391), (-0.48, -0.17478, 0.41391), (-0.48, -0.11478, 0.41391), (-0.5, -0.11478, 0.41391), (-0.5, 0.11478, 0.38724), (-0.48, 0.11478, 0.38724), (-0.48, 0.17478, 0.38724), (-0.5, 0.17478, 0.38724), (-0.5, 0.11478, 0.41391), (-0.48, 0.11478, 0.41391), (-0.48, 0.17478, 0.41391), (-0.5, 0.17478, 0.41391), (-0.5, -0.17478, 1.80964), (-0.48, -0.17478, 1.80964), (-0.48, -0.11478, 1.80964), (-0.5, -0.11478, 1.80964), (-0.5, -0.17478, 1.83631), (-0.48, -0.17478, 1.83631), (-0.48, -0.11478, 1.83631), (-0.5, -0.11478, 1.83631), (-0.5, 0.11478, 1.80964), (-0.48, 0.11478, 1.80964), (-0.48, 0.17478, 1.80964), (-0.5, 0.17478, 1.80964), (-0.5, 0.11478, 1.83631), (-0.48, 0.11478, 1.83631), (-0.48, 0.17478, 1.83631), (-0.5, 0.17478, 1.83631), (-0.5, -0.17478, 1.85409), (-0.48, -0.17478, 1.85409), (-0.48, -0.11478, 1.85409), (-0.5, -0.11478, 1.85409), (-0.5, -0.17478, 1.88076), (-0.48, -0.17478, 1.88076), (-0.48, -0.11478, 1.88076), (-0.5, -0.11478, 1.88076), (-0.5, 0.11478, 1.85409), (-0.48, 0.11478, 1.85409), (-0.48, 0.17478, 1.85409), (-0.5, 0.17478, 1.85409), (-0.5, 0.11478, 1.88076), (-0.48, 0.11478, 1.88076), (-0.48, 0.17478, 1.88076), (-0.5, 0.17478, 1.88076), (-0.5, -0.17478, 1.89854), (-0.48, -0.17478, 1.89854), (-0.48, -0.11478, 1.89854), (-0.5, -0.11478, 1.89854), (-0.5, -0.17478, 1.92521), (-0.48, -0.17478, 1.92521), (-0.48, -0.11478, 1.92521), (-0.5, -0.11478, 1.92521), (-0.5, 0.11478, 1.89854), (-0.48, 0.11478, 1.89854), (-0.48, 0.17478, 1.89854), (-0.5, 0.17478, 1.89854), (-0.5, 0.11478, 1.92521), (-0.48, 0.11478, 1.92521), (-0.48, 0.17478, 1.92521), (-0.5, 0.17478, 1.92521), (-0.5, -0.17478, 1.94299), (-0.48, -0.17478, 1.94299), (-0.48, -0.11478, 1.94299), (-0.5, -0.11478, 1.94299), (-0.5, -0.17478, 1.96966), (-0.48, -0.17478, 1.96966), (-0.48, -0.11478, 1.96966), (-0.5, -0.11478, 1.96966), (-0.5, 0.11478, 1.94299), (-0.48, 0.11478, 1.94299), (-0.48, 0.17478, 1.94299), (-0.5, 0.17478, 1.94299), (-0.5, 0.11478, 1.96966), (-0.48, 0.11478, 1.96966), (-0.48, 0.17478, 1.96966), (-0.5, 0.17478, 1.96966)]
                uniform token subdivisionScheme = "none"
            }
        }
    }

    def Scope "ConnectionPoints"
    {
        uniform token purpose = "guide"

        def Mesh "spt_electrical_nominal_voltage_01" (
            prepend apiSchemas = ["MaterialBindingAPI"]
        )
        {
            custom string aidc:connectionType = "power" (
                doc = "Connection point attribute"
            )
            custom string aidc:note = "rack power feed A to the power shelves (rear top)" (
                doc = "Connection point attribute"
            )
            custom string aidc:path = "A" (
                doc = "Connection point attribute"
            )
            float3[] extent = [(-0.53, -0.07, 2.108), (-0.49, -0.03, 2.148)]
            int[] faceVertexCounts = [4, 4, 4, 4, 4, 4]
            int[] faceVertexIndices = [0, 3, 2, 1, 4, 5, 6, 7, 0, 1, 5, 4, 2, 3, 7, 6, 1, 2, 6, 5, 3, 0, 4, 7]
            rel material:binding = </GenericRack/Looks/Marker>
            uniform token orientation = "rightHanded"
            point3f[] points = [(-0.53, -0.07, 2.108), (-0.49, -0.07, 2.108), (-0.49, -0.03, 2.108), (-0.53, -0.03, 2.108), (-0.53, -0.07, 2.148), (-0.49, -0.07, 2.148), (-0.49, -0.03, 2.148), (-0.53, -0.03, 2.148)]
            uniform token purpose = "guide"
            uniform token subdivisionScheme = "none"
        }

        def Mesh "spt_electrical_nominal_voltage_02" (
            prepend apiSchemas = ["MaterialBindingAPI"]
        )
        {
            custom string aidc:connectionType = "power" (
                doc = "Connection point attribute"
            )
            custom string aidc:note = "rack power feed B" (
                doc = "Connection point attribute"
            )
            custom string aidc:path = "B" (
                doc = "Connection point attribute"
            )
            float3[] extent = [(-0.53, 0.03, 2.108), (-0.49, 0.07, 2.148)]
            int[] faceVertexCounts = [4, 4, 4, 4, 4, 4]
            int[] faceVertexIndices = [0, 3, 2, 1, 4, 5, 6, 7, 0, 1, 5, 4, 2, 3, 7, 6, 1, 2, 6, 5, 3, 0, 4, 7]
            rel material:binding = </GenericRack/Looks/Marker>
            uniform token orientation = "rightHanded"
            point3f[] points = [(-0.53, 0.03, 2.108), (-0.49, 0.03, 2.108), (-0.49, 0.07, 2.108), (-0.53, 0.07, 2.108), (-0.53, 0.03, 2.148), (-0.49, 0.03, 2.148), (-0.49, 0.07, 2.148), (-0.53, 0.07, 2.148)]
            uniform token purpose = "guide"
            uniform token subdivisionScheme = "none"
        }

        def Mesh "spt_liq_supply" (
            prepend apiSchemas = ["MaterialBindingAPI"]
        )
        {
            custom string aidc:connectionType = "liquid-supply" (
                doc = "Connection point attribute"
            )
            custom string aidc:note = "rear manifold supply (two collars)" (
                doc = "Connection point attribute"
            )
            float3[] extent = [(-0.56, -0.2, 0.11), (-0.5, -0.14, 0.17)]
            int[] faceVertexCounts = [4, 4, 4, 4, 4, 4]
            int[] faceVertexIndices = [0, 3, 2, 1, 4, 5, 6, 7, 0, 1, 5, 4, 2, 3, 7, 6, 1, 2, 6, 5, 3, 0, 4, 7]
            rel material:binding = </GenericRack/Looks/Marker>
            uniform token orientation = "rightHanded"
            point3f[] points = [(-0.56, -0.2, 0.11), (-0.5, -0.2, 0.11), (-0.5, -0.14, 0.11), (-0.56, -0.14, 0.11), (-0.56, -0.2, 0.17), (-0.5, -0.2, 0.17), (-0.5, -0.14, 0.17), (-0.56, -0.14, 0.17)]
            uniform token purpose = "guide"
            uniform token subdivisionScheme = "none"
        }

        def Mesh "spt_liq_return" (
            prepend apiSchemas = ["MaterialBindingAPI"]
        )
        {
            custom string aidc:connectionType = "liquid-return" (
                doc = "Connection point attribute"
            )
            custom string aidc:note = "rear manifold return (one collar)" (
                doc = "Connection point attribute"
            )
            float3[] extent = [(-0.56, 0.14, 0.11), (-0.5, 0.2, 0.17)]
            int[] faceVertexCounts = [4, 4, 4, 4, 4, 4]
            int[] faceVertexIndices = [0, 3, 2, 1, 4, 5, 6, 7, 0, 1, 5, 4, 2, 3, 7, 6, 1, 2, 6, 5, 3, 0, 4, 7]
            rel material:binding = </GenericRack/Looks/Marker>
            uniform token orientation = "rightHanded"
            point3f[] points = [(-0.56, 0.14, 0.11), (-0.5, 0.14, 0.11), (-0.5, 0.2, 0.11), (-0.56, 0.2, 0.11), (-0.56, 0.14, 0.17), (-0.5, 0.14, 0.17), (-0.5, 0.2, 0.17), (-0.56, 0.2, 0.17)]
            uniform token purpose = "guide"
            uniform token subdivisionScheme = "none"
        }

        def Mesh "spt_airvent_intake" (
            prepend apiSchemas = ["MaterialBindingAPI"]
        )
        {
            custom string aidc:connectionType = "air-intake" (
                doc = "Connection point attribute"
            )
            custom string aidc:note = "residual air intake, front" (
                doc = "Connection point attribute"
            )
            float3[] extent = [(0.59, -0.2413, 0.2748), (0.6, 0.2413, 1.9932)]
            int[] faceVertexCounts = [4, 4, 4, 4, 4, 4]
            int[] faceVertexIndices = [0, 3, 2, 1, 4, 5, 6, 7, 0, 1, 5, 4, 2, 3, 7, 6, 1, 2, 6, 5, 3, 0, 4, 7]
            rel material:binding = </GenericRack/Looks/Marker>
            uniform token orientation = "rightHanded"
            point3f[] points = [(0.59, -0.2413, 0.2748), (0.6, -0.2413, 0.2748), (0.6, 0.2413, 0.2748), (0.59, 0.2413, 0.2748), (0.59, -0.2413, 1.9932), (0.6, -0.2413, 1.9932), (0.6, 0.2413, 1.9932), (0.59, 0.2413, 1.9932)]
            uniform token purpose = "guide"
            uniform token subdivisionScheme = "none"
        }

        def Mesh "spt_airvent_outflow" (
            prepend apiSchemas = ["MaterialBindingAPI"]
        )
        {
            custom string aidc:connectionType = "air-outflow" (
                doc = "Connection point attribute"
            )
            custom string aidc:note = "residual air outflow, rear" (
                doc = "Connection point attribute"
            )
            float3[] extent = [(-0.6, -0.2413, 0.2748), (-0.59, 0.2413, 1.9932)]
            int[] faceVertexCounts = [4, 4, 4, 4, 4, 4]
            int[] faceVertexIndices = [0, 3, 2, 1, 4, 5, 6, 7, 0, 1, 5, 4, 2, 3, 7, 6, 1, 2, 6, 5, 3, 0, 4, 7]
            rel material:binding = </GenericRack/Looks/Marker>
            uniform token orientation = "rightHanded"
            point3f[] points = [(-0.6, -0.2413, 0.2748), (-0.59, -0.2413, 0.2748), (-0.59, 0.2413, 0.2748), (-0.6, 0.2413, 0.2748), (-0.6, -0.2413, 1.9932), (-0.59, -0.2413, 1.9932), (-0.59, 0.2413, 1.9932), (-0.6, 0.2413, 1.9932)]
            uniform token purpose = "guide"
            uniform token subdivisionScheme = "none"
        }

        def Mesh "spt_scaleout_fiber" (
            prepend apiSchemas = ["MaterialBindingAPI"]
        )
        {
            custom string aidc:connectionType = "network" (
                doc = "Connection point attribute"
            )
            custom string aidc:note = "front-end / scale-out fibre exit (front top)" (
                doc = "Connection point attribute"
            )
            float3[] extent = [(0.58, -0.12065, 2.163), (0.6, 0.12065, 2.193)]
            int[] faceVertexCounts = [4, 4, 4, 4, 4, 4]
            int[] faceVertexIndices = [0, 3, 2, 1, 4, 5, 6, 7, 0, 1, 5, 4, 2, 3, 7, 6, 1, 2, 6, 5, 3, 0, 4, 7]
            rel material:binding = </GenericRack/Looks/Marker>
            uniform token orientation = "rightHanded"
            point3f[] points = [(0.58, -0.12065, 2.163), (0.6, -0.12065, 2.163), (0.6, 0.12065, 2.163), (0.58, 0.12065, 2.163), (0.58, -0.12065, 2.193), (0.6, -0.12065, 2.193), (0.6, 0.12065, 2.193), (0.58, 0.12065, 2.193)]
            uniform token purpose = "guide"
            uniform token subdivisionScheme = "none"
        }
    }
}

