#usda 1.0
(
    "Generic chilled-water fan-wall unit (3600 x 1500 x 3000 mm). Parametric asset generated by AIDC Studio tools/asset-pipeline/generic_usd.py. Not a model of any vendor product; no display, logo or lettering."
    defaultPrim = "GenericCRAH"
    metersPerUnit = 1
    upAxis = "Z"
)

def Xform "GenericCRAH" (
    kind = "component"
)
{
    custom string aidc:assetClass = "Fan Wall" (
        doc = "Generic equipment class"
    )
    custom string aidc:assetVersion = "1.0.0" (
        doc = "Asset revision"
    )
    custom string aidc:colorSpace = "linear" (
        doc = "diffuseColor / emissiveColor are linear (sRGB hex in generic_spec.json palette)"
    )
    custom string aidc:description = "Generic fan-wall unit, 3600 mm frontage, two fan rows" (
        doc = "Description"
    )
    custom float3 aidc:dimsMm = (3600, 1500, 3000) (
        doc = "W x D x H in mm (catalog-sized body)"
    )
    custom string aidc:generator = "tools/asset-pipeline/generic_usd.py" (
        doc = "AIDC Studio generator"
    )
    custom string aidc:licence = "MIT (AIDC Studio original)" (
        doc = "Licence of this generated asset"
    )
    custom int aidc:lod = 0 (
        doc = "0 = full detail, 1 = explicit low detail"
    )
    custom string aidc:manufacturer = "generic" (
        doc = "Not a model of any vendor product"
    )
    custom string aidc:modelName = "generic_fanwall_3600x3000" (
        doc = "Generic model name (form factor / size keyed)"
    )
    custom string aidc:nativeFront = "+X" (
        doc = "Front axis (usd_to_glb maps it to glTF -Z)"
    )
    custom string aidc:sourceTag = "body dims: catalog; fan count / layout, doors, grille: estimate (generic design)" (
        doc = "Provenance summary"
    )
    custom string aidc:specFile = "tools/asset-pipeline/generic_spec.json" (
        doc = "Parameter source"
    )
    custom int aidc:triangles = 7750 (
        doc = "Authored triangle count"
    )

    def Scope "Looks"
    {
        def Material "Plinth"
        {
            token outputs:surface.connect = </GenericCRAH/Looks/Plinth/PreviewSurface.outputs:surface>

            def Shader "PreviewSurface"
            {
                custom string aidc:srgbDiffuse = "#111214" (
                    doc = "sRGB hex from the parameter spec; diffuseColor holds the linear conversion"
                )
                uniform token info:id = "UsdPreviewSurface"
                color3f inputs:diffuseColor = (0.0056053917, 0.006048833, 0.00699541)
                float inputs:metallic = 0.1
                float inputs:roughness = 0.85
                token outputs:surface
            }
        }

        def Material "CabinetLight"
        {
            token outputs:surface.connect = </GenericCRAH/Looks/CabinetLight/PreviewSurface.outputs:surface>

            def Shader "PreviewSurface"
            {
                custom string aidc:srgbDiffuse = "#c6c9cc" (
                    doc = "sRGB hex from the parameter spec; diffuseColor holds the linear conversion"
                )
                uniform token info:id = "UsdPreviewSurface"
                color3f inputs:diffuseColor = (0.5647115, 0.58407843, 0.60382736)
                float inputs:metallic = 0.15
                float inputs:roughness = 0.6
                token outputs:surface
            }
        }

        def Material "CabinetTrim"
        {
            token outputs:surface.connect = </GenericCRAH/Looks/CabinetTrim/PreviewSurface.outputs:surface>

            def Shader "PreviewSurface"
            {
                custom string aidc:srgbDiffuse = "#8e9296" (
                    doc = "sRGB hex from the parameter spec; diffuseColor holds the linear conversion"
                )
                uniform token info:id = "UsdPreviewSurface"
                color3f inputs:diffuseColor = (0.2704978, 0.28744084, 0.3049873)
                float inputs:metallic = 0.25
                float inputs:roughness = 0.55
                token outputs:surface
            }
        }

        def Material "FanGrille"
        {
            token outputs:surface.connect = </GenericCRAH/Looks/FanGrille/PreviewSurface.outputs:surface>

            def Shader "PreviewSurface"
            {
                custom string aidc:srgbDiffuse = "#26282b" (
                    doc = "sRGB hex from the parameter spec; diffuseColor holds the linear conversion"
                )
                uniform token info:id = "UsdPreviewSurface"
                color3f inputs:diffuseColor = (0.019382361, 0.02121901, 0.024157632)
                float inputs:metallic = 0.3
                float inputs:roughness = 0.6
                token outputs:surface
            }
        }

        def Material "FanRing"
        {
            token outputs:surface.connect = </GenericCRAH/Looks/FanRing/PreviewSurface.outputs:surface>

            def Shader "PreviewSurface"
            {
                custom string aidc:srgbDiffuse = "#6c7074" (
                    doc = "sRGB hex from the parameter spec; diffuseColor holds the linear conversion"
                )
                uniform token info:id = "UsdPreviewSurface"
                color3f inputs:diffuseColor = (0.14995979, 0.16202937, 0.1746474)
                float inputs:metallic = 0.35
                float inputs:roughness = 0.5
                token outputs:surface
            }
        }

        def Material "FanHub"
        {
            token outputs:surface.connect = </GenericCRAH/Looks/FanHub/PreviewSurface.outputs:surface>

            def Shader "PreviewSurface"
            {
                custom string aidc:srgbDiffuse = "#3e4043" (
                    doc = "sRGB hex from the parameter spec; diffuseColor holds the linear conversion"
                )
                uniform token info:id = "UsdPreviewSurface"
                color3f inputs:diffuseColor = (0.048171826, 0.051269457, 0.05612849)
                float inputs:metallic = 0.3
                float inputs:roughness = 0.55
                token outputs:surface
            }
        }

        def Material "DoorLine"
        {
            token outputs:surface.connect = </GenericCRAH/Looks/DoorLine/PreviewSurface.outputs:surface>

            def Shader "PreviewSurface"
            {
                custom string aidc:srgbDiffuse = "#55585c" (
                    doc = "sRGB hex from the parameter spec; diffuseColor holds the linear conversion"
                )
                uniform token info:id = "UsdPreviewSurface"
                color3f inputs:diffuseColor = (0.09084171, 0.09758735, 0.107023105)
                float inputs:metallic = 0.1
                float inputs:roughness = 0.8
                token outputs:surface
            }
        }

        def Material "Handle"
        {
            token outputs:surface.connect = </GenericCRAH/Looks/Handle/PreviewSurface.outputs:surface>

            def Shader "PreviewSurface"
            {
                custom string aidc:srgbDiffuse = "#a9adb2" (
                    doc = "sRGB hex from the parameter spec; diffuseColor holds the linear conversion"
                )
                uniform token info:id = "UsdPreviewSurface"
                color3f inputs:diffuseColor = (0.39675522, 0.41788507, 0.4452012)
                float inputs:metallic = 0.5
                float inputs:roughness = 0.4
                token outputs:surface
            }
        }

        def Material "FilterMesh"
        {
            token outputs:surface.connect = </GenericCRAH/Looks/FilterMesh/PreviewSurface.outputs:surface>

            def Shader "PreviewSurface"
            {
                custom string aidc:srgbDiffuse = "#9fa3a7" (
                    doc = "sRGB hex from the parameter spec; diffuseColor holds the linear conversion"
                )
                uniform token info:id = "UsdPreviewSurface"
                color3f inputs:diffuseColor = (0.34670407, 0.3662526, 0.38642943)
                float inputs:metallic = 0.1
                float inputs:roughness = 0.85
                token outputs:surface
            }
        }

        def Material "LouvreGap"
        {
            token outputs:surface.connect = </GenericCRAH/Looks/LouvreGap/PreviewSurface.outputs:surface>

            def Shader "PreviewSurface"
            {
                custom string aidc:srgbDiffuse = "#1c1d1f" (
                    doc = "sRGB hex from the parameter spec; diffuseColor holds the linear conversion"
                )
                uniform token info:id = "UsdPreviewSurface"
                color3f inputs:diffuseColor = (0.011612245, 0.012286488, 0.013702083)
                float inputs:metallic = 0
                float inputs:roughness = 0.95
                token outputs:surface
            }
        }

        def Material "Flange"
        {
            token outputs:surface.connect = </GenericCRAH/Looks/Flange/PreviewSurface.outputs:surface>

            def Shader "PreviewSurface"
            {
                custom string aidc:srgbDiffuse = "#5f6367" (
                    doc = "sRGB hex from the parameter spec; diffuseColor holds the linear conversion"
                )
                uniform token info:id = "UsdPreviewSurface"
                color3f inputs:diffuseColor = (0.114435375, 0.12477182, 0.13563333)
                float inputs:metallic = 0.5
                float inputs:roughness = 0.45
                token outputs:surface
            }
        }

        def Material "Louvre"
        {
            token outputs:surface.connect = </GenericCRAH/Looks/Louvre/PreviewSurface.outputs:surface>

            def Shader "PreviewSurface"
            {
                custom string aidc:srgbDiffuse = "#7b7f83" (
                    doc = "sRGB hex from the parameter spec; diffuseColor holds the linear conversion"
                )
                uniform token info:id = "UsdPreviewSurface"
                color3f inputs:diffuseColor = (0.19806932, 0.21223076, 0.22696587)
                float inputs:metallic = 0.2
                float inputs:roughness = 0.65
                token outputs:surface
            }
        }

        def Material "Marker"
        {
            token outputs:surface.connect = </GenericCRAH/Looks/Marker/PreviewSurface.outputs:surface>

            def Shader "PreviewSurface"
            {
                custom string aidc:srgbDiffuse = "#808080" (
                    doc = "sRGB hex from the parameter spec; diffuseColor holds the linear conversion"
                )
                uniform token info:id = "UsdPreviewSurface"
                color3f inputs:diffuseColor = (0.2158605, 0.2158605, 0.2158605)
                float inputs:metallic = 0
                float inputs:roughness = 1
                token outputs:surface
            }
        }
    }

    def Scope "Geometry"
    {
        def "Cabinet"
        {
            def Mesh "Plinth" (
                prepend apiSchemas = ["MaterialBindingAPI"]
            )
            {
                float3[] extent = [(-0.75, -1.8, 0), (0.75, 1.8, 0.06)]
                int[] faceVertexCounts = [4, 4, 4, 4, 4, 4]
                int[] faceVertexIndices = [0, 3, 2, 1, 4, 5, 6, 7, 0, 1, 5, 4, 2, 3, 7, 6, 1, 2, 6, 5, 3, 0, 4, 7]
                rel material:binding = </GenericCRAH/Looks/Plinth>
                uniform token orientation = "rightHanded"
                point3f[] points = [(-0.75, -1.8, 0), (0.75, -1.8, 0), (0.75, 1.8, 0), (-0.75, 1.8, 0), (-0.75, -1.8, 0.06), (0.75, -1.8, 0.06), (0.75, 1.8, 0.06), (-0.75, 1.8, 0.06)]
                uniform token subdivisionScheme = "none"
            }

            def Mesh "CabinetLight" (
                prepend apiSchemas = ["MaterialBindingAPI"]
            )
            {
                float3[] extent = [(-0.736, -1.798, 0.06), (0.736, 1.798, 3)]
                int[] faceVertexCounts = [4, 4, 4, 4, 4, 4]
                int[] faceVertexIndices = [0, 3, 2, 1, 4, 5, 6, 7, 0, 1, 5, 4, 2, 3, 7, 6, 1, 2, 6, 5, 3, 0, 4, 7]
                rel material:binding = </GenericCRAH/Looks/CabinetLight>
                uniform token orientation = "rightHanded"
                point3f[] points = [(-0.736, -1.798, 0.06), (0.736, -1.798, 0.06), (0.736, 1.798, 0.06), (-0.736, 1.798, 0.06), (-0.736, -1.798, 3), (0.736, -1.798, 3), (0.736, 1.798, 3), (-0.736, 1.798, 3)]
                uniform token subdivisionScheme = "none"
            }

            def Mesh "CabinetTrim" (
                prepend apiSchemas = ["MaterialBindingAPI"]
            )
            {
                float3[] extent = [(-0.75, -1.8, 0.06), (0.75, 1.8, 3)]
                int[] faceVertexCounts = [4, 4, 4, 4, 4, 4, 4, 4, 4, 4, 4, 4, 4, 4, 4, 4, 4, 4, 4, 4, 4, 4, 4, 4, 4, 4, 4, 4, 4, 4, 4, 4, 4, 4, 4, 4, 4, 4, 4, 4, 4, 4, 4, 4, 4, 4, 4, 4]
                int[] faceVertexIndices = [0, 3, 2, 1, 4, 5, 6, 7, 0, 1, 5, 4, 2, 3, 7, 6, 1, 2, 6, 5, 3, 0, 4, 7, 8, 11, 10, 9, 12, 13, 14, 15, 8, 9, 13, 12, 10, 11, 15, 14, 9, 10, 14, 13, 11, 8, 12, 15, 16, 19, 18, 17, 20, 21, 22, 23, 16, 17, 21, 20, 18, 19, 23, 22, 17, 18, 22, 21, 19, 16, 20, 23, 24, 27, 26, 25, 28, 29, 30, 31, 24, 25, 29, 28, 26, 27, 31, 30, 25, 26, 30, 29, 27, 24, 28, 31, 32, 35, 34, 33, 36, 37, 38, 39, 32, 33, 37, 36, 34, 35, 39, 38, 33, 34, 38, 37, 35, 32, 36, 39, 40, 43, 42, 41, 44, 45, 46, 47, 40, 41, 45, 44, 42, 43, 47, 46, 41, 42, 46, 45, 43, 40, 44, 47, 48, 51, 50, 49, 52, 53, 54, 55, 48, 49, 53, 52, 50, 51, 55, 54, 49, 50, 54, 53, 51, 48, 52, 55, 56, 59, 58, 57, 60, 61, 62, 63, 56, 57, 61, 60, 58, 59, 63, 62, 57, 58, 62, 61, 59, 56, 60, 63]
                rel material:binding = </GenericCRAH/Looks/CabinetTrim>
                uniform token orientation = "rightHanded"
                point3f[] points = [(0.736, -1.8, 0.06), (0.75, -1.8, 0.06), (0.75, -1.765, 0.06), (0.736, -1.765, 0.06), (0.736, -1.8, 3), (0.75, -1.8, 3), (0.75, -1.765, 3), (0.736, -1.765, 3), (0.736, 1.765, 0.06), (0.75, 1.765, 0.06), (0.75, 1.8, 0.06), (0.736, 1.8, 0.06), (0.736, 1.765, 3), (0.75, 1.765, 3), (0.75, 1.8, 3), (0.736, 1.8, 3), (0.736, -1.765, 2.965), (0.75, -1.765, 2.965), (0.75, 1.765, 2.965), (0.736, 1.765, 2.965), (0.736, -1.765, 3), (0.75, -1.765, 3), (0.75, 1.765, 3), (0.736, 1.765, 3), (0.736, -1.765, 0.06), (0.75, -1.765, 0.06), (0.75, 1.765, 0.06), (0.736, 1.765, 0.06), (0.736, -1.765, 0.095), (0.75, -1.765, 0.095), (0.75, 1.765, 0.095), (0.736, 1.765, 0.095), (-0.75, -1.8, 0.06), (-0.736, -1.8, 0.06), (-0.736, -1.765, 0.06), (-0.75, -1.765, 0.06), (-0.75, -1.8, 3), (-0.736, -1.8, 3), (-0.736, -1.765, 3), (-0.75, -1.765, 3), (-0.75, 1.765, 0.06), (-0.736, 1.765, 0.06), (-0.736, 1.8, 0.06), (-0.75, 1.8, 0.06), (-0.75, 1.765, 3), (-0.736, 1.765, 3), (-0.736, 1.8, 3), (-0.75, 1.8, 3), (-0.75, -1.765, 2.965), (-0.736, -1.765, 2.965), (-0.736, 1.765, 2.965), (-0.75, 1.765, 2.965), (-0.75, -1.765, 3), (-0.736, -1.765, 3), (-0.736, 1.765, 3), (-0.75, 1.765, 3), (-0.75, -1.765, 0.06), (-0.736, -1.765, 0.06), (-0.736, 1.765, 0.06), (-0.75, 1.765, 0.06), (-0.75, -1.765, 0.095), (-0.736, -1.765, 0.095), (-0.736, 1.765, 0.095), (-0.75, 1.765, 0.095)]
                uniform token subdivisionScheme = "none"
            }
        }

        def "Front"
        {
            def Mesh "FanGrille" (
                prepend apiSchemas = ["MaterialBindingAPI"]
            )
            {
                float3[] extent = [(0.737, -1.765, 0.095), (0.737, 1.765, 2.1614)]
                int[] faceVertexCounts = [4]
                int[] faceVertexIndices = [0, 1, 2, 3]
                rel material:binding = </GenericCRAH/Looks/FanGrille>
                uniform token orientation = "rightHanded"
                point3f[] points = [(0.737, -1.765, 0.095), (0.737, 1.765, 0.095), (0.737, 1.765, 2.1614), (0.737, -1.765, 2.1614)]
                uniform token subdivisionScheme = "none"
            }

            def "Fans"
            {
                def Mesh "FanRing" (
                    prepend apiSchemas = ["MaterialBindingAPI"]
                )
                {
                    float3[] extent = [(0.736, -1.7141685, 0.22118141), (0.751, 1.7141685, 2.0352185)]
                    int[] faceVertexCounts = [4, 4, 4, 4, 4, 4, 4, 4, 4, 4, 4, 4, 4, 4, 4, 4, 4, 4, 4, 4, 4, 4, 4, 4, 4, 4, 4, 4, 3, 3, 3, 3, 3, 3, 3, 3, 3, 3, 3, 3, 3, 3, 3, 3, 3, 3, 3, 3, 3, 3, 3, 3, 3, 3, 3, 3, 3, 3, 3, 3, 3, 3, 3, 3, 3, 3, 3, 3, 3, 3, 3, 3, 3, 3, 3, 3, 3, 3, 3, 3, 3, 3, 3, 3, 4, 4, 4, 4, 4, 4, 4, 4, 4, 4, 4, 4, 4, 4, 4, 4, 4, 4, 4, 4, 4, 4, 4, 4, 4, 4, 4, 4, 4, 4, 4, 4, 4, 4, 4, 4, 4, 4, 4, 4, 4, 4, 4, 4, 4, 4, 4, 4, 4, 4, 4, 4, 4, 4, 4, 4, 4, 4, 4, 4, 4, 4, 4, 4, 4, 4, 4, 4, 4, 4, 4, 4, 4, 4, 4, 4, 4, 4, 4, 4, 4, 4, 4, 4, 4, 4, 4, 4, 4, 4, 4, 4, 4, 4, 4, 4, 4, 4, 4, 4, 4, 4, 4, 4, 4, 4, 4, 4, 4, 4, 4, 4, 4, 4, 4, 4, 4, 4, 4, 4, 4, 4, 4, 4, 4, 4, 4, 4, 4, 4, 4, 4, 4, 4, 4, 4, 4, 4, 4, 4, 4, 4, 4, 4, 4, 4, 4, 4, 4, 4, 4, 4, 4, 4, 4, 4, 4, 4, 4, 4, 4, 4, 4, 4, 4, 4, 4, 4, 4, 4, 4, 4, 4, 4, 4, 4, 4, 4, 4, 4, 4, 4, 4, 4, 4, 4, 4, 4, 4, 4, 4, 4, 4, 4, 4, 4, 4, 4, 4, 4, 4, 4, 4, 4, 4, 4, 4, 4, 4, 4, 4, 4, 4, 4, 4, 4, 4, 4, 4, 4, 4, 4, 4, 4, 4, 4, 4, 4, 4, 4, 4, 4, 4, 4, 4, 4, 4, 4, 4, 4, 4, 4, 4, 4, 4, 4, 4, 4, 4, 4, 4, 4, 3, 3, 3, 3, 3, 3, 3, 3, 3, 3, 3, 3, 3, 3, 3, 3, 3, 3, 3, 3, 3, 3, 3, 3, 3, 3, 3, 3, 3, 3, 3, 3, 3, 3, 3, 3, 3, 3, 3, 3, 3, 3, 3, 3, 3, 3, 3, 3, 3, 3, 3, 3, 3, 3, 3, 3, 4, 4, 4, 4, 4, 4, 4, 4, 4, 4, 4, 4, 4, 4, 4, 4, 4, 4, 4, 4, 4, 4, 4, 4, 4, 4, 4, 4, 4, 4, 4, 4, 4, 4, 4, 4, 4, 4, 4, 4, 4, 4, 4, 4, 4, 4, 4, 4, 4, 4, 4, 4, 4, 4, 4, 4, 4, 4, 4, 4, 4, 4, 4, 4, 4, 4, 4, 4, 4, 4, 4, 4, 4, 4, 4, 4, 4, 4, 4, 4, 4, 4, 4, 4, 4, 4, 4, 4, 4, 4, 4, 4, 4, 4, 4, 4, 4, 4, 4, 4, 4, 4, 4, 4, 4, 4, 4, 4, 4, 4, 4, 4, 4, 4, 4, 4, 4, 4, 4, 4, 4, 4, 4, 4, 4, 4, 4, 4, 4, 4, 4, 4, 4, 4, 4, 4, 4, 4, 4, 4, 4, 4, 4, 4, 4, 4, 4, 4, 4, 4, 4, 4, 4, 4, 4, 4, 4, 4, 4, 4, 4, 4, 4, 4, 4, 4, 4, 4, 4, 4, 4, 4, 4, 4, 4, 4, 4, 4, 4, 4, 4, 4, 4, 4, 4, 4, 4, 4, 4, 4, 4, 4, 4, 4, 4, 4, 4, 4, 4, 4, 4, 4, 4, 4, 4, 4, 4, 4, 4, 4, 4, 4, 4, 4, 4, 4, 4, 4, 4, 4, 4, 4, 4, 4, 4, 4, 4, 4, 4, 4, 4, 4, 4, 4, 4, 4, 4, 4, 4, 4, 4, 4, 4, 4, 4, 4, 4, 4, 4, 4, 4, 4, 3, 3, 3, 3, 3, 3, 3, 3, 3, 3, 3, 3, 3, 3, 3, 3, 3, 3, 3, 3, 3, 3, 3, 3, 3, 3, 3, 3, 3, 3, 3, 3, 3, 3, 3, 3, 3, 3, 3, 3, 3, 3, 3, 3, 3, 3, 3, 3, 3, 3, 3, 3, 3, 3, 3, 3, 4, 4, 4, 4, 4, 4, 4, 4, 4, 4, 4, 4, 4, 4, 4, 4, 4, 4, 4, 4, 4, 4, 4, 4, 4, 4, 4, 4, 4, 4, 4, 4, 4, 4, 4, 4, 4, 4, 4, 4, 4, 4, 4, 4, 4, 4, 4, 4, 4, 4, 4, 4, 4, 4, 4, 4, 4, 4, 4, 4, 4, 4, 4, 4, 4, 4, 4, 4, 4, 4, 4, 4, 4, 4, 4, 4, 4, 4, 4, 4, 4, 4, 4, 4, 4, 4, 4, 4, 4, 4, 4, 4, 4, 4, 4, 4, 4, 4, 4, 4, 4, 4, 4, 4, 4, 4, 4, 4, 4, 4, 4, 4, 4, 4, 4, 4, 4, 4, 4, 4, 4, 4, 4, 4, 4, 4, 4, 4, 4, 4, 4, 4, 4, 4, 4, 4, 4, 4, 4, 4, 4, 4, 4, 4, 4, 4, 4, 4, 4, 4, 4, 4, 4, 4, 4, 4, 4, 4, 4, 4, 4, 4, 4, 4, 4, 4, 4, 4, 4, 4, 4, 4, 4, 4, 4, 4, 4, 4, 4, 4, 4, 4, 4, 4, 4, 4, 4, 4, 4, 4, 4, 4, 4, 4, 4, 4, 4, 4, 4, 4, 4, 4, 4, 4, 4, 4, 4, 4, 4, 4, 4, 4, 4, 4, 4, 4, 4, 4, 4, 4, 4, 4, 4, 4, 4, 4, 4, 4, 4, 4, 4, 4, 4, 4, 4, 4, 4, 4, 4, 4, 4, 4, 4, 4, 4, 4, 4, 4, 4, 4, 4, 4, 3, 3, 3, 3, 3, 3, 3, 3, 3, 3, 3, 3, 3, 3, 3, 3, 3, 3, 3, 3, 3, 3, 3, 3, 3, 3, 3, 3, 3, 3, 3, 3, 3, 3, 3, 3, 3, 3, 3, 3, 3, 3, 3, 3, 3, 3, 3, 3, 3, 3, 3, 3, 3, 3, 3, 3, 4, 4, 4, 4, 4, 4, 4, 4, 4, 4, 4, 4, 4, 4, 4, 4, 4, 4, 4, 4, 4, 4, 4, 4, 4, 4, 4, 4, 4, 4, 4, 4, 4, 4, 4, 4, 4, 4, 4, 4, 4, 4, 4, 4, 4, 4, 4, 4, 4, 4, 4, 4, 4, 4, 4, 4, 4, 4, 4, 4, 4, 4, 4, 4, 4, 4, 4, 4, 4, 4, 4, 4, 4, 4, 4, 4, 4, 4, 4, 4, 4, 4, 4, 4, 4, 4, 4, 4, 4, 4, 4, 4, 4, 4, 4, 4, 4, 4, 4, 4, 4, 4, 4, 4, 4, 4, 4, 4, 4, 4, 4, 4, 4, 4, 4, 4, 4, 4, 4, 4, 4, 4, 4, 4, 4, 4, 4, 4, 4, 4, 4, 4, 4, 4, 4, 4, 4, 4, 4, 4, 4, 4, 4, 4, 4, 4, 4, 4, 4, 4, 4, 4, 4, 4, 4, 4, 4, 4, 4, 4, 4, 4, 4, 4, 4, 4, 4, 4, 4, 4, 4, 4, 4, 4, 4, 4, 4, 4, 4, 4, 4, 4, 4, 4, 4, 4, 4, 4, 4, 4, 4, 4, 4, 4, 4, 4, 4, 4, 4, 4, 4, 4, 4, 4, 4, 4, 4, 4, 4, 4, 4, 4, 4, 4, 4, 4, 4, 4, 4, 4, 4, 4, 4, 4, 4, 4, 4, 4, 4, 4, 4, 4, 4, 4, 4, 4, 4, 4, 4, 4, 4, 4, 4, 4, 4, 4, 4, 4, 4, 4, 4, 4, 3, 3, 3, 3, 3, 3, 3, 3, 3, 3, 3, 3, 3, 3, 3, 3, 3, 3, 3, 3, 3, 3, 3, 3, 3, 3, 3, 3, 3, 3, 3, 3, 3, 3, 3, 3, 3, 3, 3, 3, 3, 3, 3, 3, 3, 3, 3, 3, 3, 3, 3, 3, 3, 3, 3, 3, 4, 4, 4, 4, 4, 4, 4, 4, 4, 4, 4, 4, 4, 4, 4, 4, 4, 4, 4, 4, 4, 4, 4, 4, 4, 4, 4, 4, 4, 4, 4, 4, 4, 4, 4, 4, 4, 4, 4, 4, 4, 4, 4, 4, 4, 4, 4, 4, 4, 4, 4, 4, 4, 4, 4, 4, 4, 4, 4, 4, 4, 4, 4, 4, 4, 4, 4, 4, 4, 4, 4, 4, 4, 4, 4, 4, 4, 4, 4, 4, 4, 4, 4, 4, 4, 4, 4, 4, 4, 4, 4, 4, 4, 4, 4, 4, 4, 4, 4, 4, 4, 4, 4, 4, 4, 4, 4, 4, 4, 4, 4, 4, 4, 4, 4, 4, 4, 4, 4, 4, 4, 4, 4, 4, 4, 4, 4, 4, 4, 4, 4, 4, 4, 4, 4, 4, 4, 4, 4, 4, 4, 4, 4, 4, 4, 4, 4, 4, 4, 4, 4, 4, 4, 4, 4, 4, 4, 4, 4, 4, 4, 4, 4, 4, 4, 4, 4, 4, 4, 4, 4, 4, 4, 4, 4, 4, 4, 4, 4, 4, 4, 4, 4, 4, 4, 4, 4, 4, 4, 4, 4, 4, 4, 4, 4, 4, 4, 4, 4, 4, 4, 4, 4, 4, 4, 4, 4, 4, 4, 4, 4, 4, 4, 4, 4, 4, 4, 4, 4, 4, 4, 4, 4, 4, 4, 4, 4, 4, 4, 4, 4, 4, 4, 4, 4, 4, 4, 4, 4, 4, 4, 4, 4, 4, 4, 4, 4, 4, 4, 4, 4, 4, 3, 3, 3, 3, 3, 3, 3, 3, 3, 3, 3, 3, 3, 3, 3, 3, 3, 3, 3, 3, 3, 3, 3, 3, 3, 3, 3, 3, 3, 3, 3, 3, 3, 3, 3, 3, 3, 3, 3, 3, 3, 3, 3, 3, 3, 3, 3, 3, 3, 3, 3, 3, 3, 3, 3, 3, 4, 4, 4, 4, 4, 4, 4, 4, 4, 4, 4, 4, 4, 4, 4, 4, 4, 4, 4, 4, 4, 4, 4, 4, 4, 4, 4, 4, 4, 4, 4, 4, 4, 4, 4, 4, 4, 4, 4, 4, 4, 4, 4, 4, 4, 4, 4, 4, 4, 4, 4, 4, 4, 4, 4, 4, 4, 4, 4, 4, 4, 4, 4, 4, 4, 4, 4, 4, 4, 4, 4, 4, 4, 4, 4, 4, 4, 4, 4, 4, 4, 4, 4, 4, 4, 4, 4, 4, 4, 4, 4, 4, 4, 4, 4, 4, 4, 4, 4, 4, 4, 4, 4, 4, 4, 4, 4, 4, 4, 4, 4, 4, 4, 4, 4, 4, 4, 4, 4, 4, 4, 4, 4, 4, 4, 4, 4, 4, 4, 4, 4, 4, 4, 4, 4, 4, 4, 4, 4, 4, 4, 4, 4, 4, 4, 4, 4, 4, 4, 4, 4, 4, 4, 4, 4, 4, 4, 4, 4, 4, 4, 4, 4, 4, 4, 4, 4, 4, 4, 4, 4, 4, 4, 4, 4, 4, 4, 4, 4, 4, 4, 4, 4, 4, 4, 4, 4, 4, 4, 4, 4, 4, 4, 4, 4, 4, 4, 4, 4, 4, 4, 4, 4, 4, 4, 4, 4, 4, 4, 4, 4, 4, 4, 4, 4, 4, 4, 4, 4, 4, 4, 4, 4, 4, 4, 4, 4, 4, 4, 4, 4, 4, 4, 4, 4, 4, 4, 4, 4, 4, 4, 4, 4, 4, 4, 4, 4, 4, 4, 4, 4, 4, 3, 3, 3, 3, 3, 3, 3, 3, 3, 3, 3, 3, 3, 3, 3, 3, 3, 3, 3, 3, 3, 3, 3, 3, 3, 3, 3, 3, 3, 3, 3, 3, 3, 3, 3, 3, 3, 3, 3, 3, 3, 3, 3, 3, 3, 3, 3, 3, 3, 3, 3, 3, 3, 3, 3, 3, 4, 4, 4, 4, 4, 4, 4, 4, 4, 4, 4, 4, 4, 4, 4, 4, 4, 4, 4, 4, 4, 4, 4, 4, 4, 4, 4, 4, 4, 4, 4, 4, 4, 4, 4, 4, 4, 4, 4, 4, 4, 4, 4, 4, 4, 4, 4, 4, 4, 4, 4, 4, 4, 4, 4, 4, 4, 4, 4, 4, 4, 4, 4, 4, 4, 4, 4, 4, 4, 4, 4, 4, 4, 4, 4, 4, 4, 4, 4, 4, 4, 4, 4, 4, 4, 4, 4, 4, 4, 4, 4, 4, 4, 4, 4, 4, 4, 4, 4, 4, 4, 4, 4, 4, 4, 4, 4, 4, 4, 4, 4, 4, 4, 4, 4, 4, 4, 4, 4, 4, 4, 4, 4, 4, 4, 4, 4, 4, 4, 4, 4, 4, 4, 4, 4, 4, 4, 4, 4, 4, 4, 4, 4, 4, 4, 4, 4, 4, 4, 4, 4, 4, 4, 4, 4, 4, 4, 4, 4, 4, 4, 4, 4, 4, 4, 4, 4, 4, 4, 4, 4, 4, 4, 4, 4, 4, 4, 4, 4, 4, 4, 4, 4, 4, 4, 4, 4, 4, 4, 4, 4, 4, 4, 4, 4, 4, 4, 4, 4, 4, 4, 4, 4, 4, 4, 4, 4, 4, 4, 4, 4, 4, 4, 4, 4, 4, 4, 4, 4, 4, 4, 4, 4, 4, 4, 4, 4, 4, 4, 4, 4, 4, 4, 4, 4, 4, 4, 4, 4, 4, 4, 4, 4, 4, 4, 4, 4, 4, 4, 4, 4, 4, 3, 3, 3, 3, 3, 3, 3, 3, 3, 3, 3, 3, 3, 3, 3, 3, 3, 3, 3, 3, 3, 3, 3, 3, 3, 3, 3, 3, 3, 3, 3, 3, 3, 3, 3, 3, 3, 3, 3, 3, 3, 3, 3, 3, 3, 3, 3, 3, 3, 3, 3, 3, 3, 3, 3, 3, 4, 4, 4, 4, 4, 4, 4, 4, 4, 4, 4, 4, 4, 4, 4, 4, 4, 4, 4, 4, 4, 4, 4, 4, 4, 4, 4, 4, 4, 4, 4, 4, 4, 4, 4, 4, 4, 4, 4, 4, 4, 4, 4, 4, 4, 4, 4, 4, 4, 4, 4, 4, 4, 4, 4, 4, 4, 4, 4, 4, 4, 4, 4, 4, 4, 4, 4, 4, 4, 4, 4, 4, 4, 4, 4, 4, 4, 4, 4, 4, 4, 4, 4, 4, 4, 4, 4, 4, 4, 4, 4, 4, 4, 4, 4, 4, 4, 4, 4, 4, 4, 4, 4, 4, 4, 4, 4, 4, 4, 4, 4, 4, 4, 4, 4, 4, 4, 4, 4, 4, 4, 4, 4, 4, 4, 4, 4, 4, 4, 4, 4, 4, 4, 4, 4, 4, 4, 4, 4, 4, 4, 4, 4, 4, 4, 4, 4, 4, 4, 4, 4, 4, 4, 4, 4, 4, 4, 4, 4, 4, 4, 4, 4, 4, 4, 4, 4, 4, 4, 4, 4, 4, 4, 4, 4, 4, 4, 4, 4, 4, 4, 4, 4, 4, 4, 4, 4, 4, 4, 4, 4, 4, 4, 4, 4, 4, 4, 4, 4, 4, 4, 4, 4, 4, 4, 4, 4, 4, 4, 4, 4, 4, 4, 4, 4, 4, 4, 4, 4, 4, 4, 4, 4, 4]
                    int[] faceVertexIndices = [0, 1, 29, 28, 1, 2, 30, 29, 2, 3, 31, 30, 3, 4, 32, 31, 4, 5, 33, 32, 5, 6, 34, 33, 6, 7, 35, 34, 7, 8, 36, 35, 8, 9, 37, 36, 9, 10, 38, 37, 10, 11, 39, 38, 11, 12, 40, 39, 12, 13, 41, 40, 13, 14, 42, 41, 14, 15, 43, 42, 15, 16, 44, 43, 16, 17, 45, 44, 17, 18, 46, 45, 18, 19, 47, 46, 19, 20, 48, 47, 20, 21, 49, 48, 21, 22, 50, 49, 22, 23, 51, 50, 23, 24, 52, 51, 24, 25, 53, 52, 25, 26, 54, 53, 26, 27, 55, 54, 27, 0, 28, 55, 56, 1, 0, 57, 28, 29, 56, 2, 1, 57, 29, 30, 56, 3, 2, 57, 30, 31, 56, 4, 3, 57, 31, 32, 56, 5, 4, 57, 32, 33, 56, 6, 5, 57, 33, 34, 56, 7, 6, 57, 34, 35, 56, 8, 7, 57, 35, 36, 56, 9, 8, 57, 36, 37, 56, 10, 9, 57, 37, 38, 56, 11, 10, 57, 38, 39, 56, 12, 11, 57, 39, 40, 56, 13, 12, 57, 40, 41, 56, 14, 13, 57, 41, 42, 56, 15, 14, 57, 42, 43, 56, 16, 15, 57, 43, 44, 56, 17, 16, 57, 44, 45, 56, 18, 17, 57, 45, 46, 56, 19, 18, 57, 46, 47, 56, 20, 19, 57, 47, 48, 56, 21, 20, 57, 48, 49, 56, 22, 21, 57, 49, 50, 56, 23, 22, 57, 50, 51, 56, 24, 23, 57, 51, 52, 56, 25, 24, 57, 52, 53, 56, 26, 25, 57, 53, 54, 56, 27, 26, 57, 54, 55, 56, 0, 27, 57, 55, 28, 58, 59, 65, 64, 59, 60, 66, 65, 60, 61, 67, 66, 61, 62, 68, 67, 62, 63, 69, 68, 63, 58, 64, 69, 70, 71, 77, 76, 71, 72, 78, 77, 72, 73, 79, 78, 73, 74, 80, 79, 74, 75, 81, 80, 75, 70, 76, 81, 82, 83, 89, 88, 83, 84, 90, 89, 84, 85, 91, 90, 85, 86, 92, 91, 86, 87, 93, 92, 87, 82, 88, 93, 94, 95, 101, 100, 95, 96, 102, 101, 96, 97, 103, 102, 97, 98, 104, 103, 98, 99, 105, 104, 99, 94, 100, 105, 106, 107, 112, 111, 107, 108, 113, 112, 108, 109, 114, 113, 109, 110, 115, 114, 110, 106, 111, 115, 116, 117, 122, 121, 117, 118, 123, 122, 118, 119, 124, 123, 119, 120, 125, 124, 120, 116, 121, 125, 126, 127, 132, 131, 127, 128, 133, 132, 128, 129, 134, 133, 129, 130, 135, 134, 130, 126, 131, 135, 136, 137, 142, 141, 137, 138, 143, 142, 138, 139, 144, 143, 139, 140, 145, 144, 140, 136, 141, 145, 146, 147, 152, 151, 147, 148, 153, 152, 148, 149, 154, 153, 149, 150, 155, 154, 150, 146, 151, 155, 156, 157, 162, 161, 157, 158, 163, 162, 158, 159, 164, 163, 159, 160, 165, 164, 160, 156, 161, 165, 166, 167, 172, 171, 167, 168, 173, 172, 168, 169, 174, 173, 169, 170, 175, 174, 170, 166, 171, 175, 176, 177, 182, 181, 177, 178, 183, 182, 178, 179, 184, 183, 179, 180, 185, 184, 180, 176, 181, 185, 186, 187, 192, 191, 187, 188, 193, 192, 188, 189, 194, 193, 189, 190, 195, 194, 190, 186, 191, 195, 196, 197, 202, 201, 197, 198, 203, 202, 198, 199, 204, 203, 199, 200, 205, 204, 200, 196, 201, 205, 206, 207, 212, 211, 207, 208, 213, 212, 208, 209, 214, 213, 209, 210, 215, 214, 210, 206, 211, 215, 216, 217, 222, 221, 217, 218, 223, 222, 218, 219, 224, 223, 219, 220, 225, 224, 220, 216, 221, 225, 226, 227, 232, 231, 227, 228, 233, 232, 228, 229, 234, 233, 229, 230, 235, 234, 230, 226, 231, 235, 236, 237, 242, 241, 237, 238, 243, 242, 238, 239, 244, 243, 239, 240, 245, 244, 240, 236, 241, 245, 246, 247, 252, 251, 247, 248, 253, 252, 248, 249, 254, 253, 249, 250, 255, 254, 250, 246, 251, 255, 256, 257, 262, 261, 257, 258, 263, 262, 258, 259, 264, 263, 259, 260, 265, 264, 260, 256, 261, 265, 266, 267, 272, 271, 267, 268, 273, 272, 268, 269, 274, 273, 269, 270, 275, 274, 270, 266, 271, 275, 276, 277, 282, 281, 277, 278, 283, 282, 278, 279, 284, 283, 279, 280, 285, 284, 280, 276, 281, 285, 286, 287, 292, 291, 287, 288, 293, 292, 288, 289, 294, 293, 289, 290, 295, 294, 290, 286, 291, 295, 296, 297, 302, 301, 297, 298, 303, 302, 298, 299, 304, 303, 299, 300, 305, 304, 300, 296, 301, 305, 306, 307, 312, 311, 307, 308, 313, 312, 308, 309, 314, 313, 309, 310, 315, 314, 310, 306, 311, 315, 316, 317, 322, 321, 317, 318, 323, 322, 318, 319, 324, 323, 319, 320, 325, 324, 320, 316, 321, 325, 326, 327, 332, 331, 327, 328, 333, 332, 328, 329, 334, 333, 329, 330, 335, 334, 330, 326, 331, 335, 336, 337, 342, 341, 337, 338, 343, 342, 338, 339, 344, 343, 339, 340, 345, 344, 340, 336, 341, 345, 346, 347, 352, 351, 347, 348, 353, 352, 348, 349, 354, 353, 349, 350, 355, 354, 350, 346, 351, 355, 356, 357, 362, 361, 357, 358, 363, 362, 358, 359, 364, 363, 359, 360, 365, 364, 360, 356, 361, 365, 366, 367, 372, 371, 367, 368, 373, 372, 368, 369, 374, 373, 369, 370, 375, 374, 370, 366, 371, 375, 376, 377, 382, 381, 377, 378, 383, 382, 378, 379, 384, 383, 379, 380, 385, 384, 380, 376, 381, 385, 386, 387, 392, 391, 387, 388, 393, 392, 388, 389, 394, 393, 389, 390, 395, 394, 390, 386, 391, 395, 396, 397, 402, 401, 397, 398, 403, 402, 398, 399, 404, 403, 399, 400, 405, 404, 400, 396, 401, 405, 406, 407, 412, 411, 407, 408, 413, 412, 408, 409, 414, 413, 409, 410, 415, 414, 410, 406, 411, 415, 416, 417, 422, 421, 417, 418, 423, 422, 418, 419, 424, 423, 419, 420, 425, 424, 420, 416, 421, 425, 426, 427, 432, 431, 427, 428, 433, 432, 428, 429, 434, 433, 429, 430, 435, 434, 430, 426, 431, 435, 436, 437, 442, 441, 437, 438, 443, 442, 438, 439, 444, 443, 439, 440, 445, 444, 440, 436, 441, 445, 446, 447, 452, 451, 447, 448, 453, 452, 448, 449, 454, 453, 449, 450, 455, 454, 450, 446, 451, 455, 456, 457, 462, 461, 457, 458, 463, 462, 458, 459, 464, 463, 459, 460, 465, 464, 460, 456, 461, 465, 466, 467, 472, 471, 467, 468, 473, 472, 468, 469, 474, 473, 469, 470, 475, 474, 470, 466, 471, 475, 476, 477, 482, 481, 477, 478, 483, 482, 478, 479, 484, 483, 479, 480, 485, 484, 480, 476, 481, 485, 486, 487, 492, 491, 487, 488, 493, 492, 488, 489, 494, 493, 489, 490, 495, 494, 490, 486, 491, 495, 496, 497, 502, 501, 497, 498, 503, 502, 498, 499, 504, 503, 499, 500, 505, 504, 500, 496, 501, 505, 506, 507, 535, 534, 507, 508, 536, 535, 508, 509, 537, 536, 509, 510, 538, 537, 510, 511, 539, 538, 511, 512, 540, 539, 512, 513, 541, 540, 513, 514, 542, 541, 514, 515, 543, 542, 515, 516, 544, 543, 516, 517, 545, 544, 517, 518, 546, 545, 518, 519, 547, 546, 519, 520, 548, 547, 520, 521, 549, 548, 521, 522, 550, 549, 522, 523, 551, 550, 523, 524, 552, 551, 524, 525, 553, 552, 525, 526, 554, 553, 526, 527, 555, 554, 527, 528, 556, 555, 528, 529, 557, 556, 529, 530, 558, 557, 530, 531, 559, 558, 531, 532, 560, 559, 532, 533, 561, 560, 533, 506, 534, 561, 562, 507, 506, 563, 534, 535, 562, 508, 507, 563, 535, 536, 562, 509, 508, 563, 536, 537, 562, 510, 509, 563, 537, 538, 562, 511, 510, 563, 538, 539, 562, 512, 511, 563, 539, 540, 562, 513, 512, 563, 540, 541, 562, 514, 513, 563, 541, 542, 562, 515, 514, 563, 542, 543, 562, 516, 515, 563, 543, 544, 562, 517, 516, 563, 544, 545, 562, 518, 517, 563, 545, 546, 562, 519, 518, 563, 546, 547, 562, 520, 519, 563, 547, 548, 562, 521, 520, 563, 548, 549, 562, 522, 521, 563, 549, 550, 562, 523, 522, 563, 550, 551, 562, 524, 523, 563, 551, 552, 562, 525, 524, 563, 552, 553, 562, 526, 525, 563, 553, 554, 562, 527, 526, 563, 554, 555, 562, 528, 527, 563, 555, 556, 562, 529, 528, 563, 556, 557, 562, 530, 529, 563, 557, 558, 562, 531, 530, 563, 558, 559, 562, 532, 531, 563, 559, 560, 562, 533, 532, 563, 560, 561, 562, 506, 533, 563, 561, 534, 564, 565, 571, 570, 565, 566, 572, 571, 566, 567, 573, 572, 567, 568, 574, 573, 568, 569, 575, 574, 569, 564, 570, 575, 576, 577, 583, 582, 577, 578, 584, 583, 578, 579, 585, 584, 579, 580, 586, 585, 580, 581, 587, 586, 581, 576, 582, 587, 588, 589, 595, 594, 589, 590, 596, 595, 590, 591, 597, 596, 591, 592, 598, 597, 592, 593, 599, 598, 593, 588, 594, 599, 600, 601, 607, 606, 601, 602, 608, 607, 602, 603, 609, 608, 603, 604, 610, 609, 604, 605, 611, 610, 605, 600, 606, 611, 612, 613, 618, 617, 613, 614, 619, 618, 614, 615, 620, 619, 615, 616, 621, 620, 616, 612, 617, 621, 622, 623, 628, 627, 623, 624, 629, 628, 624, 625, 630, 629, 625, 626, 631, 630, 626, 622, 627, 631, 632, 633, 638, 637, 633, 634, 639, 638, 634, 635, 640, 639, 635, 636, 641, 640, 636, 632, 637, 641, 642, 643, 648, 647, 643, 644, 649, 648, 644, 645, 650, 649, 645, 646, 651, 650, 646, 642, 647, 651, 652, 653, 658, 657, 653, 654, 659, 658, 654, 655, 660, 659, 655, 656, 661, 660, 656, 652, 657, 661, 662, 663, 668, 667, 663, 664, 669, 668, 664, 665, 670, 669, 665, 666, 671, 670, 666, 662, 667, 671, 672, 673, 678, 677, 673, 674, 679, 678, 674, 675, 680, 679, 675, 676, 681, 680, 676, 672, 677, 681, 682, 683, 688, 687, 683, 684, 689, 688, 684, 685, 690, 689, 685, 686, 691, 690, 686, 682, 687, 691, 692, 693, 698, 697, 693, 694, 699, 698, 694, 695, 700, 699, 695, 696, 701, 700, 696, 692, 697, 701, 702, 703, 708, 707, 703, 704, 709, 708, 704, 705, 710, 709, 705, 706, 711, 710, 706, 702, 707, 711, 712, 713, 718, 717, 713, 714, 719, 718, 714, 715, 720, 719, 715, 716, 721, 720, 716, 712, 717, 721, 722, 723, 728, 727, 723, 724, 729, 728, 724, 725, 730, 729, 725, 726, 731, 730, 726, 722, 727, 731, 732, 733, 738, 737, 733, 734, 739, 738, 734, 735, 740, 739, 735, 736, 741, 740, 736, 732, 737, 741, 742, 743, 748, 747, 743, 744, 749, 748, 744, 745, 750, 749, 745, 746, 751, 750, 746, 742, 747, 751, 752, 753, 758, 757, 753, 754, 759, 758, 754, 755, 760, 759, 755, 756, 761, 760, 756, 752, 757, 761, 762, 763, 768, 767, 763, 764, 769, 768, 764, 765, 770, 769, 765, 766, 771, 770, 766, 762, 767, 771, 772, 773, 778, 777, 773, 774, 779, 778, 774, 775, 780, 779, 775, 776, 781, 780, 776, 772, 777, 781, 782, 783, 788, 787, 783, 784, 789, 788, 784, 785, 790, 789, 785, 786, 791, 790, 786, 782, 787, 791, 792, 793, 798, 797, 793, 794, 799, 798, 794, 795, 800, 799, 795, 796, 801, 800, 796, 792, 797, 801, 802, 803, 808, 807, 803, 804, 809, 808, 804, 805, 810, 809, 805, 806, 811, 810, 806, 802, 807, 811, 812, 813, 818, 817, 813, 814, 819, 818, 814, 815, 820, 819, 815, 816, 821, 820, 816, 812, 817, 821, 822, 823, 828, 827, 823, 824, 829, 828, 824, 825, 830, 829, 825, 826, 831, 830, 826, 822, 827, 831, 832, 833, 838, 837, 833, 834, 839, 838, 834, 835, 840, 839, 835, 836, 841, 840, 836, 832, 837, 841, 842, 843, 848, 847, 843, 844, 849, 848, 844, 845, 850, 849, 845, 846, 851, 850, 846, 842, 847, 851, 852, 853, 858, 857, 853, 854, 859, 858, 854, 855, 860, 859, 855, 856, 861, 860, 856, 852, 857, 861, 862, 863, 868, 867, 863, 864, 869, 868, 864, 865, 870, 869, 865, 866, 871, 870, 866, 862, 867, 871, 872, 873, 878, 877, 873, 874, 879, 878, 874, 875, 880, 879, 875, 876, 881, 880, 876, 872, 877, 881, 882, 883, 888, 887, 883, 884, 889, 888, 884, 885, 890, 889, 885, 886, 891, 890, 886, 882, 887, 891, 892, 893, 898, 897, 893, 894, 899, 898, 894, 895, 900, 899, 895, 896, 901, 900, 896, 892, 897, 901, 902, 903, 908, 907, 903, 904, 909, 908, 904, 905, 910, 909, 905, 906, 911, 910, 906, 902, 907, 911, 912, 913, 918, 917, 913, 914, 919, 918, 914, 915, 920, 919, 915, 916, 921, 920, 916, 912, 917, 921, 922, 923, 928, 927, 923, 924, 929, 928, 924, 925, 930, 929, 925, 926, 931, 930, 926, 922, 927, 931, 932, 933, 938, 937, 933, 934, 939, 938, 934, 935, 940, 939, 935, 936, 941, 940, 936, 932, 937, 941, 942, 943, 948, 947, 943, 944, 949, 948, 944, 945, 950, 949, 945, 946, 951, 950, 946, 942, 947, 951, 952, 953, 958, 957, 953, 954, 959, 958, 954, 955, 960, 959, 955, 956, 961, 960, 956, 952, 957, 961, 962, 963, 968, 967, 963, 964, 969, 968, 964, 965, 970, 969, 965, 966, 971, 970, 966, 962, 967, 971, 972, 973, 978, 977, 973, 974, 979, 978, 974, 975, 980, 979, 975, 976, 981, 980, 976, 972, 977, 981, 982, 983, 988, 987, 983, 984, 989, 988, 984, 985, 990, 989, 985, 986, 991, 990, 986, 982, 987, 991, 992, 993, 998, 997, 993, 994, 999, 998, 994, 995, 1000, 999, 995, 996, 1001, 1000, 996, 992, 997, 1001, 1002, 1003, 1008, 1007, 1003, 1004, 1009, 1008, 1004, 1005, 1010, 1009, 1005, 1006, 1011, 1010, 1006, 1002, 1007, 1011, 1012, 1013, 1041, 1040, 1013, 1014, 1042, 1041, 1014, 1015, 1043, 1042, 1015, 1016, 1044, 1043, 1016, 1017, 1045, 1044, 1017, 1018, 1046, 1045, 1018, 1019, 1047, 1046, 1019, 1020, 1048, 1047, 1020, 1021, 1049, 1048, 1021, 1022, 1050, 1049, 1022, 1023, 1051, 1050, 1023, 1024, 1052, 1051, 1024, 1025, 1053, 1052, 1025, 1026, 1054, 1053, 1026, 1027, 1055, 1054, 1027, 1028, 1056, 1055, 1028, 1029, 1057, 1056, 1029, 1030, 1058, 1057, 1030, 1031, 1059, 1058, 1031, 1032, 1060, 1059, 1032, 1033, 1061, 1060, 1033, 1034, 1062, 1061, 1034, 1035, 1063, 1062, 1035, 1036, 1064, 1063, 1036, 1037, 1065, 1064, 1037, 1038, 1066, 1065, 1038, 1039, 1067, 1066, 1039, 1012, 1040, 1067, 1068, 1013, 1012, 1069, 1040, 1041, 1068, 1014, 1013, 1069, 1041, 1042, 1068, 1015, 1014, 1069, 1042, 1043, 1068, 1016, 1015, 1069, 1043, 1044, 1068, 1017, 1016, 1069, 1044, 1045, 1068, 1018, 1017, 1069, 1045, 1046, 1068, 1019, 1018, 1069, 1046, 1047, 1068, 1020, 1019, 1069, 1047, 1048, 1068, 1021, 1020, 1069, 1048, 1049, 1068, 1022, 1021, 1069, 1049, 1050, 1068, 1023, 1022, 1069, 1050, 1051, 1068, 1024, 1023, 1069, 1051, 1052, 1068, 1025, 1024, 1069, 1052, 1053, 1068, 1026, 1025, 1069, 1053, 1054, 1068, 1027, 1026, 1069, 1054, 1055, 1068, 1028, 1027, 1069, 1055, 1056, 1068, 1029, 1028, 1069, 1056, 1057, 1068, 1030, 1029, 1069, 1057, 1058, 1068, 1031, 1030, 1069, 1058, 1059, 1068, 1032, 1031, 1069, 1059, 1060, 1068, 1033, 1032, 1069, 1060, 1061, 1068, 1034, 1033, 1069, 1061, 1062, 1068, 1035, 1034, 1069, 1062, 1063, 1068, 1036, 1035, 1069, 1063, 1064, 1068, 1037, 1036, 1069, 1064, 1065, 1068, 1038, 1037, 1069, 1065, 1066, 1068, 1039, 1038, 1069, 1066, 1067, 1068, 1012, 1039, 1069, 1067, 1040, 1070, 1071, 1077, 1076, 1071, 1072, 1078, 1077, 1072, 1073, 1079, 1078, 1073, 1074, 1080, 1079, 1074, 1075, 1081, 1080, 1075, 1070, 1076, 1081, 1082, 1083, 1089, 1088, 1083, 1084, 1090, 1089, 1084, 1085, 1091, 1090, 1085, 1086, 1092, 1091, 1086, 1087, 1093, 1092, 1087, 1082, 1088, 1093, 1094, 1095, 1101, 1100, 1095, 1096, 1102, 1101, 1096, 1097, 1103, 1102, 1097, 1098, 1104, 1103, 1098, 1099, 1105, 1104, 1099, 1094, 1100, 1105, 1106, 1107, 1113, 1112, 1107, 1108, 1114, 1113, 1108, 1109, 1115, 1114, 1109, 1110, 1116, 1115, 1110, 1111, 1117, 1116, 1111, 1106, 1112, 1117, 1118, 1119, 1124, 1123, 1119, 1120, 1125, 1124, 1120, 1121, 1126, 1125, 1121, 1122, 1127, 1126, 1122, 1118, 1123, 1127, 1128, 1129, 1134, 1133, 1129, 1130, 1135, 1134, 1130, 1131, 1136, 1135, 1131, 1132, 1137, 1136, 1132, 1128, 1133, 1137, 1138, 1139, 1144, 1143, 1139, 1140, 1145, 1144, 1140, 1141, 1146, 1145, 1141, 1142, 1147, 1146, 1142, 1138, 1143, 1147, 1148, 1149, 1154, 1153, 1149, 1150, 1155, 1154, 1150, 1151, 1156, 1155, 1151, 1152, 1157, 1156, 1152, 1148, 1153, 1157, 1158, 1159, 1164, 1163, 1159, 1160, 1165, 1164, 1160, 1161, 1166, 1165, 1161, 1162, 1167, 1166, 1162, 1158, 1163, 1167, 1168, 1169, 1174, 1173, 1169, 1170, 1175, 1174, 1170, 1171, 1176, 1175, 1171, 1172, 1177, 1176, 1172, 1168, 1173, 1177, 1178, 1179, 1184, 1183, 1179, 1180, 1185, 1184, 1180, 1181, 1186, 1185, 1181, 1182, 1187, 1186, 1182, 1178, 1183, 1187, 1188, 1189, 1194, 1193, 1189, 1190, 1195, 1194, 1190, 1191, 1196, 1195, 1191, 1192, 1197, 1196, 1192, 1188, 1193, 1197, 1198, 1199, 1204, 1203, 1199, 1200, 1205, 1204, 1200, 1201, 1206, 1205, 1201, 1202, 1207, 1206, 1202, 1198, 1203, 1207, 1208, 1209, 1214, 1213, 1209, 1210, 1215, 1214, 1210, 1211, 1216, 1215, 1211, 1212, 1217, 1216, 1212, 1208, 1213, 1217, 1218, 1219, 1224, 1223, 1219, 1220, 1225, 1224, 1220, 1221, 1226, 1225, 1221, 1222, 1227, 1226, 1222, 1218, 1223, 1227, 1228, 1229, 1234, 1233, 1229, 1230, 1235, 1234, 1230, 1231, 1236, 1235, 1231, 1232, 1237, 1236, 1232, 1228, 1233, 1237, 1238, 1239, 1244, 1243, 1239, 1240, 1245, 1244, 1240, 1241, 1246, 1245, 1241, 1242, 1247, 1246, 1242, 1238, 1243, 1247, 1248, 1249, 1254, 1253, 1249, 1250, 1255, 1254, 1250, 1251, 1256, 1255, 1251, 1252, 1257, 1256, 1252, 1248, 1253, 1257, 1258, 1259, 1264, 1263, 1259, 1260, 1265, 1264, 1260, 1261, 1266, 1265, 1261, 1262, 1267, 1266, 1262, 1258, 1263, 1267, 1268, 1269, 1274, 1273, 1269, 1270, 1275, 1274, 1270, 1271, 1276, 1275, 1271, 1272, 1277, 1276, 1272, 1268, 1273, 1277, 1278, 1279, 1284, 1283, 1279, 1280, 1285, 1284, 1280, 1281, 1286, 1285, 1281, 1282, 1287, 1286, 1282, 1278, 1283, 1287, 1288, 1289, 1294, 1293, 1289, 1290, 1295, 1294, 1290, 1291, 1296, 1295, 1291, 1292, 1297, 1296, 1292, 1288, 1293, 1297, 1298, 1299, 1304, 1303, 1299, 1300, 1305, 1304, 1300, 1301, 1306, 1305, 1301, 1302, 1307, 1306, 1302, 1298, 1303, 1307, 1308, 1309, 1314, 1313, 1309, 1310, 1315, 1314, 1310, 1311, 1316, 1315, 1311, 1312, 1317, 1316, 1312, 1308, 1313, 1317, 1318, 1319, 1324, 1323, 1319, 1320, 1325, 1324, 1320, 1321, 1326, 1325, 1321, 1322, 1327, 1326, 1322, 1318, 1323, 1327, 1328, 1329, 1334, 1333, 1329, 1330, 1335, 1334, 1330, 1331, 1336, 1335, 1331, 1332, 1337, 1336, 1332, 1328, 1333, 1337, 1338, 1339, 1344, 1343, 1339, 1340, 1345, 1344, 1340, 1341, 1346, 1345, 1341, 1342, 1347, 1346, 1342, 1338, 1343, 1347, 1348, 1349, 1354, 1353, 1349, 1350, 1355, 1354, 1350, 1351, 1356, 1355, 1351, 1352, 1357, 1356, 1352, 1348, 1353, 1357, 1358, 1359, 1364, 1363, 1359, 1360, 1365, 1364, 1360, 1361, 1366, 1365, 1361, 1362, 1367, 1366, 1362, 1358, 1363, 1367, 1368, 1369, 1374, 1373, 1369, 1370, 1375, 1374, 1370, 1371, 1376, 1375, 1371, 1372, 1377, 1376, 1372, 1368, 1373, 1377, 1378, 1379, 1384, 1383, 1379, 1380, 1385, 1384, 1380, 1381, 1386, 1385, 1381, 1382, 1387, 1386, 1382, 1378, 1383, 1387, 1388, 1389, 1394, 1393, 1389, 1390, 1395, 1394, 1390, 1391, 1396, 1395, 1391, 1392, 1397, 1396, 1392, 1388, 1393, 1397, 1398, 1399, 1404, 1403, 1399, 1400, 1405, 1404, 1400, 1401, 1406, 1405, 1401, 1402, 1407, 1406, 1402, 1398, 1403, 1407, 1408, 1409, 1414, 1413, 1409, 1410, 1415, 1414, 1410, 1411, 1416, 1415, 1411, 1412, 1417, 1416, 1412, 1408, 1413, 1417, 1418, 1419, 1424, 1423, 1419, 1420, 1425, 1424, 1420, 1421, 1426, 1425, 1421, 1422, 1427, 1426, 1422, 1418, 1423, 1427, 1428, 1429, 1434, 1433, 1429, 1430, 1435, 1434, 1430, 1431, 1436, 1435, 1431, 1432, 1437, 1436, 1432, 1428, 1433, 1437, 1438, 1439, 1444, 1443, 1439, 1440, 1445, 1444, 1440, 1441, 1446, 1445, 1441, 1442, 1447, 1446, 1442, 1438, 1443, 1447, 1448, 1449, 1454, 1453, 1449, 1450, 1455, 1454, 1450, 1451, 1456, 1455, 1451, 1452, 1457, 1456, 1452, 1448, 1453, 1457, 1458, 1459, 1464, 1463, 1459, 1460, 1465, 1464, 1460, 1461, 1466, 1465, 1461, 1462, 1467, 1466, 1462, 1458, 1463, 1467, 1468, 1469, 1474, 1473, 1469, 1470, 1475, 1474, 1470, 1471, 1476, 1475, 1471, 1472, 1477, 1476, 1472, 1468, 1473, 1477, 1478, 1479, 1484, 1483, 1479, 1480, 1485, 1484, 1480, 1481, 1486, 1485, 1481, 1482, 1487, 1486, 1482, 1478, 1483, 1487, 1488, 1489, 1494, 1493, 1489, 1490, 1495, 1494, 1490, 1491, 1496, 1495, 1491, 1492, 1497, 1496, 1492, 1488, 1493, 1497, 1498, 1499, 1504, 1503, 1499, 1500, 1505, 1504, 1500, 1501, 1506, 1505, 1501, 1502, 1507, 1506, 1502, 1498, 1503, 1507, 1508, 1509, 1514, 1513, 1509, 1510, 1515, 1514, 1510, 1511, 1516, 1515, 1511, 1512, 1517, 1516, 1512, 1508, 1513, 1517, 1518, 1519, 1547, 1546, 1519, 1520, 1548, 1547, 1520, 1521, 1549, 1548, 1521, 1522, 1550, 1549, 1522, 1523, 1551, 1550, 1523, 1524, 1552, 1551, 1524, 1525, 1553, 1552, 1525, 1526, 1554, 1553, 1526, 1527, 1555, 1554, 1527, 1528, 1556, 1555, 1528, 1529, 1557, 1556, 1529, 1530, 1558, 1557, 1530, 1531, 1559, 1558, 1531, 1532, 1560, 1559, 1532, 1533, 1561, 1560, 1533, 1534, 1562, 1561, 1534, 1535, 1563, 1562, 1535, 1536, 1564, 1563, 1536, 1537, 1565, 1564, 1537, 1538, 1566, 1565, 1538, 1539, 1567, 1566, 1539, 1540, 1568, 1567, 1540, 1541, 1569, 1568, 1541, 1542, 1570, 1569, 1542, 1543, 1571, 1570, 1543, 1544, 1572, 1571, 1544, 1545, 1573, 1572, 1545, 1518, 1546, 1573, 1574, 1519, 1518, 1575, 1546, 1547, 1574, 1520, 1519, 1575, 1547, 1548, 1574, 1521, 1520, 1575, 1548, 1549, 1574, 1522, 1521, 1575, 1549, 1550, 1574, 1523, 1522, 1575, 1550, 1551, 1574, 1524, 1523, 1575, 1551, 1552, 1574, 1525, 1524, 1575, 1552, 1553, 1574, 1526, 1525, 1575, 1553, 1554, 1574, 1527, 1526, 1575, 1554, 1555, 1574, 1528, 1527, 1575, 1555, 1556, 1574, 1529, 1528, 1575, 1556, 1557, 1574, 1530, 1529, 1575, 1557, 1558, 1574, 1531, 1530, 1575, 1558, 1559, 1574, 1532, 1531, 1575, 1559, 1560, 1574, 1533, 1532, 1575, 1560, 1561, 1574, 1534, 1533, 1575, 1561, 1562, 1574, 1535, 1534, 1575, 1562, 1563, 1574, 1536, 1535, 1575, 1563, 1564, 1574, 1537, 1536, 1575, 1564, 1565, 1574, 1538, 1537, 1575, 1565, 1566, 1574, 1539, 1538, 1575, 1566, 1567, 1574, 1540, 1539, 1575, 1567, 1568, 1574, 1541, 1540, 1575, 1568, 1569, 1574, 1542, 1541, 1575, 1569, 1570, 1574, 1543, 1542, 1575, 1570, 1571, 1574, 1544, 1543, 1575, 1571, 1572, 1574, 1545, 1544, 1575, 1572, 1573, 1574, 1518, 1545, 1575, 1573, 1546, 1576, 1577, 1583, 1582, 1577, 1578, 1584, 1583, 1578, 1579, 1585, 1584, 1579, 1580, 1586, 1585, 1580, 1581, 1587, 1586, 1581, 1576, 1582, 1587, 1588, 1589, 1595, 1594, 1589, 1590, 1596, 1595, 1590, 1591, 1597, 1596, 1591, 1592, 1598, 1597, 1592, 1593, 1599, 1598, 1593, 1588, 1594, 1599, 1600, 1601, 1607, 1606, 1601, 1602, 1608, 1607, 1602, 1603, 1609, 1608, 1603, 1604, 1610, 1609, 1604, 1605, 1611, 1610, 1605, 1600, 1606, 1611, 1612, 1613, 1619, 1618, 1613, 1614, 1620, 1619, 1614, 1615, 1621, 1620, 1615, 1616, 1622, 1621, 1616, 1617, 1623, 1622, 1617, 1612, 1618, 1623, 1624, 1625, 1630, 1629, 1625, 1626, 1631, 1630, 1626, 1627, 1632, 1631, 1627, 1628, 1633, 1632, 1628, 1624, 1629, 1633, 1634, 1635, 1640, 1639, 1635, 1636, 1641, 1640, 1636, 1637, 1642, 1641, 1637, 1638, 1643, 1642, 1638, 1634, 1639, 1643, 1644, 1645, 1650, 1649, 1645, 1646, 1651, 1650, 1646, 1647, 1652, 1651, 1647, 1648, 1653, 1652, 1648, 1644, 1649, 1653, 1654, 1655, 1660, 1659, 1655, 1656, 1661, 1660, 1656, 1657, 1662, 1661, 1657, 1658, 1663, 1662, 1658, 1654, 1659, 1663, 1664, 1665, 1670, 1669, 1665, 1666, 1671, 1670, 1666, 1667, 1672, 1671, 1667, 1668, 1673, 1672, 1668, 1664, 1669, 1673, 1674, 1675, 1680, 1679, 1675, 1676, 1681, 1680, 1676, 1677, 1682, 1681, 1677, 1678, 1683, 1682, 1678, 1674, 1679, 1683, 1684, 1685, 1690, 1689, 1685, 1686, 1691, 1690, 1686, 1687, 1692, 1691, 1687, 1688, 1693, 1692, 1688, 1684, 1689, 1693, 1694, 1695, 1700, 1699, 1695, 1696, 1701, 1700, 1696, 1697, 1702, 1701, 1697, 1698, 1703, 1702, 1698, 1694, 1699, 1703, 1704, 1705, 1710, 1709, 1705, 1706, 1711, 1710, 1706, 1707, 1712, 1711, 1707, 1708, 1713, 1712, 1708, 1704, 1709, 1713, 1714, 1715, 1720, 1719, 1715, 1716, 1721, 1720, 1716, 1717, 1722, 1721, 1717, 1718, 1723, 1722, 1718, 1714, 1719, 1723, 1724, 1725, 1730, 1729, 1725, 1726, 1731, 1730, 1726, 1727, 1732, 1731, 1727, 1728, 1733, 1732, 1728, 1724, 1729, 1733, 1734, 1735, 1740, 1739, 1735, 1736, 1741, 1740, 1736, 1737, 1742, 1741, 1737, 1738, 1743, 1742, 1738, 1734, 1739, 1743, 1744, 1745, 1750, 1749, 1745, 1746, 1751, 1750, 1746, 1747, 1752, 1751, 1747, 1748, 1753, 1752, 1748, 1744, 1749, 1753, 1754, 1755, 1760, 1759, 1755, 1756, 1761, 1760, 1756, 1757, 1762, 1761, 1757, 1758, 1763, 1762, 1758, 1754, 1759, 1763, 1764, 1765, 1770, 1769, 1765, 1766, 1771, 1770, 1766, 1767, 1772, 1771, 1767, 1768, 1773, 1772, 1768, 1764, 1769, 1773, 1774, 1775, 1780, 1779, 1775, 1776, 1781, 1780, 1776, 1777, 1782, 1781, 1777, 1778, 1783, 1782, 1778, 1774, 1779, 1783, 1784, 1785, 1790, 1789, 1785, 1786, 1791, 1790, 1786, 1787, 1792, 1791, 1787, 1788, 1793, 1792, 1788, 1784, 1789, 1793, 1794, 1795, 1800, 1799, 1795, 1796, 1801, 1800, 1796, 1797, 1802, 1801, 1797, 1798, 1803, 1802, 1798, 1794, 1799, 1803, 1804, 1805, 1810, 1809, 1805, 1806, 1811, 1810, 1806, 1807, 1812, 1811, 1807, 1808, 1813, 1812, 1808, 1804, 1809, 1813, 1814, 1815, 1820, 1819, 1815, 1816, 1821, 1820, 1816, 1817, 1822, 1821, 1817, 1818, 1823, 1822, 1818, 1814, 1819, 1823, 1824, 1825, 1830, 1829, 1825, 1826, 1831, 1830, 1826, 1827, 1832, 1831, 1827, 1828, 1833, 1832, 1828, 1824, 1829, 1833, 1834, 1835, 1840, 1839, 1835, 1836, 1841, 1840, 1836, 1837, 1842, 1841, 1837, 1838, 1843, 1842, 1838, 1834, 1839, 1843, 1844, 1845, 1850, 1849, 1845, 1846, 1851, 1850, 1846, 1847, 1852, 1851, 1847, 1848, 1853, 1852, 1848, 1844, 1849, 1853, 1854, 1855, 1860, 1859, 1855, 1856, 1861, 1860, 1856, 1857, 1862, 1861, 1857, 1858, 1863, 1862, 1858, 1854, 1859, 1863, 1864, 1865, 1870, 1869, 1865, 1866, 1871, 1870, 1866, 1867, 1872, 1871, 1867, 1868, 1873, 1872, 1868, 1864, 1869, 1873, 1874, 1875, 1880, 1879, 1875, 1876, 1881, 1880, 1876, 1877, 1882, 1881, 1877, 1878, 1883, 1882, 1878, 1874, 1879, 1883, 1884, 1885, 1890, 1889, 1885, 1886, 1891, 1890, 1886, 1887, 1892, 1891, 1887, 1888, 1893, 1892, 1888, 1884, 1889, 1893, 1894, 1895, 1900, 1899, 1895, 1896, 1901, 1900, 1896, 1897, 1902, 1901, 1897, 1898, 1903, 1902, 1898, 1894, 1899, 1903, 1904, 1905, 1910, 1909, 1905, 1906, 1911, 1910, 1906, 1907, 1912, 1911, 1907, 1908, 1913, 1912, 1908, 1904, 1909, 1913, 1914, 1915, 1920, 1919, 1915, 1916, 1921, 1920, 1916, 1917, 1922, 1921, 1917, 1918, 1923, 1922, 1918, 1914, 1919, 1923, 1924, 1925, 1930, 1929, 1925, 1926, 1931, 1930, 1926, 1927, 1932, 1931, 1927, 1928, 1933, 1932, 1928, 1924, 1929, 1933, 1934, 1935, 1940, 1939, 1935, 1936, 1941, 1940, 1936, 1937, 1942, 1941, 1937, 1938, 1943, 1942, 1938, 1934, 1939, 1943, 1944, 1945, 1950, 1949, 1945, 1946, 1951, 1950, 1946, 1947, 1952, 1951, 1947, 1948, 1953, 1952, 1948, 1944, 1949, 1953, 1954, 1955, 1960, 1959, 1955, 1956, 1961, 1960, 1956, 1957, 1962, 1961, 1957, 1958, 1963, 1962, 1958, 1954, 1959, 1963, 1964, 1965, 1970, 1969, 1965, 1966, 1971, 1970, 1966, 1967, 1972, 1971, 1967, 1968, 1973, 1972, 1968, 1964, 1969, 1973, 1974, 1975, 1980, 1979, 1975, 1976, 1981, 1980, 1976, 1977, 1982, 1981, 1977, 1978, 1983, 1982, 1978, 1974, 1979, 1983, 1984, 1985, 1990, 1989, 1985, 1986, 1991, 1990, 1986, 1987, 1992, 1991, 1987, 1988, 1993, 1992, 1988, 1984, 1989, 1993, 1994, 1995, 2000, 1999, 1995, 1996, 2001, 2000, 1996, 1997, 2002, 2001, 1997, 1998, 2003, 2002, 1998, 1994, 1999, 2003, 2004, 2005, 2010, 2009, 2005, 2006, 2011, 2010, 2006, 2007, 2012, 2011, 2007, 2008, 2013, 2012, 2008, 2004, 2009, 2013, 2014, 2015, 2020, 2019, 2015, 2016, 2021, 2020, 2016, 2017, 2022, 2021, 2017, 2018, 2023, 2022, 2018, 2014, 2019, 2023, 2024, 2025, 2053, 2052, 2025, 2026, 2054, 2053, 2026, 2027, 2055, 2054, 2027, 2028, 2056, 2055, 2028, 2029, 2057, 2056, 2029, 2030, 2058, 2057, 2030, 2031, 2059, 2058, 2031, 2032, 2060, 2059, 2032, 2033, 2061, 2060, 2033, 2034, 2062, 2061, 2034, 2035, 2063, 2062, 2035, 2036, 2064, 2063, 2036, 2037, 2065, 2064, 2037, 2038, 2066, 2065, 2038, 2039, 2067, 2066, 2039, 2040, 2068, 2067, 2040, 2041, 2069, 2068, 2041, 2042, 2070, 2069, 2042, 2043, 2071, 2070, 2043, 2044, 2072, 2071, 2044, 2045, 2073, 2072, 2045, 2046, 2074, 2073, 2046, 2047, 2075, 2074, 2047, 2048, 2076, 2075, 2048, 2049, 2077, 2076, 2049, 2050, 2078, 2077, 2050, 2051, 2079, 2078, 2051, 2024, 2052, 2079, 2080, 2025, 2024, 2081, 2052, 2053, 2080, 2026, 2025, 2081, 2053, 2054, 2080, 2027, 2026, 2081, 2054, 2055, 2080, 2028, 2027, 2081, 2055, 2056, 2080, 2029, 2028, 2081, 2056, 2057, 2080, 2030, 2029, 2081, 2057, 2058, 2080, 2031, 2030, 2081, 2058, 2059, 2080, 2032, 2031, 2081, 2059, 2060, 2080, 2033, 2032, 2081, 2060, 2061, 2080, 2034, 2033, 2081, 2061, 2062, 2080, 2035, 2034, 2081, 2062, 2063, 2080, 2036, 2035, 2081, 2063, 2064, 2080, 2037, 2036, 2081, 2064, 2065, 2080, 2038, 2037, 2081, 2065, 2066, 2080, 2039, 2038, 2081, 2066, 2067, 2080, 2040, 2039, 2081, 2067, 2068, 2080, 2041, 2040, 2081, 2068, 2069, 2080, 2042, 2041, 2081, 2069, 2070, 2080, 2043, 2042, 2081, 2070, 2071, 2080, 2044, 2043, 2081, 2071, 2072, 2080, 2045, 2044, 2081, 2072, 2073, 2080, 2046, 2045, 2081, 2073, 2074, 2080, 2047, 2046, 2081, 2074, 2075, 2080, 2048, 2047, 2081, 2075, 2076, 2080, 2049, 2048, 2081, 2076, 2077, 2080, 2050, 2049, 2081, 2077, 2078, 2080, 2051, 2050, 2081, 2078, 2079, 2080, 2024, 2051, 2081, 2079, 2052, 2082, 2083, 2089, 2088, 2083, 2084, 2090, 2089, 2084, 2085, 2091, 2090, 2085, 2086, 2092, 2091, 2086, 2087, 2093, 2092, 2087, 2082, 2088, 2093, 2094, 2095, 2101, 2100, 2095, 2096, 2102, 2101, 2096, 2097, 2103, 2102, 2097, 2098, 2104, 2103, 2098, 2099, 2105, 2104, 2099, 2094, 2100, 2105, 2106, 2107, 2113, 2112, 2107, 2108, 2114, 2113, 2108, 2109, 2115, 2114, 2109, 2110, 2116, 2115, 2110, 2111, 2117, 2116, 2111, 2106, 2112, 2117, 2118, 2119, 2125, 2124, 2119, 2120, 2126, 2125, 2120, 2121, 2127, 2126, 2121, 2122, 2128, 2127, 2122, 2123, 2129, 2128, 2123, 2118, 2124, 2129, 2130, 2131, 2136, 2135, 2131, 2132, 2137, 2136, 2132, 2133, 2138, 2137, 2133, 2134, 2139, 2138, 2134, 2130, 2135, 2139, 2140, 2141, 2146, 2145, 2141, 2142, 2147, 2146, 2142, 2143, 2148, 2147, 2143, 2144, 2149, 2148, 2144, 2140, 2145, 2149, 2150, 2151, 2156, 2155, 2151, 2152, 2157, 2156, 2152, 2153, 2158, 2157, 2153, 2154, 2159, 2158, 2154, 2150, 2155, 2159, 2160, 2161, 2166, 2165, 2161, 2162, 2167, 2166, 2162, 2163, 2168, 2167, 2163, 2164, 2169, 2168, 2164, 2160, 2165, 2169, 2170, 2171, 2176, 2175, 2171, 2172, 2177, 2176, 2172, 2173, 2178, 2177, 2173, 2174, 2179, 2178, 2174, 2170, 2175, 2179, 2180, 2181, 2186, 2185, 2181, 2182, 2187, 2186, 2182, 2183, 2188, 2187, 2183, 2184, 2189, 2188, 2184, 2180, 2185, 2189, 2190, 2191, 2196, 2195, 2191, 2192, 2197, 2196, 2192, 2193, 2198, 2197, 2193, 2194, 2199, 2198, 2194, 2190, 2195, 2199, 2200, 2201, 2206, 2205, 2201, 2202, 2207, 2206, 2202, 2203, 2208, 2207, 2203, 2204, 2209, 2208, 2204, 2200, 2205, 2209, 2210, 2211, 2216, 2215, 2211, 2212, 2217, 2216, 2212, 2213, 2218, 2217, 2213, 2214, 2219, 2218, 2214, 2210, 2215, 2219, 2220, 2221, 2226, 2225, 2221, 2222, 2227, 2226, 2222, 2223, 2228, 2227, 2223, 2224, 2229, 2228, 2224, 2220, 2225, 2229, 2230, 2231, 2236, 2235, 2231, 2232, 2237, 2236, 2232, 2233, 2238, 2237, 2233, 2234, 2239, 2238, 2234, 2230, 2235, 2239, 2240, 2241, 2246, 2245, 2241, 2242, 2247, 2246, 2242, 2243, 2248, 2247, 2243, 2244, 2249, 2248, 2244, 2240, 2245, 2249, 2250, 2251, 2256, 2255, 2251, 2252, 2257, 2256, 2252, 2253, 2258, 2257, 2253, 2254, 2259, 2258, 2254, 2250, 2255, 2259, 2260, 2261, 2266, 2265, 2261, 2262, 2267, 2266, 2262, 2263, 2268, 2267, 2263, 2264, 2269, 2268, 2264, 2260, 2265, 2269, 2270, 2271, 2276, 2275, 2271, 2272, 2277, 2276, 2272, 2273, 2278, 2277, 2273, 2274, 2279, 2278, 2274, 2270, 2275, 2279, 2280, 2281, 2286, 2285, 2281, 2282, 2287, 2286, 2282, 2283, 2288, 2287, 2283, 2284, 2289, 2288, 2284, 2280, 2285, 2289, 2290, 2291, 2296, 2295, 2291, 2292, 2297, 2296, 2292, 2293, 2298, 2297, 2293, 2294, 2299, 2298, 2294, 2290, 2295, 2299, 2300, 2301, 2306, 2305, 2301, 2302, 2307, 2306, 2302, 2303, 2308, 2307, 2303, 2304, 2309, 2308, 2304, 2300, 2305, 2309, 2310, 2311, 2316, 2315, 2311, 2312, 2317, 2316, 2312, 2313, 2318, 2317, 2313, 2314, 2319, 2318, 2314, 2310, 2315, 2319, 2320, 2321, 2326, 2325, 2321, 2322, 2327, 2326, 2322, 2323, 2328, 2327, 2323, 2324, 2329, 2328, 2324, 2320, 2325, 2329, 2330, 2331, 2336, 2335, 2331, 2332, 2337, 2336, 2332, 2333, 2338, 2337, 2333, 2334, 2339, 2338, 2334, 2330, 2335, 2339, 2340, 2341, 2346, 2345, 2341, 2342, 2347, 2346, 2342, 2343, 2348, 2347, 2343, 2344, 2349, 2348, 2344, 2340, 2345, 2349, 2350, 2351, 2356, 2355, 2351, 2352, 2357, 2356, 2352, 2353, 2358, 2357, 2353, 2354, 2359, 2358, 2354, 2350, 2355, 2359, 2360, 2361, 2366, 2365, 2361, 2362, 2367, 2366, 2362, 2363, 2368, 2367, 2363, 2364, 2369, 2368, 2364, 2360, 2365, 2369, 2370, 2371, 2376, 2375, 2371, 2372, 2377, 2376, 2372, 2373, 2378, 2377, 2373, 2374, 2379, 2378, 2374, 2370, 2375, 2379, 2380, 2381, 2386, 2385, 2381, 2382, 2387, 2386, 2382, 2383, 2388, 2387, 2383, 2384, 2389, 2388, 2384, 2380, 2385, 2389, 2390, 2391, 2396, 2395, 2391, 2392, 2397, 2396, 2392, 2393, 2398, 2397, 2393, 2394, 2399, 2398, 2394, 2390, 2395, 2399, 2400, 2401, 2406, 2405, 2401, 2402, 2407, 2406, 2402, 2403, 2408, 2407, 2403, 2404, 2409, 2408, 2404, 2400, 2405, 2409, 2410, 2411, 2416, 2415, 2411, 2412, 2417, 2416, 2412, 2413, 2418, 2417, 2413, 2414, 2419, 2418, 2414, 2410, 2415, 2419, 2420, 2421, 2426, 2425, 2421, 2422, 2427, 2426, 2422, 2423, 2428, 2427, 2423, 2424, 2429, 2428, 2424, 2420, 2425, 2429, 2430, 2431, 2436, 2435, 2431, 2432, 2437, 2436, 2432, 2433, 2438, 2437, 2433, 2434, 2439, 2438, 2434, 2430, 2435, 2439, 2440, 2441, 2446, 2445, 2441, 2442, 2447, 2446, 2442, 2443, 2448, 2447, 2443, 2444, 2449, 2448, 2444, 2440, 2445, 2449, 2450, 2451, 2456, 2455, 2451, 2452, 2457, 2456, 2452, 2453, 2458, 2457, 2453, 2454, 2459, 2458, 2454, 2450, 2455, 2459, 2460, 2461, 2466, 2465, 2461, 2462, 2467, 2466, 2462, 2463, 2468, 2467, 2463, 2464, 2469, 2468, 2464, 2460, 2465, 2469, 2470, 2471, 2476, 2475, 2471, 2472, 2477, 2476, 2472, 2473, 2478, 2477, 2473, 2474, 2479, 2478, 2474, 2470, 2475, 2479, 2480, 2481, 2486, 2485, 2481, 2482, 2487, 2486, 2482, 2483, 2488, 2487, 2483, 2484, 2489, 2488, 2484, 2480, 2485, 2489, 2490, 2491, 2496, 2495, 2491, 2492, 2497, 2496, 2492, 2493, 2498, 2497, 2493, 2494, 2499, 2498, 2494, 2490, 2495, 2499, 2500, 2501, 2506, 2505, 2501, 2502, 2507, 2506, 2502, 2503, 2508, 2507, 2503, 2504, 2509, 2508, 2504, 2500, 2505, 2509, 2510, 2511, 2516, 2515, 2511, 2512, 2517, 2516, 2512, 2513, 2518, 2517, 2513, 2514, 2519, 2518, 2514, 2510, 2515, 2519, 2520, 2521, 2526, 2525, 2521, 2522, 2527, 2526, 2522, 2523, 2528, 2527, 2523, 2524, 2529, 2528, 2524, 2520, 2525, 2529, 2530, 2531, 2559, 2558, 2531, 2532, 2560, 2559, 2532, 2533, 2561, 2560, 2533, 2534, 2562, 2561, 2534, 2535, 2563, 2562, 2535, 2536, 2564, 2563, 2536, 2537, 2565, 2564, 2537, 2538, 2566, 2565, 2538, 2539, 2567, 2566, 2539, 2540, 2568, 2567, 2540, 2541, 2569, 2568, 2541, 2542, 2570, 2569, 2542, 2543, 2571, 2570, 2543, 2544, 2572, 2571, 2544, 2545, 2573, 2572, 2545, 2546, 2574, 2573, 2546, 2547, 2575, 2574, 2547, 2548, 2576, 2575, 2548, 2549, 2577, 2576, 2549, 2550, 2578, 2577, 2550, 2551, 2579, 2578, 2551, 2552, 2580, 2579, 2552, 2553, 2581, 2580, 2553, 2554, 2582, 2581, 2554, 2555, 2583, 2582, 2555, 2556, 2584, 2583, 2556, 2557, 2585, 2584, 2557, 2530, 2558, 2585, 2586, 2531, 2530, 2587, 2558, 2559, 2586, 2532, 2531, 2587, 2559, 2560, 2586, 2533, 2532, 2587, 2560, 2561, 2586, 2534, 2533, 2587, 2561, 2562, 2586, 2535, 2534, 2587, 2562, 2563, 2586, 2536, 2535, 2587, 2563, 2564, 2586, 2537, 2536, 2587, 2564, 2565, 2586, 2538, 2537, 2587, 2565, 2566, 2586, 2539, 2538, 2587, 2566, 2567, 2586, 2540, 2539, 2587, 2567, 2568, 2586, 2541, 2540, 2587, 2568, 2569, 2586, 2542, 2541, 2587, 2569, 2570, 2586, 2543, 2542, 2587, 2570, 2571, 2586, 2544, 2543, 2587, 2571, 2572, 2586, 2545, 2544, 2587, 2572, 2573, 2586, 2546, 2545, 2587, 2573, 2574, 2586, 2547, 2546, 2587, 2574, 2575, 2586, 2548, 2547, 2587, 2575, 2576, 2586, 2549, 2548, 2587, 2576, 2577, 2586, 2550, 2549, 2587, 2577, 2578, 2586, 2551, 2550, 2587, 2578, 2579, 2586, 2552, 2551, 2587, 2579, 2580, 2586, 2553, 2552, 2587, 2580, 2581, 2586, 2554, 2553, 2587, 2581, 2582, 2586, 2555, 2554, 2587, 2582, 2583, 2586, 2556, 2555, 2587, 2583, 2584, 2586, 2557, 2556, 2587, 2584, 2585, 2586, 2530, 2557, 2587, 2585, 2558, 2588, 2589, 2595, 2594, 2589, 2590, 2596, 2595, 2590, 2591, 2597, 2596, 2591, 2592, 2598, 2597, 2592, 2593, 2599, 2598, 2593, 2588, 2594, 2599, 2600, 2601, 2607, 2606, 2601, 2602, 2608, 2607, 2602, 2603, 2609, 2608, 2603, 2604, 2610, 2609, 2604, 2605, 2611, 2610, 2605, 2600, 2606, 2611, 2612, 2613, 2619, 2618, 2613, 2614, 2620, 2619, 2614, 2615, 2621, 2620, 2615, 2616, 2622, 2621, 2616, 2617, 2623, 2622, 2617, 2612, 2618, 2623, 2624, 2625, 2631, 2630, 2625, 2626, 2632, 2631, 2626, 2627, 2633, 2632, 2627, 2628, 2634, 2633, 2628, 2629, 2635, 2634, 2629, 2624, 2630, 2635, 2636, 2637, 2642, 2641, 2637, 2638, 2643, 2642, 2638, 2639, 2644, 2643, 2639, 2640, 2645, 2644, 2640, 2636, 2641, 2645, 2646, 2647, 2652, 2651, 2647, 2648, 2653, 2652, 2648, 2649, 2654, 2653, 2649, 2650, 2655, 2654, 2650, 2646, 2651, 2655, 2656, 2657, 2662, 2661, 2657, 2658, 2663, 2662, 2658, 2659, 2664, 2663, 2659, 2660, 2665, 2664, 2660, 2656, 2661, 2665, 2666, 2667, 2672, 2671, 2667, 2668, 2673, 2672, 2668, 2669, 2674, 2673, 2669, 2670, 2675, 2674, 2670, 2666, 2671, 2675, 2676, 2677, 2682, 2681, 2677, 2678, 2683, 2682, 2678, 2679, 2684, 2683, 2679, 2680, 2685, 2684, 2680, 2676, 2681, 2685, 2686, 2687, 2692, 2691, 2687, 2688, 2693, 2692, 2688, 2689, 2694, 2693, 2689, 2690, 2695, 2694, 2690, 2686, 2691, 2695, 2696, 2697, 2702, 2701, 2697, 2698, 2703, 2702, 2698, 2699, 2704, 2703, 2699, 2700, 2705, 2704, 2700, 2696, 2701, 2705, 2706, 2707, 2712, 2711, 2707, 2708, 2713, 2712, 2708, 2709, 2714, 2713, 2709, 2710, 2715, 2714, 2710, 2706, 2711, 2715, 2716, 2717, 2722, 2721, 2717, 2718, 2723, 2722, 2718, 2719, 2724, 2723, 2719, 2720, 2725, 2724, 2720, 2716, 2721, 2725, 2726, 2727, 2732, 2731, 2727, 2728, 2733, 2732, 2728, 2729, 2734, 2733, 2729, 2730, 2735, 2734, 2730, 2726, 2731, 2735, 2736, 2737, 2742, 2741, 2737, 2738, 2743, 2742, 2738, 2739, 2744, 2743, 2739, 2740, 2745, 2744, 2740, 2736, 2741, 2745, 2746, 2747, 2752, 2751, 2747, 2748, 2753, 2752, 2748, 2749, 2754, 2753, 2749, 2750, 2755, 2754, 2750, 2746, 2751, 2755, 2756, 2757, 2762, 2761, 2757, 2758, 2763, 2762, 2758, 2759, 2764, 2763, 2759, 2760, 2765, 2764, 2760, 2756, 2761, 2765, 2766, 2767, 2772, 2771, 2767, 2768, 2773, 2772, 2768, 2769, 2774, 2773, 2769, 2770, 2775, 2774, 2770, 2766, 2771, 2775, 2776, 2777, 2782, 2781, 2777, 2778, 2783, 2782, 2778, 2779, 2784, 2783, 2779, 2780, 2785, 2784, 2780, 2776, 2781, 2785, 2786, 2787, 2792, 2791, 2787, 2788, 2793, 2792, 2788, 2789, 2794, 2793, 2789, 2790, 2795, 2794, 2790, 2786, 2791, 2795, 2796, 2797, 2802, 2801, 2797, 2798, 2803, 2802, 2798, 2799, 2804, 2803, 2799, 2800, 2805, 2804, 2800, 2796, 2801, 2805, 2806, 2807, 2812, 2811, 2807, 2808, 2813, 2812, 2808, 2809, 2814, 2813, 2809, 2810, 2815, 2814, 2810, 2806, 2811, 2815, 2816, 2817, 2822, 2821, 2817, 2818, 2823, 2822, 2818, 2819, 2824, 2823, 2819, 2820, 2825, 2824, 2820, 2816, 2821, 2825, 2826, 2827, 2832, 2831, 2827, 2828, 2833, 2832, 2828, 2829, 2834, 2833, 2829, 2830, 2835, 2834, 2830, 2826, 2831, 2835, 2836, 2837, 2842, 2841, 2837, 2838, 2843, 2842, 2838, 2839, 2844, 2843, 2839, 2840, 2845, 2844, 2840, 2836, 2841, 2845, 2846, 2847, 2852, 2851, 2847, 2848, 2853, 2852, 2848, 2849, 2854, 2853, 2849, 2850, 2855, 2854, 2850, 2846, 2851, 2855, 2856, 2857, 2862, 2861, 2857, 2858, 2863, 2862, 2858, 2859, 2864, 2863, 2859, 2860, 2865, 2864, 2860, 2856, 2861, 2865, 2866, 2867, 2872, 2871, 2867, 2868, 2873, 2872, 2868, 2869, 2874, 2873, 2869, 2870, 2875, 2874, 2870, 2866, 2871, 2875, 2876, 2877, 2882, 2881, 2877, 2878, 2883, 2882, 2878, 2879, 2884, 2883, 2879, 2880, 2885, 2884, 2880, 2876, 2881, 2885, 2886, 2887, 2892, 2891, 2887, 2888, 2893, 2892, 2888, 2889, 2894, 2893, 2889, 2890, 2895, 2894, 2890, 2886, 2891, 2895, 2896, 2897, 2902, 2901, 2897, 2898, 2903, 2902, 2898, 2899, 2904, 2903, 2899, 2900, 2905, 2904, 2900, 2896, 2901, 2905, 2906, 2907, 2912, 2911, 2907, 2908, 2913, 2912, 2908, 2909, 2914, 2913, 2909, 2910, 2915, 2914, 2910, 2906, 2911, 2915, 2916, 2917, 2922, 2921, 2917, 2918, 2923, 2922, 2918, 2919, 2924, 2923, 2919, 2920, 2925, 2924, 2920, 2916, 2921, 2925, 2926, 2927, 2932, 2931, 2927, 2928, 2933, 2932, 2928, 2929, 2934, 2933, 2929, 2930, 2935, 2934, 2930, 2926, 2931, 2935, 2936, 2937, 2942, 2941, 2937, 2938, 2943, 2942, 2938, 2939, 2944, 2943, 2939, 2940, 2945, 2944, 2940, 2936, 2941, 2945, 2946, 2947, 2952, 2951, 2947, 2948, 2953, 2952, 2948, 2949, 2954, 2953, 2949, 2950, 2955, 2954, 2950, 2946, 2951, 2955, 2956, 2957, 2962, 2961, 2957, 2958, 2963, 2962, 2958, 2959, 2964, 2963, 2959, 2960, 2965, 2964, 2960, 2956, 2961, 2965, 2966, 2967, 2972, 2971, 2967, 2968, 2973, 2972, 2968, 2969, 2974, 2973, 2969, 2970, 2975, 2974, 2970, 2966, 2971, 2975, 2976, 2977, 2982, 2981, 2977, 2978, 2983, 2982, 2978, 2979, 2984, 2983, 2979, 2980, 2985, 2984, 2980, 2976, 2981, 2985, 2986, 2987, 2992, 2991, 2987, 2988, 2993, 2992, 2988, 2989, 2994, 2993, 2989, 2990, 2995, 2994, 2990, 2986, 2991, 2995, 2996, 2997, 3002, 3001, 2997, 2998, 3003, 3002, 2998, 2999, 3004, 3003, 2999, 3000, 3005, 3004, 3000, 2996, 3001, 3005, 3006, 3007, 3012, 3011, 3007, 3008, 3013, 3012, 3008, 3009, 3014, 3013, 3009, 3010, 3015, 3014, 3010, 3006, 3011, 3015, 3016, 3017, 3022, 3021, 3017, 3018, 3023, 3022, 3018, 3019, 3024, 3023, 3019, 3020, 3025, 3024, 3020, 3016, 3021, 3025, 3026, 3027, 3032, 3031, 3027, 3028, 3033, 3032, 3028, 3029, 3034, 3033, 3029, 3030, 3035, 3034, 3030, 3026, 3031, 3035, 3036, 3037, 3065, 3064, 3037, 3038, 3066, 3065, 3038, 3039, 3067, 3066, 3039, 3040, 3068, 3067, 3040, 3041, 3069, 3068, 3041, 3042, 3070, 3069, 3042, 3043, 3071, 3070, 3043, 3044, 3072, 3071, 3044, 3045, 3073, 3072, 3045, 3046, 3074, 3073, 3046, 3047, 3075, 3074, 3047, 3048, 3076, 3075, 3048, 3049, 3077, 3076, 3049, 3050, 3078, 3077, 3050, 3051, 3079, 3078, 3051, 3052, 3080, 3079, 3052, 3053, 3081, 3080, 3053, 3054, 3082, 3081, 3054, 3055, 3083, 3082, 3055, 3056, 3084, 3083, 3056, 3057, 3085, 3084, 3057, 3058, 3086, 3085, 3058, 3059, 3087, 3086, 3059, 3060, 3088, 3087, 3060, 3061, 3089, 3088, 3061, 3062, 3090, 3089, 3062, 3063, 3091, 3090, 3063, 3036, 3064, 3091, 3092, 3037, 3036, 3093, 3064, 3065, 3092, 3038, 3037, 3093, 3065, 3066, 3092, 3039, 3038, 3093, 3066, 3067, 3092, 3040, 3039, 3093, 3067, 3068, 3092, 3041, 3040, 3093, 3068, 3069, 3092, 3042, 3041, 3093, 3069, 3070, 3092, 3043, 3042, 3093, 3070, 3071, 3092, 3044, 3043, 3093, 3071, 3072, 3092, 3045, 3044, 3093, 3072, 3073, 3092, 3046, 3045, 3093, 3073, 3074, 3092, 3047, 3046, 3093, 3074, 3075, 3092, 3048, 3047, 3093, 3075, 3076, 3092, 3049, 3048, 3093, 3076, 3077, 3092, 3050, 3049, 3093, 3077, 3078, 3092, 3051, 3050, 3093, 3078, 3079, 3092, 3052, 3051, 3093, 3079, 3080, 3092, 3053, 3052, 3093, 3080, 3081, 3092, 3054, 3053, 3093, 3081, 3082, 3092, 3055, 3054, 3093, 3082, 3083, 3092, 3056, 3055, 3093, 3083, 3084, 3092, 3057, 3056, 3093, 3084, 3085, 3092, 3058, 3057, 3093, 3085, 3086, 3092, 3059, 3058, 3093, 3086, 3087, 3092, 3060, 3059, 3093, 3087, 3088, 3092, 3061, 3060, 3093, 3088, 3089, 3092, 3062, 3061, 3093, 3089, 3090, 3092, 3063, 3062, 3093, 3090, 3091, 3092, 3036, 3063, 3093, 3091, 3064, 3094, 3095, 3101, 3100, 3095, 3096, 3102, 3101, 3096, 3097, 3103, 3102, 3097, 3098, 3104, 3103, 3098, 3099, 3105, 3104, 3099, 3094, 3100, 3105, 3106, 3107, 3113, 3112, 3107, 3108, 3114, 3113, 3108, 3109, 3115, 3114, 3109, 3110, 3116, 3115, 3110, 3111, 3117, 3116, 3111, 3106, 3112, 3117, 3118, 3119, 3125, 3124, 3119, 3120, 3126, 3125, 3120, 3121, 3127, 3126, 3121, 3122, 3128, 3127, 3122, 3123, 3129, 3128, 3123, 3118, 3124, 3129, 3130, 3131, 3137, 3136, 3131, 3132, 3138, 3137, 3132, 3133, 3139, 3138, 3133, 3134, 3140, 3139, 3134, 3135, 3141, 3140, 3135, 3130, 3136, 3141, 3142, 3143, 3148, 3147, 3143, 3144, 3149, 3148, 3144, 3145, 3150, 3149, 3145, 3146, 3151, 3150, 3146, 3142, 3147, 3151, 3152, 3153, 3158, 3157, 3153, 3154, 3159, 3158, 3154, 3155, 3160, 3159, 3155, 3156, 3161, 3160, 3156, 3152, 3157, 3161, 3162, 3163, 3168, 3167, 3163, 3164, 3169, 3168, 3164, 3165, 3170, 3169, 3165, 3166, 3171, 3170, 3166, 3162, 3167, 3171, 3172, 3173, 3178, 3177, 3173, 3174, 3179, 3178, 3174, 3175, 3180, 3179, 3175, 3176, 3181, 3180, 3176, 3172, 3177, 3181, 3182, 3183, 3188, 3187, 3183, 3184, 3189, 3188, 3184, 3185, 3190, 3189, 3185, 3186, 3191, 3190, 3186, 3182, 3187, 3191, 3192, 3193, 3198, 3197, 3193, 3194, 3199, 3198, 3194, 3195, 3200, 3199, 3195, 3196, 3201, 3200, 3196, 3192, 3197, 3201, 3202, 3203, 3208, 3207, 3203, 3204, 3209, 3208, 3204, 3205, 3210, 3209, 3205, 3206, 3211, 3210, 3206, 3202, 3207, 3211, 3212, 3213, 3218, 3217, 3213, 3214, 3219, 3218, 3214, 3215, 3220, 3219, 3215, 3216, 3221, 3220, 3216, 3212, 3217, 3221, 3222, 3223, 3228, 3227, 3223, 3224, 3229, 3228, 3224, 3225, 3230, 3229, 3225, 3226, 3231, 3230, 3226, 3222, 3227, 3231, 3232, 3233, 3238, 3237, 3233, 3234, 3239, 3238, 3234, 3235, 3240, 3239, 3235, 3236, 3241, 3240, 3236, 3232, 3237, 3241, 3242, 3243, 3248, 3247, 3243, 3244, 3249, 3248, 3244, 3245, 3250, 3249, 3245, 3246, 3251, 3250, 3246, 3242, 3247, 3251, 3252, 3253, 3258, 3257, 3253, 3254, 3259, 3258, 3254, 3255, 3260, 3259, 3255, 3256, 3261, 3260, 3256, 3252, 3257, 3261, 3262, 3263, 3268, 3267, 3263, 3264, 3269, 3268, 3264, 3265, 3270, 3269, 3265, 3266, 3271, 3270, 3266, 3262, 3267, 3271, 3272, 3273, 3278, 3277, 3273, 3274, 3279, 3278, 3274, 3275, 3280, 3279, 3275, 3276, 3281, 3280, 3276, 3272, 3277, 3281, 3282, 3283, 3288, 3287, 3283, 3284, 3289, 3288, 3284, 3285, 3290, 3289, 3285, 3286, 3291, 3290, 3286, 3282, 3287, 3291, 3292, 3293, 3298, 3297, 3293, 3294, 3299, 3298, 3294, 3295, 3300, 3299, 3295, 3296, 3301, 3300, 3296, 3292, 3297, 3301, 3302, 3303, 3308, 3307, 3303, 3304, 3309, 3308, 3304, 3305, 3310, 3309, 3305, 3306, 3311, 3310, 3306, 3302, 3307, 3311, 3312, 3313, 3318, 3317, 3313, 3314, 3319, 3318, 3314, 3315, 3320, 3319, 3315, 3316, 3321, 3320, 3316, 3312, 3317, 3321, 3322, 3323, 3328, 3327, 3323, 3324, 3329, 3328, 3324, 3325, 3330, 3329, 3325, 3326, 3331, 3330, 3326, 3322, 3327, 3331, 3332, 3333, 3338, 3337, 3333, 3334, 3339, 3338, 3334, 3335, 3340, 3339, 3335, 3336, 3341, 3340, 3336, 3332, 3337, 3341, 3342, 3343, 3348, 3347, 3343, 3344, 3349, 3348, 3344, 3345, 3350, 3349, 3345, 3346, 3351, 3350, 3346, 3342, 3347, 3351, 3352, 3353, 3358, 3357, 3353, 3354, 3359, 3358, 3354, 3355, 3360, 3359, 3355, 3356, 3361, 3360, 3356, 3352, 3357, 3361, 3362, 3363, 3368, 3367, 3363, 3364, 3369, 3368, 3364, 3365, 3370, 3369, 3365, 3366, 3371, 3370, 3366, 3362, 3367, 3371, 3372, 3373, 3378, 3377, 3373, 3374, 3379, 3378, 3374, 3375, 3380, 3379, 3375, 3376, 3381, 3380, 3376, 3372, 3377, 3381, 3382, 3383, 3388, 3387, 3383, 3384, 3389, 3388, 3384, 3385, 3390, 3389, 3385, 3386, 3391, 3390, 3386, 3382, 3387, 3391, 3392, 3393, 3398, 3397, 3393, 3394, 3399, 3398, 3394, 3395, 3400, 3399, 3395, 3396, 3401, 3400, 3396, 3392, 3397, 3401, 3402, 3403, 3408, 3407, 3403, 3404, 3409, 3408, 3404, 3405, 3410, 3409, 3405, 3406, 3411, 3410, 3406, 3402, 3407, 3411, 3412, 3413, 3418, 3417, 3413, 3414, 3419, 3418, 3414, 3415, 3420, 3419, 3415, 3416, 3421, 3420, 3416, 3412, 3417, 3421, 3422, 3423, 3428, 3427, 3423, 3424, 3429, 3428, 3424, 3425, 3430, 3429, 3425, 3426, 3431, 3430, 3426, 3422, 3427, 3431, 3432, 3433, 3438, 3437, 3433, 3434, 3439, 3438, 3434, 3435, 3440, 3439, 3435, 3436, 3441, 3440, 3436, 3432, 3437, 3441, 3442, 3443, 3448, 3447, 3443, 3444, 3449, 3448, 3444, 3445, 3450, 3449, 3445, 3446, 3451, 3450, 3446, 3442, 3447, 3451, 3452, 3453, 3458, 3457, 3453, 3454, 3459, 3458, 3454, 3455, 3460, 3459, 3455, 3456, 3461, 3460, 3456, 3452, 3457, 3461, 3462, 3463, 3468, 3467, 3463, 3464, 3469, 3468, 3464, 3465, 3470, 3469, 3465, 3466, 3471, 3470, 3466, 3462, 3467, 3471, 3472, 3473, 3478, 3477, 3473, 3474, 3479, 3478, 3474, 3475, 3480, 3479, 3475, 3476, 3481, 3480, 3476, 3472, 3477, 3481, 3482, 3483, 3488, 3487, 3483, 3484, 3489, 3488, 3484, 3485, 3490, 3489, 3485, 3486, 3491, 3490, 3486, 3482, 3487, 3491, 3492, 3493, 3498, 3497, 3493, 3494, 3499, 3498, 3494, 3495, 3500, 3499, 3495, 3496, 3501, 3500, 3496, 3492, 3497, 3501, 3502, 3503, 3508, 3507, 3503, 3504, 3509, 3508, 3504, 3505, 3510, 3509, 3505, 3506, 3511, 3510, 3506, 3502, 3507, 3511, 3512, 3513, 3518, 3517, 3513, 3514, 3519, 3518, 3514, 3515, 3520, 3519, 3515, 3516, 3521, 3520, 3516, 3512, 3517, 3521, 3522, 3523, 3528, 3527, 3523, 3524, 3529, 3528, 3524, 3525, 3530, 3529, 3525, 3526, 3531, 3530, 3526, 3522, 3527, 3531, 3532, 3533, 3538, 3537, 3533, 3534, 3539, 3538, 3534, 3535, 3540, 3539, 3535, 3536, 3541, 3540, 3536, 3532, 3537, 3541, 3542, 3543, 3571, 3570, 3543, 3544, 3572, 3571, 3544, 3545, 3573, 3572, 3545, 3546, 3574, 3573, 3546, 3547, 3575, 3574, 3547, 3548, 3576, 3575, 3548, 3549, 3577, 3576, 3549, 3550, 3578, 3577, 3550, 3551, 3579, 3578, 3551, 3552, 3580, 3579, 3552, 3553, 3581, 3580, 3553, 3554, 3582, 3581, 3554, 3555, 3583, 3582, 3555, 3556, 3584, 3583, 3556, 3557, 3585, 3584, 3557, 3558, 3586, 3585, 3558, 3559, 3587, 3586, 3559, 3560, 3588, 3587, 3560, 3561, 3589, 3588, 3561, 3562, 3590, 3589, 3562, 3563, 3591, 3590, 3563, 3564, 3592, 3591, 3564, 3565, 3593, 3592, 3565, 3566, 3594, 3593, 3566, 3567, 3595, 3594, 3567, 3568, 3596, 3595, 3568, 3569, 3597, 3596, 3569, 3542, 3570, 3597, 3598, 3543, 3542, 3599, 3570, 3571, 3598, 3544, 3543, 3599, 3571, 3572, 3598, 3545, 3544, 3599, 3572, 3573, 3598, 3546, 3545, 3599, 3573, 3574, 3598, 3547, 3546, 3599, 3574, 3575, 3598, 3548, 3547, 3599, 3575, 3576, 3598, 3549, 3548, 3599, 3576, 3577, 3598, 3550, 3549, 3599, 3577, 3578, 3598, 3551, 3550, 3599, 3578, 3579, 3598, 3552, 3551, 3599, 3579, 3580, 3598, 3553, 3552, 3599, 3580, 3581, 3598, 3554, 3553, 3599, 3581, 3582, 3598, 3555, 3554, 3599, 3582, 3583, 3598, 3556, 3555, 3599, 3583, 3584, 3598, 3557, 3556, 3599, 3584, 3585, 3598, 3558, 3557, 3599, 3585, 3586, 3598, 3559, 3558, 3599, 3586, 3587, 3598, 3560, 3559, 3599, 3587, 3588, 3598, 3561, 3560, 3599, 3588, 3589, 3598, 3562, 3561, 3599, 3589, 3590, 3598, 3563, 3562, 3599, 3590, 3591, 3598, 3564, 3563, 3599, 3591, 3592, 3598, 3565, 3564, 3599, 3592, 3593, 3598, 3566, 3565, 3599, 3593, 3594, 3598, 3567, 3566, 3599, 3594, 3595, 3598, 3568, 3567, 3599, 3595, 3596, 3598, 3569, 3568, 3599, 3596, 3597, 3598, 3542, 3569, 3599, 3597, 3570, 3600, 3601, 3607, 3606, 3601, 3602, 3608, 3607, 3602, 3603, 3609, 3608, 3603, 3604, 3610, 3609, 3604, 3605, 3611, 3610, 3605, 3600, 3606, 3611, 3612, 3613, 3619, 3618, 3613, 3614, 3620, 3619, 3614, 3615, 3621, 3620, 3615, 3616, 3622, 3621, 3616, 3617, 3623, 3622, 3617, 3612, 3618, 3623, 3624, 3625, 3631, 3630, 3625, 3626, 3632, 3631, 3626, 3627, 3633, 3632, 3627, 3628, 3634, 3633, 3628, 3629, 3635, 3634, 3629, 3624, 3630, 3635, 3636, 3637, 3643, 3642, 3637, 3638, 3644, 3643, 3638, 3639, 3645, 3644, 3639, 3640, 3646, 3645, 3640, 3641, 3647, 3646, 3641, 3636, 3642, 3647, 3648, 3649, 3654, 3653, 3649, 3650, 3655, 3654, 3650, 3651, 3656, 3655, 3651, 3652, 3657, 3656, 3652, 3648, 3653, 3657, 3658, 3659, 3664, 3663, 3659, 3660, 3665, 3664, 3660, 3661, 3666, 3665, 3661, 3662, 3667, 3666, 3662, 3658, 3663, 3667, 3668, 3669, 3674, 3673, 3669, 3670, 3675, 3674, 3670, 3671, 3676, 3675, 3671, 3672, 3677, 3676, 3672, 3668, 3673, 3677, 3678, 3679, 3684, 3683, 3679, 3680, 3685, 3684, 3680, 3681, 3686, 3685, 3681, 3682, 3687, 3686, 3682, 3678, 3683, 3687, 3688, 3689, 3694, 3693, 3689, 3690, 3695, 3694, 3690, 3691, 3696, 3695, 3691, 3692, 3697, 3696, 3692, 3688, 3693, 3697, 3698, 3699, 3704, 3703, 3699, 3700, 3705, 3704, 3700, 3701, 3706, 3705, 3701, 3702, 3707, 3706, 3702, 3698, 3703, 3707, 3708, 3709, 3714, 3713, 3709, 3710, 3715, 3714, 3710, 3711, 3716, 3715, 3711, 3712, 3717, 3716, 3712, 3708, 3713, 3717, 3718, 3719, 3724, 3723, 3719, 3720, 3725, 3724, 3720, 3721, 3726, 3725, 3721, 3722, 3727, 3726, 3722, 3718, 3723, 3727, 3728, 3729, 3734, 3733, 3729, 3730, 3735, 3734, 3730, 3731, 3736, 3735, 3731, 3732, 3737, 3736, 3732, 3728, 3733, 3737, 3738, 3739, 3744, 3743, 3739, 3740, 3745, 3744, 3740, 3741, 3746, 3745, 3741, 3742, 3747, 3746, 3742, 3738, 3743, 3747, 3748, 3749, 3754, 3753, 3749, 3750, 3755, 3754, 3750, 3751, 3756, 3755, 3751, 3752, 3757, 3756, 3752, 3748, 3753, 3757, 3758, 3759, 3764, 3763, 3759, 3760, 3765, 3764, 3760, 3761, 3766, 3765, 3761, 3762, 3767, 3766, 3762, 3758, 3763, 3767, 3768, 3769, 3774, 3773, 3769, 3770, 3775, 3774, 3770, 3771, 3776, 3775, 3771, 3772, 3777, 3776, 3772, 3768, 3773, 3777, 3778, 3779, 3784, 3783, 3779, 3780, 3785, 3784, 3780, 3781, 3786, 3785, 3781, 3782, 3787, 3786, 3782, 3778, 3783, 3787, 3788, 3789, 3794, 3793, 3789, 3790, 3795, 3794, 3790, 3791, 3796, 3795, 3791, 3792, 3797, 3796, 3792, 3788, 3793, 3797, 3798, 3799, 3804, 3803, 3799, 3800, 3805, 3804, 3800, 3801, 3806, 3805, 3801, 3802, 3807, 3806, 3802, 3798, 3803, 3807, 3808, 3809, 3814, 3813, 3809, 3810, 3815, 3814, 3810, 3811, 3816, 3815, 3811, 3812, 3817, 3816, 3812, 3808, 3813, 3817, 3818, 3819, 3824, 3823, 3819, 3820, 3825, 3824, 3820, 3821, 3826, 3825, 3821, 3822, 3827, 3826, 3822, 3818, 3823, 3827, 3828, 3829, 3834, 3833, 3829, 3830, 3835, 3834, 3830, 3831, 3836, 3835, 3831, 3832, 3837, 3836, 3832, 3828, 3833, 3837, 3838, 3839, 3844, 3843, 3839, 3840, 3845, 3844, 3840, 3841, 3846, 3845, 3841, 3842, 3847, 3846, 3842, 3838, 3843, 3847, 3848, 3849, 3854, 3853, 3849, 3850, 3855, 3854, 3850, 3851, 3856, 3855, 3851, 3852, 3857, 3856, 3852, 3848, 3853, 3857, 3858, 3859, 3864, 3863, 3859, 3860, 3865, 3864, 3860, 3861, 3866, 3865, 3861, 3862, 3867, 3866, 3862, 3858, 3863, 3867, 3868, 3869, 3874, 3873, 3869, 3870, 3875, 3874, 3870, 3871, 3876, 3875, 3871, 3872, 3877, 3876, 3872, 3868, 3873, 3877, 3878, 3879, 3884, 3883, 3879, 3880, 3885, 3884, 3880, 3881, 3886, 3885, 3881, 3882, 3887, 3886, 3882, 3878, 3883, 3887, 3888, 3889, 3894, 3893, 3889, 3890, 3895, 3894, 3890, 3891, 3896, 3895, 3891, 3892, 3897, 3896, 3892, 3888, 3893, 3897, 3898, 3899, 3904, 3903, 3899, 3900, 3905, 3904, 3900, 3901, 3906, 3905, 3901, 3902, 3907, 3906, 3902, 3898, 3903, 3907, 3908, 3909, 3914, 3913, 3909, 3910, 3915, 3914, 3910, 3911, 3916, 3915, 3911, 3912, 3917, 3916, 3912, 3908, 3913, 3917, 3918, 3919, 3924, 3923, 3919, 3920, 3925, 3924, 3920, 3921, 3926, 3925, 3921, 3922, 3927, 3926, 3922, 3918, 3923, 3927, 3928, 3929, 3934, 3933, 3929, 3930, 3935, 3934, 3930, 3931, 3936, 3935, 3931, 3932, 3937, 3936, 3932, 3928, 3933, 3937, 3938, 3939, 3944, 3943, 3939, 3940, 3945, 3944, 3940, 3941, 3946, 3945, 3941, 3942, 3947, 3946, 3942, 3938, 3943, 3947, 3948, 3949, 3954, 3953, 3949, 3950, 3955, 3954, 3950, 3951, 3956, 3955, 3951, 3952, 3957, 3956, 3952, 3948, 3953, 3957, 3958, 3959, 3964, 3963, 3959, 3960, 3965, 3964, 3960, 3961, 3966, 3965, 3961, 3962, 3967, 3966, 3962, 3958, 3963, 3967, 3968, 3969, 3974, 3973, 3969, 3970, 3975, 3974, 3970, 3971, 3976, 3975, 3971, 3972, 3977, 3976, 3972, 3968, 3973, 3977, 3978, 3979, 3984, 3983, 3979, 3980, 3985, 3984, 3980, 3981, 3986, 3985, 3981, 3982, 3987, 3986, 3982, 3978, 3983, 3987, 3988, 3989, 3994, 3993, 3989, 3990, 3995, 3994, 3990, 3991, 3996, 3995, 3991, 3992, 3997, 3996, 3992, 3988, 3993, 3997, 3998, 3999, 4004, 4003, 3999, 4000, 4005, 4004, 4000, 4001, 4006, 4005, 4001, 4002, 4007, 4006, 4002, 3998, 4003, 4007, 4008, 4009, 4014, 4013, 4009, 4010, 4015, 4014, 4010, 4011, 4016, 4015, 4011, 4012, 4017, 4016, 4012, 4008, 4013, 4017, 4018, 4019, 4024, 4023, 4019, 4020, 4025, 4024, 4020, 4021, 4026, 4025, 4021, 4022, 4027, 4026, 4022, 4018, 4023, 4027, 4028, 4029, 4034, 4033, 4029, 4030, 4035, 4034, 4030, 4031, 4036, 4035, 4031, 4032, 4037, 4036, 4032, 4028, 4033, 4037, 4038, 4039, 4044, 4043, 4039, 4040, 4045, 4044, 4040, 4041, 4046, 4045, 4041, 4042, 4047, 4046, 4042, 4038, 4043, 4047]
                    rel material:binding = </GenericCRAH/Looks/FanRing>
                    uniform token orientation = "rightHanded"
                    point3f[] points = [(0.736, -1.7141685, 0.5676104), (0.736, -1.6945914, 0.481837), (0.736, -1.6564187, 0.40257046), (0.736, -1.6015645, 0.33378553), (0.736, -1.5327796, 0.27893138), (0.736, -1.453513, 0.24075863), (0.736, -1.3677396, 0.22118141), (0.736, -1.2797604, 0.22118141), (0.736, -1.193987, 0.24075863), (0.736, -1.1147205, 0.27893138), (0.736, -1.0459355, 0.33378553), (0.736, -0.99108136, 0.40257046), (0.736, -0.95290864, 0.481837), (0.736, -0.93333143, 0.5676104), (0.736, -0.93333143, 0.65558964), (0.736, -0.95290864, 0.741363), (0.736, -0.99108136, 0.82062954), (0.736, -1.0459355, 0.8894145), (0.736, -1.1147205, 0.94426864), (0.736, -1.193987, 0.98244137), (0.736, -1.2797604, 1.0020186), (0.736, -1.3677396, 1.0020186), (0.736, -1.453513, 0.98244137), (0.736, -1.5327796, 0.94426864), (0.736, -1.6015645, 0.8894145), (0.736, -1.6564187, 0.82062954), (0.736, -1.6945914, 0.741363), (0.736, -1.7141685, 0.65558964), (0.742, -1.7141685, 0.5676104), (0.742, -1.6945914, 0.481837), (0.742, -1.6564187, 0.40257046), (0.742, -1.6015645, 0.33378553), (0.742, -1.5327796, 0.27893138), (0.742, -1.453513, 0.24075863), (0.742, -1.3677396, 0.22118141), (0.742, -1.2797604, 0.22118141), (0.742, -1.193987, 0.24075863), (0.742, -1.1147205, 0.27893138), (0.742, -1.0459355, 0.33378553), (0.742, -0.99108136, 0.40257046), (0.742, -0.95290864, 0.481837), (0.742, -0.93333143, 0.5676104), (0.742, -0.93333143, 0.65558964), (0.742, -0.95290864, 0.741363), (0.742, -0.99108136, 0.82062954), (0.742, -1.0459355, 0.8894145), (0.742, -1.1147205, 0.94426864), (0.742, -1.193987, 0.98244137), (0.742, -1.2797604, 1.0020186), (0.742, -1.3677396, 1.0020186), (0.742, -1.453513, 0.98244137), (0.742, -1.5327796, 0.94426864), (0.742, -1.6015645, 0.8894145), (0.742, -1.6564187, 0.82062954), (0.742, -1.6945914, 0.741363), (0.742, -1.7141685, 0.65558964), (0.736, -1.32375, 0.6116), (0.742, -1.32375, 0.6116), (0.751, -1.6758676, 0.6116), (0.7495, -1.6758676, 0.60900193), (0.7465, -1.6758676, 0.60900193), (0.745, -1.6758676, 0.6116), (0.7465, -1.6758676, 0.6141981), (0.7495, -1.6758676, 0.6141981), (0.751, -0.9716325, 0.6116), (0.7495, -0.9716325, 0.60900193), (0.7465, -0.9716325, 0.60900193), (0.745, -0.9716325, 0.6116), (0.7465, -0.9716325, 0.6141981), (0.7495, -0.9716325, 0.6141981), (0.751, -1.5727347, 0.36261532), (0.7495, -1.5708976, 0.3607782), (0.7465, -1.5708976, 0.3607782), (0.745, -1.5727347, 0.36261532), (0.7465, -1.5745718, 0.36445245), (0.7495, -1.5745718, 0.36445245), (0.751, -1.0747653, 0.8605847), (0.7495, -1.0729282, 0.85874754), (0.7465, -1.0729282, 0.85874754), (0.745, -1.0747653, 0.8605847), (0.7465, -1.0766025, 0.8624218), (0.7495, -1.0766025, 0.8624218), (0.748, -1.32075, 0.2594825), (0.7454019, -1.32225, 0.2594825), (0.7454019, -1.32525, 0.2594825), (0.748, -1.32675, 0.2594825), (0.7505981, -1.32525, 0.2594825), (0.7505981, -1.32225, 0.2594825), (0.748, -1.32075, 0.9637175), (0.7454019, -1.32225, 0.9637175), (0.7454019, -1.32525, 0.9637175), (0.748, -1.32675, 0.9637175), (0.7505981, -1.32525, 0.9637175), (0.7505981, -1.32225, 0.9637175), (0.745, -1.0747653, 0.36261532), (0.7465, -1.0766025, 0.3607782), (0.7495, -1.0766025, 0.3607782), (0.751, -1.0747653, 0.36261532), (0.7495, -1.0729282, 0.36445245), (0.7465, -1.0729282, 0.36445245), (0.745, -1.5727347, 0.8605847), (0.7465, -1.5745718, 0.85874754), (0.7495, -1.5745718, 0.85874754), (0.751, -1.5727347, 0.8605847), (0.7495, -1.5708976, 0.8624218), (0.7465, -1.5708976, 0.8624218), (0.748, -1.1544883, 0.6119911), (0.74562234, -1.1561944, 0.61172086), (0.74653053, -1.1589551, 0.6112836), (0.74946946, -1.1589551, 0.6112836), (0.75037766, -1.1561944, 0.61172086), (0.748, -1.1626517, 0.6635328), (0.74562234, -1.1643579, 0.66326255), (0.74653053, -1.1671185, 0.66282535), (0.74946946, -1.1671185, 0.66282535), (0.75037766, -1.1643579, 0.66326255), (0.7455, -1.165121, 0.6631417), (0.74722743, -1.1672394, 0.6620623), (0.75002253, -1.1664302, 0.6624746), (0.75002253, -1.1638116, 0.6638088), (0.74722743, -1.1630024, 0.66422117), (0.7455, -1.188812, 0.7096382), (0.74722743, -1.1909305, 0.70855874), (0.75002253, -1.1901213, 0.708971), (0.75002253, -1.1875027, 0.7103053), (0.74722743, -1.1866935, 0.7107176), (0.7455, -1.188812, 0.7096382), (0.74722743, -1.1904932, 0.7079569), (0.75002253, -1.189851, 0.7085991), (0.75002253, -1.187773, 0.71067727), (0.74722743, -1.1871308, 0.71131945), (0.7455, -1.2257118, 0.746538), (0.74722743, -1.227393, 0.7448567), (0.75002253, -1.2267509, 0.7454989), (0.75002253, -1.2246728, 0.747577), (0.74722743, -1.2240306, 0.7482192), (0.7455, -1.2257118, 0.746538), (0.74722743, -1.2267913, 0.74441946), (0.75002253, -1.2263789, 0.74522865), (0.75002253, -1.2250447, 0.74784726), (0.74722743, -1.2246324, 0.74865645), (0.7455, -1.2722083, 0.7702291), (0.74722743, -1.2732877, 0.7681106), (0.75002253, -1.2728754, 0.76891977), (0.75002253, -1.2715411, 0.7715384), (0.74722743, -1.2711289, 0.77234757), (0.7455, -1.2722083, 0.7702291), (0.74722743, -1.2725803, 0.76788074), (0.75002253, -1.2724382, 0.7687777), (0.75002253, -1.2719784, 0.7716805), (0.74722743, -1.2718363, 0.77257746), (0.7455, -1.32375, 0.7783925), (0.74722743, -1.324122, 0.77604413), (0.75002253, -1.3239799, 0.7769411), (0.75002253, -1.3235202, 0.77984387), (0.74722743, -1.3233781, 0.78074086), (0.7455, -1.32375, 0.7783925), (0.74722743, -1.3233781, 0.77604413), (0.75002253, -1.3235202, 0.7769411), (0.75002253, -1.3239799, 0.77984387), (0.74722743, -1.324122, 0.78074086), (0.7455, -1.3752917, 0.7702291), (0.74722743, -1.3749198, 0.76788074), (0.75002253, -1.3750619, 0.7687777), (0.75002253, -1.3755215, 0.7716805), (0.74722743, -1.3756636, 0.77257746), (0.7455, -1.3752917, 0.7702291), (0.74722743, -1.3742123, 0.7681106), (0.75002253, -1.3746246, 0.76891977), (0.75002253, -1.3759588, 0.7715384), (0.74722743, -1.3763711, 0.77234757), (0.7455, -1.4217882, 0.746538), (0.74722743, -1.4207088, 0.74441946), (0.75002253, -1.421121, 0.74522865), (0.75002253, -1.4224553, 0.74784726), (0.74722743, -1.4228677, 0.74865645), (0.7455, -1.4217882, 0.746538), (0.74722743, -1.4201069, 0.7448567), (0.75002253, -1.4207491, 0.7454989), (0.75002253, -1.4228272, 0.747577), (0.74722743, -1.4234694, 0.7482192), (0.7455, -1.458688, 0.7096382), (0.74722743, -1.4570067, 0.7079569), (0.75002253, -1.4576489, 0.7085991), (0.75002253, -1.459727, 0.71067727), (0.74722743, -1.4603692, 0.71131945), (0.7455, -1.458688, 0.7096382), (0.74722743, -1.4565694, 0.70855874), (0.75002253, -1.4573786, 0.708971), (0.75002253, -1.4599973, 0.7103053), (0.74722743, -1.4608065, 0.7107176), (0.7455, -1.4823791, 0.6631417), (0.74722743, -1.4802606, 0.6620623), (0.75002253, -1.4810698, 0.6624746), (0.75002253, -1.4836884, 0.6638088), (0.74722743, -1.4844975, 0.66422117), (0.748, -1.4848483, 0.6635328), (0.74562234, -1.4831421, 0.66326255), (0.74653053, -1.4803815, 0.66282535), (0.74946946, -1.4803815, 0.66282535), (0.75037766, -1.4831421, 0.66326255), (0.748, -1.4930117, 0.6119911), (0.74562234, -1.4913056, 0.61172086), (0.74653053, -1.4885448, 0.6112836), (0.74946946, -1.4885448, 0.6112836), (0.75037766, -1.4913056, 0.61172086), (0.748, -1.4930117, 0.6112089), (0.74562234, -1.4913056, 0.61147916), (0.74653053, -1.4885448, 0.6119164), (0.74946946, -1.4885448, 0.6119164), (0.75037766, -1.4913056, 0.61147916), (0.748, -1.4848483, 0.55966717), (0.74562234, -1.4831421, 0.5599374), (0.74653053, -1.4803815, 0.5603747), (0.74946946, -1.4803815, 0.5603747), (0.75037766, -1.4831421, 0.5599374), (0.7505, -1.4823791, 0.5600583), (0.74877256, -1.4844975, 0.55897886), (0.74597746, -1.4836884, 0.55939114), (0.74597746, -1.4810698, 0.5607254), (0.74877256, -1.4802606, 0.56113774), (0.7505, -1.458688, 0.51356184), (0.74877256, -1.4608065, 0.5124824), (0.74597746, -1.4599973, 0.5128947), (0.74597746, -1.4573786, 0.51422894), (0.74877256, -1.4565694, 0.5146412), (0.7505, -1.458688, 0.51356184), (0.74877256, -1.4603692, 0.5118806), (0.74597746, -1.459727, 0.51252276), (0.74597746, -1.4576489, 0.5146009), (0.74877256, -1.4570067, 0.51524305), (0.7505, -1.4217882, 0.47666204), (0.74877256, -1.4234694, 0.4749808), (0.74597746, -1.4228272, 0.47562295), (0.74597746, -1.4207491, 0.4777011), (0.74877256, -1.4201069, 0.47834328), (0.7505, -1.4217882, 0.47666204), (0.74877256, -1.4228677, 0.47454354), (0.74597746, -1.4224553, 0.47535273), (0.74597746, -1.421121, 0.47797135), (0.74877256, -1.4207088, 0.47878054), (0.7505, -1.3752917, 0.4529709), (0.74877256, -1.3763711, 0.45085242), (0.74597746, -1.3759588, 0.45166162), (0.74597746, -1.3746246, 0.4542802), (0.74877256, -1.3742123, 0.4550894), (0.7505, -1.3752917, 0.4529709), (0.74877256, -1.3756636, 0.45062253), (0.74597746, -1.3755215, 0.45151955), (0.74597746, -1.3750619, 0.45442227), (0.74877256, -1.3749198, 0.4553193), (0.7505, -1.32375, 0.4448075), (0.74877256, -1.324122, 0.44245914), (0.74597746, -1.3239799, 0.44335613), (0.74597746, -1.3235202, 0.44625887), (0.74877256, -1.3233781, 0.44715586), (0.7505, -1.32375, 0.4448075), (0.74877256, -1.3233781, 0.44245914), (0.74597746, -1.3235202, 0.44335613), (0.74597746, -1.3239799, 0.44625887), (0.74877256, -1.324122, 0.44715586), (0.7505, -1.2722083, 0.4529709), (0.74877256, -1.2718363, 0.45062253), (0.74597746, -1.2719784, 0.45151955), (0.74597746, -1.2724382, 0.45442227), (0.74877256, -1.2725803, 0.4553193), (0.7505, -1.2722083, 0.4529709), (0.74877256, -1.2711289, 0.45085242), (0.74597746, -1.2715411, 0.45166162), (0.74597746, -1.2728754, 0.4542802), (0.74877256, -1.2732877, 0.4550894), (0.7505, -1.2257118, 0.47666204), (0.74877256, -1.2246324, 0.47454354), (0.74597746, -1.2250447, 0.47535273), (0.74597746, -1.2263789, 0.47797135), (0.74877256, -1.2267913, 0.47878054), (0.7505, -1.2257118, 0.47666204), (0.74877256, -1.2240306, 0.4749808), (0.74597746, -1.2246728, 0.47562295), (0.74597746, -1.2267509, 0.4777011), (0.74877256, -1.227393, 0.47834328), (0.7505, -1.188812, 0.51356184), (0.74877256, -1.1871308, 0.5118806), (0.74597746, -1.187773, 0.51252276), (0.74597746, -1.189851, 0.5146009), (0.74877256, -1.1904932, 0.51524305), (0.7505, -1.188812, 0.51356184), (0.74877256, -1.1866935, 0.5124824), (0.74597746, -1.1875027, 0.5128947), (0.74597746, -1.1901213, 0.51422894), (0.74877256, -1.1909305, 0.5146412), (0.7505, -1.165121, 0.5600583), (0.74877256, -1.1630024, 0.55897886), (0.74597746, -1.1638116, 0.55939114), (0.74597746, -1.1664302, 0.5607254), (0.74877256, -1.1672394, 0.56113774), (0.748, -1.1626517, 0.55966717), (0.74562234, -1.1643579, 0.5599374), (0.74653053, -1.1671185, 0.5603747), (0.74946946, -1.1671185, 0.5603747), (0.75037766, -1.1643579, 0.5599374), (0.748, -1.1544883, 0.6112089), (0.74562234, -1.1561944, 0.61147916), (0.74653053, -1.1589551, 0.6119164), (0.74946946, -1.1589551, 0.6119164), (0.75037766, -1.1561944, 0.61147916), (0.748, -1.0432932, 0.6119911), (0.74562234, -1.0449995, 0.61172086), (0.74653053, -1.0477601, 0.6112836), (0.74946946, -1.0477601, 0.6112836), (0.75037766, -1.0449995, 0.61172086), (0.748, -1.056899, 0.697894), (0.74562234, -1.0586052, 0.6976237), (0.74653053, -1.0613658, 0.69718647), (0.74946946, -1.0613658, 0.69718647), (0.75037766, -1.0586052, 0.6976237), (0.7455, -1.0593681, 0.69750285), (0.74722743, -1.0614867, 0.6964234), (0.75002253, -1.0606775, 0.69683576), (0.75002253, -1.0580589, 0.69817), (0.74722743, -1.0572497, 0.6985823), (0.7455, -1.0988533, 0.77499694), (0.74722743, -1.1009719, 0.77391756), (0.75002253, -1.1001627, 0.77432984), (0.75002253, -1.0975441, 0.7756641), (0.74722743, -1.0967349, 0.7760764), (0.7455, -1.0988533, 0.77499694), (0.74722743, -1.1005347, 0.7733157), (0.75002253, -1.0998925, 0.7739579), (0.75002253, -1.0978143, 0.776036), (0.74722743, -1.0971721, 0.7766782), (0.7455, -1.1603531, 0.8364966), (0.74722743, -1.1620343, 0.8348154), (0.75002253, -1.1613921, 0.83545756), (0.75002253, -1.159314, 0.8375357), (0.74722743, -1.1586719, 0.83817786), (0.7455, -1.1603531, 0.8364966), (0.74722743, -1.1614325, 0.8343781), (0.75002253, -1.1610202, 0.8351873), (0.75002253, -1.159686, 0.8378059), (0.74722743, -1.1592736, 0.8386151), (0.7455, -1.2378471, 0.8759818), (0.74722743, -1.2389265, 0.87386334), (0.75002253, -1.2385143, 0.87467253), (0.75002253, -1.23718, 0.87729114), (0.74722743, -1.2367678, 0.87810034), (0.7455, -1.2378471, 0.8759818), (0.74722743, -1.2382191, 0.87363344), (0.75002253, -1.238077, 0.87453043), (0.75002253, -1.2376173, 0.8774332), (0.74722743, -1.2374752, 0.8783302), (0.7455, -1.32375, 0.8895875), (0.74722743, -1.324122, 0.88723916), (0.75002253, -1.3239799, 0.88813615), (0.75002253, -1.3235202, 0.8910389), (0.74722743, -1.3233781, 0.8919359), (0.7455, -1.32375, 0.8895875), (0.74722743, -1.3233781, 0.88723916), (0.75002253, -1.3235202, 0.88813615), (0.75002253, -1.3239799, 0.8910389), (0.74722743, -1.324122, 0.8919359), (0.7455, -1.4096528, 0.8759818), (0.74722743, -1.4092809, 0.87363344), (0.75002253, -1.409423, 0.87453043), (0.75002253, -1.4098828, 0.8774332), (0.74722743, -1.4100248, 0.8783302), (0.7455, -1.4096528, 0.8759818), (0.74722743, -1.4085734, 0.87386334), (0.75002253, -1.4089857, 0.87467253), (0.75002253, -1.41032, 0.87729114), (0.74722743, -1.4107323, 0.87810034), (0.7455, -1.487147, 0.8364966), (0.74722743, -1.4860675, 0.8343781), (0.75002253, -1.4864799, 0.8351873), (0.75002253, -1.4878141, 0.8378059), (0.74722743, -1.4882264, 0.8386151), (0.7455, -1.487147, 0.8364966), (0.74722743, -1.4854658, 0.8348154), (0.75002253, -1.4861078, 0.83545756), (0.75002253, -1.488186, 0.8375357), (0.74722743, -1.4888282, 0.83817786), (0.7455, -1.5486466, 0.77499694), (0.74722743, -1.5469654, 0.7733157), (0.75002253, -1.5476075, 0.7739579), (0.75002253, -1.5496857, 0.776036), (0.74722743, -1.5503279, 0.7766782), (0.7455, -1.5486466, 0.77499694), (0.74722743, -1.5465281, 0.77391756), (0.75002253, -1.5473373, 0.77432984), (0.75002253, -1.549956, 0.7756641), (0.74722743, -1.5507652, 0.7760764), (0.7455, -1.5881318, 0.69750285), (0.74722743, -1.5860133, 0.6964234), (0.75002253, -1.5868225, 0.69683576), (0.75002253, -1.5894412, 0.69817), (0.74722743, -1.5902504, 0.6985823), (0.748, -1.5906011, 0.697894), (0.74562234, -1.5888948, 0.6976237), (0.74653053, -1.5861342, 0.69718647), (0.74946946, -1.5861342, 0.69718647), (0.75037766, -1.5888948, 0.6976237), (0.748, -1.6042067, 0.6119911), (0.74562234, -1.6025006, 0.61172086), (0.74653053, -1.5997399, 0.6112836), (0.74946946, -1.5997399, 0.6112836), (0.75037766, -1.6025006, 0.61172086), (0.748, -1.6042067, 0.6112089), (0.74562234, -1.6025006, 0.61147916), (0.74653053, -1.5997399, 0.6119164), (0.74946946, -1.5997399, 0.6119164), (0.75037766, -1.6025006, 0.61147916), (0.748, -1.5906011, 0.52530605), (0.74562234, -1.5888948, 0.5255763), (0.74653053, -1.5861342, 0.52601355), (0.74946946, -1.5861342, 0.52601355), (0.75037766, -1.5888948, 0.5255763), (0.7505, -1.5881318, 0.5256971), (0.74877256, -1.5902504, 0.52461773), (0.74597746, -1.5894412, 0.52503), (0.74597746, -1.5868225, 0.52636427), (0.74877256, -1.5860133, 0.52677655), (0.7505, -1.5486466, 0.44820306), (0.74877256, -1.5507652, 0.44712362), (0.74597746, -1.549956, 0.44753593), (0.74597746, -1.5473373, 0.44887018), (0.74877256, -1.5465281, 0.44928247), (0.7505, -1.5486466, 0.44820306), (0.74877256, -1.5503279, 0.4465218), (0.74597746, -1.5496857, 0.44716397), (0.74597746, -1.5476075, 0.44924212), (0.74877256, -1.5469654, 0.4498843), (0.7505, -1.487147, 0.3867034), (0.74877256, -1.4888282, 0.38502213), (0.74597746, -1.488186, 0.3856643), (0.74597746, -1.4861078, 0.38774246), (0.74877256, -1.4854658, 0.38838464), (0.7505, -1.487147, 0.3867034), (0.74877256, -1.4882264, 0.3845849), (0.74597746, -1.4878141, 0.3853941), (0.74597746, -1.4864799, 0.38801268), (0.74877256, -1.4860675, 0.38882187), (0.7505, -1.4096528, 0.3472182), (0.74877256, -1.4107323, 0.3450997), (0.74597746, -1.41032, 0.34590888), (0.74597746, -1.4089857, 0.3485275), (0.74877256, -1.4085734, 0.34933668), (0.7505, -1.4096528, 0.3472182), (0.74877256, -1.4100248, 0.34486982), (0.74597746, -1.4098828, 0.3457668), (0.74597746, -1.409423, 0.34866956), (0.74877256, -1.4092809, 0.34956655), (0.7505, -1.32375, 0.3336125), (0.74877256, -1.324122, 0.33126414), (0.74597746, -1.3239799, 0.33216113), (0.74597746, -1.3235202, 0.33506387), (0.74877256, -1.3233781, 0.33596087), (0.7505, -1.32375, 0.3336125), (0.74877256, -1.3233781, 0.33126414), (0.74597746, -1.3235202, 0.33216113), (0.74597746, -1.3239799, 0.33506387), (0.74877256, -1.324122, 0.33596087), (0.7505, -1.2378471, 0.3472182), (0.74877256, -1.2374752, 0.34486982), (0.74597746, -1.2376173, 0.3457668), (0.74597746, -1.238077, 0.34866956), (0.74877256, -1.2382191, 0.34956655), (0.7505, -1.2378471, 0.3472182), (0.74877256, -1.2367678, 0.3450997), (0.74597746, -1.23718, 0.34590888), (0.74597746, -1.2385143, 0.3485275), (0.74877256, -1.2389265, 0.34933668), (0.7505, -1.1603531, 0.3867034), (0.74877256, -1.1592736, 0.3845849), (0.74597746, -1.159686, 0.3853941), (0.74597746, -1.1610202, 0.38801268), (0.74877256, -1.1614325, 0.38882187), (0.7505, -1.1603531, 0.3867034), (0.74877256, -1.1586719, 0.38502213), (0.74597746, -1.159314, 0.3856643), (0.74597746, -1.1613921, 0.38774246), (0.74877256, -1.1620343, 0.38838464), (0.7505, -1.0988533, 0.44820306), (0.74877256, -1.0971721, 0.4465218), (0.74597746, -1.0978143, 0.44716397), (0.74597746, -1.0998925, 0.44924212), (0.74877256, -1.1005347, 0.4498843), (0.7505, -1.0988533, 0.44820306), (0.74877256, -1.0967349, 0.44712362), (0.74597746, -1.0975441, 0.44753593), (0.74597746, -1.1001627, 0.44887018), (0.74877256, -1.1009719, 0.44928247), (0.7505, -1.0593681, 0.5256971), (0.74877256, -1.0572497, 0.52461773), (0.74597746, -1.0580589, 0.52503), (0.74597746, -1.0606775, 0.52636427), (0.74877256, -1.0614867, 0.52677655), (0.748, -1.056899, 0.52530605), (0.74562234, -1.0586052, 0.5255763), (0.74653053, -1.0613658, 0.52601355), (0.74946946, -1.0613658, 0.52601355), (0.75037766, -1.0586052, 0.5255763), (0.748, -1.0432932, 0.6112089), (0.74562234, -1.0449995, 0.61147916), (0.74653053, -1.0477601, 0.6119164), (0.74946946, -1.0477601, 0.6119164), (0.75037766, -1.0449995, 0.61147916), (0.736, -0.8316686, 0.5676104), (0.736, -0.81209135, 0.481837), (0.736, -0.7739186, 0.40257046), (0.736, -0.7190645, 0.33378553), (0.736, -0.6502795, 0.27893138), (0.736, -0.57101303, 0.24075863), (0.736, -0.48523962, 0.22118141), (0.736, -0.3972604, 0.22118141), (0.736, -0.311487, 0.24075863), (0.736, -0.23222046, 0.27893138), (0.736, -0.16343552, 0.33378553), (0.736, -0.10858138, 0.40257046), (0.736, -0.07040862, 0.481837), (0.736, -0.050831404, 0.5676104), (0.736, -0.050831404, 0.65558964), (0.736, -0.07040862, 0.741363), (0.736, -0.10858138, 0.82062954), (0.736, -0.16343552, 0.8894145), (0.736, -0.23222046, 0.94426864), (0.736, -0.311487, 0.98244137), (0.736, -0.3972604, 1.0020186), (0.736, -0.48523962, 1.0020186), (0.736, -0.57101303, 0.98244137), (0.736, -0.6502795, 0.94426864), (0.736, -0.7190645, 0.8894145), (0.736, -0.7739186, 0.82062954), (0.736, -0.81209135, 0.741363), (0.736, -0.8316686, 0.65558964), (0.742, -0.8316686, 0.5676104), (0.742, -0.81209135, 0.481837), (0.742, -0.7739186, 0.40257046), (0.742, -0.7190645, 0.33378553), (0.742, -0.6502795, 0.27893138), (0.742, -0.57101303, 0.24075863), (0.742, -0.48523962, 0.22118141), (0.742, -0.3972604, 0.22118141), (0.742, -0.311487, 0.24075863), (0.742, -0.23222046, 0.27893138), (0.742, -0.16343552, 0.33378553), (0.742, -0.10858138, 0.40257046), (0.742, -0.07040862, 0.481837), (0.742, -0.050831404, 0.5676104), (0.742, -0.050831404, 0.65558964), (0.742, -0.07040862, 0.741363), (0.742, -0.10858138, 0.82062954), (0.742, -0.16343552, 0.8894145), (0.742, -0.23222046, 0.94426864), (0.742, -0.311487, 0.98244137), (0.742, -0.3972604, 1.0020186), (0.742, -0.48523962, 1.0020186), (0.742, -0.57101303, 0.98244137), (0.742, -0.6502795, 0.94426864), (0.742, -0.7190645, 0.8894145), (0.742, -0.7739186, 0.82062954), (0.742, -0.81209135, 0.741363), (0.742, -0.8316686, 0.65558964), (0.736, -0.44125, 0.6116), (0.742, -0.44125, 0.6116), (0.751, -0.7933675, 0.6116), (0.7495, -0.7933675, 0.60900193), (0.7465, -0.7933675, 0.60900193), (0.745, -0.7933675, 0.6116), (0.7465, -0.7933675, 0.6141981), (0.7495, -0.7933675, 0.6141981), (0.751, -0.0891325, 0.6116), (0.7495, -0.0891325, 0.60900193), (0.7465, -0.0891325, 0.60900193), (0.745, -0.0891325, 0.6116), (0.7465, -0.0891325, 0.6141981), (0.7495, -0.0891325, 0.6141981), (0.751, -0.69023466, 0.36261532), (0.7495, -0.6883975, 0.3607782), (0.7465, -0.6883975, 0.3607782), (0.745, -0.69023466, 0.36261532), (0.7465, -0.6920718, 0.36445245), (0.7495, -0.6920718, 0.36445245), (0.751, -0.19226533, 0.8605847), (0.7495, -0.19042821, 0.85874754), (0.7465, -0.19042821, 0.85874754), (0.745, -0.19226533, 0.8605847), (0.7465, -0.19410245, 0.8624218), (0.7495, -0.19410245, 0.8624218), (0.748, -0.43825, 0.2594825), (0.7454019, -0.43975, 0.2594825), (0.7454019, -0.44275, 0.2594825), (0.748, -0.44425, 0.2594825), (0.7505981, -0.44275, 0.2594825), (0.7505981, -0.43975, 0.2594825), (0.748, -0.43825, 0.9637175), (0.7454019, -0.43975, 0.9637175), (0.7454019, -0.44275, 0.9637175), (0.748, -0.44425, 0.9637175), (0.7505981, -0.44275, 0.9637175), (0.7505981, -0.43975, 0.9637175), (0.745, -0.19226533, 0.36261532), (0.7465, -0.19410245, 0.3607782), (0.7495, -0.19410245, 0.3607782), (0.751, -0.19226533, 0.36261532), (0.7495, -0.19042821, 0.36445245), (0.7465, -0.19042821, 0.36445245), (0.745, -0.69023466, 0.8605847), (0.7465, -0.6920718, 0.85874754), (0.7495, -0.6920718, 0.85874754), (0.751, -0.69023466, 0.8605847), (0.7495, -0.6883975, 0.8624218), (0.7465, -0.6883975, 0.8624218), (0.748, -0.27198827, 0.6119911), (0.74562234, -0.27369446, 0.61172086), (0.74653053, -0.27645513, 0.6112836), (0.74946946, -0.27645513, 0.6112836), (0.75037766, -0.27369446, 0.61172086), (0.748, -0.2801517, 0.6635328), (0.74562234, -0.28185788, 0.66326255), (0.74653053, -0.28461856, 0.66282535), (0.74946946, -0.28461856, 0.66282535), (0.75037766, -0.28185788, 0.66326255), (0.7455, -0.2826209, 0.6631417), (0.74722743, -0.2847394, 0.6620623), (0.75002253, -0.2839302, 0.6624746), (0.75002253, -0.2813116, 0.6638088), (0.74722743, -0.2805024, 0.66422117), (0.7455, -0.30631202, 0.7096382), (0.74722743, -0.30843052, 0.70855874), (0.75002253, -0.30762133, 0.708971), (0.75002253, -0.30500272, 0.7103053), (0.74722743, -0.30419353, 0.7107176), (0.7455, -0.30631202, 0.7096382), (0.74722743, -0.3079933, 0.7079569), (0.75002253, -0.3073511, 0.7085991), (0.75002253, -0.30527297, 0.71067727), (0.74722743, -0.3046308, 0.71131945), (0.7455, -0.34321183, 0.746538), (0.74722743, -0.34489307, 0.7448567), (0.75002253, -0.3442509, 0.7454989), (0.75002253, -0.34217277, 0.747577), (0.74722743, -0.3415306, 0.7482192), (0.7455, -0.34321183, 0.746538), (0.74722743, -0.34429124, 0.74441946), (0.75002253, -0.34387895, 0.74522865), (0.75002253, -0.3425447, 0.74784726), (0.74722743, -0.3421324, 0.74865645), (0.7455, -0.38970828, 0.7702291), (0.74722743, -0.39078772, 0.7681106), (0.75002253, -0.3903754, 0.76891977), (0.75002253, -0.38904116, 0.7715384), (0.74722743, -0.38862887, 0.77234757), (0.7455, -0.38970828, 0.7702291), (0.74722743, -0.3900802, 0.76788074), (0.75002253, -0.38993815, 0.7687777), (0.75002253, -0.38947842, 0.7716805), (0.74722743, -0.38933635, 0.77257746), (0.7455, -0.44125, 0.7783925), (0.74722743, -0.44162196, 0.77604413), (0.75002253, -0.44147986, 0.7769411), (0.75002253, -0.44102013, 0.77984387), (0.74722743, -0.44087806, 0.78074086), (0.7455, -0.44125, 0.7783925), (0.74722743, -0.44087806, 0.77604413), (0.75002253, -0.44102013, 0.7769411), (0.75002253, -0.44147986, 0.77984387), (0.74722743, -0.44162196, 0.78074086), (0.7455, -0.4927917, 0.7702291), (0.74722743, -0.49241978, 0.76788074), (0.75002253, -0.49256185, 0.7687777), (0.75002253, -0.49302158, 0.7716805), (0.74722743, -0.49316368, 0.77257746), (0.7455, -0.4927917, 0.7702291), (0.74722743, -0.4917123, 0.7681106), (0.75002253, -0.4921246, 0.76891977), (0.75002253, -0.49345884, 0.7715384), (0.74722743, -0.49387115, 0.77234757), (0.7455, -0.53928816, 0.746538), (0.74722743, -0.5382087, 0.74441946), (0.75002253, -0.53862107, 0.74522865), (0.75002253, -0.5399553, 0.74784726), (0.74722743, -0.5403676, 0.74865645), (0.7455, -0.53928816, 0.746538), (0.74722743, -0.53760695, 0.7448567), (0.75002253, -0.5382491, 0.7454989), (0.75002253, -0.54032725, 0.747577), (0.74722743, -0.54096943, 0.7482192), (0.7455, -0.57618797, 0.7096382), (0.74722743, -0.5745067, 0.7079569), (0.75002253, -0.5751489, 0.7085991), (0.75002253, -0.57722706, 0.71067727), (0.74722743, -0.57786924, 0.71131945), (0.7455, -0.57618797, 0.7096382), (0.74722743, -0.5740695, 0.70855874), (0.75002253, -0.5748787, 0.708971), (0.75002253, -0.57749724, 0.7103053), (0.74722743, -0.57830644, 0.7107176), (0.7455, -0.5998791, 0.6631417), (0.74722743, -0.5977606, 0.6620623), (0.75002253, -0.5985698, 0.6624746), (0.75002253, -0.6011884, 0.6638088), (0.74722743, -0.6019976, 0.66422117), (0.748, -0.6023483, 0.6635328), (0.74562234, -0.60064214, 0.66326255), (0.74653053, -0.59788144, 0.66282535), (0.74946946, -0.59788144, 0.66282535), (0.75037766, -0.60064214, 0.66326255), (0.748, -0.6105117, 0.6119911), (0.74562234, -0.60880554, 0.61172086), (0.74653053, -0.6060448, 0.6112836), (0.74946946, -0.6060448, 0.6112836), (0.75037766, -0.60880554, 0.61172086), (0.748, -0.6105117, 0.6112089), (0.74562234, -0.60880554, 0.61147916), (0.74653053, -0.6060448, 0.6119164), (0.74946946, -0.6060448, 0.6119164), (0.75037766, -0.60880554, 0.61147916), (0.748, -0.6023483, 0.55966717), (0.74562234, -0.60064214, 0.5599374), (0.74653053, -0.59788144, 0.5603747), (0.74946946, -0.59788144, 0.5603747), (0.75037766, -0.60064214, 0.5599374), (0.7505, -0.5998791, 0.5600583), (0.74877256, -0.6019976, 0.55897886), (0.74597746, -0.6011884, 0.55939114), (0.74597746, -0.5985698, 0.5607254), (0.74877256, -0.5977606, 0.56113774), (0.7505, -0.57618797, 0.51356184), (0.74877256, -0.57830644, 0.5124824), (0.74597746, -0.57749724, 0.5128947), (0.74597746, -0.5748787, 0.51422894), (0.74877256, -0.5740695, 0.5146412), (0.7505, -0.57618797, 0.51356184), (0.74877256, -0.57786924, 0.5118806), (0.74597746, -0.57722706, 0.51252276), (0.74597746, -0.5751489, 0.5146009), (0.74877256, -0.5745067, 0.51524305), (0.7505, -0.53928816, 0.47666204), (0.74877256, -0.54096943, 0.4749808), (0.74597746, -0.54032725, 0.47562295), (0.74597746, -0.5382491, 0.4777011), (0.74877256, -0.53760695, 0.47834328), (0.7505, -0.53928816, 0.47666204), (0.74877256, -0.5403676, 0.47454354), (0.74597746, -0.5399553, 0.47535273), (0.74597746, -0.53862107, 0.47797135), (0.74877256, -0.5382087, 0.47878054), (0.7505, -0.4927917, 0.4529709), (0.74877256, -0.49387115, 0.45085242), (0.74597746, -0.49345884, 0.45166162), (0.74597746, -0.4921246, 0.4542802), (0.74877256, -0.4917123, 0.4550894), (0.7505, -0.4927917, 0.4529709), (0.74877256, -0.49316368, 0.45062253), (0.74597746, -0.49302158, 0.45151955), (0.74597746, -0.49256185, 0.45442227), (0.74877256, -0.49241978, 0.4553193), (0.7505, -0.44125, 0.4448075), (0.74877256, -0.44162196, 0.44245914), (0.74597746, -0.44147986, 0.44335613), (0.74597746, -0.44102013, 0.44625887), (0.74877256, -0.44087806, 0.44715586), (0.7505, -0.44125, 0.4448075), (0.74877256, -0.44087806, 0.44245914), (0.74597746, -0.44102013, 0.44335613), (0.74597746, -0.44147986, 0.44625887), (0.74877256, -0.44162196, 0.44715586), (0.7505, -0.38970828, 0.4529709), (0.74877256, -0.38933635, 0.45062253), (0.74597746, -0.38947842, 0.45151955), (0.74597746, -0.38993815, 0.45442227), (0.74877256, -0.3900802, 0.4553193), (0.7505, -0.38970828, 0.4529709), (0.74877256, -0.38862887, 0.45085242), (0.74597746, -0.38904116, 0.45166162), (0.74597746, -0.3903754, 0.4542802), (0.74877256, -0.39078772, 0.4550894), (0.7505, -0.34321183, 0.47666204), (0.74877256, -0.3421324, 0.47454354), (0.74597746, -0.3425447, 0.47535273), (0.74597746, -0.34387895, 0.47797135), (0.74877256, -0.34429124, 0.47878054), (0.7505, -0.34321183, 0.47666204), (0.74877256, -0.3415306, 0.4749808), (0.74597746, -0.34217277, 0.47562295), (0.74597746, -0.3442509, 0.4777011), (0.74877256, -0.34489307, 0.47834328), (0.7505, -0.30631202, 0.51356184), (0.74877256, -0.3046308, 0.5118806), (0.74597746, -0.30527297, 0.51252276), (0.74597746, -0.3073511, 0.5146009), (0.74877256, -0.3079933, 0.51524305), (0.7505, -0.30631202, 0.51356184), (0.74877256, -0.30419353, 0.5124824), (0.74597746, -0.30500272, 0.5128947), (0.74597746, -0.30762133, 0.51422894), (0.74877256, -0.30843052, 0.5146412), (0.7505, -0.2826209, 0.5600583), (0.74877256, -0.2805024, 0.55897886), (0.74597746, -0.2813116, 0.55939114), (0.74597746, -0.2839302, 0.5607254), (0.74877256, -0.2847394, 0.56113774), (0.748, -0.2801517, 0.55966717), (0.74562234, -0.28185788, 0.5599374), (0.74653053, -0.28461856, 0.5603747), (0.74946946, -0.28461856, 0.5603747), (0.75037766, -0.28185788, 0.5599374), (0.748, -0.27198827, 0.6112089), (0.74562234, -0.27369446, 0.61147916), (0.74653053, -0.27645513, 0.6119164), (0.74946946, -0.27645513, 0.6119164), (0.75037766, -0.27369446, 0.61147916), (0.748, -0.16079327, 0.6119911), (0.74562234, -0.16249947, 0.61172086), (0.74653053, -0.16526014, 0.6112836), (0.74946946, -0.16526014, 0.6112836), (0.75037766, -0.16249947, 0.61172086), (0.748, -0.17439896, 0.697894), (0.74562234, -0.17610514, 0.6976237), (0.74653053, -0.17886582, 0.69718647), (0.74946946, -0.17886582, 0.69718647), (0.75037766, -0.17610514, 0.6976237), (0.7455, -0.17686817, 0.69750285), (0.74722743, -0.17898667, 0.6964234), (0.75002253, -0.17817748, 0.69683576), (0.75002253, -0.17555888, 0.69817), (0.74722743, -0.17474969, 0.6985823), (0.7455, -0.21635339, 0.77499694), (0.74722743, -0.21847188, 0.77391756), (0.75002253, -0.21766269, 0.77432984), (0.75002253, -0.21504408, 0.7756641), (0.74722743, -0.21423489, 0.7760764), (0.7455, -0.21635339, 0.77499694), (0.74722743, -0.21803464, 0.7733157), (0.75002253, -0.21739246, 0.7739579), (0.75002253, -0.21531431, 0.776036), (0.74722743, -0.21467215, 0.7766782), (0.7455, -0.27785304, 0.8364966), (0.74722743, -0.27953428, 0.8348154), (0.75002253, -0.2788921, 0.83545756), (0.75002253, -0.27681398, 0.8375357), (0.74722743, -0.2761718, 0.83817786), (0.7455, -0.27785304, 0.8364966), (0.74722743, -0.27893248, 0.8343781), (0.75002253, -0.27852017, 0.8351873), (0.75002253, -0.27718592, 0.8378059), (0.74722743, -0.27677363, 0.8386151), (0.7455, -0.35534713, 0.8759818), (0.74722743, -0.35642657, 0.87386334), (0.75002253, -0.35601425, 0.87467253), (0.75002253, -0.35468, 0.87729114), (0.74722743, -0.35426772, 0.87810034), (0.7455, -0.35534713, 0.8759818), (0.74722743, -0.3557191, 0.87363344), (0.75002253, -0.35557702, 0.87453043), (0.75002253, -0.35511726, 0.8774332), (0.74722743, -0.3549752, 0.8783302), (0.7455, -0.44125, 0.8895875), (0.74722743, -0.44162196, 0.88723916), (0.75002253, -0.44147986, 0.88813615), (0.75002253, -0.44102013, 0.8910389), (0.74722743, -0.44087806, 0.8919359), (0.7455, -0.44125, 0.8895875), (0.74722743, -0.44087806, 0.88723916), (0.75002253, -0.44102013, 0.88813615), (0.75002253, -0.44147986, 0.8910389), (0.74722743, -0.44162196, 0.8919359), (0.7455, -0.52715284, 0.8759818), (0.74722743, -0.5267809, 0.87363344), (0.75002253, -0.526923, 0.87453043), (0.75002253, -0.52738273, 0.8774332), (0.74722743, -0.5275248, 0.8783302), (0.7455, -0.52715284, 0.8759818), (0.74722743, -0.52607346, 0.87386334), (0.75002253, -0.52648574, 0.87467253), (0.75002253, -0.52782, 0.87729114), (0.74722743, -0.5282323, 0.87810034), (0.7455, -0.604647, 0.8364966), (0.74722743, -0.60356754, 0.8343781), (0.75002253, -0.6039798, 0.8351873), (0.75002253, -0.6053141, 0.8378059), (0.74722743, -0.60572636, 0.8386151), (0.7455, -0.604647, 0.8364966), (0.74722743, -0.6029657, 0.8348154), (0.75002253, -0.6036079, 0.83545756), (0.75002253, -0.605686, 0.8375357), (0.74722743, -0.6063282, 0.83817786), (0.7455, -0.66614664, 0.77499694), (0.74722743, -0.66446537, 0.7733157), (0.75002253, -0.66510755, 0.7739579), (0.75002253, -0.66718566, 0.776036), (0.74722743, -0.66782784, 0.7766782), (0.7455, -0.66614664, 0.77499694), (0.74722743, -0.6640281, 0.77391756), (0.75002253, -0.6648373, 0.77432984), (0.75002253, -0.6674559, 0.7756641), (0.74722743, -0.6682651, 0.7760764), (0.7455, -0.70563185, 0.69750285), (0.74722743, -0.7035133, 0.6964234), (0.75002253, -0.7043225, 0.69683576), (0.75002253, -0.7069411, 0.69817), (0.74722743, -0.7077503, 0.6985823), (0.748, -0.70810103, 0.697894), (0.74562234, -0.70639485, 0.6976237), (0.74653053, -0.7036342, 0.69718647), (0.74946946, -0.7036342, 0.69718647), (0.75037766, -0.70639485, 0.6976237), (0.748, -0.72170675, 0.6119911), (0.74562234, -0.7200005, 0.61172086), (0.74653053, -0.71723986, 0.6112836), (0.74946946, -0.71723986, 0.6112836), (0.75037766, -0.7200005, 0.61172086), (0.748, -0.72170675, 0.6112089), (0.74562234, -0.7200005, 0.61147916), (0.74653053, -0.71723986, 0.6119164), (0.74946946, -0.71723986, 0.6119164), (0.75037766, -0.7200005, 0.61147916), (0.748, -0.70810103, 0.52530605), (0.74562234, -0.70639485, 0.5255763), (0.74653053, -0.7036342, 0.52601355), (0.74946946, -0.7036342, 0.52601355), (0.75037766, -0.70639485, 0.5255763), (0.7505, -0.70563185, 0.5256971), (0.74877256, -0.7077503, 0.52461773), (0.74597746, -0.7069411, 0.52503), (0.74597746, -0.7043225, 0.52636427), (0.74877256, -0.7035133, 0.52677655), (0.7505, -0.66614664, 0.44820306), (0.74877256, -0.6682651, 0.44712362), (0.74597746, -0.6674559, 0.44753593), (0.74597746, -0.6648373, 0.44887018), (0.74877256, -0.6640281, 0.44928247), (0.7505, -0.66614664, 0.44820306), (0.74877256, -0.66782784, 0.4465218), (0.74597746, -0.66718566, 0.44716397), (0.74597746, -0.66510755, 0.44924212), (0.74877256, -0.66446537, 0.4498843), (0.7505, -0.604647, 0.3867034), (0.74877256, -0.6063282, 0.38502213), (0.74597746, -0.605686, 0.3856643), (0.74597746, -0.6036079, 0.38774246), (0.74877256, -0.6029657, 0.38838464), (0.7505, -0.604647, 0.3867034), (0.74877256, -0.60572636, 0.3845849), (0.74597746, -0.6053141, 0.3853941), (0.74597746, -0.6039798, 0.38801268), (0.74877256, -0.60356754, 0.38882187), (0.7505, -0.52715284, 0.3472182), (0.74877256, -0.5282323, 0.3450997), (0.74597746, -0.52782, 0.34590888), (0.74597746, -0.52648574, 0.3485275), (0.74877256, -0.52607346, 0.34933668), (0.7505, -0.52715284, 0.3472182), (0.74877256, -0.5275248, 0.34486982), (0.74597746, -0.52738273, 0.3457668), (0.74597746, -0.526923, 0.34866956), (0.74877256, -0.5267809, 0.34956655), (0.7505, -0.44125, 0.3336125), (0.74877256, -0.44162196, 0.33126414), (0.74597746, -0.44147986, 0.33216113), (0.74597746, -0.44102013, 0.33506387), (0.74877256, -0.44087806, 0.33596087), (0.7505, -0.44125, 0.3336125), (0.74877256, -0.44087806, 0.33126414), (0.74597746, -0.44102013, 0.33216113), (0.74597746, -0.44147986, 0.33506387), (0.74877256, -0.44162196, 0.33596087), (0.7505, -0.35534713, 0.3472182), (0.74877256, -0.3549752, 0.34486982), (0.74597746, -0.35511726, 0.3457668), (0.74597746, -0.35557702, 0.34866956), (0.74877256, -0.3557191, 0.34956655), (0.7505, -0.35534713, 0.3472182), (0.74877256, -0.35426772, 0.3450997), (0.74597746, -0.35468, 0.34590888), (0.74597746, -0.35601425, 0.3485275), (0.74877256, -0.35642657, 0.34933668), (0.7505, -0.27785304, 0.3867034), (0.74877256, -0.27677363, 0.3845849), (0.74597746, -0.27718592, 0.3853941), (0.74597746, -0.27852017, 0.38801268), (0.74877256, -0.27893248, 0.38882187), (0.7505, -0.27785304, 0.3867034), (0.74877256, -0.2761718, 0.38502213), (0.74597746, -0.27681398, 0.3856643), (0.74597746, -0.2788921, 0.38774246), (0.74877256, -0.27953428, 0.38838464), (0.7505, -0.21635339, 0.44820306), (0.74877256, -0.21467215, 0.4465218), (0.74597746, -0.21531431, 0.44716397), (0.74597746, -0.21739246, 0.44924212), (0.74877256, -0.21803464, 0.4498843), (0.7505, -0.21635339, 0.44820306), (0.74877256, -0.21423489, 0.44712362), (0.74597746, -0.21504408, 0.44753593), (0.74597746, -0.21766269, 0.44887018), (0.74877256, -0.21847188, 0.44928247), (0.7505, -0.17686817, 0.5256971), (0.74877256, -0.17474969, 0.52461773), (0.74597746, -0.17555888, 0.52503), (0.74597746, -0.17817748, 0.52636427), (0.74877256, -0.17898667, 0.52677655), (0.748, -0.17439896, 0.52530605), (0.74562234, -0.17610514, 0.5255763), (0.74653053, -0.17886582, 0.52601355), (0.74946946, -0.17886582, 0.52601355), (0.75037766, -0.17610514, 0.5255763), (0.748, -0.16079327, 0.6112089), (0.74562234, -0.16249947, 0.61147916), (0.74653053, -0.16526014, 0.6119164), (0.74946946, -0.16526014, 0.6119164), (0.75037766, -0.16249947, 0.61147916), (0.736, 0.050831404, 0.5676104), (0.736, 0.07040862, 0.481837), (0.736, 0.10858138, 0.40257046), (0.736, 0.16343552, 0.33378553), (0.736, 0.23222046, 0.27893138), (0.736, 0.311487, 0.24075863), (0.736, 0.3972604, 0.22118141), (0.736, 0.48523962, 0.22118141), (0.736, 0.57101303, 0.24075863), (0.736, 0.6502795, 0.27893138), (0.736, 0.7190645, 0.33378553), (0.736, 0.7739186, 0.40257046), (0.736, 0.81209135, 0.481837), (0.736, 0.8316686, 0.5676104), (0.736, 0.8316686, 0.65558964), (0.736, 0.81209135, 0.741363), (0.736, 0.7739186, 0.82062954), (0.736, 0.7190645, 0.8894145), (0.736, 0.6502795, 0.94426864), (0.736, 0.57101303, 0.98244137), (0.736, 0.48523962, 1.0020186), (0.736, 0.3972604, 1.0020186), (0.736, 0.311487, 0.98244137), (0.736, 0.23222046, 0.94426864), (0.736, 0.16343552, 0.8894145), (0.736, 0.10858138, 0.82062954), (0.736, 0.07040862, 0.741363), (0.736, 0.050831404, 0.65558964), (0.742, 0.050831404, 0.5676104), (0.742, 0.07040862, 0.481837), (0.742, 0.10858138, 0.40257046), (0.742, 0.16343552, 0.33378553), (0.742, 0.23222046, 0.27893138), (0.742, 0.311487, 0.24075863), (0.742, 0.3972604, 0.22118141), (0.742, 0.48523962, 0.22118141), (0.742, 0.57101303, 0.24075863), (0.742, 0.6502795, 0.27893138), (0.742, 0.7190645, 0.33378553), (0.742, 0.7739186, 0.40257046), (0.742, 0.81209135, 0.481837), (0.742, 0.8316686, 0.5676104), (0.742, 0.8316686, 0.65558964), (0.742, 0.81209135, 0.741363), (0.742, 0.7739186, 0.82062954), (0.742, 0.7190645, 0.8894145), (0.742, 0.6502795, 0.94426864), (0.742, 0.57101303, 0.98244137), (0.742, 0.48523962, 1.0020186), (0.742, 0.3972604, 1.0020186), (0.742, 0.311487, 0.98244137), (0.742, 0.23222046, 0.94426864), (0.742, 0.16343552, 0.8894145), (0.742, 0.10858138, 0.82062954), (0.742, 0.07040862, 0.741363), (0.742, 0.050831404, 0.65558964), (0.736, 0.44125, 0.6116), (0.742, 0.44125, 0.6116), (0.751, 0.0891325, 0.6116), (0.7495, 0.0891325, 0.60900193), (0.7465, 0.0891325, 0.60900193), (0.745, 0.0891325, 0.6116), (0.7465, 0.0891325, 0.6141981), (0.7495, 0.0891325, 0.6141981), (0.751, 0.7933675, 0.6116), (0.7495, 0.7933675, 0.60900193), (0.7465, 0.7933675, 0.60900193), (0.745, 0.7933675, 0.6116), (0.7465, 0.7933675, 0.6141981), (0.7495, 0.7933675, 0.6141981), (0.751, 0.19226533, 0.36261532), (0.7495, 0.19410245, 0.3607782), (0.7465, 0.19410245, 0.3607782), (0.745, 0.19226533, 0.36261532), (0.7465, 0.19042821, 0.36445245), (0.7495, 0.19042821, 0.36445245), (0.751, 0.69023466, 0.8605847), (0.7495, 0.6920718, 0.85874754), (0.7465, 0.6920718, 0.85874754), (0.745, 0.69023466, 0.8605847), (0.7465, 0.6883975, 0.8624218), (0.7495, 0.6883975, 0.8624218), (0.748, 0.44425, 0.2594825), (0.7454019, 0.44275, 0.2594825), (0.7454019, 0.43975, 0.2594825), (0.748, 0.43825, 0.2594825), (0.7505981, 0.43975, 0.2594825), (0.7505981, 0.44275, 0.2594825), (0.748, 0.44425, 0.9637175), (0.7454019, 0.44275, 0.9637175), (0.7454019, 0.43975, 0.9637175), (0.748, 0.43825, 0.9637175), (0.7505981, 0.43975, 0.9637175), (0.7505981, 0.44275, 0.9637175), (0.745, 0.69023466, 0.36261532), (0.7465, 0.6883975, 0.3607782), (0.7495, 0.6883975, 0.3607782), (0.751, 0.69023466, 0.36261532), (0.7495, 0.6920718, 0.36445245), (0.7465, 0.6920718, 0.36445245), (0.745, 0.19226533, 0.8605847), (0.7465, 0.19042821, 0.85874754), (0.7495, 0.19042821, 0.85874754), (0.751, 0.19226533, 0.8605847), (0.7495, 0.19410245, 0.8624218), (0.7465, 0.19410245, 0.8624218), (0.748, 0.6105117, 0.6119911), (0.74562234, 0.60880554, 0.61172086), (0.74653053, 0.6060448, 0.6112836), (0.74946946, 0.6060448, 0.6112836), (0.75037766, 0.60880554, 0.61172086), (0.748, 0.6023483, 0.6635328), (0.74562234, 0.60064214, 0.66326255), (0.74653053, 0.59788144, 0.66282535), (0.74946946, 0.59788144, 0.66282535), (0.75037766, 0.60064214, 0.66326255), (0.7455, 0.5998791, 0.6631417), (0.74722743, 0.5977606, 0.6620623), (0.75002253, 0.5985698, 0.6624746), (0.75002253, 0.6011884, 0.6638088), (0.74722743, 0.6019976, 0.66422117), (0.7455, 0.57618797, 0.7096382), (0.74722743, 0.5740695, 0.70855874), (0.75002253, 0.5748787, 0.708971), (0.75002253, 0.57749724, 0.7103053), (0.74722743, 0.57830644, 0.7107176), (0.7455, 0.57618797, 0.7096382), (0.74722743, 0.5745067, 0.7079569), (0.75002253, 0.5751489, 0.7085991), (0.75002253, 0.57722706, 0.71067727), (0.74722743, 0.57786924, 0.71131945), (0.7455, 0.53928816, 0.746538), (0.74722743, 0.53760695, 0.7448567), (0.75002253, 0.5382491, 0.7454989), (0.75002253, 0.54032725, 0.747577), (0.74722743, 0.54096943, 0.7482192), (0.7455, 0.53928816, 0.746538), (0.74722743, 0.5382087, 0.74441946), (0.75002253, 0.53862107, 0.74522865), (0.75002253, 0.5399553, 0.74784726), (0.74722743, 0.5403676, 0.74865645), (0.7455, 0.4927917, 0.7702291), (0.74722743, 0.4917123, 0.7681106), (0.75002253, 0.4921246, 0.76891977), (0.75002253, 0.49345884, 0.7715384), (0.74722743, 0.49387115, 0.77234757), (0.7455, 0.4927917, 0.7702291), (0.74722743, 0.49241978, 0.76788074), (0.75002253, 0.49256185, 0.7687777), (0.75002253, 0.49302158, 0.7716805), (0.74722743, 0.49316368, 0.77257746), (0.7455, 0.44125, 0.7783925), (0.74722743, 0.44087806, 0.77604413), (0.75002253, 0.44102013, 0.7769411), (0.75002253, 0.44147986, 0.77984387), (0.74722743, 0.44162196, 0.78074086), (0.7455, 0.44125, 0.7783925), (0.74722743, 0.44162196, 0.77604413), (0.75002253, 0.44147986, 0.7769411), (0.75002253, 0.44102013, 0.77984387), (0.74722743, 0.44087806, 0.78074086), (0.7455, 0.38970828, 0.7702291), (0.74722743, 0.3900802, 0.76788074), (0.75002253, 0.38993815, 0.7687777), (0.75002253, 0.38947842, 0.7716805), (0.74722743, 0.38933635, 0.77257746), (0.7455, 0.38970828, 0.7702291), (0.74722743, 0.39078772, 0.7681106), (0.75002253, 0.3903754, 0.76891977), (0.75002253, 0.38904116, 0.7715384), (0.74722743, 0.38862887, 0.77234757), (0.7455, 0.34321183, 0.746538), (0.74722743, 0.34429124, 0.74441946), (0.75002253, 0.34387895, 0.74522865), (0.75002253, 0.3425447, 0.74784726), (0.74722743, 0.3421324, 0.74865645), (0.7455, 0.34321183, 0.746538), (0.74722743, 0.34489307, 0.7448567), (0.75002253, 0.3442509, 0.7454989), (0.75002253, 0.34217277, 0.747577), (0.74722743, 0.3415306, 0.7482192), (0.7455, 0.30631202, 0.7096382), (0.74722743, 0.3079933, 0.7079569), (0.75002253, 0.3073511, 0.7085991), (0.75002253, 0.30527297, 0.71067727), (0.74722743, 0.3046308, 0.71131945), (0.7455, 0.30631202, 0.7096382), (0.74722743, 0.30843052, 0.70855874), (0.75002253, 0.30762133, 0.708971), (0.75002253, 0.30500272, 0.7103053), (0.74722743, 0.30419353, 0.7107176), (0.7455, 0.2826209, 0.6631417), (0.74722743, 0.2847394, 0.6620623), (0.75002253, 0.2839302, 0.6624746), (0.75002253, 0.2813116, 0.6638088), (0.74722743, 0.2805024, 0.66422117), (0.748, 0.2801517, 0.6635328), (0.74562234, 0.28185788, 0.66326255), (0.74653053, 0.28461856, 0.66282535), (0.74946946, 0.28461856, 0.66282535), (0.75037766, 0.28185788, 0.66326255), (0.748, 0.27198827, 0.6119911), (0.74562234, 0.27369446, 0.61172086), (0.74653053, 0.27645513, 0.6112836), (0.74946946, 0.27645513, 0.6112836), (0.75037766, 0.27369446, 0.61172086), (0.748, 0.27198827, 0.6112089), (0.74562234, 0.27369446, 0.61147916), (0.74653053, 0.27645513, 0.6119164), (0.74946946, 0.27645513, 0.6119164), (0.75037766, 0.27369446, 0.61147916), (0.748, 0.2801517, 0.55966717), (0.74562234, 0.28185788, 0.5599374), (0.74653053, 0.28461856, 0.5603747), (0.74946946, 0.28461856, 0.5603747), (0.75037766, 0.28185788, 0.5599374), (0.7505, 0.2826209, 0.5600583), (0.74877256, 0.2805024, 0.55897886), (0.74597746, 0.2813116, 0.55939114), (0.74597746, 0.2839302, 0.5607254), (0.74877256, 0.2847394, 0.56113774), (0.7505, 0.30631202, 0.51356184), (0.74877256, 0.30419353, 0.5124824), (0.74597746, 0.30500272, 0.5128947), (0.74597746, 0.30762133, 0.51422894), (0.74877256, 0.30843052, 0.5146412), (0.7505, 0.30631202, 0.51356184), (0.74877256, 0.3046308, 0.5118806), (0.74597746, 0.30527297, 0.51252276), (0.74597746, 0.3073511, 0.5146009), (0.74877256, 0.3079933, 0.51524305), (0.7505, 0.34321183, 0.47666204), (0.74877256, 0.3415306, 0.4749808), (0.74597746, 0.34217277, 0.47562295), (0.74597746, 0.3442509, 0.4777011), (0.74877256, 0.34489307, 0.47834328), (0.7505, 0.34321183, 0.47666204), (0.74877256, 0.3421324, 0.47454354), (0.74597746, 0.3425447, 0.47535273), (0.74597746, 0.34387895, 0.47797135), (0.74877256, 0.34429124, 0.47878054), (0.7505, 0.38970828, 0.4529709), (0.74877256, 0.38862887, 0.45085242), (0.74597746, 0.38904116, 0.45166162), (0.74597746, 0.3903754, 0.4542802), (0.74877256, 0.39078772, 0.4550894), (0.7505, 0.38970828, 0.4529709), (0.74877256, 0.38933635, 0.45062253), (0.74597746, 0.38947842, 0.45151955), (0.74597746, 0.38993815, 0.45442227), (0.74877256, 0.3900802, 0.4553193), (0.7505, 0.44125, 0.4448075), (0.74877256, 0.44087806, 0.44245914), (0.74597746, 0.44102013, 0.44335613), (0.74597746, 0.44147986, 0.44625887), (0.74877256, 0.44162196, 0.44715586), (0.7505, 0.44125, 0.4448075), (0.74877256, 0.44162196, 0.44245914), (0.74597746, 0.44147986, 0.44335613), (0.74597746, 0.44102013, 0.44625887), (0.74877256, 0.44087806, 0.44715586), (0.7505, 0.4927917, 0.4529709), (0.74877256, 0.49316368, 0.45062253), (0.74597746, 0.49302158, 0.45151955), (0.74597746, 0.49256185, 0.45442227), (0.74877256, 0.49241978, 0.4553193), (0.7505, 0.4927917, 0.4529709), (0.74877256, 0.49387115, 0.45085242), (0.74597746, 0.49345884, 0.45166162), (0.74597746, 0.4921246, 0.4542802), (0.74877256, 0.4917123, 0.4550894), (0.7505, 0.53928816, 0.47666204), (0.74877256, 0.5403676, 0.47454354), (0.74597746, 0.5399553, 0.47535273), (0.74597746, 0.53862107, 0.47797135), (0.74877256, 0.5382087, 0.47878054), (0.7505, 0.53928816, 0.47666204), (0.74877256, 0.54096943, 0.4749808), (0.74597746, 0.54032725, 0.47562295), (0.74597746, 0.5382491, 0.4777011), (0.74877256, 0.53760695, 0.47834328), (0.7505, 0.57618797, 0.51356184), (0.74877256, 0.57786924, 0.5118806), (0.74597746, 0.57722706, 0.51252276), (0.74597746, 0.5751489, 0.5146009), (0.74877256, 0.5745067, 0.51524305), (0.7505, 0.57618797, 0.51356184), (0.74877256, 0.57830644, 0.5124824), (0.74597746, 0.57749724, 0.5128947), (0.74597746, 0.5748787, 0.51422894), (0.74877256, 0.5740695, 0.5146412), (0.7505, 0.5998791, 0.5600583), (0.74877256, 0.6019976, 0.55897886), (0.74597746, 0.6011884, 0.55939114), (0.74597746, 0.5985698, 0.5607254), (0.74877256, 0.5977606, 0.56113774), (0.748, 0.6023483, 0.55966717), (0.74562234, 0.60064214, 0.5599374), (0.74653053, 0.59788144, 0.5603747), (0.74946946, 0.59788144, 0.5603747), (0.75037766, 0.60064214, 0.5599374), (0.748, 0.6105117, 0.6112089), (0.74562234, 0.60880554, 0.61147916), (0.74653053, 0.6060448, 0.6119164), (0.74946946, 0.6060448, 0.6119164), (0.75037766, 0.60880554, 0.61147916), (0.748, 0.72170675, 0.6119911), (0.74562234, 0.7200005, 0.61172086), (0.74653053, 0.71723986, 0.6112836), (0.74946946, 0.71723986, 0.6112836), (0.75037766, 0.7200005, 0.61172086), (0.748, 0.70810103, 0.697894), (0.74562234, 0.70639485, 0.6976237), (0.74653053, 0.7036342, 0.69718647), (0.74946946, 0.7036342, 0.69718647), (0.75037766, 0.70639485, 0.6976237), (0.7455, 0.70563185, 0.69750285), (0.74722743, 0.7035133, 0.6964234), (0.75002253, 0.7043225, 0.69683576), (0.75002253, 0.7069411, 0.69817), (0.74722743, 0.7077503, 0.6985823), (0.7455, 0.66614664, 0.77499694), (0.74722743, 0.6640281, 0.77391756), (0.75002253, 0.6648373, 0.77432984), (0.75002253, 0.6674559, 0.7756641), (0.74722743, 0.6682651, 0.7760764), (0.7455, 0.66614664, 0.77499694), (0.74722743, 0.66446537, 0.7733157), (0.75002253, 0.66510755, 0.7739579), (0.75002253, 0.66718566, 0.776036), (0.74722743, 0.66782784, 0.7766782), (0.7455, 0.604647, 0.8364966), (0.74722743, 0.6029657, 0.8348154), (0.75002253, 0.6036079, 0.83545756), (0.75002253, 0.605686, 0.8375357), (0.74722743, 0.6063282, 0.83817786), (0.7455, 0.604647, 0.8364966), (0.74722743, 0.60356754, 0.8343781), (0.75002253, 0.6039798, 0.8351873), (0.75002253, 0.6053141, 0.8378059), (0.74722743, 0.60572636, 0.8386151), (0.7455, 0.52715284, 0.8759818), (0.74722743, 0.52607346, 0.87386334), (0.75002253, 0.52648574, 0.87467253), (0.75002253, 0.52782, 0.87729114), (0.74722743, 0.5282323, 0.87810034), (0.7455, 0.52715284, 0.8759818), (0.74722743, 0.5267809, 0.87363344), (0.75002253, 0.526923, 0.87453043), (0.75002253, 0.52738273, 0.8774332), (0.74722743, 0.5275248, 0.8783302), (0.7455, 0.44125, 0.8895875), (0.74722743, 0.44087806, 0.88723916), (0.75002253, 0.44102013, 0.88813615), (0.75002253, 0.44147986, 0.8910389), (0.74722743, 0.44162196, 0.8919359), (0.7455, 0.44125, 0.8895875), (0.74722743, 0.44162196, 0.88723916), (0.75002253, 0.44147986, 0.88813615), (0.75002253, 0.44102013, 0.8910389), (0.74722743, 0.44087806, 0.8919359), (0.7455, 0.35534713, 0.8759818), (0.74722743, 0.3557191, 0.87363344), (0.75002253, 0.35557702, 0.87453043), (0.75002253, 0.35511726, 0.8774332), (0.74722743, 0.3549752, 0.8783302), (0.7455, 0.35534713, 0.8759818), (0.74722743, 0.35642657, 0.87386334), (0.75002253, 0.35601425, 0.87467253), (0.75002253, 0.35468, 0.87729114), (0.74722743, 0.35426772, 0.87810034), (0.7455, 0.27785304, 0.8364966), (0.74722743, 0.27893248, 0.8343781), (0.75002253, 0.27852017, 0.8351873), (0.75002253, 0.27718592, 0.8378059), (0.74722743, 0.27677363, 0.8386151), (0.7455, 0.27785304, 0.8364966), (0.74722743, 0.27953428, 0.8348154), (0.75002253, 0.2788921, 0.83545756), (0.75002253, 0.27681398, 0.8375357), (0.74722743, 0.2761718, 0.83817786), (0.7455, 0.21635339, 0.77499694), (0.74722743, 0.21803464, 0.7733157), (0.75002253, 0.21739246, 0.7739579), (0.75002253, 0.21531431, 0.776036), (0.74722743, 0.21467215, 0.7766782), (0.7455, 0.21635339, 0.77499694), (0.74722743, 0.21847188, 0.77391756), (0.75002253, 0.21766269, 0.77432984), (0.75002253, 0.21504408, 0.7756641), (0.74722743, 0.21423489, 0.7760764), (0.7455, 0.17686817, 0.69750285), (0.74722743, 0.17898667, 0.6964234), (0.75002253, 0.17817748, 0.69683576), (0.75002253, 0.17555888, 0.69817), (0.74722743, 0.17474969, 0.6985823), (0.748, 0.17439896, 0.697894), (0.74562234, 0.17610514, 0.6976237), (0.74653053, 0.17886582, 0.69718647), (0.74946946, 0.17886582, 0.69718647), (0.75037766, 0.17610514, 0.6976237), (0.748, 0.16079327, 0.6119911), (0.74562234, 0.16249947, 0.61172086), (0.74653053, 0.16526014, 0.6112836), (0.74946946, 0.16526014, 0.6112836), (0.75037766, 0.16249947, 0.61172086), (0.748, 0.16079327, 0.6112089), (0.74562234, 0.16249947, 0.61147916), (0.74653053, 0.16526014, 0.6119164), (0.74946946, 0.16526014, 0.6119164), (0.75037766, 0.16249947, 0.61147916), (0.748, 0.17439896, 0.52530605), (0.74562234, 0.17610514, 0.5255763), (0.74653053, 0.17886582, 0.52601355), (0.74946946, 0.17886582, 0.52601355), (0.75037766, 0.17610514, 0.5255763), (0.7505, 0.17686817, 0.5256971), (0.74877256, 0.17474969, 0.52461773), (0.74597746, 0.17555888, 0.52503), (0.74597746, 0.17817748, 0.52636427), (0.74877256, 0.17898667, 0.52677655), (0.7505, 0.21635339, 0.44820306), (0.74877256, 0.21423489, 0.44712362), (0.74597746, 0.21504408, 0.44753593), (0.74597746, 0.21766269, 0.44887018), (0.74877256, 0.21847188, 0.44928247), (0.7505, 0.21635339, 0.44820306), (0.74877256, 0.21467215, 0.4465218), (0.74597746, 0.21531431, 0.44716397), (0.74597746, 0.21739246, 0.44924212), (0.74877256, 0.21803464, 0.4498843), (0.7505, 0.27785304, 0.3867034), (0.74877256, 0.2761718, 0.38502213), (0.74597746, 0.27681398, 0.3856643), (0.74597746, 0.2788921, 0.38774246), (0.74877256, 0.27953428, 0.38838464), (0.7505, 0.27785304, 0.3867034), (0.74877256, 0.27677363, 0.3845849), (0.74597746, 0.27718592, 0.3853941), (0.74597746, 0.27852017, 0.38801268), (0.74877256, 0.27893248, 0.38882187), (0.7505, 0.35534713, 0.3472182), (0.74877256, 0.35426772, 0.3450997), (0.74597746, 0.35468, 0.34590888), (0.74597746, 0.35601425, 0.3485275), (0.74877256, 0.35642657, 0.34933668), (0.7505, 0.35534713, 0.3472182), (0.74877256, 0.3549752, 0.34486982), (0.74597746, 0.35511726, 0.3457668), (0.74597746, 0.35557702, 0.34866956), (0.74877256, 0.3557191, 0.34956655), (0.7505, 0.44125, 0.3336125), (0.74877256, 0.44087806, 0.33126414), (0.74597746, 0.44102013, 0.33216113), (0.74597746, 0.44147986, 0.33506387), (0.74877256, 0.44162196, 0.33596087), (0.7505, 0.44125, 0.3336125), (0.74877256, 0.44162196, 0.33126414), (0.74597746, 0.44147986, 0.33216113), (0.74597746, 0.44102013, 0.33506387), (0.74877256, 0.44087806, 0.33596087), (0.7505, 0.52715284, 0.3472182), (0.74877256, 0.5275248, 0.34486982), (0.74597746, 0.52738273, 0.3457668), (0.74597746, 0.526923, 0.34866956), (0.74877256, 0.5267809, 0.34956655), (0.7505, 0.52715284, 0.3472182), (0.74877256, 0.5282323, 0.3450997), (0.74597746, 0.52782, 0.34590888), (0.74597746, 0.52648574, 0.3485275), (0.74877256, 0.52607346, 0.34933668), (0.7505, 0.604647, 0.3867034), (0.74877256, 0.60572636, 0.3845849), (0.74597746, 0.6053141, 0.3853941), (0.74597746, 0.6039798, 0.38801268), (0.74877256, 0.60356754, 0.38882187), (0.7505, 0.604647, 0.3867034), (0.74877256, 0.6063282, 0.38502213), (0.74597746, 0.605686, 0.3856643), (0.74597746, 0.6036079, 0.38774246), (0.74877256, 0.6029657, 0.38838464), (0.7505, 0.66614664, 0.44820306), (0.74877256, 0.66782784, 0.4465218), (0.74597746, 0.66718566, 0.44716397), (0.74597746, 0.66510755, 0.44924212), (0.74877256, 0.66446537, 0.4498843), (0.7505, 0.66614664, 0.44820306), (0.74877256, 0.6682651, 0.44712362), (0.74597746, 0.6674559, 0.44753593), (0.74597746, 0.6648373, 0.44887018), (0.74877256, 0.6640281, 0.44928247), (0.7505, 0.70563185, 0.5256971), (0.74877256, 0.7077503, 0.52461773), (0.74597746, 0.7069411, 0.52503), (0.74597746, 0.7043225, 0.52636427), (0.74877256, 0.7035133, 0.52677655), (0.748, 0.70810103, 0.52530605), (0.74562234, 0.70639485, 0.5255763), (0.74653053, 0.7036342, 0.52601355), (0.74946946, 0.7036342, 0.52601355), (0.75037766, 0.70639485, 0.5255763), (0.748, 0.72170675, 0.6112089), (0.74562234, 0.7200005, 0.61147916), (0.74653053, 0.71723986, 0.6119164), (0.74946946, 0.71723986, 0.6119164), (0.75037766, 0.7200005, 0.61147916), (0.736, 0.93333143, 0.5676104), (0.736, 0.95290864, 0.481837), (0.736, 0.99108136, 0.40257046), (0.736, 1.0459355, 0.33378553), (0.736, 1.1147205, 0.27893138), (0.736, 1.193987, 0.24075863), (0.736, 1.2797604, 0.22118141), (0.736, 1.3677396, 0.22118141), (0.736, 1.453513, 0.24075863), (0.736, 1.5327796, 0.27893138), (0.736, 1.6015645, 0.33378553), (0.736, 1.6564187, 0.40257046), (0.736, 1.6945914, 0.481837), (0.736, 1.7141685, 0.5676104), (0.736, 1.7141685, 0.65558964), (0.736, 1.6945914, 0.741363), (0.736, 1.6564187, 0.82062954), (0.736, 1.6015645, 0.8894145), (0.736, 1.5327796, 0.94426864), (0.736, 1.453513, 0.98244137), (0.736, 1.3677396, 1.0020186), (0.736, 1.2797604, 1.0020186), (0.736, 1.193987, 0.98244137), (0.736, 1.1147205, 0.94426864), (0.736, 1.0459355, 0.8894145), (0.736, 0.99108136, 0.82062954), (0.736, 0.95290864, 0.741363), (0.736, 0.93333143, 0.65558964), (0.742, 0.93333143, 0.5676104), (0.742, 0.95290864, 0.481837), (0.742, 0.99108136, 0.40257046), (0.742, 1.0459355, 0.33378553), (0.742, 1.1147205, 0.27893138), (0.742, 1.193987, 0.24075863), (0.742, 1.2797604, 0.22118141), (0.742, 1.3677396, 0.22118141), (0.742, 1.453513, 0.24075863), (0.742, 1.5327796, 0.27893138), (0.742, 1.6015645, 0.33378553), (0.742, 1.6564187, 0.40257046), (0.742, 1.6945914, 0.481837), (0.742, 1.7141685, 0.5676104), (0.742, 1.7141685, 0.65558964), (0.742, 1.6945914, 0.741363), (0.742, 1.6564187, 0.82062954), (0.742, 1.6015645, 0.8894145), (0.742, 1.5327796, 0.94426864), (0.742, 1.453513, 0.98244137), (0.742, 1.3677396, 1.0020186), (0.742, 1.2797604, 1.0020186), (0.742, 1.193987, 0.98244137), (0.742, 1.1147205, 0.94426864), (0.742, 1.0459355, 0.8894145), (0.742, 0.99108136, 0.82062954), (0.742, 0.95290864, 0.741363), (0.742, 0.93333143, 0.65558964), (0.736, 1.32375, 0.6116), (0.742, 1.32375, 0.6116), (0.751, 0.9716325, 0.6116), (0.7495, 0.9716325, 0.60900193), (0.7465, 0.9716325, 0.60900193), (0.745, 0.9716325, 0.6116), (0.7465, 0.9716325, 0.6141981), (0.7495, 0.9716325, 0.6141981), (0.751, 1.6758676, 0.6116), (0.7495, 1.6758676, 0.60900193), (0.7465, 1.6758676, 0.60900193), (0.745, 1.6758676, 0.6116), (0.7465, 1.6758676, 0.6141981), (0.7495, 1.6758676, 0.6141981), (0.751, 1.0747653, 0.36261532), (0.7495, 1.0766025, 0.3607782), (0.7465, 1.0766025, 0.3607782), (0.745, 1.0747653, 0.36261532), (0.7465, 1.0729282, 0.36445245), (0.7495, 1.0729282, 0.36445245), (0.751, 1.5727347, 0.8605847), (0.7495, 1.5745718, 0.85874754), (0.7465, 1.5745718, 0.85874754), (0.745, 1.5727347, 0.8605847), (0.7465, 1.5708976, 0.8624218), (0.7495, 1.5708976, 0.8624218), (0.748, 1.32675, 0.2594825), (0.7454019, 1.32525, 0.2594825), (0.7454019, 1.32225, 0.2594825), (0.748, 1.32075, 0.2594825), (0.7505981, 1.32225, 0.2594825), (0.7505981, 1.32525, 0.2594825), (0.748, 1.32675, 0.9637175), (0.7454019, 1.32525, 0.9637175), (0.7454019, 1.32225, 0.9637175), (0.748, 1.32075, 0.9637175), (0.7505981, 1.32225, 0.9637175), (0.7505981, 1.32525, 0.9637175), (0.745, 1.5727347, 0.36261532), (0.7465, 1.5708976, 0.3607782), (0.7495, 1.5708976, 0.3607782), (0.751, 1.5727347, 0.36261532), (0.7495, 1.5745718, 0.36445245), (0.7465, 1.5745718, 0.36445245), (0.745, 1.0747653, 0.8605847), (0.7465, 1.0729282, 0.85874754), (0.7495, 1.0729282, 0.85874754), (0.751, 1.0747653, 0.8605847), (0.7495, 1.0766025, 0.8624218), (0.7465, 1.0766025, 0.8624218), (0.748, 1.4930117, 0.6119911), (0.74562234, 1.4913056, 0.61172086), (0.74653053, 1.4885448, 0.6112836), (0.74946946, 1.4885448, 0.6112836), (0.75037766, 1.4913056, 0.61172086), (0.748, 1.4848483, 0.6635328), (0.74562234, 1.4831421, 0.66326255), (0.74653053, 1.4803815, 0.66282535), (0.74946946, 1.4803815, 0.66282535), (0.75037766, 1.4831421, 0.66326255), (0.7455, 1.4823791, 0.6631417), (0.74722743, 1.4802606, 0.6620623), (0.75002253, 1.4810698, 0.6624746), (0.75002253, 1.4836884, 0.6638088), (0.74722743, 1.4844975, 0.66422117), (0.7455, 1.458688, 0.7096382), (0.74722743, 1.4565694, 0.70855874), (0.75002253, 1.4573786, 0.708971), (0.75002253, 1.4599973, 0.7103053), (0.74722743, 1.4608065, 0.7107176), (0.7455, 1.458688, 0.7096382), (0.74722743, 1.4570067, 0.7079569), (0.75002253, 1.4576489, 0.7085991), (0.75002253, 1.459727, 0.71067727), (0.74722743, 1.4603692, 0.71131945), (0.7455, 1.4217882, 0.746538), (0.74722743, 1.4201069, 0.7448567), (0.75002253, 1.4207491, 0.7454989), (0.75002253, 1.4228272, 0.747577), (0.74722743, 1.4234694, 0.7482192), (0.7455, 1.4217882, 0.746538), (0.74722743, 1.4207088, 0.74441946), (0.75002253, 1.421121, 0.74522865), (0.75002253, 1.4224553, 0.74784726), (0.74722743, 1.4228677, 0.74865645), (0.7455, 1.3752917, 0.7702291), (0.74722743, 1.3742123, 0.7681106), (0.75002253, 1.3746246, 0.76891977), (0.75002253, 1.3759588, 0.7715384), (0.74722743, 1.3763711, 0.77234757), (0.7455, 1.3752917, 0.7702291), (0.74722743, 1.3749198, 0.76788074), (0.75002253, 1.3750619, 0.7687777), (0.75002253, 1.3755215, 0.7716805), (0.74722743, 1.3756636, 0.77257746), (0.7455, 1.32375, 0.7783925), (0.74722743, 1.3233781, 0.77604413), (0.75002253, 1.3235202, 0.7769411), (0.75002253, 1.3239799, 0.77984387), (0.74722743, 1.324122, 0.78074086), (0.7455, 1.32375, 0.7783925), (0.74722743, 1.324122, 0.77604413), (0.75002253, 1.3239799, 0.7769411), (0.75002253, 1.3235202, 0.77984387), (0.74722743, 1.3233781, 0.78074086), (0.7455, 1.2722083, 0.7702291), (0.74722743, 1.2725803, 0.76788074), (0.75002253, 1.2724382, 0.7687777), (0.75002253, 1.2719784, 0.7716805), (0.74722743, 1.2718363, 0.77257746), (0.7455, 1.2722083, 0.7702291), (0.74722743, 1.2732877, 0.7681106), (0.75002253, 1.2728754, 0.76891977), (0.75002253, 1.2715411, 0.7715384), (0.74722743, 1.2711289, 0.77234757), (0.7455, 1.2257118, 0.746538), (0.74722743, 1.2267913, 0.74441946), (0.75002253, 1.2263789, 0.74522865), (0.75002253, 1.2250447, 0.74784726), (0.74722743, 1.2246324, 0.74865645), (0.7455, 1.2257118, 0.746538), (0.74722743, 1.227393, 0.7448567), (0.75002253, 1.2267509, 0.7454989), (0.75002253, 1.2246728, 0.747577), (0.74722743, 1.2240306, 0.7482192), (0.7455, 1.188812, 0.7096382), (0.74722743, 1.1904932, 0.7079569), (0.75002253, 1.189851, 0.7085991), (0.75002253, 1.187773, 0.71067727), (0.74722743, 1.1871308, 0.71131945), (0.7455, 1.188812, 0.7096382), (0.74722743, 1.1909305, 0.70855874), (0.75002253, 1.1901213, 0.708971), (0.75002253, 1.1875027, 0.7103053), (0.74722743, 1.1866935, 0.7107176), (0.7455, 1.165121, 0.6631417), (0.74722743, 1.1672394, 0.6620623), (0.75002253, 1.1664302, 0.6624746), (0.75002253, 1.1638116, 0.6638088), (0.74722743, 1.1630024, 0.66422117), (0.748, 1.1626517, 0.6635328), (0.74562234, 1.1643579, 0.66326255), (0.74653053, 1.1671185, 0.66282535), (0.74946946, 1.1671185, 0.66282535), (0.75037766, 1.1643579, 0.66326255), (0.748, 1.1544883, 0.6119911), (0.74562234, 1.1561944, 0.61172086), (0.74653053, 1.1589551, 0.6112836), (0.74946946, 1.1589551, 0.6112836), (0.75037766, 1.1561944, 0.61172086), (0.748, 1.1544883, 0.6112089), (0.74562234, 1.1561944, 0.61147916), (0.74653053, 1.1589551, 0.6119164), (0.74946946, 1.1589551, 0.6119164), (0.75037766, 1.1561944, 0.61147916), (0.748, 1.1626517, 0.55966717), (0.74562234, 1.1643579, 0.5599374), (0.74653053, 1.1671185, 0.5603747), (0.74946946, 1.1671185, 0.5603747), (0.75037766, 1.1643579, 0.5599374), (0.7505, 1.165121, 0.5600583), (0.74877256, 1.1630024, 0.55897886), (0.74597746, 1.1638116, 0.55939114), (0.74597746, 1.1664302, 0.5607254), (0.74877256, 1.1672394, 0.56113774), (0.7505, 1.188812, 0.51356184), (0.74877256, 1.1866935, 0.5124824), (0.74597746, 1.1875027, 0.5128947), (0.74597746, 1.1901213, 0.51422894), (0.74877256, 1.1909305, 0.5146412), (0.7505, 1.188812, 0.51356184), (0.74877256, 1.1871308, 0.5118806), (0.74597746, 1.187773, 0.51252276), (0.74597746, 1.189851, 0.5146009), (0.74877256, 1.1904932, 0.51524305), (0.7505, 1.2257118, 0.47666204), (0.74877256, 1.2240306, 0.4749808), (0.74597746, 1.2246728, 0.47562295), (0.74597746, 1.2267509, 0.4777011), (0.74877256, 1.227393, 0.47834328), (0.7505, 1.2257118, 0.47666204), (0.74877256, 1.2246324, 0.47454354), (0.74597746, 1.2250447, 0.47535273), (0.74597746, 1.2263789, 0.47797135), (0.74877256, 1.2267913, 0.47878054), (0.7505, 1.2722083, 0.4529709), (0.74877256, 1.2711289, 0.45085242), (0.74597746, 1.2715411, 0.45166162), (0.74597746, 1.2728754, 0.4542802), (0.74877256, 1.2732877, 0.4550894), (0.7505, 1.2722083, 0.4529709), (0.74877256, 1.2718363, 0.45062253), (0.74597746, 1.2719784, 0.45151955), (0.74597746, 1.2724382, 0.45442227), (0.74877256, 1.2725803, 0.4553193), (0.7505, 1.32375, 0.4448075), (0.74877256, 1.3233781, 0.44245914), (0.74597746, 1.3235202, 0.44335613), (0.74597746, 1.3239799, 0.44625887), (0.74877256, 1.324122, 0.44715586), (0.7505, 1.32375, 0.4448075), (0.74877256, 1.324122, 0.44245914), (0.74597746, 1.3239799, 0.44335613), (0.74597746, 1.3235202, 0.44625887), (0.74877256, 1.3233781, 0.44715586), (0.7505, 1.3752917, 0.4529709), (0.74877256, 1.3756636, 0.45062253), (0.74597746, 1.3755215, 0.45151955), (0.74597746, 1.3750619, 0.45442227), (0.74877256, 1.3749198, 0.4553193), (0.7505, 1.3752917, 0.4529709), (0.74877256, 1.3763711, 0.45085242), (0.74597746, 1.3759588, 0.45166162), (0.74597746, 1.3746246, 0.4542802), (0.74877256, 1.3742123, 0.4550894), (0.7505, 1.4217882, 0.47666204), (0.74877256, 1.4228677, 0.47454354), (0.74597746, 1.4224553, 0.47535273), (0.74597746, 1.421121, 0.47797135), (0.74877256, 1.4207088, 0.47878054), (0.7505, 1.4217882, 0.47666204), (0.74877256, 1.4234694, 0.4749808), (0.74597746, 1.4228272, 0.47562295), (0.74597746, 1.4207491, 0.4777011), (0.74877256, 1.4201069, 0.47834328), (0.7505, 1.458688, 0.51356184), (0.74877256, 1.4603692, 0.5118806), (0.74597746, 1.459727, 0.51252276), (0.74597746, 1.4576489, 0.5146009), (0.74877256, 1.4570067, 0.51524305), (0.7505, 1.458688, 0.51356184), (0.74877256, 1.4608065, 0.5124824), (0.74597746, 1.4599973, 0.5128947), (0.74597746, 1.4573786, 0.51422894), (0.74877256, 1.4565694, 0.5146412), (0.7505, 1.4823791, 0.5600583), (0.74877256, 1.4844975, 0.55897886), (0.74597746, 1.4836884, 0.55939114), (0.74597746, 1.4810698, 0.5607254), (0.74877256, 1.4802606, 0.56113774), (0.748, 1.4848483, 0.55966717), (0.74562234, 1.4831421, 0.5599374), (0.74653053, 1.4803815, 0.5603747), (0.74946946, 1.4803815, 0.5603747), (0.75037766, 1.4831421, 0.5599374), (0.748, 1.4930117, 0.6112089), (0.74562234, 1.4913056, 0.61147916), (0.74653053, 1.4885448, 0.6119164), (0.74946946, 1.4885448, 0.6119164), (0.75037766, 1.4913056, 0.61147916), (0.748, 1.6042067, 0.6119911), (0.74562234, 1.6025006, 0.61172086), (0.74653053, 1.5997399, 0.6112836), (0.74946946, 1.5997399, 0.6112836), (0.75037766, 1.6025006, 0.61172086), (0.748, 1.5906011, 0.697894), (0.74562234, 1.5888948, 0.6976237), (0.74653053, 1.5861342, 0.69718647), (0.74946946, 1.5861342, 0.69718647), (0.75037766, 1.5888948, 0.6976237), (0.7455, 1.5881318, 0.69750285), (0.74722743, 1.5860133, 0.6964234), (0.75002253, 1.5868225, 0.69683576), (0.75002253, 1.5894412, 0.69817), (0.74722743, 1.5902504, 0.6985823), (0.7455, 1.5486466, 0.77499694), (0.74722743, 1.5465281, 0.77391756), (0.75002253, 1.5473373, 0.77432984), (0.75002253, 1.549956, 0.7756641), (0.74722743, 1.5507652, 0.7760764), (0.7455, 1.5486466, 0.77499694), (0.74722743, 1.5469654, 0.7733157), (0.75002253, 1.5476075, 0.7739579), (0.75002253, 1.5496857, 0.776036), (0.74722743, 1.5503279, 0.7766782), (0.7455, 1.487147, 0.8364966), (0.74722743, 1.4854658, 0.8348154), (0.75002253, 1.4861078, 0.83545756), (0.75002253, 1.488186, 0.8375357), (0.74722743, 1.4888282, 0.83817786), (0.7455, 1.487147, 0.8364966), (0.74722743, 1.4860675, 0.8343781), (0.75002253, 1.4864799, 0.8351873), (0.75002253, 1.4878141, 0.8378059), (0.74722743, 1.4882264, 0.8386151), (0.7455, 1.4096528, 0.8759818), (0.74722743, 1.4085734, 0.87386334), (0.75002253, 1.4089857, 0.87467253), (0.75002253, 1.41032, 0.87729114), (0.74722743, 1.4107323, 0.87810034), (0.7455, 1.4096528, 0.8759818), (0.74722743, 1.4092809, 0.87363344), (0.75002253, 1.409423, 0.87453043), (0.75002253, 1.4098828, 0.8774332), (0.74722743, 1.4100248, 0.8783302), (0.7455, 1.32375, 0.8895875), (0.74722743, 1.3233781, 0.88723916), (0.75002253, 1.3235202, 0.88813615), (0.75002253, 1.3239799, 0.8910389), (0.74722743, 1.324122, 0.8919359), (0.7455, 1.32375, 0.8895875), (0.74722743, 1.324122, 0.88723916), (0.75002253, 1.3239799, 0.88813615), (0.75002253, 1.3235202, 0.8910389), (0.74722743, 1.3233781, 0.8919359), (0.7455, 1.2378471, 0.8759818), (0.74722743, 1.2382191, 0.87363344), (0.75002253, 1.238077, 0.87453043), (0.75002253, 1.2376173, 0.8774332), (0.74722743, 1.2374752, 0.8783302), (0.7455, 1.2378471, 0.8759818), (0.74722743, 1.2389265, 0.87386334), (0.75002253, 1.2385143, 0.87467253), (0.75002253, 1.23718, 0.87729114), (0.74722743, 1.2367678, 0.87810034), (0.7455, 1.1603531, 0.8364966), (0.74722743, 1.1614325, 0.8343781), (0.75002253, 1.1610202, 0.8351873), (0.75002253, 1.159686, 0.8378059), (0.74722743, 1.1592736, 0.8386151), (0.7455, 1.1603531, 0.8364966), (0.74722743, 1.1620343, 0.8348154), (0.75002253, 1.1613921, 0.83545756), (0.75002253, 1.159314, 0.8375357), (0.74722743, 1.1586719, 0.83817786), (0.7455, 1.0988533, 0.77499694), (0.74722743, 1.1005347, 0.7733157), (0.75002253, 1.0998925, 0.7739579), (0.75002253, 1.0978143, 0.776036), (0.74722743, 1.0971721, 0.7766782), (0.7455, 1.0988533, 0.77499694), (0.74722743, 1.1009719, 0.77391756), (0.75002253, 1.1001627, 0.77432984), (0.75002253, 1.0975441, 0.7756641), (0.74722743, 1.0967349, 0.7760764), (0.7455, 1.0593681, 0.69750285), (0.74722743, 1.0614867, 0.6964234), (0.75002253, 1.0606775, 0.69683576), (0.75002253, 1.0580589, 0.69817), (0.74722743, 1.0572497, 0.6985823), (0.748, 1.056899, 0.697894), (0.74562234, 1.0586052, 0.6976237), (0.74653053, 1.0613658, 0.69718647), (0.74946946, 1.0613658, 0.69718647), (0.75037766, 1.0586052, 0.6976237), (0.748, 1.0432932, 0.6119911), (0.74562234, 1.0449995, 0.61172086), (0.74653053, 1.0477601, 0.6112836), (0.74946946, 1.0477601, 0.6112836), (0.75037766, 1.0449995, 0.61172086), (0.748, 1.0432932, 0.6112089), (0.74562234, 1.0449995, 0.61147916), (0.74653053, 1.0477601, 0.6119164), (0.74946946, 1.0477601, 0.6119164), (0.75037766, 1.0449995, 0.61147916), (0.748, 1.056899, 0.52530605), (0.74562234, 1.0586052, 0.5255763), (0.74653053, 1.0613658, 0.52601355), (0.74946946, 1.0613658, 0.52601355), (0.75037766, 1.0586052, 0.5255763), (0.7505, 1.0593681, 0.5256971), (0.74877256, 1.0572497, 0.52461773), (0.74597746, 1.0580589, 0.52503), (0.74597746, 1.0606775, 0.52636427), (0.74877256, 1.0614867, 0.52677655), (0.7505, 1.0988533, 0.44820306), (0.74877256, 1.0967349, 0.44712362), (0.74597746, 1.0975441, 0.44753593), (0.74597746, 1.1001627, 0.44887018), (0.74877256, 1.1009719, 0.44928247), (0.7505, 1.0988533, 0.44820306), (0.74877256, 1.0971721, 0.4465218), (0.74597746, 1.0978143, 0.44716397), (0.74597746, 1.0998925, 0.44924212), (0.74877256, 1.1005347, 0.4498843), (0.7505, 1.1603531, 0.3867034), (0.74877256, 1.1586719, 0.38502213), (0.74597746, 1.159314, 0.3856643), (0.74597746, 1.1613921, 0.38774246), (0.74877256, 1.1620343, 0.38838464), (0.7505, 1.1603531, 0.3867034), (0.74877256, 1.1592736, 0.3845849), (0.74597746, 1.159686, 0.3853941), (0.74597746, 1.1610202, 0.38801268), (0.74877256, 1.1614325, 0.38882187), (0.7505, 1.2378471, 0.3472182), (0.74877256, 1.2367678, 0.3450997), (0.74597746, 1.23718, 0.34590888), (0.74597746, 1.2385143, 0.3485275), (0.74877256, 1.2389265, 0.34933668), (0.7505, 1.2378471, 0.3472182), (0.74877256, 1.2374752, 0.34486982), (0.74597746, 1.2376173, 0.3457668), (0.74597746, 1.238077, 0.34866956), (0.74877256, 1.2382191, 0.34956655), (0.7505, 1.32375, 0.3336125), (0.74877256, 1.3233781, 0.33126414), (0.74597746, 1.3235202, 0.33216113), (0.74597746, 1.3239799, 0.33506387), (0.74877256, 1.324122, 0.33596087), (0.7505, 1.32375, 0.3336125), (0.74877256, 1.324122, 0.33126414), (0.74597746, 1.3239799, 0.33216113), (0.74597746, 1.3235202, 0.33506387), (0.74877256, 1.3233781, 0.33596087), (0.7505, 1.4096528, 0.3472182), (0.74877256, 1.4100248, 0.34486982), (0.74597746, 1.4098828, 0.3457668), (0.74597746, 1.409423, 0.34866956), (0.74877256, 1.4092809, 0.34956655), (0.7505, 1.4096528, 0.3472182), (0.74877256, 1.4107323, 0.3450997), (0.74597746, 1.41032, 0.34590888), (0.74597746, 1.4089857, 0.3485275), (0.74877256, 1.4085734, 0.34933668), (0.7505, 1.487147, 0.3867034), (0.74877256, 1.4882264, 0.3845849), (0.74597746, 1.4878141, 0.3853941), (0.74597746, 1.4864799, 0.38801268), (0.74877256, 1.4860675, 0.38882187), (0.7505, 1.487147, 0.3867034), (0.74877256, 1.4888282, 0.38502213), (0.74597746, 1.488186, 0.3856643), (0.74597746, 1.4861078, 0.38774246), (0.74877256, 1.4854658, 0.38838464), (0.7505, 1.5486466, 0.44820306), (0.74877256, 1.5503279, 0.4465218), (0.74597746, 1.5496857, 0.44716397), (0.74597746, 1.5476075, 0.44924212), (0.74877256, 1.5469654, 0.4498843), (0.7505, 1.5486466, 0.44820306), (0.74877256, 1.5507652, 0.44712362), (0.74597746, 1.549956, 0.44753593), (0.74597746, 1.5473373, 0.44887018), (0.74877256, 1.5465281, 0.44928247), (0.7505, 1.5881318, 0.5256971), (0.74877256, 1.5902504, 0.52461773), (0.74597746, 1.5894412, 0.52503), (0.74597746, 1.5868225, 0.52636427), (0.74877256, 1.5860133, 0.52677655), (0.748, 1.5906011, 0.52530605), (0.74562234, 1.5888948, 0.5255763), (0.74653053, 1.5861342, 0.52601355), (0.74946946, 1.5861342, 0.52601355), (0.75037766, 1.5888948, 0.5255763), (0.748, 1.6042067, 0.6112089), (0.74562234, 1.6025006, 0.61147916), (0.74653053, 1.5997399, 0.6119164), (0.74946946, 1.5997399, 0.6119164), (0.75037766, 1.6025006, 0.61147916), (0.736, -1.7141685, 1.6008104), (0.736, -1.6945914, 1.515037), (0.736, -1.6564187, 1.4357704), (0.736, -1.6015645, 1.3669856), (0.736, -1.5327796, 1.3121314), (0.736, -1.453513, 1.2739586), (0.736, -1.3677396, 1.2543814), (0.736, -1.2797604, 1.2543814), (0.736, -1.193987, 1.2739586), (0.736, -1.1147205, 1.3121314), (0.736, -1.0459355, 1.3669856), (0.736, -0.99108136, 1.4357704), (0.736, -0.95290864, 1.515037), (0.736, -0.93333143, 1.6008104), (0.736, -0.93333143, 1.6887896), (0.736, -0.95290864, 1.774563), (0.736, -0.99108136, 1.8538295), (0.736, -1.0459355, 1.9226145), (0.736, -1.1147205, 1.9774686), (0.736, -1.193987, 2.0156415), (0.736, -1.2797604, 2.0352185), (0.736, -1.3677396, 2.0352185), (0.736, -1.453513, 2.0156415), (0.736, -1.5327796, 1.9774686), (0.736, -1.6015645, 1.9226145), (0.736, -1.6564187, 1.8538295), (0.736, -1.6945914, 1.774563), (0.736, -1.7141685, 1.6887896), (0.742, -1.7141685, 1.6008104), (0.742, -1.6945914, 1.515037), (0.742, -1.6564187, 1.4357704), (0.742, -1.6015645, 1.3669856), (0.742, -1.5327796, 1.3121314), (0.742, -1.453513, 1.2739586), (0.742, -1.3677396, 1.2543814), (0.742, -1.2797604, 1.2543814), (0.742, -1.193987, 1.2739586), (0.742, -1.1147205, 1.3121314), (0.742, -1.0459355, 1.3669856), (0.742, -0.99108136, 1.4357704), (0.742, -0.95290864, 1.515037), (0.742, -0.93333143, 1.6008104), (0.742, -0.93333143, 1.6887896), (0.742, -0.95290864, 1.774563), (0.742, -0.99108136, 1.8538295), (0.742, -1.0459355, 1.9226145), (0.742, -1.1147205, 1.9774686), (0.742, -1.193987, 2.0156415), (0.742, -1.2797604, 2.0352185), (0.742, -1.3677396, 2.0352185), (0.742, -1.453513, 2.0156415), (0.742, -1.5327796, 1.9774686), (0.742, -1.6015645, 1.9226145), (0.742, -1.6564187, 1.8538295), (0.742, -1.6945914, 1.774563), (0.742, -1.7141685, 1.6887896), (0.736, -1.32375, 1.6448), (0.742, -1.32375, 1.6448), (0.751, -1.6758676, 1.6448), (0.7495, -1.6758676, 1.6422019), (0.7465, -1.6758676, 1.6422019), (0.745, -1.6758676, 1.6448), (0.7465, -1.6758676, 1.6473981), (0.7495, -1.6758676, 1.6473981), (0.751, -0.9716325, 1.6448), (0.7495, -0.9716325, 1.6422019), (0.7465, -0.9716325, 1.6422019), (0.745, -0.9716325, 1.6448), (0.7465, -0.9716325, 1.6473981), (0.7495, -0.9716325, 1.6473981), (0.751, -1.5727347, 1.3958154), (0.7495, -1.5708976, 1.3939782), (0.7465, -1.5708976, 1.3939782), (0.745, -1.5727347, 1.3958154), (0.7465, -1.5745718, 1.3976524), (0.7495, -1.5745718, 1.3976524), (0.751, -1.0747653, 1.8937846), (0.7495, -1.0729282, 1.8919475), (0.7465, -1.0729282, 1.8919475), (0.745, -1.0747653, 1.8937846), (0.7465, -1.0766025, 1.8956218), (0.7495, -1.0766025, 1.8956218), (0.748, -1.32075, 1.2926825), (0.7454019, -1.32225, 1.2926825), (0.7454019, -1.32525, 1.2926825), (0.748, -1.32675, 1.2926825), (0.7505981, -1.32525, 1.2926825), (0.7505981, -1.32225, 1.2926825), (0.748, -1.32075, 1.9969175), (0.7454019, -1.32225, 1.9969175), (0.7454019, -1.32525, 1.9969175), (0.748, -1.32675, 1.9969175), (0.7505981, -1.32525, 1.9969175), (0.7505981, -1.32225, 1.9969175), (0.745, -1.0747653, 1.3958154), (0.7465, -1.0766025, 1.3939782), (0.7495, -1.0766025, 1.3939782), (0.751, -1.0747653, 1.3958154), (0.7495, -1.0729282, 1.3976524), (0.7465, -1.0729282, 1.3976524), (0.745, -1.5727347, 1.8937846), (0.7465, -1.5745718, 1.8919475), (0.7495, -1.5745718, 1.8919475), (0.751, -1.5727347, 1.8937846), (0.7495, -1.5708976, 1.8956218), (0.7465, -1.5708976, 1.8956218), (0.748, -1.1544883, 1.6451911), (0.74562234, -1.1561944, 1.6449208), (0.74653053, -1.1589551, 1.6444836), (0.74946946, -1.1589551, 1.6444836), (0.75037766, -1.1561944, 1.6449208), (0.748, -1.1626517, 1.6967328), (0.74562234, -1.1643579, 1.6964625), (0.74653053, -1.1671185, 1.6960254), (0.74946946, -1.1671185, 1.6960254), (0.75037766, -1.1643579, 1.6964625), (0.7455, -1.165121, 1.6963418), (0.74722743, -1.1672394, 1.6952623), (0.75002253, -1.1664302, 1.6956745), (0.75002253, -1.1638116, 1.6970088), (0.74722743, -1.1630024, 1.6974212), (0.7455, -1.188812, 1.7428381), (0.74722743, -1.1909305, 1.7417587), (0.75002253, -1.1901213, 1.742171), (0.75002253, -1.1875027, 1.7435052), (0.74722743, -1.1866935, 1.7439176), (0.7455, -1.188812, 1.7428381), (0.74722743, -1.1904932, 1.7411569), (0.75002253, -1.189851, 1.7417991), (0.75002253, -1.187773, 1.7438773), (0.74722743, -1.1871308, 1.7445195), (0.7455, -1.2257118, 1.779738), (0.74722743, -1.227393, 1.7780567), (0.75002253, -1.2267509, 1.7786989), (0.75002253, -1.2246728, 1.780777), (0.74722743, -1.2240306, 1.7814192), (0.7455, -1.2257118, 1.779738), (0.74722743, -1.2267913, 1.7776195), (0.75002253, -1.2263789, 1.7784287), (0.75002253, -1.2250447, 1.7810472), (0.74722743, -1.2246324, 1.7818564), (0.7455, -1.2722083, 1.8034291), (0.74722743, -1.2732877, 1.8013107), (0.75002253, -1.2728754, 1.8021199), (0.75002253, -1.2715411, 1.8047384), (0.74722743, -1.2711289, 1.8055476), (0.7455, -1.2722083, 1.8034291), (0.74722743, -1.2725803, 1.8010807), (0.75002253, -1.2724382, 1.8019778), (0.75002253, -1.2719784, 1.8048805), (0.74722743, -1.2718363, 1.8057774), (0.7455, -1.32375, 1.8115925), (0.74722743, -1.324122, 1.8092442), (0.75002253, -1.3239799, 1.8101411), (0.75002253, -1.3235202, 1.8130438), (0.74722743, -1.3233781, 1.8139409), (0.7455, -1.32375, 1.8115925), (0.74722743, -1.3233781, 1.8092442), (0.75002253, -1.3235202, 1.8101411), (0.75002253, -1.3239799, 1.8130438), (0.74722743, -1.324122, 1.8139409), (0.7455, -1.3752917, 1.8034291), (0.74722743, -1.3749198, 1.8010807), (0.75002253, -1.3750619, 1.8019778), (0.75002253, -1.3755215, 1.8048805), (0.74722743, -1.3756636, 1.8057774), (0.7455, -1.3752917, 1.8034291), (0.74722743, -1.3742123, 1.8013107), (0.75002253, -1.3746246, 1.8021199), (0.75002253, -1.3759588, 1.8047384), (0.74722743, -1.3763711, 1.8055476), (0.7455, -1.4217882, 1.779738), (0.74722743, -1.4207088, 1.7776195), (0.75002253, -1.421121, 1.7784287), (0.75002253, -1.4224553, 1.7810472), (0.74722743, -1.4228677, 1.7818564), (0.7455, -1.4217882, 1.779738), (0.74722743, -1.4201069, 1.7780567), (0.75002253, -1.4207491, 1.7786989), (0.75002253, -1.4228272, 1.780777), (0.74722743, -1.4234694, 1.7814192), (0.7455, -1.458688, 1.7428381), (0.74722743, -1.4570067, 1.7411569), (0.75002253, -1.4576489, 1.7417991), (0.75002253, -1.459727, 1.7438773), (0.74722743, -1.4603692, 1.7445195), (0.7455, -1.458688, 1.7428381), (0.74722743, -1.4565694, 1.7417587), (0.75002253, -1.4573786, 1.742171), (0.75002253, -1.4599973, 1.7435052), (0.74722743, -1.4608065, 1.7439176), (0.7455, -1.4823791, 1.6963418), (0.74722743, -1.4802606, 1.6952623), (0.75002253, -1.4810698, 1.6956745), (0.75002253, -1.4836884, 1.6970088), (0.74722743, -1.4844975, 1.6974212), (0.748, -1.4848483, 1.6967328), (0.74562234, -1.4831421, 1.6964625), (0.74653053, -1.4803815, 1.6960254), (0.74946946, -1.4803815, 1.6960254), (0.75037766, -1.4831421, 1.6964625), (0.748, -1.4930117, 1.6451911), (0.74562234, -1.4913056, 1.6449208), (0.74653053, -1.4885448, 1.6444836), (0.74946946, -1.4885448, 1.6444836), (0.75037766, -1.4913056, 1.6449208), (0.748, -1.4930117, 1.644409), (0.74562234, -1.4913056, 1.6446792), (0.74653053, -1.4885448, 1.6451164), (0.74946946, -1.4885448, 1.6451164), (0.75037766, -1.4913056, 1.6446792), (0.748, -1.4848483, 1.5928673), (0.74562234, -1.4831421, 1.5931374), (0.74653053, -1.4803815, 1.5935746), (0.74946946, -1.4803815, 1.5935746), (0.75037766, -1.4831421, 1.5931374), (0.7505, -1.4823791, 1.5932583), (0.74877256, -1.4844975, 1.5921788), (0.74597746, -1.4836884, 1.5925912), (0.74597746, -1.4810698, 1.5939254), (0.74877256, -1.4802606, 1.5943377), (0.7505, -1.458688, 1.5467619), (0.74877256, -1.4608065, 1.5456824), (0.74597746, -1.4599973, 1.5460947), (0.74597746, -1.4573786, 1.547429), (0.74877256, -1.4565694, 1.5478413), (0.7505, -1.458688, 1.5467619), (0.74877256, -1.4603692, 1.5450805), (0.74597746, -1.459727, 1.5457227), (0.74597746, -1.4576489, 1.5478009), (0.74877256, -1.4570067, 1.5484431), (0.7505, -1.4217882, 1.5098621), (0.74877256, -1.4234694, 1.5081807), (0.74597746, -1.4228272, 1.5088229), (0.74597746, -1.4207491, 1.5109011), (0.74877256, -1.4201069, 1.5115433), (0.7505, -1.4217882, 1.5098621), (0.74877256, -1.4228677, 1.5077436), (0.74597746, -1.4224553, 1.5085528), (0.74597746, -1.421121, 1.5111713), (0.74877256, -1.4207088, 1.5119805), (0.7505, -1.3752917, 1.4861709), (0.74877256, -1.3763711, 1.4840524), (0.74597746, -1.3759588, 1.4848616), (0.74597746, -1.3746246, 1.4874802), (0.74877256, -1.3742123, 1.4882894), (0.7505, -1.3752917, 1.4861709), (0.74877256, -1.3756636, 1.4838226), (0.74597746, -1.3755215, 1.4847195), (0.74597746, -1.3750619, 1.4876223), (0.74877256, -1.3749198, 1.4885193), (0.7505, -1.32375, 1.4780076), (0.74877256, -1.324122, 1.4756591), (0.74597746, -1.3239799, 1.4765562), (0.74597746, -1.3235202, 1.4794589), (0.74877256, -1.3233781, 1.4803559), (0.7505, -1.32375, 1.4780076), (0.74877256, -1.3233781, 1.4756591), (0.74597746, -1.3235202, 1.4765562), (0.74597746, -1.3239799, 1.4794589), (0.74877256, -1.324122, 1.4803559), (0.7505, -1.2722083, 1.4861709), (0.74877256, -1.2718363, 1.4838226), (0.74597746, -1.2719784, 1.4847195), (0.74597746, -1.2724382, 1.4876223), (0.74877256, -1.2725803, 1.4885193), (0.7505, -1.2722083, 1.4861709), (0.74877256, -1.2711289, 1.4840524), (0.74597746, -1.2715411, 1.4848616), (0.74597746, -1.2728754, 1.4874802), (0.74877256, -1.2732877, 1.4882894), (0.7505, -1.2257118, 1.5098621), (0.74877256, -1.2246324, 1.5077436), (0.74597746, -1.2250447, 1.5085528), (0.74597746, -1.2263789, 1.5111713), (0.74877256, -1.2267913, 1.5119805), (0.7505, -1.2257118, 1.5098621), (0.74877256, -1.2240306, 1.5081807), (0.74597746, -1.2246728, 1.5088229), (0.74597746, -1.2267509, 1.5109011), (0.74877256, -1.227393, 1.5115433), (0.7505, -1.188812, 1.5467619), (0.74877256, -1.1871308, 1.5450805), (0.74597746, -1.187773, 1.5457227), (0.74597746, -1.189851, 1.5478009), (0.74877256, -1.1904932, 1.5484431), (0.7505, -1.188812, 1.5467619), (0.74877256, -1.1866935, 1.5456824), (0.74597746, -1.1875027, 1.5460947), (0.74597746, -1.1901213, 1.547429), (0.74877256, -1.1909305, 1.5478413), (0.7505, -1.165121, 1.5932583), (0.74877256, -1.1630024, 1.5921788), (0.74597746, -1.1638116, 1.5925912), (0.74597746, -1.1664302, 1.5939254), (0.74877256, -1.1672394, 1.5943377), (0.748, -1.1626517, 1.5928673), (0.74562234, -1.1643579, 1.5931374), (0.74653053, -1.1671185, 1.5935746), (0.74946946, -1.1671185, 1.5935746), (0.75037766, -1.1643579, 1.5931374), (0.748, -1.1544883, 1.644409), (0.74562234, -1.1561944, 1.6446792), (0.74653053, -1.1589551, 1.6451164), (0.74946946, -1.1589551, 1.6451164), (0.75037766, -1.1561944, 1.6446792), (0.748, -1.0432932, 1.6451911), (0.74562234, -1.0449995, 1.6449208), (0.74653053, -1.0477601, 1.6444836), (0.74946946, -1.0477601, 1.6444836), (0.75037766, -1.0449995, 1.6449208), (0.748, -1.056899, 1.731094), (0.74562234, -1.0586052, 1.7308238), (0.74653053, -1.0613658, 1.7303865), (0.74946946, -1.0613658, 1.7303865), (0.75037766, -1.0586052, 1.7308238), (0.7455, -1.0593681, 1.7307029), (0.74722743, -1.0614867, 1.7296234), (0.75002253, -1.0606775, 1.7300358), (0.75002253, -1.0580589, 1.73137), (0.74722743, -1.0572497, 1.7317823), (0.7455, -1.0988533, 1.8081969), (0.74722743, -1.1009719, 1.8071176), (0.75002253, -1.1001627, 1.8075298), (0.75002253, -1.0975441, 1.8088641), (0.74722743, -1.0967349, 1.8092763), (0.7455, -1.0988533, 1.8081969), (0.74722743, -1.1005347, 1.8065157), (0.75002253, -1.0998925, 1.8071579), (0.75002253, -1.0978143, 1.809236), (0.74722743, -1.0971721, 1.8098782), (0.7455, -1.1603531, 1.8696966), (0.74722743, -1.1620343, 1.8680154), (0.75002253, -1.1613921, 1.8686576), (0.75002253, -1.159314, 1.8707356), (0.74722743, -1.1586719, 1.8713778), (0.7455, -1.1603531, 1.8696966), (0.74722743, -1.1614325, 1.8675781), (0.75002253, -1.1610202, 1.8683873), (0.75002253, -1.159686, 1.8710059), (0.74722743, -1.1592736, 1.8718151), (0.7455, -1.2378471, 1.9091818), (0.74722743, -1.2389265, 1.9070634), (0.75002253, -1.2385143, 1.9078726), (0.75002253, -1.23718, 1.9104911), (0.74722743, -1.2367678, 1.9113003), (0.7455, -1.2378471, 1.9091818), (0.74722743, -1.2382191, 1.9068334), (0.75002253, -1.238077, 1.9077305), (0.75002253, -1.2376173, 1.9106332), (0.74722743, -1.2374752, 1.9115301), (0.7455, -1.32375, 1.9227875), (0.74722743, -1.324122, 1.9204391), (0.75002253, -1.3239799, 1.9213362), (0.75002253, -1.3235202, 1.9242389), (0.74722743, -1.3233781, 1.9251359), (0.7455, -1.32375, 1.9227875), (0.74722743, -1.3233781, 1.9204391), (0.75002253, -1.3235202, 1.9213362), (0.75002253, -1.3239799, 1.9242389), (0.74722743, -1.324122, 1.9251359), (0.7455, -1.4096528, 1.9091818), (0.74722743, -1.4092809, 1.9068334), (0.75002253, -1.409423, 1.9077305), (0.75002253, -1.4098828, 1.9106332), (0.74722743, -1.4100248, 1.9115301), (0.7455, -1.4096528, 1.9091818), (0.74722743, -1.4085734, 1.9070634), (0.75002253, -1.4089857, 1.9078726), (0.75002253, -1.41032, 1.9104911), (0.74722743, -1.4107323, 1.9113003), (0.7455, -1.487147, 1.8696966), (0.74722743, -1.4860675, 1.8675781), (0.75002253, -1.4864799, 1.8683873), (0.75002253, -1.4878141, 1.8710059), (0.74722743, -1.4882264, 1.8718151), (0.7455, -1.487147, 1.8696966), (0.74722743, -1.4854658, 1.8680154), (0.75002253, -1.4861078, 1.8686576), (0.75002253, -1.488186, 1.8707356), (0.74722743, -1.4888282, 1.8713778), (0.7455, -1.5486466, 1.8081969), (0.74722743, -1.5469654, 1.8065157), (0.75002253, -1.5476075, 1.8071579), (0.75002253, -1.5496857, 1.809236), (0.74722743, -1.5503279, 1.8098782), (0.7455, -1.5486466, 1.8081969), (0.74722743, -1.5465281, 1.8071176), (0.75002253, -1.5473373, 1.8075298), (0.75002253, -1.549956, 1.8088641), (0.74722743, -1.5507652, 1.8092763), (0.7455, -1.5881318, 1.7307029), (0.74722743, -1.5860133, 1.7296234), (0.75002253, -1.5868225, 1.7300358), (0.75002253, -1.5894412, 1.73137), (0.74722743, -1.5902504, 1.7317823), (0.748, -1.5906011, 1.731094), (0.74562234, -1.5888948, 1.7308238), (0.74653053, -1.5861342, 1.7303865), (0.74946946, -1.5861342, 1.7303865), (0.75037766, -1.5888948, 1.7308238), (0.748, -1.6042067, 1.6451911), (0.74562234, -1.6025006, 1.6449208), (0.74653053, -1.5997399, 1.6444836), (0.74946946, -1.5997399, 1.6444836), (0.75037766, -1.6025006, 1.6449208), (0.748, -1.6042067, 1.644409), (0.74562234, -1.6025006, 1.6446792), (0.74653053, -1.5997399, 1.6451164), (0.74946946, -1.5997399, 1.6451164), (0.75037766, -1.6025006, 1.6446792), (0.748, -1.5906011, 1.558506), (0.74562234, -1.5888948, 1.5587763), (0.74653053, -1.5861342, 1.5592135), (0.74946946, -1.5861342, 1.5592135), (0.75037766, -1.5888948, 1.5587763), (0.7505, -1.5881318, 1.5588971), (0.74877256, -1.5902504, 1.5578177), (0.74597746, -1.5894412, 1.55823), (0.74597746, -1.5868225, 1.5595642), (0.74877256, -1.5860133, 1.5599766), (0.7505, -1.5486466, 1.481403), (0.74877256, -1.5507652, 1.4803237), (0.74597746, -1.549956, 1.4807359), (0.74597746, -1.5473373, 1.4820702), (0.74877256, -1.5465281, 1.4824824), (0.7505, -1.5486466, 1.481403), (0.74877256, -1.5503279, 1.4797218), (0.74597746, -1.5496857, 1.480364), (0.74597746, -1.5476075, 1.4824421), (0.74877256, -1.5469654, 1.4830843), (0.7505, -1.487147, 1.4199034), (0.74877256, -1.4888282, 1.4182222), (0.74597746, -1.488186, 1.4188644), (0.74597746, -1.4861078, 1.4209424), (0.74877256, -1.4854658, 1.4215846), (0.7505, -1.487147, 1.4199034), (0.74877256, -1.4882264, 1.4177849), (0.74597746, -1.4878141, 1.4185941), (0.74597746, -1.4864799, 1.4212127), (0.74877256, -1.4860675, 1.4220219), (0.7505, -1.4096528, 1.3804182), (0.74877256, -1.4107323, 1.3782997), (0.74597746, -1.41032, 1.3791089), (0.74597746, -1.4089857, 1.3817275), (0.74877256, -1.4085734, 1.3825366), (0.7505, -1.4096528, 1.3804182), (0.74877256, -1.4100248, 1.3780698), (0.74597746, -1.4098828, 1.3789668), (0.74597746, -1.409423, 1.3818696), (0.74877256, -1.4092809, 1.3827666), (0.7505, -1.32375, 1.3668125), (0.74877256, -1.324122, 1.3644642), (0.74597746, -1.3239799, 1.3653611), (0.74597746, -1.3235202, 1.3682638), (0.74877256, -1.3233781, 1.3691609), (0.7505, -1.32375, 1.3668125), (0.74877256, -1.3233781, 1.3644642), (0.74597746, -1.3235202, 1.3653611), (0.74597746, -1.3239799, 1.3682638), (0.74877256, -1.324122, 1.3691609), (0.7505, -1.2378471, 1.3804182), (0.74877256, -1.2374752, 1.3780698), (0.74597746, -1.2376173, 1.3789668), (0.74597746, -1.238077, 1.3818696), (0.74877256, -1.2382191, 1.3827666), (0.7505, -1.2378471, 1.3804182), (0.74877256, -1.2367678, 1.3782997), (0.74597746, -1.23718, 1.3791089), (0.74597746, -1.2385143, 1.3817275), (0.74877256, -1.2389265, 1.3825366), (0.7505, -1.1603531, 1.4199034), (0.74877256, -1.1592736, 1.4177849), (0.74597746, -1.159686, 1.4185941), (0.74597746, -1.1610202, 1.4212127), (0.74877256, -1.1614325, 1.4220219), (0.7505, -1.1603531, 1.4199034), (0.74877256, -1.1586719, 1.4182222), (0.74597746, -1.159314, 1.4188644), (0.74597746, -1.1613921, 1.4209424), (0.74877256, -1.1620343, 1.4215846), (0.7505, -1.0988533, 1.481403), (0.74877256, -1.0971721, 1.4797218), (0.74597746, -1.0978143, 1.480364), (0.74597746, -1.0998925, 1.4824421), (0.74877256, -1.1005347, 1.4830843), (0.7505, -1.0988533, 1.481403), (0.74877256, -1.0967349, 1.4803237), (0.74597746, -1.0975441, 1.4807359), (0.74597746, -1.1001627, 1.4820702), (0.74877256, -1.1009719, 1.4824824), (0.7505, -1.0593681, 1.5588971), (0.74877256, -1.0572497, 1.5578177), (0.74597746, -1.0580589, 1.55823), (0.74597746, -1.0606775, 1.5595642), (0.74877256, -1.0614867, 1.5599766), (0.748, -1.056899, 1.558506), (0.74562234, -1.0586052, 1.5587763), (0.74653053, -1.0613658, 1.5592135), (0.74946946, -1.0613658, 1.5592135), (0.75037766, -1.0586052, 1.5587763), (0.748, -1.0432932, 1.644409), (0.74562234, -1.0449995, 1.6446792), (0.74653053, -1.0477601, 1.6451164), (0.74946946, -1.0477601, 1.6451164), (0.75037766, -1.0449995, 1.6446792), (0.736, -0.8316686, 1.6008104), (0.736, -0.81209135, 1.515037), (0.736, -0.7739186, 1.4357704), (0.736, -0.7190645, 1.3669856), (0.736, -0.6502795, 1.3121314), (0.736, -0.57101303, 1.2739586), (0.736, -0.48523962, 1.2543814), (0.736, -0.3972604, 1.2543814), (0.736, -0.311487, 1.2739586), (0.736, -0.23222046, 1.3121314), (0.736, -0.16343552, 1.3669856), (0.736, -0.10858138, 1.4357704), (0.736, -0.07040862, 1.515037), (0.736, -0.050831404, 1.6008104), (0.736, -0.050831404, 1.6887896), (0.736, -0.07040862, 1.774563), (0.736, -0.10858138, 1.8538295), (0.736, -0.16343552, 1.9226145), (0.736, -0.23222046, 1.9774686), (0.736, -0.311487, 2.0156415), (0.736, -0.3972604, 2.0352185), (0.736, -0.48523962, 2.0352185), (0.736, -0.57101303, 2.0156415), (0.736, -0.6502795, 1.9774686), (0.736, -0.7190645, 1.9226145), (0.736, -0.7739186, 1.8538295), (0.736, -0.81209135, 1.774563), (0.736, -0.8316686, 1.6887896), (0.742, -0.8316686, 1.6008104), (0.742, -0.81209135, 1.515037), (0.742, -0.7739186, 1.4357704), (0.742, -0.7190645, 1.3669856), (0.742, -0.6502795, 1.3121314), (0.742, -0.57101303, 1.2739586), (0.742, -0.48523962, 1.2543814), (0.742, -0.3972604, 1.2543814), (0.742, -0.311487, 1.2739586), (0.742, -0.23222046, 1.3121314), (0.742, -0.16343552, 1.3669856), (0.742, -0.10858138, 1.4357704), (0.742, -0.07040862, 1.515037), (0.742, -0.050831404, 1.6008104), (0.742, -0.050831404, 1.6887896), (0.742, -0.07040862, 1.774563), (0.742, -0.10858138, 1.8538295), (0.742, -0.16343552, 1.9226145), (0.742, -0.23222046, 1.9774686), (0.742, -0.311487, 2.0156415), (0.742, -0.3972604, 2.0352185), (0.742, -0.48523962, 2.0352185), (0.742, -0.57101303, 2.0156415), (0.742, -0.6502795, 1.9774686), (0.742, -0.7190645, 1.9226145), (0.742, -0.7739186, 1.8538295), (0.742, -0.81209135, 1.774563), (0.742, -0.8316686, 1.6887896), (0.736, -0.44125, 1.6448), (0.742, -0.44125, 1.6448), (0.751, -0.7933675, 1.6448), (0.7495, -0.7933675, 1.6422019), (0.7465, -0.7933675, 1.6422019), (0.745, -0.7933675, 1.6448), (0.7465, -0.7933675, 1.6473981), (0.7495, -0.7933675, 1.6473981), (0.751, -0.0891325, 1.6448), (0.7495, -0.0891325, 1.6422019), (0.7465, -0.0891325, 1.6422019), (0.745, -0.0891325, 1.6448), (0.7465, -0.0891325, 1.6473981), (0.7495, -0.0891325, 1.6473981), (0.751, -0.69023466, 1.3958154), (0.7495, -0.6883975, 1.3939782), (0.7465, -0.6883975, 1.3939782), (0.745, -0.69023466, 1.3958154), (0.7465, -0.6920718, 1.3976524), (0.7495, -0.6920718, 1.3976524), (0.751, -0.19226533, 1.8937846), (0.7495, -0.19042821, 1.8919475), (0.7465, -0.19042821, 1.8919475), (0.745, -0.19226533, 1.8937846), (0.7465, -0.19410245, 1.8956218), (0.7495, -0.19410245, 1.8956218), (0.748, -0.43825, 1.2926825), (0.7454019, -0.43975, 1.2926825), (0.7454019, -0.44275, 1.2926825), (0.748, -0.44425, 1.2926825), (0.7505981, -0.44275, 1.2926825), (0.7505981, -0.43975, 1.2926825), (0.748, -0.43825, 1.9969175), (0.7454019, -0.43975, 1.9969175), (0.7454019, -0.44275, 1.9969175), (0.748, -0.44425, 1.9969175), (0.7505981, -0.44275, 1.9969175), (0.7505981, -0.43975, 1.9969175), (0.745, -0.19226533, 1.3958154), (0.7465, -0.19410245, 1.3939782), (0.7495, -0.19410245, 1.3939782), (0.751, -0.19226533, 1.3958154), (0.7495, -0.19042821, 1.3976524), (0.7465, -0.19042821, 1.3976524), (0.745, -0.69023466, 1.8937846), (0.7465, -0.6920718, 1.8919475), (0.7495, -0.6920718, 1.8919475), (0.751, -0.69023466, 1.8937846), (0.7495, -0.6883975, 1.8956218), (0.7465, -0.6883975, 1.8956218), (0.748, -0.27198827, 1.6451911), (0.74562234, -0.27369446, 1.6449208), (0.74653053, -0.27645513, 1.6444836), (0.74946946, -0.27645513, 1.6444836), (0.75037766, -0.27369446, 1.6449208), (0.748, -0.2801517, 1.6967328), (0.74562234, -0.28185788, 1.6964625), (0.74653053, -0.28461856, 1.6960254), (0.74946946, -0.28461856, 1.6960254), (0.75037766, -0.28185788, 1.6964625), (0.7455, -0.2826209, 1.6963418), (0.74722743, -0.2847394, 1.6952623), (0.75002253, -0.2839302, 1.6956745), (0.75002253, -0.2813116, 1.6970088), (0.74722743, -0.2805024, 1.6974212), (0.7455, -0.30631202, 1.7428381), (0.74722743, -0.30843052, 1.7417587), (0.75002253, -0.30762133, 1.742171), (0.75002253, -0.30500272, 1.7435052), (0.74722743, -0.30419353, 1.7439176), (0.7455, -0.30631202, 1.7428381), (0.74722743, -0.3079933, 1.7411569), (0.75002253, -0.3073511, 1.7417991), (0.75002253, -0.30527297, 1.7438773), (0.74722743, -0.3046308, 1.7445195), (0.7455, -0.34321183, 1.779738), (0.74722743, -0.34489307, 1.7780567), (0.75002253, -0.3442509, 1.7786989), (0.75002253, -0.34217277, 1.780777), (0.74722743, -0.3415306, 1.7814192), (0.7455, -0.34321183, 1.779738), (0.74722743, -0.34429124, 1.7776195), (0.75002253, -0.34387895, 1.7784287), (0.75002253, -0.3425447, 1.7810472), (0.74722743, -0.3421324, 1.7818564), (0.7455, -0.38970828, 1.8034291), (0.74722743, -0.39078772, 1.8013107), (0.75002253, -0.3903754, 1.8021199), (0.75002253, -0.38904116, 1.8047384), (0.74722743, -0.38862887, 1.8055476), (0.7455, -0.38970828, 1.8034291), (0.74722743, -0.3900802, 1.8010807), (0.75002253, -0.38993815, 1.8019778), (0.75002253, -0.38947842, 1.8048805), (0.74722743, -0.38933635, 1.8057774), (0.7455, -0.44125, 1.8115925), (0.74722743, -0.44162196, 1.8092442), (0.75002253, -0.44147986, 1.8101411), (0.75002253, -0.44102013, 1.8130438), (0.74722743, -0.44087806, 1.8139409), (0.7455, -0.44125, 1.8115925), (0.74722743, -0.44087806, 1.8092442), (0.75002253, -0.44102013, 1.8101411), (0.75002253, -0.44147986, 1.8130438), (0.74722743, -0.44162196, 1.8139409), (0.7455, -0.4927917, 1.8034291), (0.74722743, -0.49241978, 1.8010807), (0.75002253, -0.49256185, 1.8019778), (0.75002253, -0.49302158, 1.8048805), (0.74722743, -0.49316368, 1.8057774), (0.7455, -0.4927917, 1.8034291), (0.74722743, -0.4917123, 1.8013107), (0.75002253, -0.4921246, 1.8021199), (0.75002253, -0.49345884, 1.8047384), (0.74722743, -0.49387115, 1.8055476), (0.7455, -0.53928816, 1.779738), (0.74722743, -0.5382087, 1.7776195), (0.75002253, -0.53862107, 1.7784287), (0.75002253, -0.5399553, 1.7810472), (0.74722743, -0.5403676, 1.7818564), (0.7455, -0.53928816, 1.779738), (0.74722743, -0.53760695, 1.7780567), (0.75002253, -0.5382491, 1.7786989), (0.75002253, -0.54032725, 1.780777), (0.74722743, -0.54096943, 1.7814192), (0.7455, -0.57618797, 1.7428381), (0.74722743, -0.5745067, 1.7411569), (0.75002253, -0.5751489, 1.7417991), (0.75002253, -0.57722706, 1.7438773), (0.74722743, -0.57786924, 1.7445195), (0.7455, -0.57618797, 1.7428381), (0.74722743, -0.5740695, 1.7417587), (0.75002253, -0.5748787, 1.742171), (0.75002253, -0.57749724, 1.7435052), (0.74722743, -0.57830644, 1.7439176), (0.7455, -0.5998791, 1.6963418), (0.74722743, -0.5977606, 1.6952623), (0.75002253, -0.5985698, 1.6956745), (0.75002253, -0.6011884, 1.6970088), (0.74722743, -0.6019976, 1.6974212), (0.748, -0.6023483, 1.6967328), (0.74562234, -0.60064214, 1.6964625), (0.74653053, -0.59788144, 1.6960254), (0.74946946, -0.59788144, 1.6960254), (0.75037766, -0.60064214, 1.6964625), (0.748, -0.6105117, 1.6451911), (0.74562234, -0.60880554, 1.6449208), (0.74653053, -0.6060448, 1.6444836), (0.74946946, -0.6060448, 1.6444836), (0.75037766, -0.60880554, 1.6449208), (0.748, -0.6105117, 1.644409), (0.74562234, -0.60880554, 1.6446792), (0.74653053, -0.6060448, 1.6451164), (0.74946946, -0.6060448, 1.6451164), (0.75037766, -0.60880554, 1.6446792), (0.748, -0.6023483, 1.5928673), (0.74562234, -0.60064214, 1.5931374), (0.74653053, -0.59788144, 1.5935746), (0.74946946, -0.59788144, 1.5935746), (0.75037766, -0.60064214, 1.5931374), (0.7505, -0.5998791, 1.5932583), (0.74877256, -0.6019976, 1.5921788), (0.74597746, -0.6011884, 1.5925912), (0.74597746, -0.5985698, 1.5939254), (0.74877256, -0.5977606, 1.5943377), (0.7505, -0.57618797, 1.5467619), (0.74877256, -0.57830644, 1.5456824), (0.74597746, -0.57749724, 1.5460947), (0.74597746, -0.5748787, 1.547429), (0.74877256, -0.5740695, 1.5478413), (0.7505, -0.57618797, 1.5467619), (0.74877256, -0.57786924, 1.5450805), (0.74597746, -0.57722706, 1.5457227), (0.74597746, -0.5751489, 1.5478009), (0.74877256, -0.5745067, 1.5484431), (0.7505, -0.53928816, 1.5098621), (0.74877256, -0.54096943, 1.5081807), (0.74597746, -0.54032725, 1.5088229), (0.74597746, -0.5382491, 1.5109011), (0.74877256, -0.53760695, 1.5115433), (0.7505, -0.53928816, 1.5098621), (0.74877256, -0.5403676, 1.5077436), (0.74597746, -0.5399553, 1.5085528), (0.74597746, -0.53862107, 1.5111713), (0.74877256, -0.5382087, 1.5119805), (0.7505, -0.4927917, 1.4861709), (0.74877256, -0.49387115, 1.4840524), (0.74597746, -0.49345884, 1.4848616), (0.74597746, -0.4921246, 1.4874802), (0.74877256, -0.4917123, 1.4882894), (0.7505, -0.4927917, 1.4861709), (0.74877256, -0.49316368, 1.4838226), (0.74597746, -0.49302158, 1.4847195), (0.74597746, -0.49256185, 1.4876223), (0.74877256, -0.49241978, 1.4885193), (0.7505, -0.44125, 1.4780076), (0.74877256, -0.44162196, 1.4756591), (0.74597746, -0.44147986, 1.4765562), (0.74597746, -0.44102013, 1.4794589), (0.74877256, -0.44087806, 1.4803559), (0.7505, -0.44125, 1.4780076), (0.74877256, -0.44087806, 1.4756591), (0.74597746, -0.44102013, 1.4765562), (0.74597746, -0.44147986, 1.4794589), (0.74877256, -0.44162196, 1.4803559), (0.7505, -0.38970828, 1.4861709), (0.74877256, -0.38933635, 1.4838226), (0.74597746, -0.38947842, 1.4847195), (0.74597746, -0.38993815, 1.4876223), (0.74877256, -0.3900802, 1.4885193), (0.7505, -0.38970828, 1.4861709), (0.74877256, -0.38862887, 1.4840524), (0.74597746, -0.38904116, 1.4848616), (0.74597746, -0.3903754, 1.4874802), (0.74877256, -0.39078772, 1.4882894), (0.7505, -0.34321183, 1.5098621), (0.74877256, -0.3421324, 1.5077436), (0.74597746, -0.3425447, 1.5085528), (0.74597746, -0.34387895, 1.5111713), (0.74877256, -0.34429124, 1.5119805), (0.7505, -0.34321183, 1.5098621), (0.74877256, -0.3415306, 1.5081807), (0.74597746, -0.34217277, 1.5088229), (0.74597746, -0.3442509, 1.5109011), (0.74877256, -0.34489307, 1.5115433), (0.7505, -0.30631202, 1.5467619), (0.74877256, -0.3046308, 1.5450805), (0.74597746, -0.30527297, 1.5457227), (0.74597746, -0.3073511, 1.5478009), (0.74877256, -0.3079933, 1.5484431), (0.7505, -0.30631202, 1.5467619), (0.74877256, -0.30419353, 1.5456824), (0.74597746, -0.30500272, 1.5460947), (0.74597746, -0.30762133, 1.547429), (0.74877256, -0.30843052, 1.5478413), (0.7505, -0.2826209, 1.5932583), (0.74877256, -0.2805024, 1.5921788), (0.74597746, -0.2813116, 1.5925912), (0.74597746, -0.2839302, 1.5939254), (0.74877256, -0.2847394, 1.5943377), (0.748, -0.2801517, 1.5928673), (0.74562234, -0.28185788, 1.5931374), (0.74653053, -0.28461856, 1.5935746), (0.74946946, -0.28461856, 1.5935746), (0.75037766, -0.28185788, 1.5931374), (0.748, -0.27198827, 1.644409), (0.74562234, -0.27369446, 1.6446792), (0.74653053, -0.27645513, 1.6451164), (0.74946946, -0.27645513, 1.6451164), (0.75037766, -0.27369446, 1.6446792), (0.748, -0.16079327, 1.6451911), (0.74562234, -0.16249947, 1.6449208), (0.74653053, -0.16526014, 1.6444836), (0.74946946, -0.16526014, 1.6444836), (0.75037766, -0.16249947, 1.6449208), (0.748, -0.17439896, 1.731094), (0.74562234, -0.17610514, 1.7308238), (0.74653053, -0.17886582, 1.7303865), (0.74946946, -0.17886582, 1.7303865), (0.75037766, -0.17610514, 1.7308238), (0.7455, -0.17686817, 1.7307029), (0.74722743, -0.17898667, 1.7296234), (0.75002253, -0.17817748, 1.7300358), (0.75002253, -0.17555888, 1.73137), (0.74722743, -0.17474969, 1.7317823), (0.7455, -0.21635339, 1.8081969), (0.74722743, -0.21847188, 1.8071176), (0.75002253, -0.21766269, 1.8075298), (0.75002253, -0.21504408, 1.8088641), (0.74722743, -0.21423489, 1.8092763), (0.7455, -0.21635339, 1.8081969), (0.74722743, -0.21803464, 1.8065157), (0.75002253, -0.21739246, 1.8071579), (0.75002253, -0.21531431, 1.809236), (0.74722743, -0.21467215, 1.8098782), (0.7455, -0.27785304, 1.8696966), (0.74722743, -0.27953428, 1.8680154), (0.75002253, -0.2788921, 1.8686576), (0.75002253, -0.27681398, 1.8707356), (0.74722743, -0.2761718, 1.8713778), (0.7455, -0.27785304, 1.8696966), (0.74722743, -0.27893248, 1.8675781), (0.75002253, -0.27852017, 1.8683873), (0.75002253, -0.27718592, 1.8710059), (0.74722743, -0.27677363, 1.8718151), (0.7455, -0.35534713, 1.9091818), (0.74722743, -0.35642657, 1.9070634), (0.75002253, -0.35601425, 1.9078726), (0.75002253, -0.35468, 1.9104911), (0.74722743, -0.35426772, 1.9113003), (0.7455, -0.35534713, 1.9091818), (0.74722743, -0.3557191, 1.9068334), (0.75002253, -0.35557702, 1.9077305), (0.75002253, -0.35511726, 1.9106332), (0.74722743, -0.3549752, 1.9115301), (0.7455, -0.44125, 1.9227875), (0.74722743, -0.44162196, 1.9204391), (0.75002253, -0.44147986, 1.9213362), (0.75002253, -0.44102013, 1.9242389), (0.74722743, -0.44087806, 1.9251359), (0.7455, -0.44125, 1.9227875), (0.74722743, -0.44087806, 1.9204391), (0.75002253, -0.44102013, 1.9213362), (0.75002253, -0.44147986, 1.9242389), (0.74722743, -0.44162196, 1.9251359), (0.7455, -0.52715284, 1.9091818), (0.74722743, -0.5267809, 1.9068334), (0.75002253, -0.526923, 1.9077305), (0.75002253, -0.52738273, 1.9106332), (0.74722743, -0.5275248, 1.9115301), (0.7455, -0.52715284, 1.9091818), (0.74722743, -0.52607346, 1.9070634), (0.75002253, -0.52648574, 1.9078726), (0.75002253, -0.52782, 1.9104911), (0.74722743, -0.5282323, 1.9113003), (0.7455, -0.604647, 1.8696966), (0.74722743, -0.60356754, 1.8675781), (0.75002253, -0.6039798, 1.8683873), (0.75002253, -0.6053141, 1.8710059), (0.74722743, -0.60572636, 1.8718151), (0.7455, -0.604647, 1.8696966), (0.74722743, -0.6029657, 1.8680154), (0.75002253, -0.6036079, 1.8686576), (0.75002253, -0.605686, 1.8707356), (0.74722743, -0.6063282, 1.8713778), (0.7455, -0.66614664, 1.8081969), (0.74722743, -0.66446537, 1.8065157), (0.75002253, -0.66510755, 1.8071579), (0.75002253, -0.66718566, 1.809236), (0.74722743, -0.66782784, 1.8098782), (0.7455, -0.66614664, 1.8081969), (0.74722743, -0.6640281, 1.8071176), (0.75002253, -0.6648373, 1.8075298), (0.75002253, -0.6674559, 1.8088641), (0.74722743, -0.6682651, 1.8092763), (0.7455, -0.70563185, 1.7307029), (0.74722743, -0.7035133, 1.7296234), (0.75002253, -0.7043225, 1.7300358), (0.75002253, -0.7069411, 1.73137), (0.74722743, -0.7077503, 1.7317823), (0.748, -0.70810103, 1.731094), (0.74562234, -0.70639485, 1.7308238), (0.74653053, -0.7036342, 1.7303865), (0.74946946, -0.7036342, 1.7303865), (0.75037766, -0.70639485, 1.7308238), (0.748, -0.72170675, 1.6451911), (0.74562234, -0.7200005, 1.6449208), (0.74653053, -0.71723986, 1.6444836), (0.74946946, -0.71723986, 1.6444836), (0.75037766, -0.7200005, 1.6449208), (0.748, -0.72170675, 1.644409), (0.74562234, -0.7200005, 1.6446792), (0.74653053, -0.71723986, 1.6451164), (0.74946946, -0.71723986, 1.6451164), (0.75037766, -0.7200005, 1.6446792), (0.748, -0.70810103, 1.558506), (0.74562234, -0.70639485, 1.5587763), (0.74653053, -0.7036342, 1.5592135), (0.74946946, -0.7036342, 1.5592135), (0.75037766, -0.70639485, 1.5587763), (0.7505, -0.70563185, 1.5588971), (0.74877256, -0.7077503, 1.5578177), (0.74597746, -0.7069411, 1.55823), (0.74597746, -0.7043225, 1.5595642), (0.74877256, -0.7035133, 1.5599766), (0.7505, -0.66614664, 1.481403), (0.74877256, -0.6682651, 1.4803237), (0.74597746, -0.6674559, 1.4807359), (0.74597746, -0.6648373, 1.4820702), (0.74877256, -0.6640281, 1.4824824), (0.7505, -0.66614664, 1.481403), (0.74877256, -0.66782784, 1.4797218), (0.74597746, -0.66718566, 1.480364), (0.74597746, -0.66510755, 1.4824421), (0.74877256, -0.66446537, 1.4830843), (0.7505, -0.604647, 1.4199034), (0.74877256, -0.6063282, 1.4182222), (0.74597746, -0.605686, 1.4188644), (0.74597746, -0.6036079, 1.4209424), (0.74877256, -0.6029657, 1.4215846), (0.7505, -0.604647, 1.4199034), (0.74877256, -0.60572636, 1.4177849), (0.74597746, -0.6053141, 1.4185941), (0.74597746, -0.6039798, 1.4212127), (0.74877256, -0.60356754, 1.4220219), (0.7505, -0.52715284, 1.3804182), (0.74877256, -0.5282323, 1.3782997), (0.74597746, -0.52782, 1.3791089), (0.74597746, -0.52648574, 1.3817275), (0.74877256, -0.52607346, 1.3825366), (0.7505, -0.52715284, 1.3804182), (0.74877256, -0.5275248, 1.3780698), (0.74597746, -0.52738273, 1.3789668), (0.74597746, -0.526923, 1.3818696), (0.74877256, -0.5267809, 1.3827666), (0.7505, -0.44125, 1.3668125), (0.74877256, -0.44162196, 1.3644642), (0.74597746, -0.44147986, 1.3653611), (0.74597746, -0.44102013, 1.3682638), (0.74877256, -0.44087806, 1.3691609), (0.7505, -0.44125, 1.3668125), (0.74877256, -0.44087806, 1.3644642), (0.74597746, -0.44102013, 1.3653611), (0.74597746, -0.44147986, 1.3682638), (0.74877256, -0.44162196, 1.3691609), (0.7505, -0.35534713, 1.3804182), (0.74877256, -0.3549752, 1.3780698), (0.74597746, -0.35511726, 1.3789668), (0.74597746, -0.35557702, 1.3818696), (0.74877256, -0.3557191, 1.3827666), (0.7505, -0.35534713, 1.3804182), (0.74877256, -0.35426772, 1.3782997), (0.74597746, -0.35468, 1.3791089), (0.74597746, -0.35601425, 1.3817275), (0.74877256, -0.35642657, 1.3825366), (0.7505, -0.27785304, 1.4199034), (0.74877256, -0.27677363, 1.4177849), (0.74597746, -0.27718592, 1.4185941), (0.74597746, -0.27852017, 1.4212127), (0.74877256, -0.27893248, 1.4220219), (0.7505, -0.27785304, 1.4199034), (0.74877256, -0.2761718, 1.4182222), (0.74597746, -0.27681398, 1.4188644), (0.74597746, -0.2788921, 1.4209424), (0.74877256, -0.27953428, 1.4215846), (0.7505, -0.21635339, 1.481403), (0.74877256, -0.21467215, 1.4797218), (0.74597746, -0.21531431, 1.480364), (0.74597746, -0.21739246, 1.4824421), (0.74877256, -0.21803464, 1.4830843), (0.7505, -0.21635339, 1.481403), (0.74877256, -0.21423489, 1.4803237), (0.74597746, -0.21504408, 1.4807359), (0.74597746, -0.21766269, 1.4820702), (0.74877256, -0.21847188, 1.4824824), (0.7505, -0.17686817, 1.5588971), (0.74877256, -0.17474969, 1.5578177), (0.74597746, -0.17555888, 1.55823), (0.74597746, -0.17817748, 1.5595642), (0.74877256, -0.17898667, 1.5599766), (0.748, -0.17439896, 1.558506), (0.74562234, -0.17610514, 1.5587763), (0.74653053, -0.17886582, 1.5592135), (0.74946946, -0.17886582, 1.5592135), (0.75037766, -0.17610514, 1.5587763), (0.748, -0.16079327, 1.644409), (0.74562234, -0.16249947, 1.6446792), (0.74653053, -0.16526014, 1.6451164), (0.74946946, -0.16526014, 1.6451164), (0.75037766, -0.16249947, 1.6446792), (0.736, 0.050831404, 1.6008104), (0.736, 0.07040862, 1.515037), (0.736, 0.10858138, 1.4357704), (0.736, 0.16343552, 1.3669856), (0.736, 0.23222046, 1.3121314), (0.736, 0.311487, 1.2739586), (0.736, 0.3972604, 1.2543814), (0.736, 0.48523962, 1.2543814), (0.736, 0.57101303, 1.2739586), (0.736, 0.6502795, 1.3121314), (0.736, 0.7190645, 1.3669856), (0.736, 0.7739186, 1.4357704), (0.736, 0.81209135, 1.515037), (0.736, 0.8316686, 1.6008104), (0.736, 0.8316686, 1.6887896), (0.736, 0.81209135, 1.774563), (0.736, 0.7739186, 1.8538295), (0.736, 0.7190645, 1.9226145), (0.736, 0.6502795, 1.9774686), (0.736, 0.57101303, 2.0156415), (0.736, 0.48523962, 2.0352185), (0.736, 0.3972604, 2.0352185), (0.736, 0.311487, 2.0156415), (0.736, 0.23222046, 1.9774686), (0.736, 0.16343552, 1.9226145), (0.736, 0.10858138, 1.8538295), (0.736, 0.07040862, 1.774563), (0.736, 0.050831404, 1.6887896), (0.742, 0.050831404, 1.6008104), (0.742, 0.07040862, 1.515037), (0.742, 0.10858138, 1.4357704), (0.742, 0.16343552, 1.3669856), (0.742, 0.23222046, 1.3121314), (0.742, 0.311487, 1.2739586), (0.742, 0.3972604, 1.2543814), (0.742, 0.48523962, 1.2543814), (0.742, 0.57101303, 1.2739586), (0.742, 0.6502795, 1.3121314), (0.742, 0.7190645, 1.3669856), (0.742, 0.7739186, 1.4357704), (0.742, 0.81209135, 1.515037), (0.742, 0.8316686, 1.6008104), (0.742, 0.8316686, 1.6887896), (0.742, 0.81209135, 1.774563), (0.742, 0.7739186, 1.8538295), (0.742, 0.7190645, 1.9226145), (0.742, 0.6502795, 1.9774686), (0.742, 0.57101303, 2.0156415), (0.742, 0.48523962, 2.0352185), (0.742, 0.3972604, 2.0352185), (0.742, 0.311487, 2.0156415), (0.742, 0.23222046, 1.9774686), (0.742, 0.16343552, 1.9226145), (0.742, 0.10858138, 1.8538295), (0.742, 0.07040862, 1.774563), (0.742, 0.050831404, 1.6887896), (0.736, 0.44125, 1.6448), (0.742, 0.44125, 1.6448), (0.751, 0.0891325, 1.6448), (0.7495, 0.0891325, 1.6422019), (0.7465, 0.0891325, 1.6422019), (0.745, 0.0891325, 1.6448), (0.7465, 0.0891325, 1.6473981), (0.7495, 0.0891325, 1.6473981), (0.751, 0.7933675, 1.6448), (0.7495, 0.7933675, 1.6422019), (0.7465, 0.7933675, 1.6422019), (0.745, 0.7933675, 1.6448), (0.7465, 0.7933675, 1.6473981), (0.7495, 0.7933675, 1.6473981), (0.751, 0.19226533, 1.3958154), (0.7495, 0.19410245, 1.3939782), (0.7465, 0.19410245, 1.3939782), (0.745, 0.19226533, 1.3958154), (0.7465, 0.19042821, 1.3976524), (0.7495, 0.19042821, 1.3976524), (0.751, 0.69023466, 1.8937846), (0.7495, 0.6920718, 1.8919475), (0.7465, 0.6920718, 1.8919475), (0.745, 0.69023466, 1.8937846), (0.7465, 0.6883975, 1.8956218), (0.7495, 0.6883975, 1.8956218), (0.748, 0.44425, 1.2926825), (0.7454019, 0.44275, 1.2926825), (0.7454019, 0.43975, 1.2926825), (0.748, 0.43825, 1.2926825), (0.7505981, 0.43975, 1.2926825), (0.7505981, 0.44275, 1.2926825), (0.748, 0.44425, 1.9969175), (0.7454019, 0.44275, 1.9969175), (0.7454019, 0.43975, 1.9969175), (0.748, 0.43825, 1.9969175), (0.7505981, 0.43975, 1.9969175), (0.7505981, 0.44275, 1.9969175), (0.745, 0.69023466, 1.3958154), (0.7465, 0.6883975, 1.3939782), (0.7495, 0.6883975, 1.3939782), (0.751, 0.69023466, 1.3958154), (0.7495, 0.6920718, 1.3976524), (0.7465, 0.6920718, 1.3976524), (0.745, 0.19226533, 1.8937846), (0.7465, 0.19042821, 1.8919475), (0.7495, 0.19042821, 1.8919475), (0.751, 0.19226533, 1.8937846), (0.7495, 0.19410245, 1.8956218), (0.7465, 0.19410245, 1.8956218), (0.748, 0.6105117, 1.6451911), (0.74562234, 0.60880554, 1.6449208), (0.74653053, 0.6060448, 1.6444836), (0.74946946, 0.6060448, 1.6444836), (0.75037766, 0.60880554, 1.6449208), (0.748, 0.6023483, 1.6967328), (0.74562234, 0.60064214, 1.6964625), (0.74653053, 0.59788144, 1.6960254), (0.74946946, 0.59788144, 1.6960254), (0.75037766, 0.60064214, 1.6964625), (0.7455, 0.5998791, 1.6963418), (0.74722743, 0.5977606, 1.6952623), (0.75002253, 0.5985698, 1.6956745), (0.75002253, 0.6011884, 1.6970088), (0.74722743, 0.6019976, 1.6974212), (0.7455, 0.57618797, 1.7428381), (0.74722743, 0.5740695, 1.7417587), (0.75002253, 0.5748787, 1.742171), (0.75002253, 0.57749724, 1.7435052), (0.74722743, 0.57830644, 1.7439176), (0.7455, 0.57618797, 1.7428381), (0.74722743, 0.5745067, 1.7411569), (0.75002253, 0.5751489, 1.7417991), (0.75002253, 0.57722706, 1.7438773), (0.74722743, 0.57786924, 1.7445195), (0.7455, 0.53928816, 1.779738), (0.74722743, 0.53760695, 1.7780567), (0.75002253, 0.5382491, 1.7786989), (0.75002253, 0.54032725, 1.780777), (0.74722743, 0.54096943, 1.7814192), (0.7455, 0.53928816, 1.779738), (0.74722743, 0.5382087, 1.7776195), (0.75002253, 0.53862107, 1.7784287), (0.75002253, 0.5399553, 1.7810472), (0.74722743, 0.5403676, 1.7818564), (0.7455, 0.4927917, 1.8034291), (0.74722743, 0.4917123, 1.8013107), (0.75002253, 0.4921246, 1.8021199), (0.75002253, 0.49345884, 1.8047384), (0.74722743, 0.49387115, 1.8055476), (0.7455, 0.4927917, 1.8034291), (0.74722743, 0.49241978, 1.8010807), (0.75002253, 0.49256185, 1.8019778), (0.75002253, 0.49302158, 1.8048805), (0.74722743, 0.49316368, 1.8057774), (0.7455, 0.44125, 1.8115925), (0.74722743, 0.44087806, 1.8092442), (0.75002253, 0.44102013, 1.8101411), (0.75002253, 0.44147986, 1.8130438), (0.74722743, 0.44162196, 1.8139409), (0.7455, 0.44125, 1.8115925), (0.74722743, 0.44162196, 1.8092442), (0.75002253, 0.44147986, 1.8101411), (0.75002253, 0.44102013, 1.8130438), (0.74722743, 0.44087806, 1.8139409), (0.7455, 0.38970828, 1.8034291), (0.74722743, 0.3900802, 1.8010807), (0.75002253, 0.38993815, 1.8019778), (0.75002253, 0.38947842, 1.8048805), (0.74722743, 0.38933635, 1.8057774), (0.7455, 0.38970828, 1.8034291), (0.74722743, 0.39078772, 1.8013107), (0.75002253, 0.3903754, 1.8021199), (0.75002253, 0.38904116, 1.8047384), (0.74722743, 0.38862887, 1.8055476), (0.7455, 0.34321183, 1.779738), (0.74722743, 0.34429124, 1.7776195), (0.75002253, 0.34387895, 1.7784287), (0.75002253, 0.3425447, 1.7810472), (0.74722743, 0.3421324, 1.7818564), (0.7455, 0.34321183, 1.779738), (0.74722743, 0.34489307, 1.7780567), (0.75002253, 0.3442509, 1.7786989), (0.75002253, 0.34217277, 1.780777), (0.74722743, 0.3415306, 1.7814192), (0.7455, 0.30631202, 1.7428381), (0.74722743, 0.3079933, 1.7411569), (0.75002253, 0.3073511, 1.7417991), (0.75002253, 0.30527297, 1.7438773), (0.74722743, 0.3046308, 1.7445195), (0.7455, 0.30631202, 1.7428381), (0.74722743, 0.30843052, 1.7417587), (0.75002253, 0.30762133, 1.742171), (0.75002253, 0.30500272, 1.7435052), (0.74722743, 0.30419353, 1.7439176), (0.7455, 0.2826209, 1.6963418), (0.74722743, 0.2847394, 1.6952623), (0.75002253, 0.2839302, 1.6956745), (0.75002253, 0.2813116, 1.6970088), (0.74722743, 0.2805024, 1.6974212), (0.748, 0.2801517, 1.6967328), (0.74562234, 0.28185788, 1.6964625), (0.74653053, 0.28461856, 1.6960254), (0.74946946, 0.28461856, 1.6960254), (0.75037766, 0.28185788, 1.6964625), (0.748, 0.27198827, 1.6451911), (0.74562234, 0.27369446, 1.6449208), (0.74653053, 0.27645513, 1.6444836), (0.74946946, 0.27645513, 1.6444836), (0.75037766, 0.27369446, 1.6449208), (0.748, 0.27198827, 1.644409), (0.74562234, 0.27369446, 1.6446792), (0.74653053, 0.27645513, 1.6451164), (0.74946946, 0.27645513, 1.6451164), (0.75037766, 0.27369446, 1.6446792), (0.748, 0.2801517, 1.5928673), (0.74562234, 0.28185788, 1.5931374), (0.74653053, 0.28461856, 1.5935746), (0.74946946, 0.28461856, 1.5935746), (0.75037766, 0.28185788, 1.5931374), (0.7505, 0.2826209, 1.5932583), (0.74877256, 0.2805024, 1.5921788), (0.74597746, 0.2813116, 1.5925912), (0.74597746, 0.2839302, 1.5939254), (0.74877256, 0.2847394, 1.5943377), (0.7505, 0.30631202, 1.5467619), (0.74877256, 0.30419353, 1.5456824), (0.74597746, 0.30500272, 1.5460947), (0.74597746, 0.30762133, 1.547429), (0.74877256, 0.30843052, 1.5478413), (0.7505, 0.30631202, 1.5467619), (0.74877256, 0.3046308, 1.5450805), (0.74597746, 0.30527297, 1.5457227), (0.74597746, 0.3073511, 1.5478009), (0.74877256, 0.3079933, 1.5484431), (0.7505, 0.34321183, 1.5098621), (0.74877256, 0.3415306, 1.5081807), (0.74597746, 0.34217277, 1.5088229), (0.74597746, 0.3442509, 1.5109011), (0.74877256, 0.34489307, 1.5115433), (0.7505, 0.34321183, 1.5098621), (0.74877256, 0.3421324, 1.5077436), (0.74597746, 0.3425447, 1.5085528), (0.74597746, 0.34387895, 1.5111713), (0.74877256, 0.34429124, 1.5119805), (0.7505, 0.38970828, 1.4861709), (0.74877256, 0.38862887, 1.4840524), (0.74597746, 0.38904116, 1.4848616), (0.74597746, 0.3903754, 1.4874802), (0.74877256, 0.39078772, 1.4882894), (0.7505, 0.38970828, 1.4861709), (0.74877256, 0.38933635, 1.4838226), (0.74597746, 0.38947842, 1.4847195), (0.74597746, 0.38993815, 1.4876223), (0.74877256, 0.3900802, 1.4885193), (0.7505, 0.44125, 1.4780076), (0.74877256, 0.44087806, 1.4756591), (0.74597746, 0.44102013, 1.4765562), (0.74597746, 0.44147986, 1.4794589), (0.74877256, 0.44162196, 1.4803559), (0.7505, 0.44125, 1.4780076), (0.74877256, 0.44162196, 1.4756591), (0.74597746, 0.44147986, 1.4765562), (0.74597746, 0.44102013, 1.4794589), (0.74877256, 0.44087806, 1.4803559), (0.7505, 0.4927917, 1.4861709), (0.74877256, 0.49316368, 1.4838226), (0.74597746, 0.49302158, 1.4847195), (0.74597746, 0.49256185, 1.4876223), (0.74877256, 0.49241978, 1.4885193), (0.7505, 0.4927917, 1.4861709), (0.74877256, 0.49387115, 1.4840524), (0.74597746, 0.49345884, 1.4848616), (0.74597746, 0.4921246, 1.4874802), (0.74877256, 0.4917123, 1.4882894), (0.7505, 0.53928816, 1.5098621), (0.74877256, 0.5403676, 1.5077436), (0.74597746, 0.5399553, 1.5085528), (0.74597746, 0.53862107, 1.5111713), (0.74877256, 0.5382087, 1.5119805), (0.7505, 0.53928816, 1.5098621), (0.74877256, 0.54096943, 1.5081807), (0.74597746, 0.54032725, 1.5088229), (0.74597746, 0.5382491, 1.5109011), (0.74877256, 0.53760695, 1.5115433), (0.7505, 0.57618797, 1.5467619), (0.74877256, 0.57786924, 1.5450805), (0.74597746, 0.57722706, 1.5457227), (0.74597746, 0.5751489, 1.5478009), (0.74877256, 0.5745067, 1.5484431), (0.7505, 0.57618797, 1.5467619), (0.74877256, 0.57830644, 1.5456824), (0.74597746, 0.57749724, 1.5460947), (0.74597746, 0.5748787, 1.547429), (0.74877256, 0.5740695, 1.5478413), (0.7505, 0.5998791, 1.5932583), (0.74877256, 0.6019976, 1.5921788), (0.74597746, 0.6011884, 1.5925912), (0.74597746, 0.5985698, 1.5939254), (0.74877256, 0.5977606, 1.5943377), (0.748, 0.6023483, 1.5928673), (0.74562234, 0.60064214, 1.5931374), (0.74653053, 0.59788144, 1.5935746), (0.74946946, 0.59788144, 1.5935746), (0.75037766, 0.60064214, 1.5931374), (0.748, 0.6105117, 1.644409), (0.74562234, 0.60880554, 1.6446792), (0.74653053, 0.6060448, 1.6451164), (0.74946946, 0.6060448, 1.6451164), (0.75037766, 0.60880554, 1.6446792), (0.748, 0.72170675, 1.6451911), (0.74562234, 0.7200005, 1.6449208), (0.74653053, 0.71723986, 1.6444836), (0.74946946, 0.71723986, 1.6444836), (0.75037766, 0.7200005, 1.6449208), (0.748, 0.70810103, 1.731094), (0.74562234, 0.70639485, 1.7308238), (0.74653053, 0.7036342, 1.7303865), (0.74946946, 0.7036342, 1.7303865), (0.75037766, 0.70639485, 1.7308238), (0.7455, 0.70563185, 1.7307029), (0.74722743, 0.7035133, 1.7296234), (0.75002253, 0.7043225, 1.7300358), (0.75002253, 0.7069411, 1.73137), (0.74722743, 0.7077503, 1.7317823), (0.7455, 0.66614664, 1.8081969), (0.74722743, 0.6640281, 1.8071176), (0.75002253, 0.6648373, 1.8075298), (0.75002253, 0.6674559, 1.8088641), (0.74722743, 0.6682651, 1.8092763), (0.7455, 0.66614664, 1.8081969), (0.74722743, 0.66446537, 1.8065157), (0.75002253, 0.66510755, 1.8071579), (0.75002253, 0.66718566, 1.809236), (0.74722743, 0.66782784, 1.8098782), (0.7455, 0.604647, 1.8696966), (0.74722743, 0.6029657, 1.8680154), (0.75002253, 0.6036079, 1.8686576), (0.75002253, 0.605686, 1.8707356), (0.74722743, 0.6063282, 1.8713778), (0.7455, 0.604647, 1.8696966), (0.74722743, 0.60356754, 1.8675781), (0.75002253, 0.6039798, 1.8683873), (0.75002253, 0.6053141, 1.8710059), (0.74722743, 0.60572636, 1.8718151), (0.7455, 0.52715284, 1.9091818), (0.74722743, 0.52607346, 1.9070634), (0.75002253, 0.52648574, 1.9078726), (0.75002253, 0.52782, 1.9104911), (0.74722743, 0.5282323, 1.9113003), (0.7455, 0.52715284, 1.9091818), (0.74722743, 0.5267809, 1.9068334), (0.75002253, 0.526923, 1.9077305), (0.75002253, 0.52738273, 1.9106332), (0.74722743, 0.5275248, 1.9115301), (0.7455, 0.44125, 1.9227875), (0.74722743, 0.44087806, 1.9204391), (0.75002253, 0.44102013, 1.9213362), (0.75002253, 0.44147986, 1.9242389), (0.74722743, 0.44162196, 1.9251359), (0.7455, 0.44125, 1.9227875), (0.74722743, 0.44162196, 1.9204391), (0.75002253, 0.44147986, 1.9213362), (0.75002253, 0.44102013, 1.9242389), (0.74722743, 0.44087806, 1.9251359), (0.7455, 0.35534713, 1.9091818), (0.74722743, 0.3557191, 1.9068334), (0.75002253, 0.35557702, 1.9077305), (0.75002253, 0.35511726, 1.9106332), (0.74722743, 0.3549752, 1.9115301), (0.7455, 0.35534713, 1.9091818), (0.74722743, 0.35642657, 1.9070634), (0.75002253, 0.35601425, 1.9078726), (0.75002253, 0.35468, 1.9104911), (0.74722743, 0.35426772, 1.9113003), (0.7455, 0.27785304, 1.8696966), (0.74722743, 0.27893248, 1.8675781), (0.75002253, 0.27852017, 1.8683873), (0.75002253, 0.27718592, 1.8710059), (0.74722743, 0.27677363, 1.8718151), (0.7455, 0.27785304, 1.8696966), (0.74722743, 0.27953428, 1.8680154), (0.75002253, 0.2788921, 1.8686576), (0.75002253, 0.27681398, 1.8707356), (0.74722743, 0.2761718, 1.8713778), (0.7455, 0.21635339, 1.8081969), (0.74722743, 0.21803464, 1.8065157), (0.75002253, 0.21739246, 1.8071579), (0.75002253, 0.21531431, 1.809236), (0.74722743, 0.21467215, 1.8098782), (0.7455, 0.21635339, 1.8081969), (0.74722743, 0.21847188, 1.8071176), (0.75002253, 0.21766269, 1.8075298), (0.75002253, 0.21504408, 1.8088641), (0.74722743, 0.21423489, 1.8092763), (0.7455, 0.17686817, 1.7307029), (0.74722743, 0.17898667, 1.7296234), (0.75002253, 0.17817748, 1.7300358), (0.75002253, 0.17555888, 1.73137), (0.74722743, 0.17474969, 1.7317823), (0.748, 0.17439896, 1.731094), (0.74562234, 0.17610514, 1.7308238), (0.74653053, 0.17886582, 1.7303865), (0.74946946, 0.17886582, 1.7303865), (0.75037766, 0.17610514, 1.7308238), (0.748, 0.16079327, 1.6451911), (0.74562234, 0.16249947, 1.6449208), (0.74653053, 0.16526014, 1.6444836), (0.74946946, 0.16526014, 1.6444836), (0.75037766, 0.16249947, 1.6449208), (0.748, 0.16079327, 1.644409), (0.74562234, 0.16249947, 1.6446792), (0.74653053, 0.16526014, 1.6451164), (0.74946946, 0.16526014, 1.6451164), (0.75037766, 0.16249947, 1.6446792), (0.748, 0.17439896, 1.558506), (0.74562234, 0.17610514, 1.5587763), (0.74653053, 0.17886582, 1.5592135), (0.74946946, 0.17886582, 1.5592135), (0.75037766, 0.17610514, 1.5587763), (0.7505, 0.17686817, 1.5588971), (0.74877256, 0.17474969, 1.5578177), (0.74597746, 0.17555888, 1.55823), (0.74597746, 0.17817748, 1.5595642), (0.74877256, 0.17898667, 1.5599766), (0.7505, 0.21635339, 1.481403), (0.74877256, 0.21423489, 1.4803237), (0.74597746, 0.21504408, 1.4807359), (0.74597746, 0.21766269, 1.4820702), (0.74877256, 0.21847188, 1.4824824), (0.7505, 0.21635339, 1.481403), (0.74877256, 0.21467215, 1.4797218), (0.74597746, 0.21531431, 1.480364), (0.74597746, 0.21739246, 1.4824421), (0.74877256, 0.21803464, 1.4830843), (0.7505, 0.27785304, 1.4199034), (0.74877256, 0.2761718, 1.4182222), (0.74597746, 0.27681398, 1.4188644), (0.74597746, 0.2788921, 1.4209424), (0.74877256, 0.27953428, 1.4215846), (0.7505, 0.27785304, 1.4199034), (0.74877256, 0.27677363, 1.4177849), (0.74597746, 0.27718592, 1.4185941), (0.74597746, 0.27852017, 1.4212127), (0.74877256, 0.27893248, 1.4220219), (0.7505, 0.35534713, 1.3804182), (0.74877256, 0.35426772, 1.3782997), (0.74597746, 0.35468, 1.3791089), (0.74597746, 0.35601425, 1.3817275), (0.74877256, 0.35642657, 1.3825366), (0.7505, 0.35534713, 1.3804182), (0.74877256, 0.3549752, 1.3780698), (0.74597746, 0.35511726, 1.3789668), (0.74597746, 0.35557702, 1.3818696), (0.74877256, 0.3557191, 1.3827666), (0.7505, 0.44125, 1.3668125), (0.74877256, 0.44087806, 1.3644642), (0.74597746, 0.44102013, 1.3653611), (0.74597746, 0.44147986, 1.3682638), (0.74877256, 0.44162196, 1.3691609), (0.7505, 0.44125, 1.3668125), (0.74877256, 0.44162196, 1.3644642), (0.74597746, 0.44147986, 1.3653611), (0.74597746, 0.44102013, 1.3682638), (0.74877256, 0.44087806, 1.3691609), (0.7505, 0.52715284, 1.3804182), (0.74877256, 0.5275248, 1.3780698), (0.74597746, 0.52738273, 1.3789668), (0.74597746, 0.526923, 1.3818696), (0.74877256, 0.5267809, 1.3827666), (0.7505, 0.52715284, 1.3804182), (0.74877256, 0.5282323, 1.3782997), (0.74597746, 0.52782, 1.3791089), (0.74597746, 0.52648574, 1.3817275), (0.74877256, 0.52607346, 1.3825366), (0.7505, 0.604647, 1.4199034), (0.74877256, 0.60572636, 1.4177849), (0.74597746, 0.6053141, 1.4185941), (0.74597746, 0.6039798, 1.4212127), (0.74877256, 0.60356754, 1.4220219), (0.7505, 0.604647, 1.4199034), (0.74877256, 0.6063282, 1.4182222), (0.74597746, 0.605686, 1.4188644), (0.74597746, 0.6036079, 1.4209424), (0.74877256, 0.6029657, 1.4215846), (0.7505, 0.66614664, 1.481403), (0.74877256, 0.66782784, 1.4797218), (0.74597746, 0.66718566, 1.480364), (0.74597746, 0.66510755, 1.4824421), (0.74877256, 0.66446537, 1.4830843), (0.7505, 0.66614664, 1.481403), (0.74877256, 0.6682651, 1.4803237), (0.74597746, 0.6674559, 1.4807359), (0.74597746, 0.6648373, 1.4820702), (0.74877256, 0.6640281, 1.4824824), (0.7505, 0.70563185, 1.5588971), (0.74877256, 0.7077503, 1.5578177), (0.74597746, 0.7069411, 1.55823), (0.74597746, 0.7043225, 1.5595642), (0.74877256, 0.7035133, 1.5599766), (0.748, 0.70810103, 1.558506), (0.74562234, 0.70639485, 1.5587763), (0.74653053, 0.7036342, 1.5592135), (0.74946946, 0.7036342, 1.5592135), (0.75037766, 0.70639485, 1.5587763), (0.748, 0.72170675, 1.644409), (0.74562234, 0.7200005, 1.6446792), (0.74653053, 0.71723986, 1.6451164), (0.74946946, 0.71723986, 1.6451164), (0.75037766, 0.7200005, 1.6446792), (0.736, 0.93333143, 1.6008104), (0.736, 0.95290864, 1.515037), (0.736, 0.99108136, 1.4357704), (0.736, 1.0459355, 1.3669856), (0.736, 1.1147205, 1.3121314), (0.736, 1.193987, 1.2739586), (0.736, 1.2797604, 1.2543814), (0.736, 1.3677396, 1.2543814), (0.736, 1.453513, 1.2739586), (0.736, 1.5327796, 1.3121314), (0.736, 1.6015645, 1.3669856), (0.736, 1.6564187, 1.4357704), (0.736, 1.6945914, 1.515037), (0.736, 1.7141685, 1.6008104), (0.736, 1.7141685, 1.6887896), (0.736, 1.6945914, 1.774563), (0.736, 1.6564187, 1.8538295), (0.736, 1.6015645, 1.9226145), (0.736, 1.5327796, 1.9774686), (0.736, 1.453513, 2.0156415), (0.736, 1.3677396, 2.0352185), (0.736, 1.2797604, 2.0352185), (0.736, 1.193987, 2.0156415), (0.736, 1.1147205, 1.9774686), (0.736, 1.0459355, 1.9226145), (0.736, 0.99108136, 1.8538295), (0.736, 0.95290864, 1.774563), (0.736, 0.93333143, 1.6887896), (0.742, 0.93333143, 1.6008104), (0.742, 0.95290864, 1.515037), (0.742, 0.99108136, 1.4357704), (0.742, 1.0459355, 1.3669856), (0.742, 1.1147205, 1.3121314), (0.742, 1.193987, 1.2739586), (0.742, 1.2797604, 1.2543814), (0.742, 1.3677396, 1.2543814), (0.742, 1.453513, 1.2739586), (0.742, 1.5327796, 1.3121314), (0.742, 1.6015645, 1.3669856), (0.742, 1.6564187, 1.4357704), (0.742, 1.6945914, 1.515037), (0.742, 1.7141685, 1.6008104), (0.742, 1.7141685, 1.6887896), (0.742, 1.6945914, 1.774563), (0.742, 1.6564187, 1.8538295), (0.742, 1.6015645, 1.9226145), (0.742, 1.5327796, 1.9774686), (0.742, 1.453513, 2.0156415), (0.742, 1.3677396, 2.0352185), (0.742, 1.2797604, 2.0352185), (0.742, 1.193987, 2.0156415), (0.742, 1.1147205, 1.9774686), (0.742, 1.0459355, 1.9226145), (0.742, 0.99108136, 1.8538295), (0.742, 0.95290864, 1.774563), (0.742, 0.93333143, 1.6887896), (0.736, 1.32375, 1.6448), (0.742, 1.32375, 1.6448), (0.751, 0.9716325, 1.6448), (0.7495, 0.9716325, 1.6422019), (0.7465, 0.9716325, 1.6422019), (0.745, 0.9716325, 1.6448), (0.7465, 0.9716325, 1.6473981), (0.7495, 0.9716325, 1.6473981), (0.751, 1.6758676, 1.6448), (0.7495, 1.6758676, 1.6422019), (0.7465, 1.6758676, 1.6422019), (0.745, 1.6758676, 1.6448), (0.7465, 1.6758676, 1.6473981), (0.7495, 1.6758676, 1.6473981), (0.751, 1.0747653, 1.3958154), (0.7495, 1.0766025, 1.3939782), (0.7465, 1.0766025, 1.3939782), (0.745, 1.0747653, 1.3958154), (0.7465, 1.0729282, 1.3976524), (0.7495, 1.0729282, 1.3976524), (0.751, 1.5727347, 1.8937846), (0.7495, 1.5745718, 1.8919475), (0.7465, 1.5745718, 1.8919475), (0.745, 1.5727347, 1.8937846), (0.7465, 1.5708976, 1.8956218), (0.7495, 1.5708976, 1.8956218), (0.748, 1.32675, 1.2926825), (0.7454019, 1.32525, 1.2926825), (0.7454019, 1.32225, 1.2926825), (0.748, 1.32075, 1.2926825), (0.7505981, 1.32225, 1.2926825), (0.7505981, 1.32525, 1.2926825), (0.748, 1.32675, 1.9969175), (0.7454019, 1.32525, 1.9969175), (0.7454019, 1.32225, 1.9969175), (0.748, 1.32075, 1.9969175), (0.7505981, 1.32225, 1.9969175), (0.7505981, 1.32525, 1.9969175), (0.745, 1.5727347, 1.3958154), (0.7465, 1.5708976, 1.3939782), (0.7495, 1.5708976, 1.3939782), (0.751, 1.5727347, 1.3958154), (0.7495, 1.5745718, 1.3976524), (0.7465, 1.5745718, 1.3976524), (0.745, 1.0747653, 1.8937846), (0.7465, 1.0729282, 1.8919475), (0.7495, 1.0729282, 1.8919475), (0.751, 1.0747653, 1.8937846), (0.7495, 1.0766025, 1.8956218), (0.7465, 1.0766025, 1.8956218), (0.748, 1.4930117, 1.6451911), (0.74562234, 1.4913056, 1.6449208), (0.74653053, 1.4885448, 1.6444836), (0.74946946, 1.4885448, 1.6444836), (0.75037766, 1.4913056, 1.6449208), (0.748, 1.4848483, 1.6967328), (0.74562234, 1.4831421, 1.6964625), (0.74653053, 1.4803815, 1.6960254), (0.74946946, 1.4803815, 1.6960254), (0.75037766, 1.4831421, 1.6964625), (0.7455, 1.4823791, 1.6963418), (0.74722743, 1.4802606, 1.6952623), (0.75002253, 1.4810698, 1.6956745), (0.75002253, 1.4836884, 1.6970088), (0.74722743, 1.4844975, 1.6974212), (0.7455, 1.458688, 1.7428381), (0.74722743, 1.4565694, 1.7417587), (0.75002253, 1.4573786, 1.742171), (0.75002253, 1.4599973, 1.7435052), (0.74722743, 1.4608065, 1.7439176), (0.7455, 1.458688, 1.7428381), (0.74722743, 1.4570067, 1.7411569), (0.75002253, 1.4576489, 1.7417991), (0.75002253, 1.459727, 1.7438773), (0.74722743, 1.4603692, 1.7445195), (0.7455, 1.4217882, 1.779738), (0.74722743, 1.4201069, 1.7780567), (0.75002253, 1.4207491, 1.7786989), (0.75002253, 1.4228272, 1.780777), (0.74722743, 1.4234694, 1.7814192), (0.7455, 1.4217882, 1.779738), (0.74722743, 1.4207088, 1.7776195), (0.75002253, 1.421121, 1.7784287), (0.75002253, 1.4224553, 1.7810472), (0.74722743, 1.4228677, 1.7818564), (0.7455, 1.3752917, 1.8034291), (0.74722743, 1.3742123, 1.8013107), (0.75002253, 1.3746246, 1.8021199), (0.75002253, 1.3759588, 1.8047384), (0.74722743, 1.3763711, 1.8055476), (0.7455, 1.3752917, 1.8034291), (0.74722743, 1.3749198, 1.8010807), (0.75002253, 1.3750619, 1.8019778), (0.75002253, 1.3755215, 1.8048805), (0.74722743, 1.3756636, 1.8057774), (0.7455, 1.32375, 1.8115925), (0.74722743, 1.3233781, 1.8092442), (0.75002253, 1.3235202, 1.8101411), (0.75002253, 1.3239799, 1.8130438), (0.74722743, 1.324122, 1.8139409), (0.7455, 1.32375, 1.8115925), (0.74722743, 1.324122, 1.8092442), (0.75002253, 1.3239799, 1.8101411), (0.75002253, 1.3235202, 1.8130438), (0.74722743, 1.3233781, 1.8139409), (0.7455, 1.2722083, 1.8034291), (0.74722743, 1.2725803, 1.8010807), (0.75002253, 1.2724382, 1.8019778), (0.75002253, 1.2719784, 1.8048805), (0.74722743, 1.2718363, 1.8057774), (0.7455, 1.2722083, 1.8034291), (0.74722743, 1.2732877, 1.8013107), (0.75002253, 1.2728754, 1.8021199), (0.75002253, 1.2715411, 1.8047384), (0.74722743, 1.2711289, 1.8055476), (0.7455, 1.2257118, 1.779738), (0.74722743, 1.2267913, 1.7776195), (0.75002253, 1.2263789, 1.7784287), (0.75002253, 1.2250447, 1.7810472), (0.74722743, 1.2246324, 1.7818564), (0.7455, 1.2257118, 1.779738), (0.74722743, 1.227393, 1.7780567), (0.75002253, 1.2267509, 1.7786989), (0.75002253, 1.2246728, 1.780777), (0.74722743, 1.2240306, 1.7814192), (0.7455, 1.188812, 1.7428381), (0.74722743, 1.1904932, 1.7411569), (0.75002253, 1.189851, 1.7417991), (0.75002253, 1.187773, 1.7438773), (0.74722743, 1.1871308, 1.7445195), (0.7455, 1.188812, 1.7428381), (0.74722743, 1.1909305, 1.7417587), (0.75002253, 1.1901213, 1.742171), (0.75002253, 1.1875027, 1.7435052), (0.74722743, 1.1866935, 1.7439176), (0.7455, 1.165121, 1.6963418), (0.74722743, 1.1672394, 1.6952623), (0.75002253, 1.1664302, 1.6956745), (0.75002253, 1.1638116, 1.6970088), (0.74722743, 1.1630024, 1.6974212), (0.748, 1.1626517, 1.6967328), (0.74562234, 1.1643579, 1.6964625), (0.74653053, 1.1671185, 1.6960254), (0.74946946, 1.1671185, 1.6960254), (0.75037766, 1.1643579, 1.6964625), (0.748, 1.1544883, 1.6451911), (0.74562234, 1.1561944, 1.6449208), (0.74653053, 1.1589551, 1.6444836), (0.74946946, 1.1589551, 1.6444836), (0.75037766, 1.1561944, 1.6449208), (0.748, 1.1544883, 1.644409), (0.74562234, 1.1561944, 1.6446792), (0.74653053, 1.1589551, 1.6451164), (0.74946946, 1.1589551, 1.6451164), (0.75037766, 1.1561944, 1.6446792), (0.748, 1.1626517, 1.5928673), (0.74562234, 1.1643579, 1.5931374), (0.74653053, 1.1671185, 1.5935746), (0.74946946, 1.1671185, 1.5935746), (0.75037766, 1.1643579, 1.5931374), (0.7505, 1.165121, 1.5932583), (0.74877256, 1.1630024, 1.5921788), (0.74597746, 1.1638116, 1.5925912), (0.74597746, 1.1664302, 1.5939254), (0.74877256, 1.1672394, 1.5943377), (0.7505, 1.188812, 1.5467619), (0.74877256, 1.1866935, 1.5456824), (0.74597746, 1.1875027, 1.5460947), (0.74597746, 1.1901213, 1.547429), (0.74877256, 1.1909305, 1.5478413), (0.7505, 1.188812, 1.5467619), (0.74877256, 1.1871308, 1.5450805), (0.74597746, 1.187773, 1.5457227), (0.74597746, 1.189851, 1.5478009), (0.74877256, 1.1904932, 1.5484431), (0.7505, 1.2257118, 1.5098621), (0.74877256, 1.2240306, 1.5081807), (0.74597746, 1.2246728, 1.5088229), (0.74597746, 1.2267509, 1.5109011), (0.74877256, 1.227393, 1.5115433), (0.7505, 1.2257118, 1.5098621), (0.74877256, 1.2246324, 1.5077436), (0.74597746, 1.2250447, 1.5085528), (0.74597746, 1.2263789, 1.5111713), (0.74877256, 1.2267913, 1.5119805), (0.7505, 1.2722083, 1.4861709), (0.74877256, 1.2711289, 1.4840524), (0.74597746, 1.2715411, 1.4848616), (0.74597746, 1.2728754, 1.4874802), (0.74877256, 1.2732877, 1.4882894), (0.7505, 1.2722083, 1.4861709), (0.74877256, 1.2718363, 1.4838226), (0.74597746, 1.2719784, 1.4847195), (0.74597746, 1.2724382, 1.4876223), (0.74877256, 1.2725803, 1.4885193), (0.7505, 1.32375, 1.4780076), (0.74877256, 1.3233781, 1.4756591), (0.74597746, 1.3235202, 1.4765562), (0.74597746, 1.3239799, 1.4794589), (0.74877256, 1.324122, 1.4803559), (0.7505, 1.32375, 1.4780076), (0.74877256, 1.324122, 1.4756591), (0.74597746, 1.3239799, 1.4765562), (0.74597746, 1.3235202, 1.4794589), (0.74877256, 1.3233781, 1.4803559), (0.7505, 1.3752917, 1.4861709), (0.74877256, 1.3756636, 1.4838226), (0.74597746, 1.3755215, 1.4847195), (0.74597746, 1.3750619, 1.4876223), (0.74877256, 1.3749198, 1.4885193), (0.7505, 1.3752917, 1.4861709), (0.74877256, 1.3763711, 1.4840524), (0.74597746, 1.3759588, 1.4848616), (0.74597746, 1.3746246, 1.4874802), (0.74877256, 1.3742123, 1.4882894), (0.7505, 1.4217882, 1.5098621), (0.74877256, 1.4228677, 1.5077436), (0.74597746, 1.4224553, 1.5085528), (0.74597746, 1.421121, 1.5111713), (0.74877256, 1.4207088, 1.5119805), (0.7505, 1.4217882, 1.5098621), (0.74877256, 1.4234694, 1.5081807), (0.74597746, 1.4228272, 1.5088229), (0.74597746, 1.4207491, 1.5109011), (0.74877256, 1.4201069, 1.5115433), (0.7505, 1.458688, 1.5467619), (0.74877256, 1.4603692, 1.5450805), (0.74597746, 1.459727, 1.5457227), (0.74597746, 1.4576489, 1.5478009), (0.74877256, 1.4570067, 1.5484431), (0.7505, 1.458688, 1.5467619), (0.74877256, 1.4608065, 1.5456824), (0.74597746, 1.4599973, 1.5460947), (0.74597746, 1.4573786, 1.547429), (0.74877256, 1.4565694, 1.5478413), (0.7505, 1.4823791, 1.5932583), (0.74877256, 1.4844975, 1.5921788), (0.74597746, 1.4836884, 1.5925912), (0.74597746, 1.4810698, 1.5939254), (0.74877256, 1.4802606, 1.5943377), (0.748, 1.4848483, 1.5928673), (0.74562234, 1.4831421, 1.5931374), (0.74653053, 1.4803815, 1.5935746), (0.74946946, 1.4803815, 1.5935746), (0.75037766, 1.4831421, 1.5931374), (0.748, 1.4930117, 1.644409), (0.74562234, 1.4913056, 1.6446792), (0.74653053, 1.4885448, 1.6451164), (0.74946946, 1.4885448, 1.6451164), (0.75037766, 1.4913056, 1.6446792), (0.748, 1.6042067, 1.6451911), (0.74562234, 1.6025006, 1.6449208), (0.74653053, 1.5997399, 1.6444836), (0.74946946, 1.5997399, 1.6444836), (0.75037766, 1.6025006, 1.6449208), (0.748, 1.5906011, 1.731094), (0.74562234, 1.5888948, 1.7308238), (0.74653053, 1.5861342, 1.7303865), (0.74946946, 1.5861342, 1.7303865), (0.75037766, 1.5888948, 1.7308238), (0.7455, 1.5881318, 1.7307029), (0.74722743, 1.5860133, 1.7296234), (0.75002253, 1.5868225, 1.7300358), (0.75002253, 1.5894412, 1.73137), (0.74722743, 1.5902504, 1.7317823), (0.7455, 1.5486466, 1.8081969), (0.74722743, 1.5465281, 1.8071176), (0.75002253, 1.5473373, 1.8075298), (0.75002253, 1.549956, 1.8088641), (0.74722743, 1.5507652, 1.8092763), (0.7455, 1.5486466, 1.8081969), (0.74722743, 1.5469654, 1.8065157), (0.75002253, 1.5476075, 1.8071579), (0.75002253, 1.5496857, 1.809236), (0.74722743, 1.5503279, 1.8098782), (0.7455, 1.487147, 1.8696966), (0.74722743, 1.4854658, 1.8680154), (0.75002253, 1.4861078, 1.8686576), (0.75002253, 1.488186, 1.8707356), (0.74722743, 1.4888282, 1.8713778), (0.7455, 1.487147, 1.8696966), (0.74722743, 1.4860675, 1.8675781), (0.75002253, 1.4864799, 1.8683873), (0.75002253, 1.4878141, 1.8710059), (0.74722743, 1.4882264, 1.8718151), (0.7455, 1.4096528, 1.9091818), (0.74722743, 1.4085734, 1.9070634), (0.75002253, 1.4089857, 1.9078726), (0.75002253, 1.41032, 1.9104911), (0.74722743, 1.4107323, 1.9113003), (0.7455, 1.4096528, 1.9091818), (0.74722743, 1.4092809, 1.9068334), (0.75002253, 1.409423, 1.9077305), (0.75002253, 1.4098828, 1.9106332), (0.74722743, 1.4100248, 1.9115301), (0.7455, 1.32375, 1.9227875), (0.74722743, 1.3233781, 1.9204391), (0.75002253, 1.3235202, 1.9213362), (0.75002253, 1.3239799, 1.9242389), (0.74722743, 1.324122, 1.9251359), (0.7455, 1.32375, 1.9227875), (0.74722743, 1.324122, 1.9204391), (0.75002253, 1.3239799, 1.9213362), (0.75002253, 1.3235202, 1.9242389), (0.74722743, 1.3233781, 1.9251359), (0.7455, 1.2378471, 1.9091818), (0.74722743, 1.2382191, 1.9068334), (0.75002253, 1.238077, 1.9077305), (0.75002253, 1.2376173, 1.9106332), (0.74722743, 1.2374752, 1.9115301), (0.7455, 1.2378471, 1.9091818), (0.74722743, 1.2389265, 1.9070634), (0.75002253, 1.2385143, 1.9078726), (0.75002253, 1.23718, 1.9104911), (0.74722743, 1.2367678, 1.9113003), (0.7455, 1.1603531, 1.8696966), (0.74722743, 1.1614325, 1.8675781), (0.75002253, 1.1610202, 1.8683873), (0.75002253, 1.159686, 1.8710059), (0.74722743, 1.1592736, 1.8718151), (0.7455, 1.1603531, 1.8696966), (0.74722743, 1.1620343, 1.8680154), (0.75002253, 1.1613921, 1.8686576), (0.75002253, 1.159314, 1.8707356), (0.74722743, 1.1586719, 1.8713778), (0.7455, 1.0988533, 1.8081969), (0.74722743, 1.1005347, 1.8065157), (0.75002253, 1.0998925, 1.8071579), (0.75002253, 1.0978143, 1.809236), (0.74722743, 1.0971721, 1.8098782), (0.7455, 1.0988533, 1.8081969), (0.74722743, 1.1009719, 1.8071176), (0.75002253, 1.1001627, 1.8075298), (0.75002253, 1.0975441, 1.8088641), (0.74722743, 1.0967349, 1.8092763), (0.7455, 1.0593681, 1.7307029), (0.74722743, 1.0614867, 1.7296234), (0.75002253, 1.0606775, 1.7300358), (0.75002253, 1.0580589, 1.73137), (0.74722743, 1.0572497, 1.7317823), (0.748, 1.056899, 1.731094), (0.74562234, 1.0586052, 1.7308238), (0.74653053, 1.0613658, 1.7303865), (0.74946946, 1.0613658, 1.7303865), (0.75037766, 1.0586052, 1.7308238), (0.748, 1.0432932, 1.6451911), (0.74562234, 1.0449995, 1.6449208), (0.74653053, 1.0477601, 1.6444836), (0.74946946, 1.0477601, 1.6444836), (0.75037766, 1.0449995, 1.6449208), (0.748, 1.0432932, 1.644409), (0.74562234, 1.0449995, 1.6446792), (0.74653053, 1.0477601, 1.6451164), (0.74946946, 1.0477601, 1.6451164), (0.75037766, 1.0449995, 1.6446792), (0.748, 1.056899, 1.558506), (0.74562234, 1.0586052, 1.5587763), (0.74653053, 1.0613658, 1.5592135), (0.74946946, 1.0613658, 1.5592135), (0.75037766, 1.0586052, 1.5587763), (0.7505, 1.0593681, 1.5588971), (0.74877256, 1.0572497, 1.5578177), (0.74597746, 1.0580589, 1.55823), (0.74597746, 1.0606775, 1.5595642), (0.74877256, 1.0614867, 1.5599766), (0.7505, 1.0988533, 1.481403), (0.74877256, 1.0967349, 1.4803237), (0.74597746, 1.0975441, 1.4807359), (0.74597746, 1.1001627, 1.4820702), (0.74877256, 1.1009719, 1.4824824), (0.7505, 1.0988533, 1.481403), (0.74877256, 1.0971721, 1.4797218), (0.74597746, 1.0978143, 1.480364), (0.74597746, 1.0998925, 1.4824421), (0.74877256, 1.1005347, 1.4830843), (0.7505, 1.1603531, 1.4199034), (0.74877256, 1.1586719, 1.4182222), (0.74597746, 1.159314, 1.4188644), (0.74597746, 1.1613921, 1.4209424), (0.74877256, 1.1620343, 1.4215846), (0.7505, 1.1603531, 1.4199034), (0.74877256, 1.1592736, 1.4177849), (0.74597746, 1.159686, 1.4185941), (0.74597746, 1.1610202, 1.4212127), (0.74877256, 1.1614325, 1.4220219), (0.7505, 1.2378471, 1.3804182), (0.74877256, 1.2367678, 1.3782997), (0.74597746, 1.23718, 1.3791089), (0.74597746, 1.2385143, 1.3817275), (0.74877256, 1.2389265, 1.3825366), (0.7505, 1.2378471, 1.3804182), (0.74877256, 1.2374752, 1.3780698), (0.74597746, 1.2376173, 1.3789668), (0.74597746, 1.238077, 1.3818696), (0.74877256, 1.2382191, 1.3827666), (0.7505, 1.32375, 1.3668125), (0.74877256, 1.3233781, 1.3644642), (0.74597746, 1.3235202, 1.3653611), (0.74597746, 1.3239799, 1.3682638), (0.74877256, 1.324122, 1.3691609), (0.7505, 1.32375, 1.3668125), (0.74877256, 1.324122, 1.3644642), (0.74597746, 1.3239799, 1.3653611), (0.74597746, 1.3235202, 1.3682638), (0.74877256, 1.3233781, 1.3691609), (0.7505, 1.4096528, 1.3804182), (0.74877256, 1.4100248, 1.3780698), (0.74597746, 1.4098828, 1.3789668), (0.74597746, 1.409423, 1.3818696), (0.74877256, 1.4092809, 1.3827666), (0.7505, 1.4096528, 1.3804182), (0.74877256, 1.4107323, 1.3782997), (0.74597746, 1.41032, 1.3791089), (0.74597746, 1.4089857, 1.3817275), (0.74877256, 1.4085734, 1.3825366), (0.7505, 1.487147, 1.4199034), (0.74877256, 1.4882264, 1.4177849), (0.74597746, 1.4878141, 1.4185941), (0.74597746, 1.4864799, 1.4212127), (0.74877256, 1.4860675, 1.4220219), (0.7505, 1.487147, 1.4199034), (0.74877256, 1.4888282, 1.4182222), (0.74597746, 1.488186, 1.4188644), (0.74597746, 1.4861078, 1.4209424), (0.74877256, 1.4854658, 1.4215846), (0.7505, 1.5486466, 1.481403), (0.74877256, 1.5503279, 1.4797218), (0.74597746, 1.5496857, 1.480364), (0.74597746, 1.5476075, 1.4824421), (0.74877256, 1.5469654, 1.4830843), (0.7505, 1.5486466, 1.481403), (0.74877256, 1.5507652, 1.4803237), (0.74597746, 1.549956, 1.4807359), (0.74597746, 1.5473373, 1.4820702), (0.74877256, 1.5465281, 1.4824824), (0.7505, 1.5881318, 1.5588971), (0.74877256, 1.5902504, 1.5578177), (0.74597746, 1.5894412, 1.55823), (0.74597746, 1.5868225, 1.5595642), (0.74877256, 1.5860133, 1.5599766), (0.748, 1.5906011, 1.558506), (0.74562234, 1.5888948, 1.5587763), (0.74653053, 1.5861342, 1.5592135), (0.74946946, 1.5861342, 1.5592135), (0.75037766, 1.5888948, 1.5587763), (0.748, 1.6042067, 1.644409), (0.74562234, 1.6025006, 1.6446792), (0.74653053, 1.5997399, 1.6451164), (0.74946946, 1.5997399, 1.6451164), (0.75037766, 1.6025006, 1.6446792)]
                    uniform token subdivisionScheme = "none"
                }

                def Mesh "FanGrille" (
                    prepend apiSchemas = ["MaterialBindingAPI"]
                )
                {
                    float3[] extent = [(0.742, -1.6944, 0.24095), (0.745, 1.6944, 2.01545)]
                    int[] faceVertexCounts = [4, 4, 4, 4, 4, 4, 4, 4, 4, 4, 4, 4, 4, 4, 4, 4, 4, 4, 4, 4, 4, 4, 4, 4, 4, 4, 4, 4, 3, 3, 3, 3, 3, 3, 3, 3, 3, 3, 3, 3, 3, 3, 3, 3, 3, 3, 3, 3, 3, 3, 3, 3, 3, 3, 3, 3, 3, 3, 3, 3, 3, 3, 3, 3, 3, 3, 3, 3, 3, 3, 3, 3, 3, 3, 3, 3, 3, 3, 3, 3, 3, 3, 3, 3, 4, 4, 4, 4, 4, 4, 4, 4, 4, 4, 4, 4, 4, 4, 4, 4, 4, 4, 4, 4, 4, 4, 4, 4, 4, 4, 4, 4, 3, 3, 3, 3, 3, 3, 3, 3, 3, 3, 3, 3, 3, 3, 3, 3, 3, 3, 3, 3, 3, 3, 3, 3, 3, 3, 3, 3, 3, 3, 3, 3, 3, 3, 3, 3, 3, 3, 3, 3, 3, 3, 3, 3, 3, 3, 3, 3, 3, 3, 3, 3, 3, 3, 3, 3, 4, 4, 4, 4, 4, 4, 4, 4, 4, 4, 4, 4, 4, 4, 4, 4, 4, 4, 4, 4, 4, 4, 4, 4, 4, 4, 4, 4, 3, 3, 3, 3, 3, 3, 3, 3, 3, 3, 3, 3, 3, 3, 3, 3, 3, 3, 3, 3, 3, 3, 3, 3, 3, 3, 3, 3, 3, 3, 3, 3, 3, 3, 3, 3, 3, 3, 3, 3, 3, 3, 3, 3, 3, 3, 3, 3, 3, 3, 3, 3, 3, 3, 3, 3, 4, 4, 4, 4, 4, 4, 4, 4, 4, 4, 4, 4, 4, 4, 4, 4, 4, 4, 4, 4, 4, 4, 4, 4, 4, 4, 4, 4, 3, 3, 3, 3, 3, 3, 3, 3, 3, 3, 3, 3, 3, 3, 3, 3, 3, 3, 3, 3, 3, 3, 3, 3, 3, 3, 3, 3, 3, 3, 3, 3, 3, 3, 3, 3, 3, 3, 3, 3, 3, 3, 3, 3, 3, 3, 3, 3, 3, 3, 3, 3, 3, 3, 3, 3, 4, 4, 4, 4, 4, 4, 4, 4, 4, 4, 4, 4, 4, 4, 4, 4, 4, 4, 4, 4, 4, 4, 4, 4, 4, 4, 4, 4, 3, 3, 3, 3, 3, 3, 3, 3, 3, 3, 3, 3, 3, 3, 3, 3, 3, 3, 3, 3, 3, 3, 3, 3, 3, 3, 3, 3, 3, 3, 3, 3, 3, 3, 3, 3, 3, 3, 3, 3, 3, 3, 3, 3, 3, 3, 3, 3, 3, 3, 3, 3, 3, 3, 3, 3, 4, 4, 4, 4, 4, 4, 4, 4, 4, 4, 4, 4, 4, 4, 4, 4, 4, 4, 4, 4, 4, 4, 4, 4, 4, 4, 4, 4, 3, 3, 3, 3, 3, 3, 3, 3, 3, 3, 3, 3, 3, 3, 3, 3, 3, 3, 3, 3, 3, 3, 3, 3, 3, 3, 3, 3, 3, 3, 3, 3, 3, 3, 3, 3, 3, 3, 3, 3, 3, 3, 3, 3, 3, 3, 3, 3, 3, 3, 3, 3, 3, 3, 3, 3, 4, 4, 4, 4, 4, 4, 4, 4, 4, 4, 4, 4, 4, 4, 4, 4, 4, 4, 4, 4, 4, 4, 4, 4, 4, 4, 4, 4, 3, 3, 3, 3, 3, 3, 3, 3, 3, 3, 3, 3, 3, 3, 3, 3, 3, 3, 3, 3, 3, 3, 3, 3, 3, 3, 3, 3, 3, 3, 3, 3, 3, 3, 3, 3, 3, 3, 3, 3, 3, 3, 3, 3, 3, 3, 3, 3, 3, 3, 3, 3, 3, 3, 3, 3, 4, 4, 4, 4, 4, 4, 4, 4, 4, 4, 4, 4, 4, 4, 4, 4, 4, 4, 4, 4, 4, 4, 4, 4, 4, 4, 4, 4, 3, 3, 3, 3, 3, 3, 3, 3, 3, 3, 3, 3, 3, 3, 3, 3, 3, 3, 3, 3, 3, 3, 3, 3, 3, 3, 3, 3, 3, 3, 3, 3, 3, 3, 3, 3, 3, 3, 3, 3, 3, 3, 3, 3, 3, 3, 3, 3, 3, 3, 3, 3, 3, 3, 3, 3]
                    int[] faceVertexIndices = [0, 1, 29, 28, 1, 2, 30, 29, 2, 3, 31, 30, 3, 4, 32, 31, 4, 5, 33, 32, 5, 6, 34, 33, 6, 7, 35, 34, 7, 8, 36, 35, 8, 9, 37, 36, 9, 10, 38, 37, 10, 11, 39, 38, 11, 12, 40, 39, 12, 13, 41, 40, 13, 14, 42, 41, 14, 15, 43, 42, 15, 16, 44, 43, 16, 17, 45, 44, 17, 18, 46, 45, 18, 19, 47, 46, 19, 20, 48, 47, 20, 21, 49, 48, 21, 22, 50, 49, 22, 23, 51, 50, 23, 24, 52, 51, 24, 25, 53, 52, 25, 26, 54, 53, 26, 27, 55, 54, 27, 0, 28, 55, 56, 1, 0, 57, 28, 29, 56, 2, 1, 57, 29, 30, 56, 3, 2, 57, 30, 31, 56, 4, 3, 57, 31, 32, 56, 5, 4, 57, 32, 33, 56, 6, 5, 57, 33, 34, 56, 7, 6, 57, 34, 35, 56, 8, 7, 57, 35, 36, 56, 9, 8, 57, 36, 37, 56, 10, 9, 57, 37, 38, 56, 11, 10, 57, 38, 39, 56, 12, 11, 57, 39, 40, 56, 13, 12, 57, 40, 41, 56, 14, 13, 57, 41, 42, 56, 15, 14, 57, 42, 43, 56, 16, 15, 57, 43, 44, 56, 17, 16, 57, 44, 45, 56, 18, 17, 57, 45, 46, 56, 19, 18, 57, 46, 47, 56, 20, 19, 57, 47, 48, 56, 21, 20, 57, 48, 49, 56, 22, 21, 57, 49, 50, 56, 23, 22, 57, 50, 51, 56, 24, 23, 57, 51, 52, 56, 25, 24, 57, 52, 53, 56, 26, 25, 57, 53, 54, 56, 27, 26, 57, 54, 55, 56, 0, 27, 57, 55, 28, 58, 59, 87, 86, 59, 60, 88, 87, 60, 61, 89, 88, 61, 62, 90, 89, 62, 63, 91, 90, 63, 64, 92, 91, 64, 65, 93, 92, 65, 66, 94, 93, 66, 67, 95, 94, 67, 68, 96, 95, 68, 69, 97, 96, 69, 70, 98, 97, 70, 71, 99, 98, 71, 72, 100, 99, 72, 73, 101, 100, 73, 74, 102, 101, 74, 75, 103, 102, 75, 76, 104, 103, 76, 77, 105, 104, 77, 78, 106, 105, 78, 79, 107, 106, 79, 80, 108, 107, 80, 81, 109, 108, 81, 82, 110, 109, 82, 83, 111, 110, 83, 84, 112, 111, 84, 85, 113, 112, 85, 58, 86, 113, 114, 59, 58, 115, 86, 87, 114, 60, 59, 115, 87, 88, 114, 61, 60, 115, 88, 89, 114, 62, 61, 115, 89, 90, 114, 63, 62, 115, 90, 91, 114, 64, 63, 115, 91, 92, 114, 65, 64, 115, 92, 93, 114, 66, 65, 115, 93, 94, 114, 67, 66, 115, 94, 95, 114, 68, 67, 115, 95, 96, 114, 69, 68, 115, 96, 97, 114, 70, 69, 115, 97, 98, 114, 71, 70, 115, 98, 99, 114, 72, 71, 115, 99, 100, 114, 73, 72, 115, 100, 101, 114, 74, 73, 115, 101, 102, 114, 75, 74, 115, 102, 103, 114, 76, 75, 115, 103, 104, 114, 77, 76, 115, 104, 105, 114, 78, 77, 115, 105, 106, 114, 79, 78, 115, 106, 107, 114, 80, 79, 115, 107, 108, 114, 81, 80, 115, 108, 109, 114, 82, 81, 115, 109, 110, 114, 83, 82, 115, 110, 111, 114, 84, 83, 115, 111, 112, 114, 85, 84, 115, 112, 113, 114, 58, 85, 115, 113, 86, 116, 117, 145, 144, 117, 118, 146, 145, 118, 119, 147, 146, 119, 120, 148, 147, 120, 121, 149, 148, 121, 122, 150, 149, 122, 123, 151, 150, 123, 124, 152, 151, 124, 125, 153, 152, 125, 126, 154, 153, 126, 127, 155, 154, 127, 128, 156, 155, 128, 129, 157, 156, 129, 130, 158, 157, 130, 131, 159, 158, 131, 132, 160, 159, 132, 133, 161, 160, 133, 134, 162, 161, 134, 135, 163, 162, 135, 136, 164, 163, 136, 137, 165, 164, 137, 138, 166, 165, 138, 139, 167, 166, 139, 140, 168, 167, 140, 141, 169, 168, 141, 142, 170, 169, 142, 143, 171, 170, 143, 116, 144, 171, 172, 117, 116, 173, 144, 145, 172, 118, 117, 173, 145, 146, 172, 119, 118, 173, 146, 147, 172, 120, 119, 173, 147, 148, 172, 121, 120, 173, 148, 149, 172, 122, 121, 173, 149, 150, 172, 123, 122, 173, 150, 151, 172, 124, 123, 173, 151, 152, 172, 125, 124, 173, 152, 153, 172, 126, 125, 173, 153, 154, 172, 127, 126, 173, 154, 155, 172, 128, 127, 173, 155, 156, 172, 129, 128, 173, 156, 157, 172, 130, 129, 173, 157, 158, 172, 131, 130, 173, 158, 159, 172, 132, 131, 173, 159, 160, 172, 133, 132, 173, 160, 161, 172, 134, 133, 173, 161, 162, 172, 135, 134, 173, 162, 163, 172, 136, 135, 173, 163, 164, 172, 137, 136, 173, 164, 165, 172, 138, 137, 173, 165, 166, 172, 139, 138, 173, 166, 167, 172, 140, 139, 173, 167, 168, 172, 141, 140, 173, 168, 169, 172, 142, 141, 173, 169, 170, 172, 143, 142, 173, 170, 171, 172, 116, 143, 173, 171, 144, 174, 175, 203, 202, 175, 176, 204, 203, 176, 177, 205, 204, 177, 178, 206, 205, 178, 179, 207, 206, 179, 180, 208, 207, 180, 181, 209, 208, 181, 182, 210, 209, 182, 183, 211, 210, 183, 184, 212, 211, 184, 185, 213, 212, 185, 186, 214, 213, 186, 187, 215, 214, 187, 188, 216, 215, 188, 189, 217, 216, 189, 190, 218, 217, 190, 191, 219, 218, 191, 192, 220, 219, 192, 193, 221, 220, 193, 194, 222, 221, 194, 195, 223, 222, 195, 196, 224, 223, 196, 197, 225, 224, 197, 198, 226, 225, 198, 199, 227, 226, 199, 200, 228, 227, 200, 201, 229, 228, 201, 174, 202, 229, 230, 175, 174, 231, 202, 203, 230, 176, 175, 231, 203, 204, 230, 177, 176, 231, 204, 205, 230, 178, 177, 231, 205, 206, 230, 179, 178, 231, 206, 207, 230, 180, 179, 231, 207, 208, 230, 181, 180, 231, 208, 209, 230, 182, 181, 231, 209, 210, 230, 183, 182, 231, 210, 211, 230, 184, 183, 231, 211, 212, 230, 185, 184, 231, 212, 213, 230, 186, 185, 231, 213, 214, 230, 187, 186, 231, 214, 215, 230, 188, 187, 231, 215, 216, 230, 189, 188, 231, 216, 217, 230, 190, 189, 231, 217, 218, 230, 191, 190, 231, 218, 219, 230, 192, 191, 231, 219, 220, 230, 193, 192, 231, 220, 221, 230, 194, 193, 231, 221, 222, 230, 195, 194, 231, 222, 223, 230, 196, 195, 231, 223, 224, 230, 197, 196, 231, 224, 225, 230, 198, 197, 231, 225, 226, 230, 199, 198, 231, 226, 227, 230, 200, 199, 231, 227, 228, 230, 201, 200, 231, 228, 229, 230, 174, 201, 231, 229, 202, 232, 233, 261, 260, 233, 234, 262, 261, 234, 235, 263, 262, 235, 236, 264, 263, 236, 237, 265, 264, 237, 238, 266, 265, 238, 239, 267, 266, 239, 240, 268, 267, 240, 241, 269, 268, 241, 242, 270, 269, 242, 243, 271, 270, 243, 244, 272, 271, 244, 245, 273, 272, 245, 246, 274, 273, 246, 247, 275, 274, 247, 248, 276, 275, 248, 249, 277, 276, 249, 250, 278, 277, 250, 251, 279, 278, 251, 252, 280, 279, 252, 253, 281, 280, 253, 254, 282, 281, 254, 255, 283, 282, 255, 256, 284, 283, 256, 257, 285, 284, 257, 258, 286, 285, 258, 259, 287, 286, 259, 232, 260, 287, 288, 233, 232, 289, 260, 261, 288, 234, 233, 289, 261, 262, 288, 235, 234, 289, 262, 263, 288, 236, 235, 289, 263, 264, 288, 237, 236, 289, 264, 265, 288, 238, 237, 289, 265, 266, 288, 239, 238, 289, 266, 267, 288, 240, 239, 289, 267, 268, 288, 241, 240, 289, 268, 269, 288, 242, 241, 289, 269, 270, 288, 243, 242, 289, 270, 271, 288, 244, 243, 289, 271, 272, 288, 245, 244, 289, 272, 273, 288, 246, 245, 289, 273, 274, 288, 247, 246, 289, 274, 275, 288, 248, 247, 289, 275, 276, 288, 249, 248, 289, 276, 277, 288, 250, 249, 289, 277, 278, 288, 251, 250, 289, 278, 279, 288, 252, 251, 289, 279, 280, 288, 253, 252, 289, 280, 281, 288, 254, 253, 289, 281, 282, 288, 255, 254, 289, 282, 283, 288, 256, 255, 289, 283, 284, 288, 257, 256, 289, 284, 285, 288, 258, 257, 289, 285, 286, 288, 259, 258, 289, 286, 287, 288, 232, 259, 289, 287, 260, 290, 291, 319, 318, 291, 292, 320, 319, 292, 293, 321, 320, 293, 294, 322, 321, 294, 295, 323, 322, 295, 296, 324, 323, 296, 297, 325, 324, 297, 298, 326, 325, 298, 299, 327, 326, 299, 300, 328, 327, 300, 301, 329, 328, 301, 302, 330, 329, 302, 303, 331, 330, 303, 304, 332, 331, 304, 305, 333, 332, 305, 306, 334, 333, 306, 307, 335, 334, 307, 308, 336, 335, 308, 309, 337, 336, 309, 310, 338, 337, 310, 311, 339, 338, 311, 312, 340, 339, 312, 313, 341, 340, 313, 314, 342, 341, 314, 315, 343, 342, 315, 316, 344, 343, 316, 317, 345, 344, 317, 290, 318, 345, 346, 291, 290, 347, 318, 319, 346, 292, 291, 347, 319, 320, 346, 293, 292, 347, 320, 321, 346, 294, 293, 347, 321, 322, 346, 295, 294, 347, 322, 323, 346, 296, 295, 347, 323, 324, 346, 297, 296, 347, 324, 325, 346, 298, 297, 347, 325, 326, 346, 299, 298, 347, 326, 327, 346, 300, 299, 347, 327, 328, 346, 301, 300, 347, 328, 329, 346, 302, 301, 347, 329, 330, 346, 303, 302, 347, 330, 331, 346, 304, 303, 347, 331, 332, 346, 305, 304, 347, 332, 333, 346, 306, 305, 347, 333, 334, 346, 307, 306, 347, 334, 335, 346, 308, 307, 347, 335, 336, 346, 309, 308, 347, 336, 337, 346, 310, 309, 347, 337, 338, 346, 311, 310, 347, 338, 339, 346, 312, 311, 347, 339, 340, 346, 313, 312, 347, 340, 341, 346, 314, 313, 347, 341, 342, 346, 315, 314, 347, 342, 343, 346, 316, 315, 347, 343, 344, 346, 317, 316, 347, 344, 345, 346, 290, 317, 347, 345, 318, 348, 349, 377, 376, 349, 350, 378, 377, 350, 351, 379, 378, 351, 352, 380, 379, 352, 353, 381, 380, 353, 354, 382, 381, 354, 355, 383, 382, 355, 356, 384, 383, 356, 357, 385, 384, 357, 358, 386, 385, 358, 359, 387, 386, 359, 360, 388, 387, 360, 361, 389, 388, 361, 362, 390, 389, 362, 363, 391, 390, 363, 364, 392, 391, 364, 365, 393, 392, 365, 366, 394, 393, 366, 367, 395, 394, 367, 368, 396, 395, 368, 369, 397, 396, 369, 370, 398, 397, 370, 371, 399, 398, 371, 372, 400, 399, 372, 373, 401, 400, 373, 374, 402, 401, 374, 375, 403, 402, 375, 348, 376, 403, 404, 349, 348, 405, 376, 377, 404, 350, 349, 405, 377, 378, 404, 351, 350, 405, 378, 379, 404, 352, 351, 405, 379, 380, 404, 353, 352, 405, 380, 381, 404, 354, 353, 405, 381, 382, 404, 355, 354, 405, 382, 383, 404, 356, 355, 405, 383, 384, 404, 357, 356, 405, 384, 385, 404, 358, 357, 405, 385, 386, 404, 359, 358, 405, 386, 387, 404, 360, 359, 405, 387, 388, 404, 361, 360, 405, 388, 389, 404, 362, 361, 405, 389, 390, 404, 363, 362, 405, 390, 391, 404, 364, 363, 405, 391, 392, 404, 365, 364, 405, 392, 393, 404, 366, 365, 405, 393, 394, 404, 367, 366, 405, 394, 395, 404, 368, 367, 405, 395, 396, 404, 369, 368, 405, 396, 397, 404, 370, 369, 405, 397, 398, 404, 371, 370, 405, 398, 399, 404, 372, 371, 405, 399, 400, 404, 373, 372, 405, 400, 401, 404, 374, 373, 405, 401, 402, 404, 375, 374, 405, 402, 403, 404, 348, 375, 405, 403, 376, 406, 407, 435, 434, 407, 408, 436, 435, 408, 409, 437, 436, 409, 410, 438, 437, 410, 411, 439, 438, 411, 412, 440, 439, 412, 413, 441, 440, 413, 414, 442, 441, 414, 415, 443, 442, 415, 416, 444, 443, 416, 417, 445, 444, 417, 418, 446, 445, 418, 419, 447, 446, 419, 420, 448, 447, 420, 421, 449, 448, 421, 422, 450, 449, 422, 423, 451, 450, 423, 424, 452, 451, 424, 425, 453, 452, 425, 426, 454, 453, 426, 427, 455, 454, 427, 428, 456, 455, 428, 429, 457, 456, 429, 430, 458, 457, 430, 431, 459, 458, 431, 432, 460, 459, 432, 433, 461, 460, 433, 406, 434, 461, 462, 407, 406, 463, 434, 435, 462, 408, 407, 463, 435, 436, 462, 409, 408, 463, 436, 437, 462, 410, 409, 463, 437, 438, 462, 411, 410, 463, 438, 439, 462, 412, 411, 463, 439, 440, 462, 413, 412, 463, 440, 441, 462, 414, 413, 463, 441, 442, 462, 415, 414, 463, 442, 443, 462, 416, 415, 463, 443, 444, 462, 417, 416, 463, 444, 445, 462, 418, 417, 463, 445, 446, 462, 419, 418, 463, 446, 447, 462, 420, 419, 463, 447, 448, 462, 421, 420, 463, 448, 449, 462, 422, 421, 463, 449, 450, 462, 423, 422, 463, 450, 451, 462, 424, 423, 463, 451, 452, 462, 425, 424, 463, 452, 453, 462, 426, 425, 463, 453, 454, 462, 427, 426, 463, 454, 455, 462, 428, 427, 463, 455, 456, 462, 429, 428, 463, 456, 457, 462, 430, 429, 463, 457, 458, 462, 431, 430, 463, 458, 459, 462, 432, 431, 463, 459, 460, 462, 433, 432, 463, 460, 461, 462, 406, 433, 463, 461, 434]
                    rel material:binding = </GenericCRAH/Looks/FanGrille>
                    uniform token orientation = "rightHanded"
                    point3f[] points = [(0.742, -1.6944, 0.6116), (0.742, -1.685107, 0.5291226), (0.742, -1.6576941, 0.450781), (0.742, -1.6135359, 0.3805035), (0.742, -1.5548465, 0.32181415), (0.742, -1.484569, 0.2776559), (0.742, -1.4062274, 0.25024298), (0.742, -1.32375, 0.24095), (0.742, -1.2412726, 0.25024298), (0.742, -1.162931, 0.2776559), (0.742, -1.0926535, 0.32181415), (0.742, -1.0339642, 0.3805035), (0.742, -0.9898059, 0.450781), (0.742, -0.962393, 0.5291226), (0.742, -0.9531, 0.6116), (0.742, -0.962393, 0.6940774), (0.742, -0.9898059, 0.77241904), (0.742, -1.0339642, 0.8426965), (0.742, -1.0926535, 0.90138584), (0.742, -1.162931, 0.9455441), (0.742, -1.2412726, 0.972957), (0.742, -1.32375, 0.98225), (0.742, -1.4062274, 0.972957), (0.742, -1.484569, 0.9455441), (0.742, -1.5548465, 0.90138584), (0.742, -1.6135359, 0.8426965), (0.742, -1.6576941, 0.77241904), (0.742, -1.685107, 0.6940774), (0.745, -1.6944, 0.6116), (0.745, -1.685107, 0.5291226), (0.745, -1.6576941, 0.450781), (0.745, -1.6135359, 0.3805035), (0.745, -1.5548465, 0.32181415), (0.745, -1.484569, 0.2776559), (0.745, -1.4062274, 0.25024298), (0.745, -1.32375, 0.24095), (0.745, -1.2412726, 0.25024298), (0.745, -1.162931, 0.2776559), (0.745, -1.0926535, 0.32181415), (0.745, -1.0339642, 0.3805035), (0.745, -0.9898059, 0.450781), (0.745, -0.962393, 0.5291226), (0.745, -0.9531, 0.6116), (0.745, -0.962393, 0.6940774), (0.745, -0.9898059, 0.77241904), (0.745, -1.0339642, 0.8426965), (0.745, -1.0926535, 0.90138584), (0.745, -1.162931, 0.9455441), (0.745, -1.2412726, 0.972957), (0.745, -1.32375, 0.98225), (0.745, -1.4062274, 0.972957), (0.745, -1.484569, 0.9455441), (0.745, -1.5548465, 0.90138584), (0.745, -1.6135359, 0.8426965), (0.745, -1.6576941, 0.77241904), (0.745, -1.685107, 0.6940774), (0.742, -1.32375, 0.6116), (0.745, -1.32375, 0.6116), (0.742, -0.8119, 0.6116), (0.742, -0.80260706, 0.5291226), (0.742, -0.7751941, 0.450781), (0.742, -0.7310358, 0.3805035), (0.742, -0.6723465, 0.32181415), (0.742, -0.602069, 0.2776559), (0.742, -0.52372736, 0.25024298), (0.742, -0.44125, 0.24095), (0.742, -0.3587726, 0.25024298), (0.742, -0.280431, 0.2776559), (0.742, -0.2101535, 0.32181415), (0.742, -0.15146416, 0.3805035), (0.742, -0.10730589, 0.450781), (0.742, -0.07989297, 0.5291226), (0.742, -0.0706, 0.6116), (0.742, -0.07989297, 0.6940774), (0.742, -0.10730589, 0.77241904), (0.742, -0.15146416, 0.8426965), (0.742, -0.2101535, 0.90138584), (0.742, -0.280431, 0.9455441), (0.742, -0.3587726, 0.972957), (0.742, -0.44125, 0.98225), (0.742, -0.52372736, 0.972957), (0.742, -0.602069, 0.9455441), (0.742, -0.6723465, 0.90138584), (0.742, -0.7310358, 0.8426965), (0.742, -0.7751941, 0.77241904), (0.742, -0.80260706, 0.6940774), (0.745, -0.8119, 0.6116), (0.745, -0.80260706, 0.5291226), (0.745, -0.7751941, 0.450781), (0.745, -0.7310358, 0.3805035), (0.745, -0.6723465, 0.32181415), (0.745, -0.602069, 0.2776559), (0.745, -0.52372736, 0.25024298), (0.745, -0.44125, 0.24095), (0.745, -0.3587726, 0.25024298), (0.745, -0.280431, 0.2776559), (0.745, -0.2101535, 0.32181415), (0.745, -0.15146416, 0.3805035), (0.745, -0.10730589, 0.450781), (0.745, -0.07989297, 0.5291226), (0.745, -0.0706, 0.6116), (0.745, -0.07989297, 0.6940774), (0.745, -0.10730589, 0.77241904), (0.745, -0.15146416, 0.8426965), (0.745, -0.2101535, 0.90138584), (0.745, -0.280431, 0.9455441), (0.745, -0.3587726, 0.972957), (0.745, -0.44125, 0.98225), (0.745, -0.52372736, 0.972957), (0.745, -0.602069, 0.9455441), (0.745, -0.6723465, 0.90138584), (0.745, -0.7310358, 0.8426965), (0.745, -0.7751941, 0.77241904), (0.745, -0.80260706, 0.6940774), (0.742, -0.44125, 0.6116), (0.745, -0.44125, 0.6116), (0.742, 0.0706, 0.6116), (0.742, 0.07989297, 0.5291226), (0.742, 0.10730589, 0.450781), (0.742, 0.15146416, 0.3805035), (0.742, 0.2101535, 0.32181415), (0.742, 0.280431, 0.2776559), (0.742, 0.3587726, 0.25024298), (0.742, 0.44125, 0.24095), (0.742, 0.52372736, 0.25024298), (0.742, 0.602069, 0.2776559), (0.742, 0.6723465, 0.32181415), (0.742, 0.7310358, 0.3805035), (0.742, 0.7751941, 0.450781), (0.742, 0.80260706, 0.5291226), (0.742, 0.8119, 0.6116), (0.742, 0.80260706, 0.6940774), (0.742, 0.7751941, 0.77241904), (0.742, 0.7310358, 0.8426965), (0.742, 0.6723465, 0.90138584), (0.742, 0.602069, 0.9455441), (0.742, 0.52372736, 0.972957), (0.742, 0.44125, 0.98225), (0.742, 0.3587726, 0.972957), (0.742, 0.280431, 0.9455441), (0.742, 0.2101535, 0.90138584), (0.742, 0.15146416, 0.8426965), (0.742, 0.10730589, 0.77241904), (0.742, 0.07989297, 0.6940774), (0.745, 0.0706, 0.6116), (0.745, 0.07989297, 0.5291226), (0.745, 0.10730589, 0.450781), (0.745, 0.15146416, 0.3805035), (0.745, 0.2101535, 0.32181415), (0.745, 0.280431, 0.2776559), (0.745, 0.3587726, 0.25024298), (0.745, 0.44125, 0.24095), (0.745, 0.52372736, 0.25024298), (0.745, 0.602069, 0.2776559), (0.745, 0.6723465, 0.32181415), (0.745, 0.7310358, 0.3805035), (0.745, 0.7751941, 0.450781), (0.745, 0.80260706, 0.5291226), (0.745, 0.8119, 0.6116), (0.745, 0.80260706, 0.6940774), (0.745, 0.7751941, 0.77241904), (0.745, 0.7310358, 0.8426965), (0.745, 0.6723465, 0.90138584), (0.745, 0.602069, 0.9455441), (0.745, 0.52372736, 0.972957), (0.745, 0.44125, 0.98225), (0.745, 0.3587726, 0.972957), (0.745, 0.280431, 0.9455441), (0.745, 0.2101535, 0.90138584), (0.745, 0.15146416, 0.8426965), (0.745, 0.10730589, 0.77241904), (0.745, 0.07989297, 0.6940774), (0.742, 0.44125, 0.6116), (0.745, 0.44125, 0.6116), (0.742, 0.9531, 0.6116), (0.742, 0.962393, 0.5291226), (0.742, 0.9898059, 0.450781), (0.742, 1.0339642, 0.3805035), (0.742, 1.0926535, 0.32181415), (0.742, 1.162931, 0.2776559), (0.742, 1.2412726, 0.25024298), (0.742, 1.32375, 0.24095), (0.742, 1.4062274, 0.25024298), (0.742, 1.484569, 0.2776559), (0.742, 1.5548465, 0.32181415), (0.742, 1.6135359, 0.3805035), (0.742, 1.6576941, 0.450781), (0.742, 1.685107, 0.5291226), (0.742, 1.6944, 0.6116), (0.742, 1.685107, 0.6940774), (0.742, 1.6576941, 0.77241904), (0.742, 1.6135359, 0.8426965), (0.742, 1.5548465, 0.90138584), (0.742, 1.484569, 0.9455441), (0.742, 1.4062274, 0.972957), (0.742, 1.32375, 0.98225), (0.742, 1.2412726, 0.972957), (0.742, 1.162931, 0.9455441), (0.742, 1.0926535, 0.90138584), (0.742, 1.0339642, 0.8426965), (0.742, 0.9898059, 0.77241904), (0.742, 0.962393, 0.6940774), (0.745, 0.9531, 0.6116), (0.745, 0.962393, 0.5291226), (0.745, 0.9898059, 0.450781), (0.745, 1.0339642, 0.3805035), (0.745, 1.0926535, 0.32181415), (0.745, 1.162931, 0.2776559), (0.745, 1.2412726, 0.25024298), (0.745, 1.32375, 0.24095), (0.745, 1.4062274, 0.25024298), (0.745, 1.484569, 0.2776559), (0.745, 1.5548465, 0.32181415), (0.745, 1.6135359, 0.3805035), (0.745, 1.6576941, 0.450781), (0.745, 1.685107, 0.5291226), (0.745, 1.6944, 0.6116), (0.745, 1.685107, 0.6940774), (0.745, 1.6576941, 0.77241904), (0.745, 1.6135359, 0.8426965), (0.745, 1.5548465, 0.90138584), (0.745, 1.484569, 0.9455441), (0.745, 1.4062274, 0.972957), (0.745, 1.32375, 0.98225), (0.745, 1.2412726, 0.972957), (0.745, 1.162931, 0.9455441), (0.745, 1.0926535, 0.90138584), (0.745, 1.0339642, 0.8426965), (0.745, 0.9898059, 0.77241904), (0.745, 0.962393, 0.6940774), (0.742, 1.32375, 0.6116), (0.745, 1.32375, 0.6116), (0.742, -1.6944, 1.6448), (0.742, -1.685107, 1.5623226), (0.742, -1.6576941, 1.483981), (0.742, -1.6135359, 1.4137036), (0.742, -1.5548465, 1.3550142), (0.742, -1.484569, 1.3108559), (0.742, -1.4062274, 1.283443), (0.742, -1.32375, 1.27415), (0.742, -1.2412726, 1.283443), (0.742, -1.162931, 1.3108559), (0.742, -1.0926535, 1.3550142), (0.742, -1.0339642, 1.4137036), (0.742, -0.9898059, 1.483981), (0.742, -0.962393, 1.5623226), (0.742, -0.9531, 1.6448), (0.742, -0.962393, 1.7272774), (0.742, -0.9898059, 1.805619), (0.742, -1.0339642, 1.8758965), (0.742, -1.0926535, 1.9345858), (0.742, -1.162931, 1.9787441), (0.742, -1.2412726, 2.006157), (0.742, -1.32375, 2.01545), (0.742, -1.4062274, 2.006157), (0.742, -1.484569, 1.9787441), (0.742, -1.5548465, 1.9345858), (0.742, -1.6135359, 1.8758965), (0.742, -1.6576941, 1.805619), (0.742, -1.685107, 1.7272774), (0.745, -1.6944, 1.6448), (0.745, -1.685107, 1.5623226), (0.745, -1.6576941, 1.483981), (0.745, -1.6135359, 1.4137036), (0.745, -1.5548465, 1.3550142), (0.745, -1.484569, 1.3108559), (0.745, -1.4062274, 1.283443), (0.745, -1.32375, 1.27415), (0.745, -1.2412726, 1.283443), (0.745, -1.162931, 1.3108559), (0.745, -1.0926535, 1.3550142), (0.745, -1.0339642, 1.4137036), (0.745, -0.9898059, 1.483981), (0.745, -0.962393, 1.5623226), (0.745, -0.9531, 1.6448), (0.745, -0.962393, 1.7272774), (0.745, -0.9898059, 1.805619), (0.745, -1.0339642, 1.8758965), (0.745, -1.0926535, 1.9345858), (0.745, -1.162931, 1.9787441), (0.745, -1.2412726, 2.006157), (0.745, -1.32375, 2.01545), (0.745, -1.4062274, 2.006157), (0.745, -1.484569, 1.9787441), (0.745, -1.5548465, 1.9345858), (0.745, -1.6135359, 1.8758965), (0.745, -1.6576941, 1.805619), (0.745, -1.685107, 1.7272774), (0.742, -1.32375, 1.6448), (0.745, -1.32375, 1.6448), (0.742, -0.8119, 1.6448), (0.742, -0.80260706, 1.5623226), (0.742, -0.7751941, 1.483981), (0.742, -0.7310358, 1.4137036), (0.742, -0.6723465, 1.3550142), (0.742, -0.602069, 1.3108559), (0.742, -0.52372736, 1.283443), (0.742, -0.44125, 1.27415), (0.742, -0.3587726, 1.283443), (0.742, -0.280431, 1.3108559), (0.742, -0.2101535, 1.3550142), (0.742, -0.15146416, 1.4137036), (0.742, -0.10730589, 1.483981), (0.742, -0.07989297, 1.5623226), (0.742, -0.0706, 1.6448), (0.742, -0.07989297, 1.7272774), (0.742, -0.10730589, 1.805619), (0.742, -0.15146416, 1.8758965), (0.742, -0.2101535, 1.9345858), (0.742, -0.280431, 1.9787441), (0.742, -0.3587726, 2.006157), (0.742, -0.44125, 2.01545), (0.742, -0.52372736, 2.006157), (0.742, -0.602069, 1.9787441), (0.742, -0.6723465, 1.9345858), (0.742, -0.7310358, 1.8758965), (0.742, -0.7751941, 1.805619), (0.742, -0.80260706, 1.7272774), (0.745, -0.8119, 1.6448), (0.745, -0.80260706, 1.5623226), (0.745, -0.7751941, 1.483981), (0.745, -0.7310358, 1.4137036), (0.745, -0.6723465, 1.3550142), (0.745, -0.602069, 1.3108559), (0.745, -0.52372736, 1.283443), (0.745, -0.44125, 1.27415), (0.745, -0.3587726, 1.283443), (0.745, -0.280431, 1.3108559), (0.745, -0.2101535, 1.3550142), (0.745, -0.15146416, 1.4137036), (0.745, -0.10730589, 1.483981), (0.745, -0.07989297, 1.5623226), (0.745, -0.0706, 1.6448), (0.745, -0.07989297, 1.7272774), (0.745, -0.10730589, 1.805619), (0.745, -0.15146416, 1.8758965), (0.745, -0.2101535, 1.9345858), (0.745, -0.280431, 1.9787441), (0.745, -0.3587726, 2.006157), (0.745, -0.44125, 2.01545), (0.745, -0.52372736, 2.006157), (0.745, -0.602069, 1.9787441), (0.745, -0.6723465, 1.9345858), (0.745, -0.7310358, 1.8758965), (0.745, -0.7751941, 1.805619), (0.745, -0.80260706, 1.7272774), (0.742, -0.44125, 1.6448), (0.745, -0.44125, 1.6448), (0.742, 0.0706, 1.6448), (0.742, 0.07989297, 1.5623226), (0.742, 0.10730589, 1.483981), (0.742, 0.15146416, 1.4137036), (0.742, 0.2101535, 1.3550142), (0.742, 0.280431, 1.3108559), (0.742, 0.3587726, 1.283443), (0.742, 0.44125, 1.27415), (0.742, 0.52372736, 1.283443), (0.742, 0.602069, 1.3108559), (0.742, 0.6723465, 1.3550142), (0.742, 0.7310358, 1.4137036), (0.742, 0.7751941, 1.483981), (0.742, 0.80260706, 1.5623226), (0.742, 0.8119, 1.6448), (0.742, 0.80260706, 1.7272774), (0.742, 0.7751941, 1.805619), (0.742, 0.7310358, 1.8758965), (0.742, 0.6723465, 1.9345858), (0.742, 0.602069, 1.9787441), (0.742, 0.52372736, 2.006157), (0.742, 0.44125, 2.01545), (0.742, 0.3587726, 2.006157), (0.742, 0.280431, 1.9787441), (0.742, 0.2101535, 1.9345858), (0.742, 0.15146416, 1.8758965), (0.742, 0.10730589, 1.805619), (0.742, 0.07989297, 1.7272774), (0.745, 0.0706, 1.6448), (0.745, 0.07989297, 1.5623226), (0.745, 0.10730589, 1.483981), (0.745, 0.15146416, 1.4137036), (0.745, 0.2101535, 1.3550142), (0.745, 0.280431, 1.3108559), (0.745, 0.3587726, 1.283443), (0.745, 0.44125, 1.27415), (0.745, 0.52372736, 1.283443), (0.745, 0.602069, 1.3108559), (0.745, 0.6723465, 1.3550142), (0.745, 0.7310358, 1.4137036), (0.745, 0.7751941, 1.483981), (0.745, 0.80260706, 1.5623226), (0.745, 0.8119, 1.6448), (0.745, 0.80260706, 1.7272774), (0.745, 0.7751941, 1.805619), (0.745, 0.7310358, 1.8758965), (0.745, 0.6723465, 1.9345858), (0.745, 0.602069, 1.9787441), (0.745, 0.52372736, 2.006157), (0.745, 0.44125, 2.01545), (0.745, 0.3587726, 2.006157), (0.745, 0.280431, 1.9787441), (0.745, 0.2101535, 1.9345858), (0.745, 0.15146416, 1.8758965), (0.745, 0.10730589, 1.805619), (0.745, 0.07989297, 1.7272774), (0.742, 0.44125, 1.6448), (0.745, 0.44125, 1.6448), (0.742, 0.9531, 1.6448), (0.742, 0.962393, 1.5623226), (0.742, 0.9898059, 1.483981), (0.742, 1.0339642, 1.4137036), (0.742, 1.0926535, 1.3550142), (0.742, 1.162931, 1.3108559), (0.742, 1.2412726, 1.283443), (0.742, 1.32375, 1.27415), (0.742, 1.4062274, 1.283443), (0.742, 1.484569, 1.3108559), (0.742, 1.5548465, 1.3550142), (0.742, 1.6135359, 1.4137036), (0.742, 1.6576941, 1.483981), (0.742, 1.685107, 1.5623226), (0.742, 1.6944, 1.6448), (0.742, 1.685107, 1.7272774), (0.742, 1.6576941, 1.805619), (0.742, 1.6135359, 1.8758965), (0.742, 1.5548465, 1.9345858), (0.742, 1.484569, 1.9787441), (0.742, 1.4062274, 2.006157), (0.742, 1.32375, 2.01545), (0.742, 1.2412726, 2.006157), (0.742, 1.162931, 1.9787441), (0.742, 1.0926535, 1.9345858), (0.742, 1.0339642, 1.8758965), (0.742, 0.9898059, 1.805619), (0.742, 0.962393, 1.7272774), (0.745, 0.9531, 1.6448), (0.745, 0.962393, 1.5623226), (0.745, 0.9898059, 1.483981), (0.745, 1.0339642, 1.4137036), (0.745, 1.0926535, 1.3550142), (0.745, 1.162931, 1.3108559), (0.745, 1.2412726, 1.283443), (0.745, 1.32375, 1.27415), (0.745, 1.4062274, 1.283443), (0.745, 1.484569, 1.3108559), (0.745, 1.5548465, 1.3550142), (0.745, 1.6135359, 1.4137036), (0.745, 1.6576941, 1.483981), (0.745, 1.685107, 1.5623226), (0.745, 1.6944, 1.6448), (0.745, 1.685107, 1.7272774), (0.745, 1.6576941, 1.805619), (0.745, 1.6135359, 1.8758965), (0.745, 1.5548465, 1.9345858), (0.745, 1.484569, 1.9787441), (0.745, 1.4062274, 2.006157), (0.745, 1.32375, 2.01545), (0.745, 1.2412726, 2.006157), (0.745, 1.162931, 1.9787441), (0.745, 1.0926535, 1.9345858), (0.745, 1.0339642, 1.8758965), (0.745, 0.9898059, 1.805619), (0.745, 0.962393, 1.7272774), (0.742, 1.32375, 1.6448), (0.745, 1.32375, 1.6448)]
                    uniform token subdivisionScheme = "none"
                }

                def Mesh "FanHub" (
                    prepend apiSchemas = ["MaterialBindingAPI"]
                )
                {
                    float3[] extent = [(0.745, -1.39788, 0.5393286), (0.752, 1.39788, 1.7170714)]
                    int[] faceVertexCounts = [4, 4, 4, 4, 4, 4, 4, 4, 4, 4, 4, 4, 4, 4, 3, 3, 3, 3, 3, 3, 3, 3, 3, 3, 3, 3, 3, 3, 3, 3, 3, 3, 3, 3, 3, 3, 3, 3, 3, 3, 3, 3, 4, 4, 4, 4, 4, 4, 4, 4, 4, 4, 4, 4, 4, 4, 3, 3, 3, 3, 3, 3, 3, 3, 3, 3, 3, 3, 3, 3, 3, 3, 3, 3, 3, 3, 3, 3, 3, 3, 3, 3, 3, 3, 4, 4, 4, 4, 4, 4, 4, 4, 4, 4, 4, 4, 4, 4, 3, 3, 3, 3, 3, 3, 3, 3, 3, 3, 3, 3, 3, 3, 3, 3, 3, 3, 3, 3, 3, 3, 3, 3, 3, 3, 3, 3, 4, 4, 4, 4, 4, 4, 4, 4, 4, 4, 4, 4, 4, 4, 3, 3, 3, 3, 3, 3, 3, 3, 3, 3, 3, 3, 3, 3, 3, 3, 3, 3, 3, 3, 3, 3, 3, 3, 3, 3, 3, 3, 4, 4, 4, 4, 4, 4, 4, 4, 4, 4, 4, 4, 4, 4, 3, 3, 3, 3, 3, 3, 3, 3, 3, 3, 3, 3, 3, 3, 3, 3, 3, 3, 3, 3, 3, 3, 3, 3, 3, 3, 3, 3, 4, 4, 4, 4, 4, 4, 4, 4, 4, 4, 4, 4, 4, 4, 3, 3, 3, 3, 3, 3, 3, 3, 3, 3, 3, 3, 3, 3, 3, 3, 3, 3, 3, 3, 3, 3, 3, 3, 3, 3, 3, 3, 4, 4, 4, 4, 4, 4, 4, 4, 4, 4, 4, 4, 4, 4, 3, 3, 3, 3, 3, 3, 3, 3, 3, 3, 3, 3, 3, 3, 3, 3, 3, 3, 3, 3, 3, 3, 3, 3, 3, 3, 3, 3, 4, 4, 4, 4, 4, 4, 4, 4, 4, 4, 4, 4, 4, 4, 3, 3, 3, 3, 3, 3, 3, 3, 3, 3, 3, 3, 3, 3, 3, 3, 3, 3, 3, 3, 3, 3, 3, 3, 3, 3, 3, 3]
                    int[] faceVertexIndices = [0, 1, 15, 14, 1, 2, 16, 15, 2, 3, 17, 16, 3, 4, 18, 17, 4, 5, 19, 18, 5, 6, 20, 19, 6, 7, 21, 20, 7, 8, 22, 21, 8, 9, 23, 22, 9, 10, 24, 23, 10, 11, 25, 24, 11, 12, 26, 25, 12, 13, 27, 26, 13, 0, 14, 27, 28, 1, 0, 29, 14, 15, 28, 2, 1, 29, 15, 16, 28, 3, 2, 29, 16, 17, 28, 4, 3, 29, 17, 18, 28, 5, 4, 29, 18, 19, 28, 6, 5, 29, 19, 20, 28, 7, 6, 29, 20, 21, 28, 8, 7, 29, 21, 22, 28, 9, 8, 29, 22, 23, 28, 10, 9, 29, 23, 24, 28, 11, 10, 29, 24, 25, 28, 12, 11, 29, 25, 26, 28, 13, 12, 29, 26, 27, 28, 0, 13, 29, 27, 14, 30, 31, 45, 44, 31, 32, 46, 45, 32, 33, 47, 46, 33, 34, 48, 47, 34, 35, 49, 48, 35, 36, 50, 49, 36, 37, 51, 50, 37, 38, 52, 51, 38, 39, 53, 52, 39, 40, 54, 53, 40, 41, 55, 54, 41, 42, 56, 55, 42, 43, 57, 56, 43, 30, 44, 57, 58, 31, 30, 59, 44, 45, 58, 32, 31, 59, 45, 46, 58, 33, 32, 59, 46, 47, 58, 34, 33, 59, 47, 48, 58, 35, 34, 59, 48, 49, 58, 36, 35, 59, 49, 50, 58, 37, 36, 59, 50, 51, 58, 38, 37, 59, 51, 52, 58, 39, 38, 59, 52, 53, 58, 40, 39, 59, 53, 54, 58, 41, 40, 59, 54, 55, 58, 42, 41, 59, 55, 56, 58, 43, 42, 59, 56, 57, 58, 30, 43, 59, 57, 44, 60, 61, 75, 74, 61, 62, 76, 75, 62, 63, 77, 76, 63, 64, 78, 77, 64, 65, 79, 78, 65, 66, 80, 79, 66, 67, 81, 80, 67, 68, 82, 81, 68, 69, 83, 82, 69, 70, 84, 83, 70, 71, 85, 84, 71, 72, 86, 85, 72, 73, 87, 86, 73, 60, 74, 87, 88, 61, 60, 89, 74, 75, 88, 62, 61, 89, 75, 76, 88, 63, 62, 89, 76, 77, 88, 64, 63, 89, 77, 78, 88, 65, 64, 89, 78, 79, 88, 66, 65, 89, 79, 80, 88, 67, 66, 89, 80, 81, 88, 68, 67, 89, 81, 82, 88, 69, 68, 89, 82, 83, 88, 70, 69, 89, 83, 84, 88, 71, 70, 89, 84, 85, 88, 72, 71, 89, 85, 86, 88, 73, 72, 89, 86, 87, 88, 60, 73, 89, 87, 74, 90, 91, 105, 104, 91, 92, 106, 105, 92, 93, 107, 106, 93, 94, 108, 107, 94, 95, 109, 108, 95, 96, 110, 109, 96, 97, 111, 110, 97, 98, 112, 111, 98, 99, 113, 112, 99, 100, 114, 113, 100, 101, 115, 114, 101, 102, 116, 115, 102, 103, 117, 116, 103, 90, 104, 117, 118, 91, 90, 119, 104, 105, 118, 92, 91, 119, 105, 106, 118, 93, 92, 119, 106, 107, 118, 94, 93, 119, 107, 108, 118, 95, 94, 119, 108, 109, 118, 96, 95, 119, 109, 110, 118, 97, 96, 119, 110, 111, 118, 98, 97, 119, 111, 112, 118, 99, 98, 119, 112, 113, 118, 100, 99, 119, 113, 114, 118, 101, 100, 119, 114, 115, 118, 102, 101, 119, 115, 116, 118, 103, 102, 119, 116, 117, 118, 90, 103, 119, 117, 104, 120, 121, 135, 134, 121, 122, 136, 135, 122, 123, 137, 136, 123, 124, 138, 137, 124, 125, 139, 138, 125, 126, 140, 139, 126, 127, 141, 140, 127, 128, 142, 141, 128, 129, 143, 142, 129, 130, 144, 143, 130, 131, 145, 144, 131, 132, 146, 145, 132, 133, 147, 146, 133, 120, 134, 147, 148, 121, 120, 149, 134, 135, 148, 122, 121, 149, 135, 136, 148, 123, 122, 149, 136, 137, 148, 124, 123, 149, 137, 138, 148, 125, 124, 149, 138, 139, 148, 126, 125, 149, 139, 140, 148, 127, 126, 149, 140, 141, 148, 128, 127, 149, 141, 142, 148, 129, 128, 149, 142, 143, 148, 130, 129, 149, 143, 144, 148, 131, 130, 149, 144, 145, 148, 132, 131, 149, 145, 146, 148, 133, 132, 149, 146, 147, 148, 120, 133, 149, 147, 134, 150, 151, 165, 164, 151, 152, 166, 165, 152, 153, 167, 166, 153, 154, 168, 167, 154, 155, 169, 168, 155, 156, 170, 169, 156, 157, 171, 170, 157, 158, 172, 171, 158, 159, 173, 172, 159, 160, 174, 173, 160, 161, 175, 174, 161, 162, 176, 175, 162, 163, 177, 176, 163, 150, 164, 177, 178, 151, 150, 179, 164, 165, 178, 152, 151, 179, 165, 166, 178, 153, 152, 179, 166, 167, 178, 154, 153, 179, 167, 168, 178, 155, 154, 179, 168, 169, 178, 156, 155, 179, 169, 170, 178, 157, 156, 179, 170, 171, 178, 158, 157, 179, 171, 172, 178, 159, 158, 179, 172, 173, 178, 160, 159, 179, 173, 174, 178, 161, 160, 179, 174, 175, 178, 162, 161, 179, 175, 176, 178, 163, 162, 179, 176, 177, 178, 150, 163, 179, 177, 164, 180, 181, 195, 194, 181, 182, 196, 195, 182, 183, 197, 196, 183, 184, 198, 197, 184, 185, 199, 198, 185, 186, 200, 199, 186, 187, 201, 200, 187, 188, 202, 201, 188, 189, 203, 202, 189, 190, 204, 203, 190, 191, 205, 204, 191, 192, 206, 205, 192, 193, 207, 206, 193, 180, 194, 207, 208, 181, 180, 209, 194, 195, 208, 182, 181, 209, 195, 196, 208, 183, 182, 209, 196, 197, 208, 184, 183, 209, 197, 198, 208, 185, 184, 209, 198, 199, 208, 186, 185, 209, 199, 200, 208, 187, 186, 209, 200, 201, 208, 188, 187, 209, 201, 202, 208, 189, 188, 209, 202, 203, 208, 190, 189, 209, 203, 204, 208, 191, 190, 209, 204, 205, 208, 192, 191, 209, 205, 206, 208, 193, 192, 209, 206, 207, 208, 180, 193, 209, 207, 194, 210, 211, 225, 224, 211, 212, 226, 225, 212, 213, 227, 226, 213, 214, 228, 227, 214, 215, 229, 228, 215, 216, 230, 229, 216, 217, 231, 230, 217, 218, 232, 231, 218, 219, 233, 232, 219, 220, 234, 233, 220, 221, 235, 234, 221, 222, 236, 235, 222, 223, 237, 236, 223, 210, 224, 237, 238, 211, 210, 239, 224, 225, 238, 212, 211, 239, 225, 226, 238, 213, 212, 239, 226, 227, 238, 214, 213, 239, 227, 228, 238, 215, 214, 239, 228, 229, 238, 216, 215, 239, 229, 230, 238, 217, 216, 239, 230, 231, 238, 218, 217, 239, 231, 232, 238, 219, 218, 239, 232, 233, 238, 220, 219, 239, 233, 234, 238, 221, 220, 239, 234, 235, 238, 222, 221, 239, 235, 236, 238, 223, 222, 239, 236, 237, 238, 210, 223, 239, 237, 224]
                    rel material:binding = </GenericCRAH/Looks/FanHub>
                    uniform token orientation = "rightHanded"
                    point3f[] points = [(0.745, -1.39788, 0.6116), (0.745, -1.3905388, 0.5794362), (0.745, -1.3699692, 0.5536428), (0.745, -1.3402455, 0.5393286), (0.745, -1.3072546, 0.5393286), (0.745, -1.2775307, 0.5536428), (0.745, -1.2569612, 0.5794362), (0.745, -1.24962, 0.6116), (0.745, -1.2569612, 0.6437638), (0.745, -1.2775307, 0.66955715), (0.745, -1.3072546, 0.6838714), (0.745, -1.3402455, 0.6838714), (0.745, -1.3699692, 0.66955715), (0.745, -1.3905388, 0.6437638), (0.752, -1.39788, 0.6116), (0.752, -1.3905388, 0.5794362), (0.752, -1.3699692, 0.5536428), (0.752, -1.3402455, 0.5393286), (0.752, -1.3072546, 0.5393286), (0.752, -1.2775307, 0.5536428), (0.752, -1.2569612, 0.5794362), (0.752, -1.24962, 0.6116), (0.752, -1.2569612, 0.6437638), (0.752, -1.2775307, 0.66955715), (0.752, -1.3072546, 0.6838714), (0.752, -1.3402455, 0.6838714), (0.752, -1.3699692, 0.66955715), (0.752, -1.3905388, 0.6437638), (0.745, -1.32375, 0.6116), (0.752, -1.32375, 0.6116), (0.745, -0.51538, 0.6116), (0.745, -0.5080388, 0.5794362), (0.745, -0.4874693, 0.5536428), (0.745, -0.45774546, 0.5393286), (0.745, -0.42475453, 0.5393286), (0.745, -0.3950307, 0.5536428), (0.745, -0.37446117, 0.5794362), (0.745, -0.36712, 0.6116), (0.745, -0.37446117, 0.6437638), (0.745, -0.3950307, 0.66955715), (0.745, -0.42475453, 0.6838714), (0.745, -0.45774546, 0.6838714), (0.745, -0.4874693, 0.66955715), (0.745, -0.5080388, 0.6437638), (0.752, -0.51538, 0.6116), (0.752, -0.5080388, 0.5794362), (0.752, -0.4874693, 0.5536428), (0.752, -0.45774546, 0.5393286), (0.752, -0.42475453, 0.5393286), (0.752, -0.3950307, 0.5536428), (0.752, -0.37446117, 0.5794362), (0.752, -0.36712, 0.6116), (0.752, -0.37446117, 0.6437638), (0.752, -0.3950307, 0.66955715), (0.752, -0.42475453, 0.6838714), (0.752, -0.45774546, 0.6838714), (0.752, -0.4874693, 0.66955715), (0.752, -0.5080388, 0.6437638), (0.745, -0.44125, 0.6116), (0.752, -0.44125, 0.6116), (0.745, 0.36712, 0.6116), (0.745, 0.37446117, 0.5794362), (0.745, 0.3950307, 0.5536428), (0.745, 0.42475453, 0.5393286), (0.745, 0.45774546, 0.5393286), (0.745, 0.4874693, 0.5536428), (0.745, 0.5080388, 0.5794362), (0.745, 0.51538, 0.6116), (0.745, 0.5080388, 0.6437638), (0.745, 0.4874693, 0.66955715), (0.745, 0.45774546, 0.6838714), (0.745, 0.42475453, 0.6838714), (0.745, 0.3950307, 0.66955715), (0.745, 0.37446117, 0.6437638), (0.752, 0.36712, 0.6116), (0.752, 0.37446117, 0.5794362), (0.752, 0.3950307, 0.5536428), (0.752, 0.42475453, 0.5393286), (0.752, 0.45774546, 0.5393286), (0.752, 0.4874693, 0.5536428), (0.752, 0.5080388, 0.5794362), (0.752, 0.51538, 0.6116), (0.752, 0.5080388, 0.6437638), (0.752, 0.4874693, 0.66955715), (0.752, 0.45774546, 0.6838714), (0.752, 0.42475453, 0.6838714), (0.752, 0.3950307, 0.66955715), (0.752, 0.37446117, 0.6437638), (0.745, 0.44125, 0.6116), (0.752, 0.44125, 0.6116), (0.745, 1.24962, 0.6116), (0.745, 1.2569612, 0.5794362), (0.745, 1.2775307, 0.5536428), (0.745, 1.3072546, 0.5393286), (0.745, 1.3402455, 0.5393286), (0.745, 1.3699692, 0.5536428), (0.745, 1.3905388, 0.5794362), (0.745, 1.39788, 0.6116), (0.745, 1.3905388, 0.6437638), (0.745, 1.3699692, 0.66955715), (0.745, 1.3402455, 0.6838714), (0.745, 1.3072546, 0.6838714), (0.745, 1.2775307, 0.66955715), (0.745, 1.2569612, 0.6437638), (0.752, 1.24962, 0.6116), (0.752, 1.2569612, 0.5794362), (0.752, 1.2775307, 0.5536428), (0.752, 1.3072546, 0.5393286), (0.752, 1.3402455, 0.5393286), (0.752, 1.3699692, 0.5536428), (0.752, 1.3905388, 0.5794362), (0.752, 1.39788, 0.6116), (0.752, 1.3905388, 0.6437638), (0.752, 1.3699692, 0.66955715), (0.752, 1.3402455, 0.6838714), (0.752, 1.3072546, 0.6838714), (0.752, 1.2775307, 0.66955715), (0.752, 1.2569612, 0.6437638), (0.745, 1.32375, 0.6116), (0.752, 1.32375, 0.6116), (0.745, -1.39788, 1.6448), (0.745, -1.3905388, 1.6126362), (0.745, -1.3699692, 1.5868428), (0.745, -1.3402455, 1.5725286), (0.745, -1.3072546, 1.5725286), (0.745, -1.2775307, 1.5868428), (0.745, -1.2569612, 1.6126362), (0.745, -1.24962, 1.6448), (0.745, -1.2569612, 1.6769638), (0.745, -1.2775307, 1.7027571), (0.745, -1.3072546, 1.7170714), (0.745, -1.3402455, 1.7170714), (0.745, -1.3699692, 1.7027571), (0.745, -1.3905388, 1.6769638), (0.752, -1.39788, 1.6448), (0.752, -1.3905388, 1.6126362), (0.752, -1.3699692, 1.5868428), (0.752, -1.3402455, 1.5725286), (0.752, -1.3072546, 1.5725286), (0.752, -1.2775307, 1.5868428), (0.752, -1.2569612, 1.6126362), (0.752, -1.24962, 1.6448), (0.752, -1.2569612, 1.6769638), (0.752, -1.2775307, 1.7027571), (0.752, -1.3072546, 1.7170714), (0.752, -1.3402455, 1.7170714), (0.752, -1.3699692, 1.7027571), (0.752, -1.3905388, 1.6769638), (0.745, -1.32375, 1.6448), (0.752, -1.32375, 1.6448), (0.745, -0.51538, 1.6448), (0.745, -0.5080388, 1.6126362), (0.745, -0.4874693, 1.5868428), (0.745, -0.45774546, 1.5725286), (0.745, -0.42475453, 1.5725286), (0.745, -0.3950307, 1.5868428), (0.745, -0.37446117, 1.6126362), (0.745, -0.36712, 1.6448), (0.745, -0.37446117, 1.6769638), (0.745, -0.3950307, 1.7027571), (0.745, -0.42475453, 1.7170714), (0.745, -0.45774546, 1.7170714), (0.745, -0.4874693, 1.7027571), (0.745, -0.5080388, 1.6769638), (0.752, -0.51538, 1.6448), (0.752, -0.5080388, 1.6126362), (0.752, -0.4874693, 1.5868428), (0.752, -0.45774546, 1.5725286), (0.752, -0.42475453, 1.5725286), (0.752, -0.3950307, 1.5868428), (0.752, -0.37446117, 1.6126362), (0.752, -0.36712, 1.6448), (0.752, -0.37446117, 1.6769638), (0.752, -0.3950307, 1.7027571), (0.752, -0.42475453, 1.7170714), (0.752, -0.45774546, 1.7170714), (0.752, -0.4874693, 1.7027571), (0.752, -0.5080388, 1.6769638), (0.745, -0.44125, 1.6448), (0.752, -0.44125, 1.6448), (0.745, 0.36712, 1.6448), (0.745, 0.37446117, 1.6126362), (0.745, 0.3950307, 1.5868428), (0.745, 0.42475453, 1.5725286), (0.745, 0.45774546, 1.5725286), (0.745, 0.4874693, 1.5868428), (0.745, 0.5080388, 1.6126362), (0.745, 0.51538, 1.6448), (0.745, 0.5080388, 1.6769638), (0.745, 0.4874693, 1.7027571), (0.745, 0.45774546, 1.7170714), (0.745, 0.42475453, 1.7170714), (0.745, 0.3950307, 1.7027571), (0.745, 0.37446117, 1.6769638), (0.752, 0.36712, 1.6448), (0.752, 0.37446117, 1.6126362), (0.752, 0.3950307, 1.5868428), (0.752, 0.42475453, 1.5725286), (0.752, 0.45774546, 1.5725286), (0.752, 0.4874693, 1.5868428), (0.752, 0.5080388, 1.6126362), (0.752, 0.51538, 1.6448), (0.752, 0.5080388, 1.6769638), (0.752, 0.4874693, 1.7027571), (0.752, 0.45774546, 1.7170714), (0.752, 0.42475453, 1.7170714), (0.752, 0.3950307, 1.7027571), (0.752, 0.37446117, 1.6769638), (0.745, 0.44125, 1.6448), (0.752, 0.44125, 1.6448), (0.745, 1.24962, 1.6448), (0.745, 1.2569612, 1.6126362), (0.745, 1.2775307, 1.5868428), (0.745, 1.3072546, 1.5725286), (0.745, 1.3402455, 1.5725286), (0.745, 1.3699692, 1.5868428), (0.745, 1.3905388, 1.6126362), (0.745, 1.39788, 1.6448), (0.745, 1.3905388, 1.6769638), (0.745, 1.3699692, 1.7027571), (0.745, 1.3402455, 1.7170714), (0.745, 1.3072546, 1.7170714), (0.745, 1.2775307, 1.7027571), (0.745, 1.2569612, 1.6769638), (0.752, 1.24962, 1.6448), (0.752, 1.2569612, 1.6126362), (0.752, 1.2775307, 1.5868428), (0.752, 1.3072546, 1.5725286), (0.752, 1.3402455, 1.5725286), (0.752, 1.3699692, 1.5868428), (0.752, 1.3905388, 1.6126362), (0.752, 1.39788, 1.6448), (0.752, 1.3905388, 1.6769638), (0.752, 1.3699692, 1.7027571), (0.752, 1.3402455, 1.7170714), (0.752, 1.3072546, 1.7170714), (0.752, 1.2775307, 1.7027571), (0.752, 1.2569612, 1.6769638), (0.745, 1.32375, 1.6448), (0.752, 1.32375, 1.6448)]
                    uniform token subdivisionScheme = "none"
                }
            }

            def Mesh "DoorLine" (
                prepend apiSchemas = ["MaterialBindingAPI"]
            )
            {
                float3[] extent = [(0.736, -1.765, 2.1624), (0.737, 1.765, 2.965)]
                int[] faceVertexCounts = [4, 4, 4, 4, 4, 4, 4, 4, 4, 4, 4, 4, 4, 4, 4, 4, 4, 4, 4, 4, 4, 4, 4, 4, 4, 4, 4, 4, 4, 4, 4]
                int[] faceVertexIndices = [0, 1, 2, 3, 4, 7, 6, 5, 8, 9, 10, 11, 4, 5, 9, 8, 6, 7, 11, 10, 5, 6, 10, 9, 7, 4, 8, 11, 12, 15, 14, 13, 16, 17, 18, 19, 12, 13, 17, 16, 14, 15, 19, 18, 13, 14, 18, 17, 15, 12, 16, 19, 20, 23, 22, 21, 24, 25, 26, 27, 20, 21, 25, 24, 22, 23, 27, 26, 21, 22, 26, 25, 23, 20, 24, 27, 28, 31, 30, 29, 32, 33, 34, 35, 28, 29, 33, 32, 30, 31, 35, 34, 29, 30, 34, 33, 31, 28, 32, 35, 36, 39, 38, 37, 40, 41, 42, 43, 36, 37, 41, 40, 38, 39, 43, 42, 37, 38, 42, 41, 39, 36, 40, 43]
                rel material:binding = </GenericCRAH/Looks/DoorLine>
                uniform token orientation = "rightHanded"
                point3f[] points = [(0.7369, -1.765, 2.1624), (0.7369, 1.765, 2.1624), (0.7369, 1.765, 2.1704), (0.7369, -1.765, 2.1704), (0.736, -0.8845, 2.1714), (0.737, -0.8845, 2.1714), (0.737, -0.8805, 2.1714), (0.736, -0.8805, 2.1714), (0.736, -0.8845, 2.965), (0.737, -0.8845, 2.965), (0.737, -0.8805, 2.965), (0.736, -0.8805, 2.965), (0.736, -0.002, 2.1714), (0.737, -0.002, 2.1714), (0.737, 0.002, 2.1714), (0.736, 0.002, 2.1714), (0.736, -0.002, 2.965), (0.737, -0.002, 2.965), (0.737, 0.002, 2.965), (0.736, 0.002, 2.965), (0.736, 0.8805, 2.1714), (0.737, 0.8805, 2.1714), (0.737, 0.8845, 2.1714), (0.736, 0.8845, 2.1714), (0.736, 0.8805, 2.965), (0.737, 0.8805, 2.965), (0.737, 0.8845, 2.965), (0.736, 0.8845, 2.965), (0.736, -1.765, 2.1714), (0.737, -1.765, 2.1714), (0.737, 1.765, 2.1714), (0.736, 1.765, 2.1714), (0.736, -1.765, 2.1754), (0.737, -1.765, 2.1754), (0.737, 1.765, 2.1754), (0.736, 1.765, 2.1754), (0.736, -1.765, 2.961), (0.737, -1.765, 2.961), (0.737, 1.765, 2.961), (0.736, 1.765, 2.961), (0.736, -1.765, 2.965), (0.737, -1.765, 2.965), (0.737, 1.765, 2.965), (0.736, 1.765, 2.965)]
                uniform token subdivisionScheme = "none"
            }

            def Mesh "Handle" (
                prepend apiSchemas = ["MaterialBindingAPI"]
            )
            {
                float3[] extent = [(0.736, -1.024875, 2.52788), (0.746, 1.642625, 2.68788)]
                int[] faceVertexCounts = [4, 4, 4, 4, 4, 4, 4, 4, 4, 4, 4, 4, 4, 4, 4, 4, 4, 4, 4, 4, 4, 4, 4, 4]
                int[] faceVertexIndices = [0, 3, 2, 1, 4, 5, 6, 7, 0, 1, 5, 4, 2, 3, 7, 6, 1, 2, 6, 5, 3, 0, 4, 7, 8, 11, 10, 9, 12, 13, 14, 15, 8, 9, 13, 12, 10, 11, 15, 14, 9, 10, 14, 13, 11, 8, 12, 15, 16, 19, 18, 17, 20, 21, 22, 23, 16, 17, 21, 20, 18, 19, 23, 22, 17, 18, 22, 21, 19, 16, 20, 23, 24, 27, 26, 25, 28, 29, 30, 31, 24, 25, 29, 28, 26, 27, 31, 30, 25, 26, 30, 29, 27, 24, 28, 31]
                rel material:binding = </GenericCRAH/Looks/Handle>
                uniform token orientation = "rightHanded"
                point3f[] points = [(0.736, -1.024875, 2.52788), (0.746, -1.024875, 2.52788), (0.746, -1.004875, 2.52788), (0.736, -1.004875, 2.52788), (0.736, -1.024875, 2.68788), (0.746, -1.024875, 2.68788), (0.746, -1.004875, 2.68788), (0.736, -1.004875, 2.68788), (0.736, -0.142375, 2.52788), (0.746, -0.142375, 2.52788), (0.746, -0.122375, 2.52788), (0.736, -0.122375, 2.52788), (0.736, -0.142375, 2.68788), (0.746, -0.142375, 2.68788), (0.746, -0.122375, 2.68788), (0.736, -0.122375, 2.68788), (0.736, 0.740125, 2.52788), (0.746, 0.740125, 2.52788), (0.746, 0.760125, 2.52788), (0.736, 0.760125, 2.52788), (0.736, 0.740125, 2.68788), (0.746, 0.740125, 2.68788), (0.746, 0.760125, 2.68788), (0.736, 0.760125, 2.68788), (0.736, 1.622625, 2.52788), (0.746, 1.622625, 2.52788), (0.746, 1.642625, 2.52788), (0.736, 1.642625, 2.52788), (0.736, 1.622625, 2.68788), (0.746, 1.622625, 2.68788), (0.746, 1.642625, 2.68788), (0.736, 1.642625, 2.68788)]
                uniform token subdivisionScheme = "none"
            }

            def Mesh "FilterMesh" (
                prepend apiSchemas = ["MaterialBindingAPI"]
            )
            {
                float3[] extent = [(0.7372, -1.6591, 2.3698), (0.7372, 1.57085, 2.7666)]
                int[] faceVertexCounts = [4, 4, 4, 4]
                int[] faceVertexIndices = [0, 1, 2, 3, 4, 5, 6, 7, 8, 9, 10, 11, 12, 13, 14, 15]
                rel material:binding = </GenericCRAH/Looks/FilterMesh>
                uniform token orientation = "rightHanded"
                point3f[] points = [(0.7372, -1.6591, 2.3698), (0.7372, -1.07665, 2.3698), (0.7372, -1.07665, 2.7666), (0.7372, -1.6591, 2.7666), (0.7372, -0.7766, 2.3698), (0.7372, -0.19415, 2.3698), (0.7372, -0.19415, 2.7666), (0.7372, -0.7766, 2.7666), (0.7372, 0.1059, 2.3698), (0.7372, 0.68835, 2.3698), (0.7372, 0.68835, 2.7666), (0.7372, 0.1059, 2.7666), (0.7372, 0.9884, 2.3698), (0.7372, 1.57085, 2.3698), (0.7372, 1.57085, 2.7666), (0.7372, 0.9884, 2.7666)]
                uniform token subdivisionScheme = "none"
            }

            def Mesh "LouvreGap" (
                prepend apiSchemas = ["MaterialBindingAPI"]
            )
            {
                float3[] extent = [(0.737, -1.6591, 2.396143), (0.739, 1.57085, 2.740257)]
                int[] faceVertexCounts = [4, 4, 4, 4, 4, 4, 4, 4, 4, 4, 4, 4, 4, 4, 4, 4, 4, 4, 4, 4, 4, 4, 4, 4, 4, 4, 4, 4, 4, 4, 4, 4, 4, 4, 4, 4, 4, 4, 4, 4, 4, 4, 4, 4, 4, 4, 4, 4, 4, 4, 4, 4, 4, 4, 4, 4, 4, 4, 4, 4, 4, 4, 4, 4, 4, 4, 4, 4, 4, 4, 4, 4, 4, 4, 4, 4, 4, 4, 4, 4, 4, 4, 4, 4, 4, 4, 4, 4, 4, 4, 4, 4, 4, 4, 4, 4, 4, 4, 4, 4, 4, 4, 4, 4, 4, 4, 4, 4, 4, 4, 4, 4, 4, 4, 4, 4, 4, 4, 4, 4, 4, 4, 4, 4, 4, 4, 4, 4, 4, 4, 4, 4, 4, 4, 4, 4, 4, 4, 4, 4, 4, 4, 4, 4, 4, 4, 4, 4, 4, 4, 4, 4, 4, 4, 4, 4, 4, 4, 4, 4, 4, 4, 4, 4, 4, 4, 4, 4]
                int[] faceVertexIndices = [0, 3, 2, 1, 4, 5, 6, 7, 0, 1, 5, 4, 2, 3, 7, 6, 1, 2, 6, 5, 3, 0, 4, 7, 8, 11, 10, 9, 12, 13, 14, 15, 8, 9, 13, 12, 10, 11, 15, 14, 9, 10, 14, 13, 11, 8, 12, 15, 16, 19, 18, 17, 20, 21, 22, 23, 16, 17, 21, 20, 18, 19, 23, 22, 17, 18, 22, 21, 19, 16, 20, 23, 24, 27, 26, 25, 28, 29, 30, 31, 24, 25, 29, 28, 26, 27, 31, 30, 25, 26, 30, 29, 27, 24, 28, 31, 32, 35, 34, 33, 36, 37, 38, 39, 32, 33, 37, 36, 34, 35, 39, 38, 33, 34, 38, 37, 35, 32, 36, 39, 40, 43, 42, 41, 44, 45, 46, 47, 40, 41, 45, 44, 42, 43, 47, 46, 41, 42, 46, 45, 43, 40, 44, 47, 48, 51, 50, 49, 52, 53, 54, 55, 48, 49, 53, 52, 50, 51, 55, 54, 49, 50, 54, 53, 51, 48, 52, 55, 56, 59, 58, 57, 60, 61, 62, 63, 56, 57, 61, 60, 58, 59, 63, 62, 57, 58, 62, 61, 59, 56, 60, 63, 64, 67, 66, 65, 68, 69, 70, 71, 64, 65, 69, 68, 66, 67, 71, 70, 65, 66, 70, 69, 67, 64, 68, 71, 72, 75, 74, 73, 76, 77, 78, 79, 72, 73, 77, 76, 74, 75, 79, 78, 73, 74, 78, 77, 75, 72, 76, 79, 80, 83, 82, 81, 84, 85, 86, 87, 80, 81, 85, 84, 82, 83, 87, 86, 81, 82, 86, 85, 83, 80, 84, 87, 88, 91, 90, 89, 92, 93, 94, 95, 88, 89, 93, 92, 90, 91, 95, 94, 89, 90, 94, 93, 91, 88, 92, 95, 96, 99, 98, 97, 100, 101, 102, 103, 96, 97, 101, 100, 98, 99, 103, 102, 97, 98, 102, 101, 99, 96, 100, 103, 104, 107, 106, 105, 108, 109, 110, 111, 104, 105, 109, 108, 106, 107, 111, 110, 105, 106, 110, 109, 107, 104, 108, 111, 112, 115, 114, 113, 116, 117, 118, 119, 112, 113, 117, 116, 114, 115, 119, 118, 113, 114, 118, 117, 115, 112, 116, 119, 120, 123, 122, 121, 124, 125, 126, 127, 120, 121, 125, 124, 122, 123, 127, 126, 121, 122, 126, 125, 123, 120, 124, 127, 128, 131, 130, 129, 132, 133, 134, 135, 128, 129, 133, 132, 130, 131, 135, 134, 129, 130, 134, 133, 131, 128, 132, 135, 136, 139, 138, 137, 140, 141, 142, 143, 136, 137, 141, 140, 138, 139, 143, 142, 137, 138, 142, 141, 139, 136, 140, 143, 144, 147, 146, 145, 148, 149, 150, 151, 144, 145, 149, 148, 146, 147, 151, 150, 145, 146, 150, 149, 147, 144, 148, 151, 152, 155, 154, 153, 156, 157, 158, 159, 152, 153, 157, 156, 154, 155, 159, 158, 153, 154, 158, 157, 155, 152, 156, 159, 160, 163, 162, 161, 164, 165, 166, 167, 160, 161, 165, 164, 162, 163, 167, 166, 161, 162, 166, 165, 163, 160, 164, 167, 168, 171, 170, 169, 172, 173, 174, 175, 168, 169, 173, 172, 170, 171, 175, 174, 169, 170, 174, 173, 171, 168, 172, 175, 176, 179, 178, 177, 180, 181, 182, 183, 176, 177, 181, 180, 178, 179, 183, 182, 177, 178, 182, 181, 179, 176, 180, 183, 184, 187, 186, 185, 188, 189, 190, 191, 184, 185, 189, 188, 186, 187, 191, 190, 185, 186, 190, 189, 187, 184, 188, 191, 192, 195, 194, 193, 196, 197, 198, 199, 192, 193, 197, 196, 194, 195, 199, 198, 193, 194, 198, 197, 195, 192, 196, 199, 200, 203, 202, 201, 204, 205, 206, 207, 200, 201, 205, 204, 202, 203, 207, 206, 201, 202, 206, 205, 203, 200, 204, 207, 208, 211, 210, 209, 212, 213, 214, 215, 208, 209, 213, 212, 210, 211, 215, 214, 209, 210, 214, 213, 211, 208, 212, 215, 216, 219, 218, 217, 220, 221, 222, 223, 216, 217, 221, 220, 218, 219, 223, 222, 217, 218, 222, 221, 219, 216, 220, 223]
                rel material:binding = </GenericCRAH/Looks/LouvreGap>
                uniform token orientation = "rightHanded"
                point3f[] points = [(0.737, -1.6591, 2.396143), (0.739, -1.6591, 2.396143), (0.739, -1.07665, 2.396143), (0.737, -1.07665, 2.396143), (0.737, -1.6591, 2.400143), (0.739, -1.6591, 2.400143), (0.739, -1.07665, 2.400143), (0.737, -1.07665, 2.400143), (0.737, -1.6591, 2.4528286), (0.739, -1.6591, 2.4528286), (0.739, -1.07665, 2.4528286), (0.737, -1.07665, 2.4528286), (0.737, -1.6591, 2.4568286), (0.739, -1.6591, 2.4568286), (0.739, -1.07665, 2.4568286), (0.737, -1.07665, 2.4568286), (0.737, -1.6591, 2.5095143), (0.739, -1.6591, 2.5095143), (0.739, -1.07665, 2.5095143), (0.737, -1.07665, 2.5095143), (0.737, -1.6591, 2.5135143), (0.739, -1.6591, 2.5135143), (0.739, -1.07665, 2.5135143), (0.737, -1.07665, 2.5135143), (0.737, -1.6591, 2.5662), (0.739, -1.6591, 2.5662), (0.739, -1.07665, 2.5662), (0.737, -1.07665, 2.5662), (0.737, -1.6591, 2.5702), (0.739, -1.6591, 2.5702), (0.739, -1.07665, 2.5702), (0.737, -1.07665, 2.5702), (0.737, -1.6591, 2.6228857), (0.739, -1.6591, 2.6228857), (0.739, -1.07665, 2.6228857), (0.737, -1.07665, 2.6228857), (0.737, -1.6591, 2.6268857), (0.739, -1.6591, 2.6268857), (0.739, -1.07665, 2.6268857), (0.737, -1.07665, 2.6268857), (0.737, -1.6591, 2.6795714), (0.739, -1.6591, 2.6795714), (0.739, -1.07665, 2.6795714), (0.737, -1.07665, 2.6795714), (0.737, -1.6591, 2.6835713), (0.739, -1.6591, 2.6835713), (0.739, -1.07665, 2.6835713), (0.737, -1.07665, 2.6835713), (0.737, -1.6591, 2.736257), (0.739, -1.6591, 2.736257), (0.739, -1.07665, 2.736257), (0.737, -1.07665, 2.736257), (0.737, -1.6591, 2.740257), (0.739, -1.6591, 2.740257), (0.739, -1.07665, 2.740257), (0.737, -1.07665, 2.740257), (0.737, -0.7766, 2.396143), (0.739, -0.7766, 2.396143), (0.739, -0.19415, 2.396143), (0.737, -0.19415, 2.396143), (0.737, -0.7766, 2.400143), (0.739, -0.7766, 2.400143), (0.739, -0.19415, 2.400143), (0.737, -0.19415, 2.400143), (0.737, -0.7766, 2.4528286), (0.739, -0.7766, 2.4528286), (0.739, -0.19415, 2.4528286), (0.737, -0.19415, 2.4528286), (0.737, -0.7766, 2.4568286), (0.739, -0.7766, 2.4568286), (0.739, -0.19415, 2.4568286), (0.737, -0.19415, 2.4568286), (0.737, -0.7766, 2.5095143), (0.739, -0.7766, 2.5095143), (0.739, -0.19415, 2.5095143), (0.737, -0.19415, 2.5095143), (0.737, -0.7766, 2.5135143), (0.739, -0.7766, 2.5135143), (0.739, -0.19415, 2.5135143), (0.737, -0.19415, 2.5135143), (0.737, -0.7766, 2.5662), (0.739, -0.7766, 2.5662), (0.739, -0.19415, 2.5662), (0.737, -0.19415, 2.5662), (0.737, -0.7766, 2.5702), (0.739, -0.7766, 2.5702), (0.739, -0.19415, 2.5702), (0.737, -0.19415, 2.5702), (0.737, -0.7766, 2.6228857), (0.739, -0.7766, 2.6228857), (0.739, -0.19415, 2.6228857), (0.737, -0.19415, 2.6228857), (0.737, -0.7766, 2.6268857), (0.739, -0.7766, 2.6268857), (0.739, -0.19415, 2.6268857), (0.737, -0.19415, 2.6268857), (0.737, -0.7766, 2.6795714), (0.739, -0.7766, 2.6795714), (0.739, -0.19415, 2.6795714), (0.737, -0.19415, 2.6795714), (0.737, -0.7766, 2.6835713), (0.739, -0.7766, 2.6835713), (0.739, -0.19415, 2.6835713), (0.737, -0.19415, 2.6835713), (0.737, -0.7766, 2.736257), (0.739, -0.7766, 2.736257), (0.739, -0.19415, 2.736257), (0.737, -0.19415, 2.736257), (0.737, -0.7766, 2.740257), (0.739, -0.7766, 2.740257), (0.739, -0.19415, 2.740257), (0.737, -0.19415, 2.740257), (0.737, 0.1059, 2.396143), (0.739, 0.1059, 2.396143), (0.739, 0.68835, 2.396143), (0.737, 0.68835, 2.396143), (0.737, 0.1059, 2.400143), (0.739, 0.1059, 2.400143), (0.739, 0.68835, 2.400143), (0.737, 0.68835, 2.400143), (0.737, 0.1059, 2.4528286), (0.739, 0.1059, 2.4528286), (0.739, 0.68835, 2.4528286), (0.737, 0.68835, 2.4528286), (0.737, 0.1059, 2.4568286), (0.739, 0.1059, 2.4568286), (0.739, 0.68835, 2.4568286), (0.737, 0.68835, 2.4568286), (0.737, 0.1059, 2.5095143), (0.739, 0.1059, 2.5095143), (0.739, 0.68835, 2.5095143), (0.737, 0.68835, 2.5095143), (0.737, 0.1059, 2.5135143), (0.739, 0.1059, 2.5135143), (0.739, 0.68835, 2.5135143), (0.737, 0.68835, 2.5135143), (0.737, 0.1059, 2.5662), (0.739, 0.1059, 2.5662), (0.739, 0.68835, 2.5662), (0.737, 0.68835, 2.5662), (0.737, 0.1059, 2.5702), (0.739, 0.1059, 2.5702), (0.739, 0.68835, 2.5702), (0.737, 0.68835, 2.5702), (0.737, 0.1059, 2.6228857), (0.739, 0.1059, 2.6228857), (0.739, 0.68835, 2.6228857), (0.737, 0.68835, 2.6228857), (0.737, 0.1059, 2.6268857), (0.739, 0.1059, 2.6268857), (0.739, 0.68835, 2.6268857), (0.737, 0.68835, 2.6268857), (0.737, 0.1059, 2.6795714), (0.739, 0.1059, 2.6795714), (0.739, 0.68835, 2.6795714), (0.737, 0.68835, 2.6795714), (0.737, 0.1059, 2.6835713), (0.739, 0.1059, 2.6835713), (0.739, 0.68835, 2.6835713), (0.737, 0.68835, 2.6835713), (0.737, 0.1059, 2.736257), (0.739, 0.1059, 2.736257), (0.739, 0.68835, 2.736257), (0.737, 0.68835, 2.736257), (0.737, 0.1059, 2.740257), (0.739, 0.1059, 2.740257), (0.739, 0.68835, 2.740257), (0.737, 0.68835, 2.740257), (0.737, 0.9884, 2.396143), (0.739, 0.9884, 2.396143), (0.739, 1.57085, 2.396143), (0.737, 1.57085, 2.396143), (0.737, 0.9884, 2.400143), (0.739, 0.9884, 2.400143), (0.739, 1.57085, 2.400143), (0.737, 1.57085, 2.400143), (0.737, 0.9884, 2.4528286), (0.739, 0.9884, 2.4528286), (0.739, 1.57085, 2.4528286), (0.737, 1.57085, 2.4528286), (0.737, 0.9884, 2.4568286), (0.739, 0.9884, 2.4568286), (0.739, 1.57085, 2.4568286), (0.737, 1.57085, 2.4568286), (0.737, 0.9884, 2.5095143), (0.739, 0.9884, 2.5095143), (0.739, 1.57085, 2.5095143), (0.737, 1.57085, 2.5095143), (0.737, 0.9884, 2.5135143), (0.739, 0.9884, 2.5135143), (0.739, 1.57085, 2.5135143), (0.737, 1.57085, 2.5135143), (0.737, 0.9884, 2.5662), (0.739, 0.9884, 2.5662), (0.739, 1.57085, 2.5662), (0.737, 1.57085, 2.5662), (0.737, 0.9884, 2.5702), (0.739, 0.9884, 2.5702), (0.739, 1.57085, 2.5702), (0.737, 1.57085, 2.5702), (0.737, 0.9884, 2.6228857), (0.739, 0.9884, 2.6228857), (0.739, 1.57085, 2.6228857), (0.737, 1.57085, 2.6228857), (0.737, 0.9884, 2.6268857), (0.739, 0.9884, 2.6268857), (0.739, 1.57085, 2.6268857), (0.737, 1.57085, 2.6268857), (0.737, 0.9884, 2.6795714), (0.739, 0.9884, 2.6795714), (0.739, 1.57085, 2.6795714), (0.737, 1.57085, 2.6795714), (0.737, 0.9884, 2.6835713), (0.739, 0.9884, 2.6835713), (0.739, 1.57085, 2.6835713), (0.737, 1.57085, 2.6835713), (0.737, 0.9884, 2.736257), (0.739, 0.9884, 2.736257), (0.739, 1.57085, 2.736257), (0.737, 1.57085, 2.736257), (0.737, 0.9884, 2.740257), (0.739, 0.9884, 2.740257), (0.739, 1.57085, 2.740257), (0.737, 1.57085, 2.740257)]
                uniform token subdivisionScheme = "none"
            }
        }

        def "Rear"
        {
            def Mesh "DoorLine" (
                prepend apiSchemas = ["MaterialBindingAPI"]
            )
            {
                float3[] extent = [(-0.737, -1.765, 0.095), (-0.736, 1.765, 2.965)]
                int[] faceVertexCounts = [4, 4, 4, 4, 4, 4, 4, 4, 4, 4, 4, 4, 4, 4, 4, 4, 4, 4, 4, 4, 4, 4, 4, 4, 4, 4, 4, 4, 4, 4]
                int[] faceVertexIndices = [0, 3, 2, 1, 4, 5, 6, 7, 0, 1, 5, 4, 2, 3, 7, 6, 1, 2, 6, 5, 3, 0, 4, 7, 8, 11, 10, 9, 12, 13, 14, 15, 8, 9, 13, 12, 10, 11, 15, 14, 9, 10, 14, 13, 11, 8, 12, 15, 16, 19, 18, 17, 20, 21, 22, 23, 16, 17, 21, 20, 18, 19, 23, 22, 17, 18, 22, 21, 19, 16, 20, 23, 24, 27, 26, 25, 28, 29, 30, 31, 24, 25, 29, 28, 26, 27, 31, 30, 25, 26, 30, 29, 27, 24, 28, 31, 32, 35, 34, 33, 36, 37, 38, 39, 32, 33, 37, 36, 34, 35, 39, 38, 33, 34, 38, 37, 35, 32, 36, 39]
                rel material:binding = </GenericCRAH/Looks/DoorLine>
                uniform token orientation = "rightHanded"
                point3f[] points = [(-0.737, -0.8845, 0.095), (-0.736, -0.8845, 0.095), (-0.736, -0.8805, 0.095), (-0.737, -0.8805, 0.095), (-0.737, -0.8845, 2.965), (-0.736, -0.8845, 2.965), (-0.736, -0.8805, 2.965), (-0.737, -0.8805, 2.965), (-0.737, -0.002, 0.095), (-0.736, -0.002, 0.095), (-0.736, 0.002, 0.095), (-0.737, 0.002, 0.095), (-0.737, -0.002, 2.965), (-0.736, -0.002, 2.965), (-0.736, 0.002, 2.965), (-0.737, 0.002, 2.965), (-0.737, 0.8805, 0.095), (-0.736, 0.8805, 0.095), (-0.736, 0.8845, 0.095), (-0.737, 0.8845, 0.095), (-0.737, 0.8805, 2.965), (-0.736, 0.8805, 2.965), (-0.736, 0.8845, 2.965), (-0.737, 0.8845, 2.965), (-0.737, -1.765, 0.095), (-0.736, -1.765, 0.095), (-0.736, 1.765, 0.095), (-0.737, 1.765, 0.095), (-0.737, -1.765, 0.099), (-0.736, -1.765, 0.099), (-0.736, 1.765, 0.099), (-0.737, 1.765, 0.099), (-0.737, -1.765, 2.961), (-0.736, -1.765, 2.961), (-0.736, 1.765, 2.961), (-0.737, 1.765, 2.961), (-0.737, -1.765, 2.965), (-0.736, -1.765, 2.965), (-0.736, 1.765, 2.965), (-0.737, 1.765, 2.965)]
                uniform token subdivisionScheme = "none"
            }

            def Mesh "Handle" (
                prepend apiSchemas = ["MaterialBindingAPI"]
            )
            {
                float3[] extent = [(-0.746, -1.024875, 1.5935), (-0.736, 1.642625, 1.7535)]
                int[] faceVertexCounts = [4, 4, 4, 4, 4, 4, 4, 4, 4, 4, 4, 4, 4, 4, 4, 4, 4, 4, 4, 4, 4, 4, 4, 4]
                int[] faceVertexIndices = [0, 3, 2, 1, 4, 5, 6, 7, 0, 1, 5, 4, 2, 3, 7, 6, 1, 2, 6, 5, 3, 0, 4, 7, 8, 11, 10, 9, 12, 13, 14, 15, 8, 9, 13, 12, 10, 11, 15, 14, 9, 10, 14, 13, 11, 8, 12, 15, 16, 19, 18, 17, 20, 21, 22, 23, 16, 17, 21, 20, 18, 19, 23, 22, 17, 18, 22, 21, 19, 16, 20, 23, 24, 27, 26, 25, 28, 29, 30, 31, 24, 25, 29, 28, 26, 27, 31, 30, 25, 26, 30, 29, 27, 24, 28, 31]
                rel material:binding = </GenericCRAH/Looks/Handle>
                uniform token orientation = "rightHanded"
                point3f[] points = [(-0.746, -1.024875, 1.5935), (-0.736, -1.024875, 1.5935), (-0.736, -1.004875, 1.5935), (-0.746, -1.004875, 1.5935), (-0.746, -1.024875, 1.7535), (-0.736, -1.024875, 1.7535), (-0.736, -1.004875, 1.7535), (-0.746, -1.004875, 1.7535), (-0.746, -0.142375, 1.5935), (-0.736, -0.142375, 1.5935), (-0.736, -0.122375, 1.5935), (-0.746, -0.122375, 1.5935), (-0.746, -0.142375, 1.7535), (-0.736, -0.142375, 1.7535), (-0.736, -0.122375, 1.7535), (-0.746, -0.122375, 1.7535), (-0.746, 0.740125, 1.5935), (-0.736, 0.740125, 1.5935), (-0.736, 0.760125, 1.5935), (-0.746, 0.760125, 1.5935), (-0.746, 0.740125, 1.7535), (-0.736, 0.740125, 1.7535), (-0.736, 0.760125, 1.7535), (-0.746, 0.760125, 1.7535), (-0.746, 1.622625, 1.5935), (-0.736, 1.622625, 1.5935), (-0.736, 1.642625, 1.5935), (-0.746, 1.642625, 1.5935), (-0.746, 1.622625, 1.7535), (-0.736, 1.622625, 1.7535), (-0.736, 1.642625, 1.7535), (-0.746, 1.642625, 1.7535)]
                uniform token subdivisionScheme = "none"
            }

            def Mesh "Flange" (
                prepend apiSchemas = ["MaterialBindingAPI"]
            )
            {
                float3[] extent = [(-0.747, -1.4014, 0.23591153), (-0.736, -0.8578, 0.35408846)]
                int[] faceVertexCounts = [4, 4, 4, 4, 4, 4, 4, 4, 4, 4, 4, 4, 4, 4, 4, 4, 4, 4, 3, 3, 3, 3, 3, 3, 3, 3, 3, 3, 3, 3, 3, 3, 3, 3, 3, 3, 3, 3, 3, 3, 3, 3, 3, 3, 3, 3, 3, 3, 3, 3, 3, 3, 3, 3, 4, 4, 4, 4, 4, 4, 4, 4, 4, 4, 4, 4, 4, 4, 4, 4, 4, 4, 3, 3, 3, 3, 3, 3, 3, 3, 3, 3, 3, 3, 3, 3, 3, 3, 3, 3, 3, 3, 3, 3, 3, 3, 3, 3, 3, 3, 3, 3, 3, 3, 3, 3, 3, 3]
                int[] faceVertexIndices = [0, 1, 19, 18, 1, 2, 20, 19, 2, 3, 21, 20, 3, 4, 22, 21, 4, 5, 23, 22, 5, 6, 24, 23, 6, 7, 25, 24, 7, 8, 26, 25, 8, 9, 27, 26, 9, 10, 28, 27, 10, 11, 29, 28, 11, 12, 30, 29, 12, 13, 31, 30, 13, 14, 32, 31, 14, 15, 33, 32, 15, 16, 34, 33, 16, 17, 35, 34, 17, 0, 18, 35, 36, 1, 0, 37, 18, 19, 36, 2, 1, 37, 19, 20, 36, 3, 2, 37, 20, 21, 36, 4, 3, 37, 21, 22, 36, 5, 4, 37, 22, 23, 36, 6, 5, 37, 23, 24, 36, 7, 6, 37, 24, 25, 36, 8, 7, 37, 25, 26, 36, 9, 8, 37, 26, 27, 36, 10, 9, 37, 27, 28, 36, 11, 10, 37, 28, 29, 36, 12, 11, 37, 29, 30, 36, 13, 12, 37, 30, 31, 36, 14, 13, 37, 31, 32, 36, 15, 14, 37, 32, 33, 36, 16, 15, 37, 33, 34, 36, 17, 16, 37, 34, 35, 36, 0, 17, 37, 35, 18, 38, 39, 57, 56, 39, 40, 58, 57, 40, 41, 59, 58, 41, 42, 60, 59, 42, 43, 61, 60, 43, 44, 62, 61, 44, 45, 63, 62, 45, 46, 64, 63, 46, 47, 65, 64, 47, 48, 66, 65, 48, 49, 67, 66, 49, 50, 68, 67, 50, 51, 69, 68, 51, 52, 70, 69, 52, 53, 71, 70, 53, 54, 72, 71, 54, 55, 73, 72, 55, 38, 56, 73, 74, 39, 38, 75, 56, 57, 74, 40, 39, 75, 57, 58, 74, 41, 40, 75, 58, 59, 74, 42, 41, 75, 59, 60, 74, 43, 42, 75, 60, 61, 74, 44, 43, 75, 61, 62, 74, 45, 44, 75, 62, 63, 74, 46, 45, 75, 63, 64, 74, 47, 46, 75, 64, 65, 74, 48, 47, 75, 65, 66, 74, 49, 48, 75, 66, 67, 74, 50, 49, 75, 67, 68, 74, 51, 50, 75, 68, 69, 74, 52, 51, 75, 69, 70, 74, 53, 52, 75, 70, 71, 74, 54, 53, 75, 71, 72, 74, 55, 54, 75, 72, 73, 74, 38, 55, 75, 73, 56]
                rel material:binding = </GenericCRAH/Looks/Flange>
                uniform token orientation = "rightHanded"
                point3f[] points = [(-0.736, -1.2814, 0.295), (-0.736, -1.2850184, 0.2744788), (-0.736, -1.2954373, 0.25643274), (-0.736, -1.3114, 0.24303848), (-0.736, -1.3309811, 0.23591153), (-0.736, -1.3518189, 0.23591153), (-0.736, -1.3714, 0.24303848), (-0.736, -1.3873627, 0.25643274), (-0.736, -1.3977816, 0.2744788), (-0.736, -1.4014, 0.295), (-0.736, -1.3977816, 0.3155212), (-0.736, -1.3873627, 0.33356726), (-0.736, -1.3714, 0.34696153), (-0.736, -1.3518189, 0.35408846), (-0.736, -1.3309811, 0.35408846), (-0.736, -1.3114, 0.34696153), (-0.736, -1.2954373, 0.33356726), (-0.736, -1.2850184, 0.3155212), (-0.747, -1.2814, 0.295), (-0.747, -1.2850184, 0.2744788), (-0.747, -1.2954373, 0.25643274), (-0.747, -1.3114, 0.24303848), (-0.747, -1.3309811, 0.23591153), (-0.747, -1.3518189, 0.23591153), (-0.747, -1.3714, 0.24303848), (-0.747, -1.3873627, 0.25643274), (-0.747, -1.3977816, 0.2744788), (-0.747, -1.4014, 0.295), (-0.747, -1.3977816, 0.3155212), (-0.747, -1.3873627, 0.33356726), (-0.747, -1.3714, 0.34696153), (-0.747, -1.3518189, 0.35408846), (-0.747, -1.3309811, 0.35408846), (-0.747, -1.3114, 0.34696153), (-0.747, -1.2954373, 0.33356726), (-0.747, -1.2850184, 0.3155212), (-0.736, -1.3414, 0.295), (-0.747, -1.3414, 0.295), (-0.736, -0.8578, 0.295), (-0.736, -0.8614184, 0.2744788), (-0.736, -0.8718373, 0.25643274), (-0.736, -0.8878, 0.24303848), (-0.736, -0.9073811, 0.23591153), (-0.736, -0.9282189, 0.23591153), (-0.736, -0.9478, 0.24303848), (-0.736, -0.96376264, 0.25643274), (-0.736, -0.97418153, 0.2744788), (-0.736, -0.9778, 0.295), (-0.736, -0.97418153, 0.3155212), (-0.736, -0.96376264, 0.33356726), (-0.736, -0.9478, 0.34696153), (-0.736, -0.9282189, 0.35408846), (-0.736, -0.9073811, 0.35408846), (-0.736, -0.8878, 0.34696153), (-0.736, -0.8718373, 0.33356726), (-0.736, -0.8614184, 0.3155212), (-0.747, -0.8578, 0.295), (-0.747, -0.8614184, 0.2744788), (-0.747, -0.8718373, 0.25643274), (-0.747, -0.8878, 0.24303848), (-0.747, -0.9073811, 0.23591153), (-0.747, -0.9282189, 0.23591153), (-0.747, -0.9478, 0.24303848), (-0.747, -0.96376264, 0.25643274), (-0.747, -0.97418153, 0.2744788), (-0.747, -0.9778, 0.295), (-0.747, -0.97418153, 0.3155212), (-0.747, -0.96376264, 0.33356726), (-0.747, -0.9478, 0.34696153), (-0.747, -0.9282189, 0.35408846), (-0.747, -0.9073811, 0.35408846), (-0.747, -0.8878, 0.34696153), (-0.747, -0.8718373, 0.33356726), (-0.747, -0.8614184, 0.3155212), (-0.736, -0.9178, 0.295), (-0.747, -0.9178, 0.295)]
                uniform token subdivisionScheme = "none"
            }
        }

        def "Sides"
        {
            def Mesh "DoorLine" (
                prepend apiSchemas = ["MaterialBindingAPI"]
            )
            {
                float3[] extent = [(-0.706, -1.7988, 2.1589), (0.706, 1.7988, 2.1639)]
                int[] faceVertexCounts = [4, 4]
                int[] faceVertexIndices = [0, 1, 2, 3, 4, 7, 6, 5]
                rel material:binding = </GenericCRAH/Looks/DoorLine>
                uniform token orientation = "rightHanded"
                point3f[] points = [(-0.706, -1.7988, 2.1589), (0.706, -1.7988, 2.1589), (0.706, -1.7988, 2.1639), (-0.706, -1.7988, 2.1639), (-0.706, 1.7988, 2.1589), (0.706, 1.7988, 2.1589), (0.706, 1.7988, 2.1639), (-0.706, 1.7988, 2.1639)]
                uniform token subdivisionScheme = "none"
            }
        }

        def "Top"
        {
            def Mesh "FanGrille" (
                prepend apiSchemas = ["MaterialBindingAPI"]
            )
            {
                float3[] extent = [(-0.676, -1.72, 3.001), (0.676, 1.72, 3.001)]
                int[] faceVertexCounts = [4]
                int[] faceVertexIndices = [0, 1, 2, 3]
                rel material:binding = </GenericCRAH/Looks/FanGrille>
                uniform token orientation = "rightHanded"
                point3f[] points = [(-0.676, -1.72, 3.001), (0.676, -1.72, 3.001), (0.676, 1.72, 3.001), (-0.676, 1.72, 3.001)]
                uniform token subdivisionScheme = "none"
            }

            def Mesh "Louvre" (
                prepend apiSchemas = ["MaterialBindingAPI"]
            )
            {
                float3[] extent = [(-0.676, -1.707, 3.001), (0.676, 1.707, 3.007)]
                int[] faceVertexCounts = [4, 4, 4, 4, 4, 4, 4, 4, 4, 4, 4, 4, 4, 4, 4, 4, 4, 4, 4, 4, 4, 4, 4, 4, 4, 4, 4, 4, 4, 4, 4, 4, 4, 4, 4, 4, 4, 4, 4, 4, 4, 4, 4, 4, 4, 4, 4, 4, 4, 4, 4, 4, 4, 4, 4, 4, 4, 4, 4, 4, 4, 4, 4, 4, 4, 4, 4, 4, 4, 4, 4, 4, 4, 4, 4, 4, 4, 4, 4, 4, 4, 4, 4, 4, 4, 4, 4, 4, 4, 4, 4, 4, 4, 4, 4, 4, 4, 4, 4, 4, 4, 4, 4, 4, 4, 4, 4, 4, 4, 4, 4, 4, 4, 4, 4, 4, 4, 4, 4, 4, 4, 4, 4, 4, 4, 4, 4, 4, 4, 4, 4, 4, 4, 4, 4, 4, 4, 4, 4, 4, 4, 4, 4, 4, 4, 4, 4, 4, 4, 4, 4, 4, 4, 4, 4, 4, 4, 4, 4, 4, 4, 4, 4, 4, 4, 4, 4, 4, 4, 4, 4, 4, 4, 4, 4, 4, 4, 4, 4, 4, 4, 4, 4, 4, 4, 4, 4, 4, 4, 4, 4, 4, 4, 4, 4, 4, 4, 4, 4, 4, 4, 4, 4, 4, 4, 4, 4, 4, 4, 4, 4, 4, 4, 4, 4, 4, 4, 4, 4, 4, 4, 4, 4, 4, 4, 4, 4, 4, 4, 4, 4, 4, 4, 4, 4, 4, 4, 4, 4, 4, 4, 4, 4, 4, 4, 4, 4, 4, 4, 4, 4, 4, 4, 4, 4, 4, 4, 4, 4, 4, 4, 4, 4, 4, 4, 4, 4, 4, 4, 4, 4, 4, 4, 4, 4, 4, 4, 4, 4, 4, 4, 4, 4, 4, 4, 4, 4, 4, 4, 4, 4, 4, 4, 4, 4, 4, 4, 4, 4, 4, 4, 4, 4, 4, 4, 4, 4, 4, 4, 4, 4, 4, 4, 4, 4, 4, 4, 4, 4, 4, 4, 4, 4, 4, 4, 4, 4, 4, 4, 4, 4, 4, 4, 4, 4, 4, 4, 4, 4, 4, 4, 4, 4, 4, 4, 4, 4, 4, 4, 4, 4, 4, 4, 4, 4, 4, 4, 4, 4, 4, 4, 4, 4, 4, 4, 4, 4, 4, 4, 4, 4, 4, 4, 4, 4, 4, 4, 4, 4, 4, 4, 4, 4, 4, 4, 4, 4, 4, 4, 4, 4, 4, 4, 4, 4, 4, 4, 4, 4, 4, 4, 4, 4, 4, 4, 4, 4, 4, 4, 4, 4, 4, 4, 4, 4, 4, 4, 4, 4, 4, 4, 4, 4, 4, 4, 4, 4, 4, 4, 4, 4, 4, 4, 4, 4, 4, 4, 4, 4, 4, 4, 4, 4, 4, 4, 4, 4, 4, 4, 4, 4, 4, 4, 4, 4, 4, 4, 4, 4, 4, 4, 4, 4, 4, 4, 4, 4, 4, 4, 4, 4, 4, 4, 4, 4, 4, 4, 4, 4, 4, 4, 4, 4, 4, 4, 4, 4, 4, 4, 4, 4, 4, 4, 4, 4, 4, 4, 4, 4, 4, 4, 4, 4, 4, 4, 4, 4, 4, 4, 4, 4, 4, 4, 4, 4, 4]
                int[] faceVertexIndices = [0, 3, 2, 1, 4, 5, 6, 7, 0, 1, 5, 4, 2, 3, 7, 6, 1, 2, 6, 5, 3, 0, 4, 7, 8, 11, 10, 9, 12, 13, 14, 15, 8, 9, 13, 12, 10, 11, 15, 14, 9, 10, 14, 13, 11, 8, 12, 15, 16, 19, 18, 17, 20, 21, 22, 23, 16, 17, 21, 20, 18, 19, 23, 22, 17, 18, 22, 21, 19, 16, 20, 23, 24, 27, 26, 25, 28, 29, 30, 31, 24, 25, 29, 28, 26, 27, 31, 30, 25, 26, 30, 29, 27, 24, 28, 31, 32, 35, 34, 33, 36, 37, 38, 39, 32, 33, 37, 36, 34, 35, 39, 38, 33, 34, 38, 37, 35, 32, 36, 39, 40, 43, 42, 41, 44, 45, 46, 47, 40, 41, 45, 44, 42, 43, 47, 46, 41, 42, 46, 45, 43, 40, 44, 47, 48, 51, 50, 49, 52, 53, 54, 55, 48, 49, 53, 52, 50, 51, 55, 54, 49, 50, 54, 53, 51, 48, 52, 55, 56, 59, 58, 57, 60, 61, 62, 63, 56, 57, 61, 60, 58, 59, 63, 62, 57, 58, 62, 61, 59, 56, 60, 63, 64, 67, 66, 65, 68, 69, 70, 71, 64, 65, 69, 68, 66, 67, 71, 70, 65, 66, 70, 69, 67, 64, 68, 71, 72, 75, 74, 73, 76, 77, 78, 79, 72, 73, 77, 76, 74, 75, 79, 78, 73, 74, 78, 77, 75, 72, 76, 79, 80, 83, 82, 81, 84, 85, 86, 87, 80, 81, 85, 84, 82, 83, 87, 86, 81, 82, 86, 85, 83, 80, 84, 87, 88, 91, 90, 89, 92, 93, 94, 95, 88, 89, 93, 92, 90, 91, 95, 94, 89, 90, 94, 93, 91, 88, 92, 95, 96, 99, 98, 97, 100, 101, 102, 103, 96, 97, 101, 100, 98, 99, 103, 102, 97, 98, 102, 101, 99, 96, 100, 103, 104, 107, 106, 105, 108, 109, 110, 111, 104, 105, 109, 108, 106, 107, 111, 110, 105, 106, 110, 109, 107, 104, 108, 111, 112, 115, 114, 113, 116, 117, 118, 119, 112, 113, 117, 116, 114, 115, 119, 118, 113, 114, 118, 117, 115, 112, 116, 119, 120, 123, 122, 121, 124, 125, 126, 127, 120, 121, 125, 124, 122, 123, 127, 126, 121, 122, 126, 125, 123, 120, 124, 127, 128, 131, 130, 129, 132, 133, 134, 135, 128, 129, 133, 132, 130, 131, 135, 134, 129, 130, 134, 133, 131, 128, 132, 135, 136, 139, 138, 137, 140, 141, 142, 143, 136, 137, 141, 140, 138, 139, 143, 142, 137, 138, 142, 141, 139, 136, 140, 143, 144, 147, 146, 145, 148, 149, 150, 151, 144, 145, 149, 148, 146, 147, 151, 150, 145, 146, 150, 149, 147, 144, 148, 151, 152, 155, 154, 153, 156, 157, 158, 159, 152, 153, 157, 156, 154, 155, 159, 158, 153, 154, 158, 157, 155, 152, 156, 159, 160, 163, 162, 161, 164, 165, 166, 167, 160, 161, 165, 164, 162, 163, 167, 166, 161, 162, 166, 165, 163, 160, 164, 167, 168, 171, 170, 169, 172, 173, 174, 175, 168, 169, 173, 172, 170, 171, 175, 174, 169, 170, 174, 173, 171, 168, 172, 175, 176, 179, 178, 177, 180, 181, 182, 183, 176, 177, 181, 180, 178, 179, 183, 182, 177, 178, 182, 181, 179, 176, 180, 183, 184, 187, 186, 185, 188, 189, 190, 191, 184, 185, 189, 188, 186, 187, 191, 190, 185, 186, 190, 189, 187, 184, 188, 191, 192, 195, 194, 193, 196, 197, 198, 199, 192, 193, 197, 196, 194, 195, 199, 198, 193, 194, 198, 197, 195, 192, 196, 199, 200, 203, 202, 201, 204, 205, 206, 207, 200, 201, 205, 204, 202, 203, 207, 206, 201, 202, 206, 205, 203, 200, 204, 207, 208, 211, 210, 209, 212, 213, 214, 215, 208, 209, 213, 212, 210, 211, 215, 214, 209, 210, 214, 213, 211, 208, 212, 215, 216, 219, 218, 217, 220, 221, 222, 223, 216, 217, 221, 220, 218, 219, 223, 222, 217, 218, 222, 221, 219, 216, 220, 223, 224, 227, 226, 225, 228, 229, 230, 231, 224, 225, 229, 228, 226, 227, 231, 230, 225, 226, 230, 229, 227, 224, 228, 231, 232, 235, 234, 233, 236, 237, 238, 239, 232, 233, 237, 236, 234, 235, 239, 238, 233, 234, 238, 237, 235, 232, 236, 239, 240, 243, 242, 241, 244, 245, 246, 247, 240, 241, 245, 244, 242, 243, 247, 246, 241, 242, 246, 245, 243, 240, 244, 247, 248, 251, 250, 249, 252, 253, 254, 255, 248, 249, 253, 252, 250, 251, 255, 254, 249, 250, 254, 253, 251, 248, 252, 255, 256, 259, 258, 257, 260, 261, 262, 263, 256, 257, 261, 260, 258, 259, 263, 262, 257, 258, 262, 261, 259, 256, 260, 263, 264, 267, 266, 265, 268, 269, 270, 271, 264, 265, 269, 268, 266, 267, 271, 270, 265, 266, 270, 269, 267, 264, 268, 271, 272, 275, 274, 273, 276, 277, 278, 279, 272, 273, 277, 276, 274, 275, 279, 278, 273, 274, 278, 277, 275, 272, 276, 279, 280, 283, 282, 281, 284, 285, 286, 287, 280, 281, 285, 284, 282, 283, 287, 286, 281, 282, 286, 285, 283, 280, 284, 287, 288, 291, 290, 289, 292, 293, 294, 295, 288, 289, 293, 292, 290, 291, 295, 294, 289, 290, 294, 293, 291, 288, 292, 295, 296, 299, 298, 297, 300, 301, 302, 303, 296, 297, 301, 300, 298, 299, 303, 302, 297, 298, 302, 301, 299, 296, 300, 303, 304, 307, 306, 305, 308, 309, 310, 311, 304, 305, 309, 308, 306, 307, 311, 310, 305, 306, 310, 309, 307, 304, 308, 311, 312, 315, 314, 313, 316, 317, 318, 319, 312, 313, 317, 316, 314, 315, 319, 318, 313, 314, 318, 317, 315, 312, 316, 319, 320, 323, 322, 321, 324, 325, 326, 327, 320, 321, 325, 324, 322, 323, 327, 326, 321, 322, 326, 325, 323, 320, 324, 327, 328, 331, 330, 329, 332, 333, 334, 335, 328, 329, 333, 332, 330, 331, 335, 334, 329, 330, 334, 333, 331, 328, 332, 335, 336, 339, 338, 337, 340, 341, 342, 343, 336, 337, 341, 340, 338, 339, 343, 342, 337, 338, 342, 341, 339, 336, 340, 343, 344, 347, 346, 345, 348, 349, 350, 351, 344, 345, 349, 348, 346, 347, 351, 350, 345, 346, 350, 349, 347, 344, 348, 351, 352, 355, 354, 353, 356, 357, 358, 359, 352, 353, 357, 356, 354, 355, 359, 358, 353, 354, 358, 357, 355, 352, 356, 359, 360, 363, 362, 361, 364, 365, 366, 367, 360, 361, 365, 364, 362, 363, 367, 366, 361, 362, 366, 365, 363, 360, 364, 367, 368, 371, 370, 369, 372, 373, 374, 375, 368, 369, 373, 372, 370, 371, 375, 374, 369, 370, 374, 373, 371, 368, 372, 375, 376, 379, 378, 377, 380, 381, 382, 383, 376, 377, 381, 380, 378, 379, 383, 382, 377, 378, 382, 381, 379, 376, 380, 383, 384, 387, 386, 385, 388, 389, 390, 391, 384, 385, 389, 388, 386, 387, 391, 390, 385, 386, 390, 389, 387, 384, 388, 391, 392, 395, 394, 393, 396, 397, 398, 399, 392, 393, 397, 396, 394, 395, 399, 398, 393, 394, 398, 397, 395, 392, 396, 399, 400, 403, 402, 401, 404, 405, 406, 407, 400, 401, 405, 404, 402, 403, 407, 406, 401, 402, 406, 405, 403, 400, 404, 407, 408, 411, 410, 409, 412, 413, 414, 415, 408, 409, 413, 412, 410, 411, 415, 414, 409, 410, 414, 413, 411, 408, 412, 415, 416, 419, 418, 417, 420, 421, 422, 423, 416, 417, 421, 420, 418, 419, 423, 422, 417, 418, 422, 421, 419, 416, 420, 423, 424, 427, 426, 425, 428, 429, 430, 431, 424, 425, 429, 428, 426, 427, 431, 430, 425, 426, 430, 429, 427, 424, 428, 431, 432, 435, 434, 433, 436, 437, 438, 439, 432, 433, 437, 436, 434, 435, 439, 438, 433, 434, 438, 437, 435, 432, 436, 439, 440, 443, 442, 441, 444, 445, 446, 447, 440, 441, 445, 444, 442, 443, 447, 446, 441, 442, 446, 445, 443, 440, 444, 447, 448, 451, 450, 449, 452, 453, 454, 455, 448, 449, 453, 452, 450, 451, 455, 454, 449, 450, 454, 453, 451, 448, 452, 455, 456, 459, 458, 457, 460, 461, 462, 463, 456, 457, 461, 460, 458, 459, 463, 462, 457, 458, 462, 461, 459, 456, 460, 463, 464, 467, 466, 465, 468, 469, 470, 471, 464, 465, 469, 468, 466, 467, 471, 470, 465, 466, 470, 469, 467, 464, 468, 471, 472, 475, 474, 473, 476, 477, 478, 479, 472, 473, 477, 476, 474, 475, 479, 478, 473, 474, 478, 477, 475, 472, 476, 479, 480, 483, 482, 481, 484, 485, 486, 487, 480, 481, 485, 484, 482, 483, 487, 486, 481, 482, 486, 485, 483, 480, 484, 487, 488, 491, 490, 489, 492, 493, 494, 495, 488, 489, 493, 492, 490, 491, 495, 494, 489, 490, 494, 493, 491, 488, 492, 495, 496, 499, 498, 497, 500, 501, 502, 503, 496, 497, 501, 500, 498, 499, 503, 502, 497, 498, 502, 501, 499, 496, 500, 503, 504, 507, 506, 505, 508, 509, 510, 511, 504, 505, 509, 508, 506, 507, 511, 510, 505, 506, 510, 509, 507, 504, 508, 511, 512, 515, 514, 513, 516, 517, 518, 519, 512, 513, 517, 516, 514, 515, 519, 518, 513, 514, 518, 517, 515, 512, 516, 519, 520, 523, 522, 521, 524, 525, 526, 527, 520, 521, 525, 524, 522, 523, 527, 526, 521, 522, 526, 525, 523, 520, 524, 527, 528, 531, 530, 529, 532, 533, 534, 535, 528, 529, 533, 532, 530, 531, 535, 534, 529, 530, 534, 533, 531, 528, 532, 535, 536, 539, 538, 537, 540, 541, 542, 543, 536, 537, 541, 540, 538, 539, 543, 542, 537, 538, 542, 541, 539, 536, 540, 543, 544, 547, 546, 545, 548, 549, 550, 551, 544, 545, 549, 548, 546, 547, 551, 550, 545, 546, 550, 549, 547, 544, 548, 551, 552, 555, 554, 553, 556, 557, 558, 559, 552, 553, 557, 556, 554, 555, 559, 558, 553, 554, 558, 557, 555, 552, 556, 559, 560, 563, 562, 561, 564, 565, 566, 567, 560, 561, 565, 564, 562, 563, 567, 566, 561, 562, 566, 565, 563, 560, 564, 567, 568, 571, 570, 569, 572, 573, 574, 575, 568, 569, 573, 572, 570, 571, 575, 574, 569, 570, 574, 573, 571, 568, 572, 575, 576, 579, 578, 577, 580, 581, 582, 583, 576, 577, 581, 580, 578, 579, 583, 582, 577, 578, 582, 581, 579, 576, 580, 583, 584, 587, 586, 585, 588, 589, 590, 591, 584, 585, 589, 588, 586, 587, 591, 590, 585, 586, 590, 589, 587, 584, 588, 591, 592, 595, 594, 593, 596, 597, 598, 599, 592, 593, 597, 596, 594, 595, 599, 598, 593, 594, 598, 597, 595, 592, 596, 599, 600, 603, 602, 601, 604, 605, 606, 607, 600, 601, 605, 604, 602, 603, 607, 606, 601, 602, 606, 605, 603, 600, 604, 607, 608, 611, 610, 609, 612, 613, 614, 615, 608, 609, 613, 612, 610, 611, 615, 614, 609, 610, 614, 613, 611, 608, 612, 615, 616, 619, 618, 617, 620, 621, 622, 623, 616, 617, 621, 620, 618, 619, 623, 622, 617, 618, 622, 621, 619, 616, 620, 623, 624, 627, 626, 625, 628, 629, 630, 631, 624, 625, 629, 628, 626, 627, 631, 630, 625, 626, 630, 629, 627, 624, 628, 631, 632, 635, 634, 633, 636, 637, 638, 639, 632, 633, 637, 636, 634, 635, 639, 638, 633, 634, 638, 637, 635, 632, 636, 639, 640, 643, 642, 641, 644, 645, 646, 647, 640, 641, 645, 644, 642, 643, 647, 646, 641, 642, 646, 645, 643, 640, 644, 647, 648, 651, 650, 649, 652, 653, 654, 655, 648, 649, 653, 652, 650, 651, 655, 654, 649, 650, 654, 653, 651, 648, 652, 655, 656, 659, 658, 657, 660, 661, 662, 663, 656, 657, 661, 660, 658, 659, 663, 662, 657, 658, 662, 661, 659, 656, 660, 663, 664, 667, 666, 665, 668, 669, 670, 671, 664, 665, 669, 668, 666, 667, 671, 670, 665, 666, 670, 669, 667, 664, 668, 671, 672, 675, 674, 673, 676, 677, 678, 679, 672, 673, 677, 676, 674, 675, 679, 678, 673, 674, 678, 677, 675, 672, 676, 679, 680, 683, 682, 681, 684, 685, 686, 687, 680, 681, 685, 684, 682, 683, 687, 686, 681, 682, 686, 685, 683, 680, 684, 687]
                rel material:binding = </GenericCRAH/Looks/Louvre>
                uniform token orientation = "rightHanded"
                point3f[] points = [(-0.676, -1.707, 3.001), (0.676, -1.707, 3.001), (0.676, -1.693, 3.001), (-0.676, -1.693, 3.001), (-0.676, -1.707, 3.007), (0.676, -1.707, 3.007), (0.676, -1.693, 3.007), (-0.676, -1.693, 3.007), (-0.676, -1.667, 3.001), (0.676, -1.667, 3.001), (0.676, -1.653, 3.001), (-0.676, -1.653, 3.001), (-0.676, -1.667, 3.007), (0.676, -1.667, 3.007), (0.676, -1.653, 3.007), (-0.676, -1.653, 3.007), (-0.676, -1.627, 3.001), (0.676, -1.627, 3.001), (0.676, -1.613, 3.001), (-0.676, -1.613, 3.001), (-0.676, -1.627, 3.007), (0.676, -1.627, 3.007), (0.676, -1.613, 3.007), (-0.676, -1.613, 3.007), (-0.676, -1.587, 3.001), (0.676, -1.587, 3.001), (0.676, -1.573, 3.001), (-0.676, -1.573, 3.001), (-0.676, -1.587, 3.007), (0.676, -1.587, 3.007), (0.676, -1.573, 3.007), (-0.676, -1.573, 3.007), (-0.676, -1.547, 3.001), (0.676, -1.547, 3.001), (0.676, -1.533, 3.001), (-0.676, -1.533, 3.001), (-0.676, -1.547, 3.007), (0.676, -1.547, 3.007), (0.676, -1.533, 3.007), (-0.676, -1.533, 3.007), (-0.676, -1.507, 3.001), (0.676, -1.507, 3.001), (0.676, -1.493, 3.001), (-0.676, -1.493, 3.001), (-0.676, -1.507, 3.007), (0.676, -1.507, 3.007), (0.676, -1.493, 3.007), (-0.676, -1.493, 3.007), (-0.676, -1.467, 3.001), (0.676, -1.467, 3.001), (0.676, -1.453, 3.001), (-0.676, -1.453, 3.001), (-0.676, -1.467, 3.007), (0.676, -1.467, 3.007), (0.676, -1.453, 3.007), (-0.676, -1.453, 3.007), (-0.676, -1.427, 3.001), (0.676, -1.427, 3.001), (0.676, -1.413, 3.001), (-0.676, -1.413, 3.001), (-0.676, -1.427, 3.007), (0.676, -1.427, 3.007), (0.676, -1.413, 3.007), (-0.676, -1.413, 3.007), (-0.676, -1.387, 3.001), (0.676, -1.387, 3.001), (0.676, -1.373, 3.001), (-0.676, -1.373, 3.001), (-0.676, -1.387, 3.007), (0.676, -1.387, 3.007), (0.676, -1.373, 3.007), (-0.676, -1.373, 3.007), (-0.676, -1.347, 3.001), (0.676, -1.347, 3.001), (0.676, -1.333, 3.001), (-0.676, -1.333, 3.001), (-0.676, -1.347, 3.007), (0.676, -1.347, 3.007), (0.676, -1.333, 3.007), (-0.676, -1.333, 3.007), (-0.676, -1.307, 3.001), (0.676, -1.307, 3.001), (0.676, -1.293, 3.001), (-0.676, -1.293, 3.001), (-0.676, -1.307, 3.007), (0.676, -1.307, 3.007), (0.676, -1.293, 3.007), (-0.676, -1.293, 3.007), (-0.676, -1.267, 3.001), (0.676, -1.267, 3.001), (0.676, -1.253, 3.001), (-0.676, -1.253, 3.001), (-0.676, -1.267, 3.007), (0.676, -1.267, 3.007), (0.676, -1.253, 3.007), (-0.676, -1.253, 3.007), (-0.676, -1.227, 3.001), (0.676, -1.227, 3.001), (0.676, -1.213, 3.001), (-0.676, -1.213, 3.001), (-0.676, -1.227, 3.007), (0.676, -1.227, 3.007), (0.676, -1.213, 3.007), (-0.676, -1.213, 3.007), (-0.676, -1.187, 3.001), (0.676, -1.187, 3.001), (0.676, -1.173, 3.001), (-0.676, -1.173, 3.001), (-0.676, -1.187, 3.007), (0.676, -1.187, 3.007), (0.676, -1.173, 3.007), (-0.676, -1.173, 3.007), (-0.676, -1.147, 3.001), (0.676, -1.147, 3.001), (0.676, -1.133, 3.001), (-0.676, -1.133, 3.001), (-0.676, -1.147, 3.007), (0.676, -1.147, 3.007), (0.676, -1.133, 3.007), (-0.676, -1.133, 3.007), (-0.676, -1.107, 3.001), (0.676, -1.107, 3.001), (0.676, -1.093, 3.001), (-0.676, -1.093, 3.001), (-0.676, -1.107, 3.007), (0.676, -1.107, 3.007), (0.676, -1.093, 3.007), (-0.676, -1.093, 3.007), (-0.676, -1.067, 3.001), (0.676, -1.067, 3.001), (0.676, -1.053, 3.001), (-0.676, -1.053, 3.001), (-0.676, -1.067, 3.007), (0.676, -1.067, 3.007), (0.676, -1.053, 3.007), (-0.676, -1.053, 3.007), (-0.676, -1.027, 3.001), (0.676, -1.027, 3.001), (0.676, -1.013, 3.001), (-0.676, -1.013, 3.001), (-0.676, -1.027, 3.007), (0.676, -1.027, 3.007), (0.676, -1.013, 3.007), (-0.676, -1.013, 3.007), (-0.676, -0.987, 3.001), (0.676, -0.987, 3.001), (0.676, -0.973, 3.001), (-0.676, -0.973, 3.001), (-0.676, -0.987, 3.007), (0.676, -0.987, 3.007), (0.676, -0.973, 3.007), (-0.676, -0.973, 3.007), (-0.676, -0.947, 3.001), (0.676, -0.947, 3.001), (0.676, -0.933, 3.001), (-0.676, -0.933, 3.001), (-0.676, -0.947, 3.007), (0.676, -0.947, 3.007), (0.676, -0.933, 3.007), (-0.676, -0.933, 3.007), (-0.676, -0.907, 3.001), (0.676, -0.907, 3.001), (0.676, -0.893, 3.001), (-0.676, -0.893, 3.001), (-0.676, -0.907, 3.007), (0.676, -0.907, 3.007), (0.676, -0.893, 3.007), (-0.676, -0.893, 3.007), (-0.676, -0.867, 3.001), (0.676, -0.867, 3.001), (0.676, -0.853, 3.001), (-0.676, -0.853, 3.001), (-0.676, -0.867, 3.007), (0.676, -0.867, 3.007), (0.676, -0.853, 3.007), (-0.676, -0.853, 3.007), (-0.676, -0.827, 3.001), (0.676, -0.827, 3.001), (0.676, -0.813, 3.001), (-0.676, -0.813, 3.001), (-0.676, -0.827, 3.007), (0.676, -0.827, 3.007), (0.676, -0.813, 3.007), (-0.676, -0.813, 3.007), (-0.676, -0.787, 3.001), (0.676, -0.787, 3.001), (0.676, -0.773, 3.001), (-0.676, -0.773, 3.001), (-0.676, -0.787, 3.007), (0.676, -0.787, 3.007), (0.676, -0.773, 3.007), (-0.676, -0.773, 3.007), (-0.676, -0.747, 3.001), (0.676, -0.747, 3.001), (0.676, -0.733, 3.001), (-0.676, -0.733, 3.001), (-0.676, -0.747, 3.007), (0.676, -0.747, 3.007), (0.676, -0.733, 3.007), (-0.676, -0.733, 3.007), (-0.676, -0.707, 3.001), (0.676, -0.707, 3.001), (0.676, -0.693, 3.001), (-0.676, -0.693, 3.001), (-0.676, -0.707, 3.007), (0.676, -0.707, 3.007), (0.676, -0.693, 3.007), (-0.676, -0.693, 3.007), (-0.676, -0.667, 3.001), (0.676, -0.667, 3.001), (0.676, -0.653, 3.001), (-0.676, -0.653, 3.001), (-0.676, -0.667, 3.007), (0.676, -0.667, 3.007), (0.676, -0.653, 3.007), (-0.676, -0.653, 3.007), (-0.676, -0.627, 3.001), (0.676, -0.627, 3.001), (0.676, -0.613, 3.001), (-0.676, -0.613, 3.001), (-0.676, -0.627, 3.007), (0.676, -0.627, 3.007), (0.676, -0.613, 3.007), (-0.676, -0.613, 3.007), (-0.676, -0.587, 3.001), (0.676, -0.587, 3.001), (0.676, -0.573, 3.001), (-0.676, -0.573, 3.001), (-0.676, -0.587, 3.007), (0.676, -0.587, 3.007), (0.676, -0.573, 3.007), (-0.676, -0.573, 3.007), (-0.676, -0.547, 3.001), (0.676, -0.547, 3.001), (0.676, -0.533, 3.001), (-0.676, -0.533, 3.001), (-0.676, -0.547, 3.007), (0.676, -0.547, 3.007), (0.676, -0.533, 3.007), (-0.676, -0.533, 3.007), (-0.676, -0.507, 3.001), (0.676, -0.507, 3.001), (0.676, -0.493, 3.001), (-0.676, -0.493, 3.001), (-0.676, -0.507, 3.007), (0.676, -0.507, 3.007), (0.676, -0.493, 3.007), (-0.676, -0.493, 3.007), (-0.676, -0.467, 3.001), (0.676, -0.467, 3.001), (0.676, -0.453, 3.001), (-0.676, -0.453, 3.001), (-0.676, -0.467, 3.007), (0.676, -0.467, 3.007), (0.676, -0.453, 3.007), (-0.676, -0.453, 3.007), (-0.676, -0.427, 3.001), (0.676, -0.427, 3.001), (0.676, -0.413, 3.001), (-0.676, -0.413, 3.001), (-0.676, -0.427, 3.007), (0.676, -0.427, 3.007), (0.676, -0.413, 3.007), (-0.676, -0.413, 3.007), (-0.676, -0.387, 3.001), (0.676, -0.387, 3.001), (0.676, -0.373, 3.001), (-0.676, -0.373, 3.001), (-0.676, -0.387, 3.007), (0.676, -0.387, 3.007), (0.676, -0.373, 3.007), (-0.676, -0.373, 3.007), (-0.676, -0.347, 3.001), (0.676, -0.347, 3.001), (0.676, -0.333, 3.001), (-0.676, -0.333, 3.001), (-0.676, -0.347, 3.007), (0.676, -0.347, 3.007), (0.676, -0.333, 3.007), (-0.676, -0.333, 3.007), (-0.676, -0.307, 3.001), (0.676, -0.307, 3.001), (0.676, -0.293, 3.001), (-0.676, -0.293, 3.001), (-0.676, -0.307, 3.007), (0.676, -0.307, 3.007), (0.676, -0.293, 3.007), (-0.676, -0.293, 3.007), (-0.676, -0.267, 3.001), (0.676, -0.267, 3.001), (0.676, -0.253, 3.001), (-0.676, -0.253, 3.001), (-0.676, -0.267, 3.007), (0.676, -0.267, 3.007), (0.676, -0.253, 3.007), (-0.676, -0.253, 3.007), (-0.676, -0.227, 3.001), (0.676, -0.227, 3.001), (0.676, -0.213, 3.001), (-0.676, -0.213, 3.001), (-0.676, -0.227, 3.007), (0.676, -0.227, 3.007), (0.676, -0.213, 3.007), (-0.676, -0.213, 3.007), (-0.676, -0.187, 3.001), (0.676, -0.187, 3.001), (0.676, -0.173, 3.001), (-0.676, -0.173, 3.001), (-0.676, -0.187, 3.007), (0.676, -0.187, 3.007), (0.676, -0.173, 3.007), (-0.676, -0.173, 3.007), (-0.676, -0.147, 3.001), (0.676, -0.147, 3.001), (0.676, -0.133, 3.001), (-0.676, -0.133, 3.001), (-0.676, -0.147, 3.007), (0.676, -0.147, 3.007), (0.676, -0.133, 3.007), (-0.676, -0.133, 3.007), (-0.676, -0.107, 3.001), (0.676, -0.107, 3.001), (0.676, -0.093, 3.001), (-0.676, -0.093, 3.001), (-0.676, -0.107, 3.007), (0.676, -0.107, 3.007), (0.676, -0.093, 3.007), (-0.676, -0.093, 3.007), (-0.676, -0.067, 3.001), (0.676, -0.067, 3.001), (0.676, -0.053, 3.001), (-0.676, -0.053, 3.001), (-0.676, -0.067, 3.007), (0.676, -0.067, 3.007), (0.676, -0.053, 3.007), (-0.676, -0.053, 3.007), (-0.676, -0.027, 3.001), (0.676, -0.027, 3.001), (0.676, -0.013, 3.001), (-0.676, -0.013, 3.001), (-0.676, -0.027, 3.007), (0.676, -0.027, 3.007), (0.676, -0.013, 3.007), (-0.676, -0.013, 3.007), (-0.676, 0.013, 3.001), (0.676, 0.013, 3.001), (0.676, 0.027, 3.001), (-0.676, 0.027, 3.001), (-0.676, 0.013, 3.007), (0.676, 0.013, 3.007), (0.676, 0.027, 3.007), (-0.676, 0.027, 3.007), (-0.676, 0.053, 3.001), (0.676, 0.053, 3.001), (0.676, 0.067, 3.001), (-0.676, 0.067, 3.001), (-0.676, 0.053, 3.007), (0.676, 0.053, 3.007), (0.676, 0.067, 3.007), (-0.676, 0.067, 3.007), (-0.676, 0.093, 3.001), (0.676, 0.093, 3.001), (0.676, 0.107, 3.001), (-0.676, 0.107, 3.001), (-0.676, 0.093, 3.007), (0.676, 0.093, 3.007), (0.676, 0.107, 3.007), (-0.676, 0.107, 3.007), (-0.676, 0.133, 3.001), (0.676, 0.133, 3.001), (0.676, 0.147, 3.001), (-0.676, 0.147, 3.001), (-0.676, 0.133, 3.007), (0.676, 0.133, 3.007), (0.676, 0.147, 3.007), (-0.676, 0.147, 3.007), (-0.676, 0.173, 3.001), (0.676, 0.173, 3.001), (0.676, 0.187, 3.001), (-0.676, 0.187, 3.001), (-0.676, 0.173, 3.007), (0.676, 0.173, 3.007), (0.676, 0.187, 3.007), (-0.676, 0.187, 3.007), (-0.676, 0.213, 3.001), (0.676, 0.213, 3.001), (0.676, 0.227, 3.001), (-0.676, 0.227, 3.001), (-0.676, 0.213, 3.007), (0.676, 0.213, 3.007), (0.676, 0.227, 3.007), (-0.676, 0.227, 3.007), (-0.676, 0.253, 3.001), (0.676, 0.253, 3.001), (0.676, 0.267, 3.001), (-0.676, 0.267, 3.001), (-0.676, 0.253, 3.007), (0.676, 0.253, 3.007), (0.676, 0.267, 3.007), (-0.676, 0.267, 3.007), (-0.676, 0.293, 3.001), (0.676, 0.293, 3.001), (0.676, 0.307, 3.001), (-0.676, 0.307, 3.001), (-0.676, 0.293, 3.007), (0.676, 0.293, 3.007), (0.676, 0.307, 3.007), (-0.676, 0.307, 3.007), (-0.676, 0.333, 3.001), (0.676, 0.333, 3.001), (0.676, 0.347, 3.001), (-0.676, 0.347, 3.001), (-0.676, 0.333, 3.007), (0.676, 0.333, 3.007), (0.676, 0.347, 3.007), (-0.676, 0.347, 3.007), (-0.676, 0.373, 3.001), (0.676, 0.373, 3.001), (0.676, 0.387, 3.001), (-0.676, 0.387, 3.001), (-0.676, 0.373, 3.007), (0.676, 0.373, 3.007), (0.676, 0.387, 3.007), (-0.676, 0.387, 3.007), (-0.676, 0.413, 3.001), (0.676, 0.413, 3.001), (0.676, 0.427, 3.001), (-0.676, 0.427, 3.001), (-0.676, 0.413, 3.007), (0.676, 0.413, 3.007), (0.676, 0.427, 3.007), (-0.676, 0.427, 3.007), (-0.676, 0.453, 3.001), (0.676, 0.453, 3.001), (0.676, 0.467, 3.001), (-0.676, 0.467, 3.001), (-0.676, 0.453, 3.007), (0.676, 0.453, 3.007), (0.676, 0.467, 3.007), (-0.676, 0.467, 3.007), (-0.676, 0.493, 3.001), (0.676, 0.493, 3.001), (0.676, 0.507, 3.001), (-0.676, 0.507, 3.001), (-0.676, 0.493, 3.007), (0.676, 0.493, 3.007), (0.676, 0.507, 3.007), (-0.676, 0.507, 3.007), (-0.676, 0.533, 3.001), (0.676, 0.533, 3.001), (0.676, 0.547, 3.001), (-0.676, 0.547, 3.001), (-0.676, 0.533, 3.007), (0.676, 0.533, 3.007), (0.676, 0.547, 3.007), (-0.676, 0.547, 3.007), (-0.676, 0.573, 3.001), (0.676, 0.573, 3.001), (0.676, 0.587, 3.001), (-0.676, 0.587, 3.001), (-0.676, 0.573, 3.007), (0.676, 0.573, 3.007), (0.676, 0.587, 3.007), (-0.676, 0.587, 3.007), (-0.676, 0.613, 3.001), (0.676, 0.613, 3.001), (0.676, 0.627, 3.001), (-0.676, 0.627, 3.001), (-0.676, 0.613, 3.007), (0.676, 0.613, 3.007), (0.676, 0.627, 3.007), (-0.676, 0.627, 3.007), (-0.676, 0.653, 3.001), (0.676, 0.653, 3.001), (0.676, 0.667, 3.001), (-0.676, 0.667, 3.001), (-0.676, 0.653, 3.007), (0.676, 0.653, 3.007), (0.676, 0.667, 3.007), (-0.676, 0.667, 3.007), (-0.676, 0.693, 3.001), (0.676, 0.693, 3.001), (0.676, 0.707, 3.001), (-0.676, 0.707, 3.001), (-0.676, 0.693, 3.007), (0.676, 0.693, 3.007), (0.676, 0.707, 3.007), (-0.676, 0.707, 3.007), (-0.676, 0.733, 3.001), (0.676, 0.733, 3.001), (0.676, 0.747, 3.001), (-0.676, 0.747, 3.001), (-0.676, 0.733, 3.007), (0.676, 0.733, 3.007), (0.676, 0.747, 3.007), (-0.676, 0.747, 3.007), (-0.676, 0.773, 3.001), (0.676, 0.773, 3.001), (0.676, 0.787, 3.001), (-0.676, 0.787, 3.001), (-0.676, 0.773, 3.007), (0.676, 0.773, 3.007), (0.676, 0.787, 3.007), (-0.676, 0.787, 3.007), (-0.676, 0.813, 3.001), (0.676, 0.813, 3.001), (0.676, 0.827, 3.001), (-0.676, 0.827, 3.001), (-0.676, 0.813, 3.007), (0.676, 0.813, 3.007), (0.676, 0.827, 3.007), (-0.676, 0.827, 3.007), (-0.676, 0.853, 3.001), (0.676, 0.853, 3.001), (0.676, 0.867, 3.001), (-0.676, 0.867, 3.001), (-0.676, 0.853, 3.007), (0.676, 0.853, 3.007), (0.676, 0.867, 3.007), (-0.676, 0.867, 3.007), (-0.676, 0.893, 3.001), (0.676, 0.893, 3.001), (0.676, 0.907, 3.001), (-0.676, 0.907, 3.001), (-0.676, 0.893, 3.007), (0.676, 0.893, 3.007), (0.676, 0.907, 3.007), (-0.676, 0.907, 3.007), (-0.676, 0.933, 3.001), (0.676, 0.933, 3.001), (0.676, 0.947, 3.001), (-0.676, 0.947, 3.001), (-0.676, 0.933, 3.007), (0.676, 0.933, 3.007), (0.676, 0.947, 3.007), (-0.676, 0.947, 3.007), (-0.676, 0.973, 3.001), (0.676, 0.973, 3.001), (0.676, 0.987, 3.001), (-0.676, 0.987, 3.001), (-0.676, 0.973, 3.007), (0.676, 0.973, 3.007), (0.676, 0.987, 3.007), (-0.676, 0.987, 3.007), (-0.676, 1.013, 3.001), (0.676, 1.013, 3.001), (0.676, 1.027, 3.001), (-0.676, 1.027, 3.001), (-0.676, 1.013, 3.007), (0.676, 1.013, 3.007), (0.676, 1.027, 3.007), (-0.676, 1.027, 3.007), (-0.676, 1.053, 3.001), (0.676, 1.053, 3.001), (0.676, 1.067, 3.001), (-0.676, 1.067, 3.001), (-0.676, 1.053, 3.007), (0.676, 1.053, 3.007), (0.676, 1.067, 3.007), (-0.676, 1.067, 3.007), (-0.676, 1.093, 3.001), (0.676, 1.093, 3.001), (0.676, 1.107, 3.001), (-0.676, 1.107, 3.001), (-0.676, 1.093, 3.007), (0.676, 1.093, 3.007), (0.676, 1.107, 3.007), (-0.676, 1.107, 3.007), (-0.676, 1.133, 3.001), (0.676, 1.133, 3.001), (0.676, 1.147, 3.001), (-0.676, 1.147, 3.001), (-0.676, 1.133, 3.007), (0.676, 1.133, 3.007), (0.676, 1.147, 3.007), (-0.676, 1.147, 3.007), (-0.676, 1.173, 3.001), (0.676, 1.173, 3.001), (0.676, 1.187, 3.001), (-0.676, 1.187, 3.001), (-0.676, 1.173, 3.007), (0.676, 1.173, 3.007), (0.676, 1.187, 3.007), (-0.676, 1.187, 3.007), (-0.676, 1.213, 3.001), (0.676, 1.213, 3.001), (0.676, 1.227, 3.001), (-0.676, 1.227, 3.001), (-0.676, 1.213, 3.007), (0.676, 1.213, 3.007), (0.676, 1.227, 3.007), (-0.676, 1.227, 3.007), (-0.676, 1.253, 3.001), (0.676, 1.253, 3.001), (0.676, 1.267, 3.001), (-0.676, 1.267, 3.001), (-0.676, 1.253, 3.007), (0.676, 1.253, 3.007), (0.676, 1.267, 3.007), (-0.676, 1.267, 3.007), (-0.676, 1.293, 3.001), (0.676, 1.293, 3.001), (0.676, 1.307, 3.001), (-0.676, 1.307, 3.001), (-0.676, 1.293, 3.007), (0.676, 1.293, 3.007), (0.676, 1.307, 3.007), (-0.676, 1.307, 3.007), (-0.676, 1.333, 3.001), (0.676, 1.333, 3.001), (0.676, 1.347, 3.001), (-0.676, 1.347, 3.001), (-0.676, 1.333, 3.007), (0.676, 1.333, 3.007), (0.676, 1.347, 3.007), (-0.676, 1.347, 3.007), (-0.676, 1.373, 3.001), (0.676, 1.373, 3.001), (0.676, 1.387, 3.001), (-0.676, 1.387, 3.001), (-0.676, 1.373, 3.007), (0.676, 1.373, 3.007), (0.676, 1.387, 3.007), (-0.676, 1.387, 3.007), (-0.676, 1.413, 3.001), (0.676, 1.413, 3.001), (0.676, 1.427, 3.001), (-0.676, 1.427, 3.001), (-0.676, 1.413, 3.007), (0.676, 1.413, 3.007), (0.676, 1.427, 3.007), (-0.676, 1.427, 3.007), (-0.676, 1.453, 3.001), (0.676, 1.453, 3.001), (0.676, 1.467, 3.001), (-0.676, 1.467, 3.001), (-0.676, 1.453, 3.007), (0.676, 1.453, 3.007), (0.676, 1.467, 3.007), (-0.676, 1.467, 3.007), (-0.676, 1.493, 3.001), (0.676, 1.493, 3.001), (0.676, 1.507, 3.001), (-0.676, 1.507, 3.001), (-0.676, 1.493, 3.007), (0.676, 1.493, 3.007), (0.676, 1.507, 3.007), (-0.676, 1.507, 3.007), (-0.676, 1.533, 3.001), (0.676, 1.533, 3.001), (0.676, 1.547, 3.001), (-0.676, 1.547, 3.001), (-0.676, 1.533, 3.007), (0.676, 1.533, 3.007), (0.676, 1.547, 3.007), (-0.676, 1.547, 3.007), (-0.676, 1.573, 3.001), (0.676, 1.573, 3.001), (0.676, 1.587, 3.001), (-0.676, 1.587, 3.001), (-0.676, 1.573, 3.007), (0.676, 1.573, 3.007), (0.676, 1.587, 3.007), (-0.676, 1.587, 3.007), (-0.676, 1.613, 3.001), (0.676, 1.613, 3.001), (0.676, 1.627, 3.001), (-0.676, 1.627, 3.001), (-0.676, 1.613, 3.007), (0.676, 1.613, 3.007), (0.676, 1.627, 3.007), (-0.676, 1.627, 3.007), (-0.676, 1.653, 3.001), (0.676, 1.653, 3.001), (0.676, 1.667, 3.001), (-0.676, 1.667, 3.001), (-0.676, 1.653, 3.007), (0.676, 1.653, 3.007), (0.676, 1.667, 3.007), (-0.676, 1.667, 3.007), (-0.676, 1.693, 3.001), (0.676, 1.693, 3.001), (0.676, 1.707, 3.001), (-0.676, 1.707, 3.001), (-0.676, 1.693, 3.007), (0.676, 1.693, 3.007), (0.676, 1.707, 3.007), (-0.676, 1.707, 3.007)]
                uniform token subdivisionScheme = "none"
            }
        }
    }

    def Scope "ConnectionPoints"
    {
        uniform token purpose = "guide"

        def Mesh "spt_airvent_intake" (
            prepend apiSchemas = ["MaterialBindingAPI"]
        )
        {
            custom string aidc:connectionType = "air-intake" (
                doc = "Connection point attribute"
            )
            custom string aidc:note = "return air, top grille" (
                doc = "Connection point attribute"
            )
            float3[] extent = [(-0.676, -1.72, 2.995), (0.676, 1.72, 3.005)]
            int[] faceVertexCounts = [4, 4, 4, 4, 4, 4]
            int[] faceVertexIndices = [0, 3, 2, 1, 4, 5, 6, 7, 0, 1, 5, 4, 2, 3, 7, 6, 1, 2, 6, 5, 3, 0, 4, 7]
            rel material:binding = </GenericCRAH/Looks/Marker>
            uniform token orientation = "rightHanded"
            point3f[] points = [(-0.676, -1.72, 2.995), (0.676, -1.72, 2.995), (0.676, 1.72, 2.995), (-0.676, 1.72, 2.995), (-0.676, -1.72, 3.005), (0.676, -1.72, 3.005), (0.676, 1.72, 3.005), (-0.676, 1.72, 3.005)]
            uniform token purpose = "guide"
            uniform token subdivisionScheme = "none"
        }

        def Mesh "spt_airvent_outflow" (
            prepend apiSchemas = ["MaterialBindingAPI"]
        )
        {
            custom string aidc:connectionType = "air-outflow" (
                doc = "Connection point attribute"
            )
            custom string aidc:note = "supply air, front fan section" (
                doc = "Connection point attribute"
            )
            float3[] extent = [(0.74, -1.765, 0.095), (0.75, 1.765, 2.1614)]
            int[] faceVertexCounts = [4, 4, 4, 4, 4, 4]
            int[] faceVertexIndices = [0, 3, 2, 1, 4, 5, 6, 7, 0, 1, 5, 4, 2, 3, 7, 6, 1, 2, 6, 5, 3, 0, 4, 7]
            rel material:binding = </GenericCRAH/Looks/Marker>
            uniform token orientation = "rightHanded"
            point3f[] points = [(0.74, -1.765, 0.095), (0.75, -1.765, 0.095), (0.75, 1.765, 0.095), (0.74, 1.765, 0.095), (0.74, -1.765, 2.1614), (0.75, -1.765, 2.1614), (0.75, 1.765, 2.1614), (0.74, 1.765, 2.1614)]
            uniform token purpose = "guide"
            uniform token subdivisionScheme = "none"
        }

        def Mesh "spt_chw_supply" (
            prepend apiSchemas = ["MaterialBindingAPI"]
        )
        {
            custom string aidc:connectionType = "liquid-supply" (
                doc = "Connection point attribute"
            )
            custom string aidc:loop = "chilled-water" (
                doc = "Connection point attribute"
            )
            float3[] extent = [(-0.775, -1.3664, 0.27), (-0.725, -1.3164, 0.32)]
            int[] faceVertexCounts = [4, 4, 4, 4, 4, 4]
            int[] faceVertexIndices = [0, 3, 2, 1, 4, 5, 6, 7, 0, 1, 5, 4, 2, 3, 7, 6, 1, 2, 6, 5, 3, 0, 4, 7]
            rel material:binding = </GenericCRAH/Looks/Marker>
            uniform token orientation = "rightHanded"
            point3f[] points = [(-0.775, -1.3664, 0.27), (-0.725, -1.3664, 0.27), (-0.725, -1.3164, 0.27), (-0.775, -1.3164, 0.27), (-0.775, -1.3664, 0.32), (-0.725, -1.3664, 0.32), (-0.725, -1.3164, 0.32), (-0.775, -1.3164, 0.32)]
            uniform token purpose = "guide"
            uniform token subdivisionScheme = "none"
        }

        def Mesh "spt_chw_return" (
            prepend apiSchemas = ["MaterialBindingAPI"]
        )
        {
            custom string aidc:connectionType = "liquid-return" (
                doc = "Connection point attribute"
            )
            custom string aidc:loop = "chilled-water" (
                doc = "Connection point attribute"
            )
            float3[] extent = [(-0.775, -0.9428, 0.27), (-0.725, -0.8928, 0.32)]
            int[] faceVertexCounts = [4, 4, 4, 4, 4, 4]
            int[] faceVertexIndices = [0, 3, 2, 1, 4, 5, 6, 7, 0, 1, 5, 4, 2, 3, 7, 6, 1, 2, 6, 5, 3, 0, 4, 7]
            rel material:binding = </GenericCRAH/Looks/Marker>
            uniform token orientation = "rightHanded"
            point3f[] points = [(-0.775, -0.9428, 0.27), (-0.725, -0.9428, 0.27), (-0.725, -0.8928, 0.27), (-0.775, -0.8928, 0.27), (-0.775, -0.9428, 0.32), (-0.725, -0.9428, 0.32), (-0.725, -0.8928, 0.32), (-0.775, -0.8928, 0.32)]
            uniform token purpose = "guide"
            uniform token subdivisionScheme = "none"
        }

        def Mesh "spt_electrical_nominal_voltage_01" (
            prepend apiSchemas = ["MaterialBindingAPI"]
        )
        {
            custom string aidc:connectionType = "power" (
                doc = "Connection point attribute"
            )
            custom string aidc:path = "A" (
                doc = "Connection point attribute"
            )
            float3[] extent = [(-0.72, 1.2155, 2.745), (-0.68, 1.2555, 2.785)]
            int[] faceVertexCounts = [4, 4, 4, 4, 4, 4]
            int[] faceVertexIndices = [0, 3, 2, 1, 4, 5, 6, 7, 0, 1, 5, 4, 2, 3, 7, 6, 1, 2, 6, 5, 3, 0, 4, 7]
            rel material:binding = </GenericCRAH/Looks/Marker>
            uniform token orientation = "rightHanded"
            point3f[] points = [(-0.72, 1.2155, 2.745), (-0.68, 1.2155, 2.745), (-0.68, 1.2555, 2.745), (-0.72, 1.2555, 2.745), (-0.72, 1.2155, 2.785), (-0.68, 1.2155, 2.785), (-0.68, 1.2555, 2.785), (-0.72, 1.2555, 2.785)]
            uniform token purpose = "guide"
            uniform token subdivisionScheme = "none"
        }
    }
}

