#usda 1.0
(
    "Generic 21-inch OU rack, 44 OU — 21-inch OU rack liquid-cooled configuration: central power-shelf zone, 16 x 1 OU compute, 8 x 1 OU switch. Parametric asset generated by AIDC Studio tools/asset-pipeline/generic_usd.py from tools/asset-pipeline/generic_spec.json. Not a model of any vendor product; no logos or lettering."
    defaultPrim = "GenericRack"
    metersPerUnit = 1
    upAxis = "Z"
)

def Xform "GenericRack" (
    kind = "component"
)
{
    custom string aidc:assetClass = "Compute Rack" (
        doc = "Generic equipment class"
    )
    custom string aidc:assetVersion = "1.0.0" (
        doc = "Asset revision"
    )
    custom string aidc:colorSpace = "linear" (
        doc = "diffuseColor / emissiveColor are linear (sRGB hex in generic_spec.json palette)"
    )
    custom string aidc:description = "Generic 21-inch OU rack, 44 OU, liquid-cooled (central power-shelf zone, rear 48 V busbar + manifold)" (
        doc = "Description"
    )
    custom float3 aidc:dimsMm = (600, 1200, 2300) (
        doc = "W x D x H in mm (catalog-sized body)"
    )
    custom string aidc:formFactor = "orv3-21-44ou" (
        doc = "21-inch OU rack, 44 OU"
    )
    custom string aidc:generator = "tools/asset-pipeline/generic_usd.py" (
        doc = "AIDC Studio generator"
    )
    custom string aidc:layout = "rackscale-dlc-orv3-44ou" (
        doc = "21-inch OU rack liquid-cooled configuration: central power-shelf zone, 16 x 1 OU compute, 8 x 1 OU switch"
    )
    custom string aidc:licence = "MIT (AIDC Studio original)" (
        doc = "Licence of this generated asset"
    )
    custom int aidc:lod = 0 (
        doc = "0 = full detail, 1 = explicit low detail"
    )
    custom string aidc:manufacturer = "generic" (
        doc = "Not a model of any vendor product"
    )
    custom string aidc:modelName = "generic_rack_orv3_44ou_dlc" (
        doc = "Generic model name (form factor / size keyed)"
    )
    custom string aidc:nativeFront = "+X" (
        doc = "Front axis (usd_to_glb maps it to glTF -Z)"
    )
    custom float aidc:panelWidthMm = 537 (
        doc = "Equipment faceplate width [standard (ORV3 21-inch IT width)]"
    )
    custom string aidc:sourceTag = "form factor: standard (ORV3 OpenU); frame: w standard (ORV3 600 mm outside width); d, h estimate (core RACK_MODELS rack-orv3-44ou depth; height = 44 OU + plinth + top); layout: estimate (illustrative 21-inch OU rack configuration for the standards design round; not mapped to a catalog item yet)" (
        doc = "Provenance summary"
    )
    custom string aidc:specFile = "tools/asset-pipeline/generic_spec.json" (
        doc = "Parameter source"
    )
    custom int aidc:triangles = 7520 (
        doc = "Authored triangle count"
    )
    custom float aidc:unitPitchMm = 48 (
        doc = "OU pitch in mm [standard (ORV3 OpenU)]"
    )
    custom int aidc:units = 44 (
        doc = "Rack units (OU) [standard (ORV3 OpenU)]"
    )

    def Scope "Looks"
    {
        def Material "Plinth"
        {
            token outputs:surface.connect = </GenericRack/Looks/Plinth/PreviewSurface.outputs:surface>

            def Shader "PreviewSurface"
            {
                custom string aidc:srgbDiffuse = "#111214" (
                    doc = "sRGB hex from the parameter spec; diffuseColor holds the linear conversion"
                )
                uniform token info:id = "UsdPreviewSurface"
                color3f inputs:diffuseColor = (0.0056053917, 0.006048833, 0.00699541)
                float inputs:metallic = 0.1
                float inputs:roughness = 0.85
                token outputs:surface
            }
        }

        def Material "RackTop"
        {
            token outputs:surface.connect = </GenericRack/Looks/RackTop/PreviewSurface.outputs:surface>

            def Shader "PreviewSurface"
            {
                custom string aidc:srgbDiffuse = "#232528" (
                    doc = "sRGB hex from the parameter spec; diffuseColor holds the linear conversion"
                )
                uniform token info:id = "UsdPreviewSurface"
                color3f inputs:diffuseColor = (0.016807375, 0.01850022, 0.02121901)
                float inputs:metallic = 0.3
                float inputs:roughness = 0.6
                token outputs:surface
            }
        }

        def Material "RackSide"
        {
            token outputs:surface.connect = </GenericRack/Looks/RackSide/PreviewSurface.outputs:surface>

            def Shader "PreviewSurface"
            {
                custom string aidc:srgbDiffuse = "#2f3135" (
                    doc = "sRGB hex from the parameter spec; diffuseColor holds the linear conversion"
                )
                uniform token info:id = "UsdPreviewSurface"
                color3f inputs:diffuseColor = (0.02842604, 0.030713445, 0.035601314)
                float inputs:metallic = 0.1
                float inputs:roughness = 0.8
                token outputs:surface
            }
        }

        def Material "RackRail"
        {
            token outputs:surface.connect = </GenericRack/Looks/RackRail/PreviewSurface.outputs:surface>

            def Shader "PreviewSurface"
            {
                custom string aidc:srgbDiffuse = "#45484c" (
                    doc = "sRGB hex from the parameter spec; diffuseColor holds the linear conversion"
                )
                uniform token info:id = "UsdPreviewSurface"
                color3f inputs:diffuseColor = (0.059511237, 0.064803265, 0.07227185)
                float inputs:metallic = 0.4
                float inputs:roughness = 0.5
                token outputs:surface
            }
        }

        def Material "RackFrame"
        {
            token outputs:surface.connect = </GenericRack/Looks/RackFrame/PreviewSurface.outputs:surface>

            def Shader "PreviewSurface"
            {
                custom string aidc:srgbDiffuse = "#2a2c2f" (
                    doc = "sRGB hex from the parameter spec; diffuseColor holds the linear conversion"
                )
                uniform token info:id = "UsdPreviewSurface"
                color3f inputs:diffuseColor = (0.023153367, 0.02518686, 0.02842604)
                float inputs:metallic = 0.35
                float inputs:roughness = 0.55
                token outputs:surface
            }
        }

        def Material "Bulkhead"
        {
            token outputs:surface.connect = </GenericRack/Looks/Bulkhead/PreviewSurface.outputs:surface>

            def Shader "PreviewSurface"
            {
                custom string aidc:srgbDiffuse = "#141517" (
                    doc = "sRGB hex from the parameter spec; diffuseColor holds the linear conversion"
                )
                uniform token info:id = "UsdPreviewSurface"
                color3f inputs:diffuseColor = (0.00699541, 0.007499032, 0.008568126)
                float inputs:metallic = 0
                float inputs:roughness = 0.9
                token outputs:surface
            }
        }

        def Material "TrayBlank"
        {
            token outputs:surface.connect = </GenericRack/Looks/TrayBlank/PreviewSurface.outputs:surface>

            def Shader "PreviewSurface"
            {
                custom string aidc:srgbDiffuse = "#1f2124" (
                    doc = "sRGB hex from the parameter spec; diffuseColor holds the linear conversion"
                )
                uniform token info:id = "UsdPreviewSurface"
                color3f inputs:diffuseColor = (0.013702083, 0.015208514, 0.017641954)
                float inputs:metallic = 0.2
                float inputs:roughness = 0.7
                token outputs:surface
            }
        }

        def Material "TrayCompute"
        {
            token outputs:surface.connect = </GenericRack/Looks/TrayCompute/PreviewSurface.outputs:surface>

            def Shader "PreviewSurface"
            {
                custom string aidc:srgbDiffuse = "#34363a" (
                    doc = "sRGB hex from the parameter spec; diffuseColor holds the linear conversion"
                )
                uniform token info:id = "UsdPreviewSurface"
                color3f inputs:diffuseColor = (0.034339808, 0.03688945, 0.04231141)
                float inputs:metallic = 0.25
                float inputs:roughness = 0.6
                token outputs:surface
            }
        }

        def Material "VentDark"
        {
            token outputs:surface.connect = </GenericRack/Looks/VentDark/PreviewSurface.outputs:surface>

            def Shader "PreviewSurface"
            {
                custom string aidc:srgbDiffuse = "#0e0f11" (
                    doc = "sRGB hex from the parameter spec; diffuseColor holds the linear conversion"
                )
                uniform token info:id = "UsdPreviewSurface"
                color3f inputs:diffuseColor = (0.004391442, 0.0047769533, 0.0056053917)
                float inputs:metallic = 0
                float inputs:roughness = 0.95
                token outputs:surface
            }
        }

        def Material "PortCage"
        {
            token outputs:surface.connect = </GenericRack/Looks/PortCage/PreviewSurface.outputs:surface>

            def Shader "PreviewSurface"
            {
                custom string aidc:srgbDiffuse = "#18191b" (
                    doc = "sRGB hex from the parameter spec; diffuseColor holds the linear conversion"
                )
                uniform token info:id = "UsdPreviewSurface"
                color3f inputs:diffuseColor = (0.009134059, 0.009721218, 0.010960094)
                float inputs:metallic = 0.15
                float inputs:roughness = 0.7
                token outputs:surface
            }
        }

        def Material "Handle"
        {
            token outputs:surface.connect = </GenericRack/Looks/Handle/PreviewSurface.outputs:surface>

            def Shader "PreviewSurface"
            {
                custom string aidc:srgbDiffuse = "#a9adb2" (
                    doc = "sRGB hex from the parameter spec; diffuseColor holds the linear conversion"
                )
                uniform token info:id = "UsdPreviewSurface"
                color3f inputs:diffuseColor = (0.39675522, 0.41788507, 0.4452012)
                float inputs:metallic = 0.5
                float inputs:roughness = 0.4
                token outputs:surface
            }
        }

        def Material "StatusLamp"
        {
            token outputs:surface.connect = </GenericRack/Looks/StatusLamp/PreviewSurface.outputs:surface>

            def Shader "PreviewSurface"
            {
                custom string aidc:srgbDiffuse = "#dfe5e8" (
                    doc = "sRGB hex from the parameter spec; diffuseColor holds the linear conversion"
                )
                custom string aidc:srgbEmissive = "#2a2c2e"
                uniform token info:id = "UsdPreviewSurface"
                color3f inputs:diffuseColor = (0.7379104, 0.7835378, 0.80695224)
                color3f inputs:emissiveColor = (0.023153367, 0.02518686, 0.027320892)
                float inputs:metallic = 0
                float inputs:roughness = 0.4
                token outputs:surface
            }
        }

        def Material "TraySwitch"
        {
            token outputs:surface.connect = </GenericRack/Looks/TraySwitch/PreviewSurface.outputs:surface>

            def Shader "PreviewSurface"
            {
                custom string aidc:srgbDiffuse = "#3c3e42" (
                    doc = "sRGB hex from the parameter spec; diffuseColor holds the linear conversion"
                )
                uniform token info:id = "UsdPreviewSurface"
                color3f inputs:diffuseColor = (0.045186203, 0.048171826, 0.054480277)
                float inputs:metallic = 0.25
                float inputs:roughness = 0.6
                token outputs:surface
            }
        }

        def Material "TrayPower"
        {
            token outputs:surface.connect = </GenericRack/Looks/TrayPower/PreviewSurface.outputs:surface>

            def Shader "PreviewSurface"
            {
                custom string aidc:srgbDiffuse = "#5b5e62" (
                    doc = "sRGB hex from the parameter spec; diffuseColor holds the linear conversion"
                )
                uniform token info:id = "UsdPreviewSurface"
                color3f inputs:diffuseColor = (0.104616486, 0.11193243, 0.122138776)
                float inputs:metallic = 0.3
                float inputs:roughness = 0.55
                token outputs:surface
            }
        }

        def Material "TrayMgmt"
        {
            token outputs:surface.connect = </GenericRack/Looks/TrayMgmt/PreviewSurface.outputs:surface>

            def Shader "PreviewSurface"
            {
                custom string aidc:srgbDiffuse = "#2e3033" (
                    doc = "sRGB hex from the parameter spec; diffuseColor holds the linear conversion"
                )
                uniform token info:id = "UsdPreviewSurface"
                color3f inputs:diffuseColor = (0.027320892, 0.029556835, 0.033104766)
                float inputs:metallic = 0.2
                float inputs:roughness = 0.65
                token outputs:surface
            }
        }

        def Material "Busbar"
        {
            token outputs:surface.connect = </GenericRack/Looks/Busbar/PreviewSurface.outputs:surface>

            def Shader "PreviewSurface"
            {
                custom string aidc:srgbDiffuse = "#3b3d40" (
                    doc = "sRGB hex from the parameter spec; diffuseColor holds the linear conversion"
                )
                uniform token info:id = "UsdPreviewSurface"
                color3f inputs:diffuseColor = (0.04373503, 0.046665087, 0.051269457)
                float inputs:metallic = 0.55
                float inputs:roughness = 0.45
                token outputs:surface
            }
        }

        def Material "ManifoldSteel"
        {
            token outputs:surface.connect = </GenericRack/Looks/ManifoldSteel/PreviewSurface.outputs:surface>

            def Shader "PreviewSurface"
            {
                custom string aidc:srgbDiffuse = "#8d9296" (
                    doc = "sRGB hex from the parameter spec; diffuseColor holds the linear conversion"
                )
                uniform token info:id = "UsdPreviewSurface"
                color3f inputs:diffuseColor = (0.2663556, 0.28744084, 0.3049873)
                float inputs:metallic = 0.6
                float inputs:roughness = 0.35
                token outputs:surface
            }
        }

        def Material "Coupler"
        {
            token outputs:surface.connect = </GenericRack/Looks/Coupler/PreviewSurface.outputs:surface>

            def Shader "PreviewSurface"
            {
                custom string aidc:srgbDiffuse = "#3a3c3f" (
                    doc = "sRGB hex from the parameter spec; diffuseColor holds the linear conversion"
                )
                uniform token info:id = "UsdPreviewSurface"
                color3f inputs:diffuseColor = (0.04231141, 0.045186203, 0.049706567)
                float inputs:metallic = 0.3
                float inputs:roughness = 0.55
                token outputs:surface
            }
        }

        def Material "Marker"
        {
            token outputs:surface.connect = </GenericRack/Looks/Marker/PreviewSurface.outputs:surface>

            def Shader "PreviewSurface"
            {
                custom string aidc:srgbDiffuse = "#808080" (
                    doc = "sRGB hex from the parameter spec; diffuseColor holds the linear conversion"
                )
                uniform token info:id = "UsdPreviewSurface"
                color3f inputs:diffuseColor = (0.2158605, 0.2158605, 0.2158605)
                float inputs:metallic = 0
                float inputs:roughness = 1
                token outputs:surface
            }
        }
    }

    def Scope "Geometry"
    {
        def "Enclosure"
        {
            def Mesh "Plinth" (
                prepend apiSchemas = ["MaterialBindingAPI"]
            )
            {
                float3[] extent = [(-0.6, -0.3, 0), (0.6, 0.3, 0.06)]
                int[] faceVertexCounts = [4, 4, 4, 4, 4, 4]
                int[] faceVertexIndices = [0, 3, 2, 1, 4, 5, 6, 7, 0, 1, 5, 4, 2, 3, 7, 6, 1, 2, 6, 5, 3, 0, 4, 7]
                rel material:binding = </GenericRack/Looks/Plinth>
                uniform token orientation = "rightHanded"
                point3f[] points = [(-0.6, -0.3, 0), (0.6, -0.3, 0), (0.6, 0.3, 0), (-0.6, 0.3, 0), (-0.6, -0.3, 0.06), (0.6, -0.3, 0.06), (0.6, 0.3, 0.06), (-0.6, 0.3, 0.06)]
                uniform token subdivisionScheme = "none"
            }

            def Mesh "RackTop" (
                prepend apiSchemas = ["MaterialBindingAPI"]
            )
            {
                float3[] extent = [(-0.6, -0.3, 2.192), (0.6, 0.3, 2.3)]
                int[] faceVertexCounts = [4, 4, 4, 4, 4, 4]
                int[] faceVertexIndices = [0, 3, 2, 1, 4, 5, 6, 7, 0, 1, 5, 4, 2, 3, 7, 6, 1, 2, 6, 5, 3, 0, 4, 7]
                rel material:binding = </GenericRack/Looks/RackTop>
                uniform token orientation = "rightHanded"
                point3f[] points = [(-0.6, -0.3, 2.192), (0.6, -0.3, 2.192), (0.6, 0.3, 2.192), (-0.6, 0.3, 2.192), (-0.6, -0.3, 2.3), (0.6, -0.3, 2.3), (0.6, 0.3, 2.3), (-0.6, 0.3, 2.3)]
                uniform token subdivisionScheme = "none"
            }

            def Mesh "RackSide" (
                prepend apiSchemas = ["MaterialBindingAPI"]
            )
            {
                float3[] extent = [(-0.6, -0.3, 0.06), (0.6, 0.3, 2.192)]
                int[] faceVertexCounts = [4, 4, 4, 4, 4, 4, 4, 4, 4, 4, 4, 4]
                int[] faceVertexIndices = [0, 3, 2, 1, 4, 5, 6, 7, 0, 1, 5, 4, 2, 3, 7, 6, 1, 2, 6, 5, 3, 0, 4, 7, 8, 11, 10, 9, 12, 13, 14, 15, 8, 9, 13, 12, 10, 11, 15, 14, 9, 10, 14, 13, 11, 8, 12, 15]
                rel material:binding = </GenericRack/Looks/RackSide>
                uniform token orientation = "rightHanded"
                point3f[] points = [(-0.6, -0.3, 0.06), (0.6, -0.3, 0.06), (0.6, -0.28, 0.06), (-0.6, -0.28, 0.06), (-0.6, -0.3, 2.192), (0.6, -0.3, 2.192), (0.6, -0.28, 2.192), (-0.6, -0.28, 2.192), (-0.6, 0.28, 0.06), (0.6, 0.28, 0.06), (0.6, 0.3, 0.06), (-0.6, 0.3, 0.06), (-0.6, 0.28, 2.192), (0.6, 0.28, 2.192), (0.6, 0.3, 2.192), (-0.6, 0.3, 2.192)]
                uniform token subdivisionScheme = "none"
            }

            def Mesh "RackRail" (
                prepend apiSchemas = ["MaterialBindingAPI"]
            )
            {
                float3[] extent = [(0.515, -0.3, 0.06), (0.6, 0.3, 2.192)]
                int[] faceVertexCounts = [4, 4, 4, 4, 4, 4, 4, 4, 4, 4, 4, 4]
                int[] faceVertexIndices = [0, 3, 2, 1, 4, 5, 6, 7, 0, 1, 5, 4, 2, 3, 7, 6, 1, 2, 6, 5, 3, 0, 4, 7, 8, 11, 10, 9, 12, 13, 14, 15, 8, 9, 13, 12, 10, 11, 15, 14, 9, 10, 14, 13, 11, 8, 12, 15]
                rel material:binding = </GenericRack/Looks/RackRail>
                uniform token orientation = "rightHanded"
                point3f[] points = [(0.515, -0.3, 0.06), (0.6, -0.3, 0.06), (0.6, -0.2685, 0.06), (0.515, -0.2685, 0.06), (0.515, -0.3, 2.192), (0.6, -0.3, 2.192), (0.6, -0.2685, 2.192), (0.515, -0.2685, 2.192), (0.515, 0.2685, 0.06), (0.6, 0.2685, 0.06), (0.6, 0.3, 0.06), (0.515, 0.3, 0.06), (0.515, 0.2685, 2.192), (0.6, 0.2685, 2.192), (0.6, 0.3, 2.192), (0.515, 0.3, 2.192)]
                uniform token subdivisionScheme = "none"
            }

            def Mesh "RackFrame" (
                prepend apiSchemas = ["MaterialBindingAPI"]
            )
            {
                float3[] extent = [(-0.6, -0.3, 0.06), (0.6, 0.3, 2.192)]
                int[] faceVertexCounts = [4, 4, 4, 4, 4, 4, 4, 4, 4, 4, 4, 4, 4, 4, 4, 4, 4, 4, 4, 4, 4, 4, 4, 4, 4, 4, 4, 4, 4, 4, 4, 4, 4, 4, 4, 4]
                int[] faceVertexIndices = [0, 3, 2, 1, 4, 5, 6, 7, 0, 1, 5, 4, 2, 3, 7, 6, 1, 2, 6, 5, 3, 0, 4, 7, 8, 11, 10, 9, 12, 13, 14, 15, 8, 9, 13, 12, 10, 11, 15, 14, 9, 10, 14, 13, 11, 8, 12, 15, 16, 19, 18, 17, 20, 21, 22, 23, 16, 17, 21, 20, 18, 19, 23, 22, 17, 18, 22, 21, 19, 16, 20, 23, 24, 27, 26, 25, 28, 29, 30, 31, 24, 25, 29, 28, 26, 27, 31, 30, 25, 26, 30, 29, 27, 24, 28, 31, 32, 35, 34, 33, 36, 37, 38, 39, 32, 33, 37, 36, 34, 35, 39, 38, 33, 34, 38, 37, 35, 32, 36, 39, 40, 43, 42, 41, 44, 45, 46, 47, 40, 41, 45, 44, 42, 43, 47, 46, 41, 42, 46, 45, 43, 40, 44, 47]
                rel material:binding = </GenericRack/Looks/RackFrame>
                uniform token orientation = "rightHanded"
                point3f[] points = [(-0.6, -0.3, 0.06), (-0.56, -0.3, 0.06), (-0.56, -0.24, 0.06), (-0.6, -0.24, 0.06), (-0.6, -0.3, 2.192), (-0.56, -0.3, 2.192), (-0.56, -0.24, 2.192), (-0.6, -0.24, 2.192), (-0.6, 0.24, 0.06), (-0.56, 0.24, 0.06), (-0.56, 0.3, 0.06), (-0.6, 0.3, 0.06), (-0.6, 0.24, 2.192), (-0.56, 0.24, 2.192), (-0.56, 0.3, 2.192), (-0.6, 0.3, 2.192), (0.545, -0.2685, 2.182), (0.6, -0.2685, 2.182), (0.6, 0.2685, 2.182), (0.545, 0.2685, 2.182), (0.545, -0.2685, 2.192), (0.6, -0.2685, 2.192), (0.6, 0.2685, 2.192), (0.545, 0.2685, 2.192), (0.545, -0.2685, 0.06), (0.6, -0.2685, 0.06), (0.6, 0.2685, 0.06), (0.545, 0.2685, 0.06), (0.545, -0.2685, 0.07), (0.6, -0.2685, 0.07), (0.6, 0.2685, 0.07), (0.545, 0.2685, 0.07), (-0.6, -0.28, 2.152), (-0.56, -0.28, 2.152), (-0.56, 0.28, 2.152), (-0.6, 0.28, 2.152), (-0.6, -0.28, 2.192), (-0.56, -0.28, 2.192), (-0.56, 0.28, 2.192), (-0.6, 0.28, 2.192), (-0.6, -0.28, 0.06), (-0.56, -0.28, 0.06), (-0.56, 0.28, 0.06), (-0.6, 0.28, 0.06), (-0.6, -0.28, 0.1), (-0.56, -0.28, 0.1), (-0.56, 0.28, 0.1), (-0.6, 0.28, 0.1)]
                uniform token subdivisionScheme = "none"
            }

            def Mesh "Bulkhead" (
                prepend apiSchemas = ["MaterialBindingAPI"]
            )
            {
                float3[] extent = [(-0.48, -0.285, 0.06), (0.528, 0.285, 2.192)]
                int[] faceVertexCounts = [4, 4, 4, 4, 4, 4, 4, 4, 4, 4, 4, 4]
                int[] faceVertexIndices = [0, 3, 2, 1, 4, 5, 6, 7, 0, 1, 5, 4, 2, 3, 7, 6, 1, 2, 6, 5, 3, 0, 4, 7, 8, 11, 10, 9, 12, 13, 14, 15, 8, 9, 13, 12, 10, 11, 15, 14, 9, 10, 14, 13, 11, 8, 12, 15]
                rel material:binding = </GenericRack/Looks/Bulkhead>
                uniform token orientation = "rightHanded"
                point3f[] points = [(0.518, -0.285, 0.06), (0.528, -0.285, 0.06), (0.528, 0.285, 0.06), (0.518, 0.285, 0.06), (0.518, -0.285, 2.192), (0.528, -0.285, 2.192), (0.528, 0.285, 2.192), (0.518, 0.285, 2.192), (-0.48, -0.285, 0.06), (-0.47, -0.285, 0.06), (-0.47, 0.285, 0.06), (-0.48, 0.285, 0.06), (-0.48, -0.285, 2.192), (-0.47, -0.285, 2.192), (-0.47, 0.285, 2.192), (-0.48, 0.285, 2.192)]
                uniform token subdivisionScheme = "none"
            }
        }

        def "Bands"
        {
            def "blank_01"
            {
                def Mesh "TrayBlank" (
                    prepend apiSchemas = ["MaterialBindingAPI"]
                )
                {
                    float3[] extent = [(0.53, -0.2675, 0.07075), (0.545, 0.2675, 0.11725)]
                    int[] faceVertexCounts = [4, 4, 4, 4, 4, 4]
                    int[] faceVertexIndices = [0, 3, 2, 1, 4, 5, 6, 7, 0, 1, 5, 4, 2, 3, 7, 6, 1, 2, 6, 5, 3, 0, 4, 7]
                    rel material:binding = </GenericRack/Looks/TrayBlank>
                    uniform token orientation = "rightHanded"
                    point3f[] points = [(0.53, -0.2675, 0.07075), (0.545, -0.2675, 0.07075), (0.545, 0.2675, 0.07075), (0.53, 0.2675, 0.07075), (0.53, -0.2675, 0.11725), (0.545, -0.2675, 0.11725), (0.545, 0.2675, 0.11725), (0.53, 0.2675, 0.11725)]
                    uniform token subdivisionScheme = "none"
                }
            }

            def "compute_02"
            {
                def Mesh "TrayCompute" (
                    prepend apiSchemas = ["MaterialBindingAPI"]
                )
                {
                    float3[] extent = [(0.53, -0.2675, 0.11875), (0.545, 0.2675, 0.16525)]
                    int[] faceVertexCounts = [4, 4, 4, 4, 4, 4]
                    int[] faceVertexIndices = [0, 3, 2, 1, 4, 5, 6, 7, 0, 1, 5, 4, 2, 3, 7, 6, 1, 2, 6, 5, 3, 0, 4, 7]
                    rel material:binding = </GenericRack/Looks/TrayCompute>
                    uniform token orientation = "rightHanded"
                    point3f[] points = [(0.53, -0.2675, 0.11875), (0.545, -0.2675, 0.11875), (0.545, 0.2675, 0.11875), (0.53, 0.2675, 0.11875), (0.53, -0.2675, 0.16525), (0.545, -0.2675, 0.16525), (0.545, 0.2675, 0.16525), (0.53, 0.2675, 0.16525)]
                    uniform token subdivisionScheme = "none"
                }

                def Mesh "VentDark" (
                    prepend apiSchemas = ["MaterialBindingAPI"]
                )
                {
                    float3[] extent = [(0.545, -0.1906606, 0.12898), (0.551, 0.1731825, 0.15502)]
                    int[] faceVertexCounts = [4, 4, 4, 4, 4, 4, 4, 4, 4, 4, 4, 4, 4, 4, 4, 4, 4, 4, 4, 4, 4, 4, 4, 4, 4, 4, 4, 4, 4, 4]
                    int[] faceVertexIndices = [0, 3, 2, 1, 4, 5, 6, 7, 0, 1, 5, 4, 2, 3, 7, 6, 1, 2, 6, 5, 3, 0, 4, 7, 8, 11, 10, 9, 12, 13, 14, 15, 8, 9, 13, 12, 10, 11, 15, 14, 9, 10, 14, 13, 11, 8, 12, 15, 16, 19, 18, 17, 20, 21, 22, 23, 16, 17, 21, 20, 18, 19, 23, 22, 17, 18, 22, 21, 19, 16, 20, 23, 24, 27, 26, 25, 28, 29, 30, 31, 24, 25, 29, 28, 26, 27, 31, 30, 25, 26, 30, 29, 27, 24, 28, 31, 32, 35, 34, 33, 36, 37, 38, 39, 32, 33, 37, 36, 34, 35, 39, 38, 33, 34, 38, 37, 35, 32, 36, 39]
                    rel material:binding = </GenericRack/Looks/VentDark>
                    uniform token orientation = "rightHanded"
                    point3f[] points = [(0.545, -0.1906606, 0.12898), (0.547, -0.1906606, 0.12898), (0.547, 0.03487941, 0.12898), (0.545, 0.03487941, 0.12898), (0.545, -0.1906606, 0.15502), (0.547, -0.1906606, 0.15502), (0.547, 0.03487941, 0.15502), (0.545, 0.03487941, 0.15502), (0.549, 0.0845775, 0.135025), (0.551, 0.0845775, 0.135025), (0.551, 0.1006875, 0.135025), (0.549, 0.1006875, 0.135025), (0.549, 0.0845775, 0.148975), (0.551, 0.0845775, 0.148975), (0.551, 0.1006875, 0.148975), (0.549, 0.1006875, 0.148975), (0.549, 0.1087425, 0.135025), (0.551, 0.1087425, 0.135025), (0.551, 0.1248525, 0.135025), (0.549, 0.1248525, 0.135025), (0.549, 0.1087425, 0.148975), (0.551, 0.1087425, 0.148975), (0.551, 0.1248525, 0.148975), (0.549, 0.1248525, 0.148975), (0.549, 0.1329075, 0.135025), (0.551, 0.1329075, 0.135025), (0.551, 0.1490175, 0.135025), (0.549, 0.1490175, 0.135025), (0.549, 0.1329075, 0.148975), (0.551, 0.1329075, 0.148975), (0.551, 0.1490175, 0.148975), (0.549, 0.1490175, 0.148975), (0.549, 0.1570725, 0.135025), (0.551, 0.1570725, 0.135025), (0.551, 0.1731825, 0.135025), (0.549, 0.1731825, 0.135025), (0.549, 0.1570725, 0.148975), (0.551, 0.1570725, 0.148975), (0.551, 0.1731825, 0.148975), (0.549, 0.1731825, 0.148975)]
                    uniform token subdivisionScheme = "none"
                }

                def Mesh "PortCage" (
                    prepend apiSchemas = ["MaterialBindingAPI"]
                )
                {
                    float3[] extent = [(0.545, 0.07518, 0.127585), (0.549, 0.18258, 0.156415)]
                    int[] faceVertexCounts = [4, 4, 4, 4, 4, 4]
                    int[] faceVertexIndices = [0, 3, 2, 1, 4, 5, 6, 7, 0, 1, 5, 4, 2, 3, 7, 6, 1, 2, 6, 5, 3, 0, 4, 7]
                    rel material:binding = </GenericRack/Looks/PortCage>
                    uniform token orientation = "rightHanded"
                    point3f[] points = [(0.545, 0.07518, 0.127585), (0.549, 0.07518, 0.127585), (0.549, 0.18258, 0.127585), (0.545, 0.18258, 0.127585), (0.545, 0.07518, 0.156415), (0.549, 0.07518, 0.156415), (0.549, 0.18258, 0.156415), (0.545, 0.18258, 0.156415)]
                    uniform token subdivisionScheme = "none"
                }

                def Mesh "Handle" (
                    prepend apiSchemas = ["MaterialBindingAPI"]
                )
                {
                    float3[] extent = [(0.545, -0.2535, 0.127585), (0.557, 0.2535, 0.156415)]
                    int[] faceVertexCounts = [4, 4, 4, 4, 4, 4, 4, 4, 4, 4, 4, 4]
                    int[] faceVertexIndices = [0, 3, 2, 1, 4, 5, 6, 7, 0, 1, 5, 4, 2, 3, 7, 6, 1, 2, 6, 5, 3, 0, 4, 7, 8, 11, 10, 9, 12, 13, 14, 15, 8, 9, 13, 12, 10, 11, 15, 14, 9, 10, 14, 13, 11, 8, 12, 15]
                    rel material:binding = </GenericRack/Looks/Handle>
                    uniform token orientation = "rightHanded"
                    point3f[] points = [(0.545, -0.2535, 0.127585), (0.557, -0.2535, 0.127585), (0.557, -0.2395, 0.127585), (0.545, -0.2395, 0.127585), (0.545, -0.2535, 0.156415), (0.557, -0.2535, 0.156415), (0.557, -0.2395, 0.156415), (0.545, -0.2395, 0.156415), (0.545, 0.2395, 0.127585), (0.557, 0.2395, 0.127585), (0.557, 0.2535, 0.127585), (0.545, 0.2535, 0.127585), (0.545, 0.2395, 0.156415), (0.557, 0.2395, 0.156415), (0.557, 0.2535, 0.156415), (0.545, 0.2535, 0.156415)]
                    uniform token subdivisionScheme = "none"
                }

                def Mesh "StatusLamp" (
                    prepend apiSchemas = ["MaterialBindingAPI"]
                )
                {
                    float3[] extent = [(0.545, -0.2215, 0.14837), (0.547, -0.2155, 0.15237)]
                    int[] faceVertexCounts = [4, 4, 4, 4, 4, 4]
                    int[] faceVertexIndices = [0, 3, 2, 1, 4, 5, 6, 7, 0, 1, 5, 4, 2, 3, 7, 6, 1, 2, 6, 5, 3, 0, 4, 7]
                    rel material:binding = </GenericRack/Looks/StatusLamp>
                    uniform token orientation = "rightHanded"
                    point3f[] points = [(0.545, -0.2215, 0.14837), (0.547, -0.2215, 0.14837), (0.547, -0.2155, 0.14837), (0.545, -0.2155, 0.14837), (0.545, -0.2215, 0.15237), (0.547, -0.2215, 0.15237), (0.547, -0.2155, 0.15237), (0.545, -0.2155, 0.15237)]
                    uniform token subdivisionScheme = "none"
                }
            }

            def "compute_03"
            {
                def Mesh "TrayCompute" (
                    prepend apiSchemas = ["MaterialBindingAPI"]
                )
                {
                    float3[] extent = [(0.53, -0.2675, 0.16675), (0.545, 0.2675, 0.21325)]
                    int[] faceVertexCounts = [4, 4, 4, 4, 4, 4]
                    int[] faceVertexIndices = [0, 3, 2, 1, 4, 5, 6, 7, 0, 1, 5, 4, 2, 3, 7, 6, 1, 2, 6, 5, 3, 0, 4, 7]
                    rel material:binding = </GenericRack/Looks/TrayCompute>
                    uniform token orientation = "rightHanded"
                    point3f[] points = [(0.53, -0.2675, 0.16675), (0.545, -0.2675, 0.16675), (0.545, 0.2675, 0.16675), (0.53, 0.2675, 0.16675), (0.53, -0.2675, 0.21325), (0.545, -0.2675, 0.21325), (0.545, 0.2675, 0.21325), (0.53, 0.2675, 0.21325)]
                    uniform token subdivisionScheme = "none"
                }

                def Mesh "VentDark" (
                    prepend apiSchemas = ["MaterialBindingAPI"]
                )
                {
                    float3[] extent = [(0.545, -0.1906606, 0.17698), (0.551, 0.1731825, 0.20302)]
                    int[] faceVertexCounts = [4, 4, 4, 4, 4, 4, 4, 4, 4, 4, 4, 4, 4, 4, 4, 4, 4, 4, 4, 4, 4, 4, 4, 4, 4, 4, 4, 4, 4, 4]
                    int[] faceVertexIndices = [0, 3, 2, 1, 4, 5, 6, 7, 0, 1, 5, 4, 2, 3, 7, 6, 1, 2, 6, 5, 3, 0, 4, 7, 8, 11, 10, 9, 12, 13, 14, 15, 8, 9, 13, 12, 10, 11, 15, 14, 9, 10, 14, 13, 11, 8, 12, 15, 16, 19, 18, 17, 20, 21, 22, 23, 16, 17, 21, 20, 18, 19, 23, 22, 17, 18, 22, 21, 19, 16, 20, 23, 24, 27, 26, 25, 28, 29, 30, 31, 24, 25, 29, 28, 26, 27, 31, 30, 25, 26, 30, 29, 27, 24, 28, 31, 32, 35, 34, 33, 36, 37, 38, 39, 32, 33, 37, 36, 34, 35, 39, 38, 33, 34, 38, 37, 35, 32, 36, 39]
                    rel material:binding = </GenericRack/Looks/VentDark>
                    uniform token orientation = "rightHanded"
                    point3f[] points = [(0.545, -0.1906606, 0.17698), (0.547, -0.1906606, 0.17698), (0.547, 0.03487941, 0.17698), (0.545, 0.03487941, 0.17698), (0.545, -0.1906606, 0.20302), (0.547, -0.1906606, 0.20302), (0.547, 0.03487941, 0.20302), (0.545, 0.03487941, 0.20302), (0.549, 0.0845775, 0.183025), (0.551, 0.0845775, 0.183025), (0.551, 0.1006875, 0.183025), (0.549, 0.1006875, 0.183025), (0.549, 0.0845775, 0.196975), (0.551, 0.0845775, 0.196975), (0.551, 0.1006875, 0.196975), (0.549, 0.1006875, 0.196975), (0.549, 0.1087425, 0.183025), (0.551, 0.1087425, 0.183025), (0.551, 0.1248525, 0.183025), (0.549, 0.1248525, 0.183025), (0.549, 0.1087425, 0.196975), (0.551, 0.1087425, 0.196975), (0.551, 0.1248525, 0.196975), (0.549, 0.1248525, 0.196975), (0.549, 0.1329075, 0.183025), (0.551, 0.1329075, 0.183025), (0.551, 0.1490175, 0.183025), (0.549, 0.1490175, 0.183025), (0.549, 0.1329075, 0.196975), (0.551, 0.1329075, 0.196975), (0.551, 0.1490175, 0.196975), (0.549, 0.1490175, 0.196975), (0.549, 0.1570725, 0.183025), (0.551, 0.1570725, 0.183025), (0.551, 0.1731825, 0.183025), (0.549, 0.1731825, 0.183025), (0.549, 0.1570725, 0.196975), (0.551, 0.1570725, 0.196975), (0.551, 0.1731825, 0.196975), (0.549, 0.1731825, 0.196975)]
                    uniform token subdivisionScheme = "none"
                }

                def Mesh "PortCage" (
                    prepend apiSchemas = ["MaterialBindingAPI"]
                )
                {
                    float3[] extent = [(0.545, 0.07518, 0.175585), (0.549, 0.18258, 0.204415)]
                    int[] faceVertexCounts = [4, 4, 4, 4, 4, 4]
                    int[] faceVertexIndices = [0, 3, 2, 1, 4, 5, 6, 7, 0, 1, 5, 4, 2, 3, 7, 6, 1, 2, 6, 5, 3, 0, 4, 7]
                    rel material:binding = </GenericRack/Looks/PortCage>
                    uniform token orientation = "rightHanded"
                    point3f[] points = [(0.545, 0.07518, 0.175585), (0.549, 0.07518, 0.175585), (0.549, 0.18258, 0.175585), (0.545, 0.18258, 0.175585), (0.545, 0.07518, 0.204415), (0.549, 0.07518, 0.204415), (0.549, 0.18258, 0.204415), (0.545, 0.18258, 0.204415)]
                    uniform token subdivisionScheme = "none"
                }

                def Mesh "Handle" (
                    prepend apiSchemas = ["MaterialBindingAPI"]
                )
                {
                    float3[] extent = [(0.545, -0.2535, 0.175585), (0.557, 0.2535, 0.204415)]
                    int[] faceVertexCounts = [4, 4, 4, 4, 4, 4, 4, 4, 4, 4, 4, 4]
                    int[] faceVertexIndices = [0, 3, 2, 1, 4, 5, 6, 7, 0, 1, 5, 4, 2, 3, 7, 6, 1, 2, 6, 5, 3, 0, 4, 7, 8, 11, 10, 9, 12, 13, 14, 15, 8, 9, 13, 12, 10, 11, 15, 14, 9, 10, 14, 13, 11, 8, 12, 15]
                    rel material:binding = </GenericRack/Looks/Handle>
                    uniform token orientation = "rightHanded"
                    point3f[] points = [(0.545, -0.2535, 0.175585), (0.557, -0.2535, 0.175585), (0.557, -0.2395, 0.175585), (0.545, -0.2395, 0.175585), (0.545, -0.2535, 0.204415), (0.557, -0.2535, 0.204415), (0.557, -0.2395, 0.204415), (0.545, -0.2395, 0.204415), (0.545, 0.2395, 0.175585), (0.557, 0.2395, 0.175585), (0.557, 0.2535, 0.175585), (0.545, 0.2535, 0.175585), (0.545, 0.2395, 0.204415), (0.557, 0.2395, 0.204415), (0.557, 0.2535, 0.204415), (0.545, 0.2535, 0.204415)]
                    uniform token subdivisionScheme = "none"
                }

                def Mesh "StatusLamp" (
                    prepend apiSchemas = ["MaterialBindingAPI"]
                )
                {
                    float3[] extent = [(0.545, -0.2215, 0.19637), (0.547, -0.2155, 0.20037)]
                    int[] faceVertexCounts = [4, 4, 4, 4, 4, 4]
                    int[] faceVertexIndices = [0, 3, 2, 1, 4, 5, 6, 7, 0, 1, 5, 4, 2, 3, 7, 6, 1, 2, 6, 5, 3, 0, 4, 7]
                    rel material:binding = </GenericRack/Looks/StatusLamp>
                    uniform token orientation = "rightHanded"
                    point3f[] points = [(0.545, -0.2215, 0.19637), (0.547, -0.2215, 0.19637), (0.547, -0.2155, 0.19637), (0.545, -0.2155, 0.19637), (0.545, -0.2215, 0.20037), (0.547, -0.2215, 0.20037), (0.547, -0.2155, 0.20037), (0.545, -0.2155, 0.20037)]
                    uniform token subdivisionScheme = "none"
                }
            }

            def "compute_04"
            {
                def Mesh "TrayCompute" (
                    prepend apiSchemas = ["MaterialBindingAPI"]
                )
                {
                    float3[] extent = [(0.53, -0.2675, 0.21475), (0.545, 0.2675, 0.26125)]
                    int[] faceVertexCounts = [4, 4, 4, 4, 4, 4]
                    int[] faceVertexIndices = [0, 3, 2, 1, 4, 5, 6, 7, 0, 1, 5, 4, 2, 3, 7, 6, 1, 2, 6, 5, 3, 0, 4, 7]
                    rel material:binding = </GenericRack/Looks/TrayCompute>
                    uniform token orientation = "rightHanded"
                    point3f[] points = [(0.53, -0.2675, 0.21475), (0.545, -0.2675, 0.21475), (0.545, 0.2675, 0.21475), (0.53, 0.2675, 0.21475), (0.53, -0.2675, 0.26125), (0.545, -0.2675, 0.26125), (0.545, 0.2675, 0.26125), (0.53, 0.2675, 0.26125)]
                    uniform token subdivisionScheme = "none"
                }

                def Mesh "VentDark" (
                    prepend apiSchemas = ["MaterialBindingAPI"]
                )
                {
                    float3[] extent = [(0.545, -0.1906606, 0.22498), (0.551, 0.1731825, 0.25102)]
                    int[] faceVertexCounts = [4, 4, 4, 4, 4, 4, 4, 4, 4, 4, 4, 4, 4, 4, 4, 4, 4, 4, 4, 4, 4, 4, 4, 4, 4, 4, 4, 4, 4, 4]
                    int[] faceVertexIndices = [0, 3, 2, 1, 4, 5, 6, 7, 0, 1, 5, 4, 2, 3, 7, 6, 1, 2, 6, 5, 3, 0, 4, 7, 8, 11, 10, 9, 12, 13, 14, 15, 8, 9, 13, 12, 10, 11, 15, 14, 9, 10, 14, 13, 11, 8, 12, 15, 16, 19, 18, 17, 20, 21, 22, 23, 16, 17, 21, 20, 18, 19, 23, 22, 17, 18, 22, 21, 19, 16, 20, 23, 24, 27, 26, 25, 28, 29, 30, 31, 24, 25, 29, 28, 26, 27, 31, 30, 25, 26, 30, 29, 27, 24, 28, 31, 32, 35, 34, 33, 36, 37, 38, 39, 32, 33, 37, 36, 34, 35, 39, 38, 33, 34, 38, 37, 35, 32, 36, 39]
                    rel material:binding = </GenericRack/Looks/VentDark>
                    uniform token orientation = "rightHanded"
                    point3f[] points = [(0.545, -0.1906606, 0.22498), (0.547, -0.1906606, 0.22498), (0.547, 0.03487941, 0.22498), (0.545, 0.03487941, 0.22498), (0.545, -0.1906606, 0.25102), (0.547, -0.1906606, 0.25102), (0.547, 0.03487941, 0.25102), (0.545, 0.03487941, 0.25102), (0.549, 0.0845775, 0.231025), (0.551, 0.0845775, 0.231025), (0.551, 0.1006875, 0.231025), (0.549, 0.1006875, 0.231025), (0.549, 0.0845775, 0.244975), (0.551, 0.0845775, 0.244975), (0.551, 0.1006875, 0.244975), (0.549, 0.1006875, 0.244975), (0.549, 0.1087425, 0.231025), (0.551, 0.1087425, 0.231025), (0.551, 0.1248525, 0.231025), (0.549, 0.1248525, 0.231025), (0.549, 0.1087425, 0.244975), (0.551, 0.1087425, 0.244975), (0.551, 0.1248525, 0.244975), (0.549, 0.1248525, 0.244975), (0.549, 0.1329075, 0.231025), (0.551, 0.1329075, 0.231025), (0.551, 0.1490175, 0.231025), (0.549, 0.1490175, 0.231025), (0.549, 0.1329075, 0.244975), (0.551, 0.1329075, 0.244975), (0.551, 0.1490175, 0.244975), (0.549, 0.1490175, 0.244975), (0.549, 0.1570725, 0.231025), (0.551, 0.1570725, 0.231025), (0.551, 0.1731825, 0.231025), (0.549, 0.1731825, 0.231025), (0.549, 0.1570725, 0.244975), (0.551, 0.1570725, 0.244975), (0.551, 0.1731825, 0.244975), (0.549, 0.1731825, 0.244975)]
                    uniform token subdivisionScheme = "none"
                }

                def Mesh "PortCage" (
                    prepend apiSchemas = ["MaterialBindingAPI"]
                )
                {
                    float3[] extent = [(0.545, 0.07518, 0.223585), (0.549, 0.18258, 0.252415)]
                    int[] faceVertexCounts = [4, 4, 4, 4, 4, 4]
                    int[] faceVertexIndices = [0, 3, 2, 1, 4, 5, 6, 7, 0, 1, 5, 4, 2, 3, 7, 6, 1, 2, 6, 5, 3, 0, 4, 7]
                    rel material:binding = </GenericRack/Looks/PortCage>
                    uniform token orientation = "rightHanded"
                    point3f[] points = [(0.545, 0.07518, 0.223585), (0.549, 0.07518, 0.223585), (0.549, 0.18258, 0.223585), (0.545, 0.18258, 0.223585), (0.545, 0.07518, 0.252415), (0.549, 0.07518, 0.252415), (0.549, 0.18258, 0.252415), (0.545, 0.18258, 0.252415)]
                    uniform token subdivisionScheme = "none"
                }

                def Mesh "Handle" (
                    prepend apiSchemas = ["MaterialBindingAPI"]
                )
                {
                    float3[] extent = [(0.545, -0.2535, 0.223585), (0.557, 0.2535, 0.252415)]
                    int[] faceVertexCounts = [4, 4, 4, 4, 4, 4, 4, 4, 4, 4, 4, 4]
                    int[] faceVertexIndices = [0, 3, 2, 1, 4, 5, 6, 7, 0, 1, 5, 4, 2, 3, 7, 6, 1, 2, 6, 5, 3, 0, 4, 7, 8, 11, 10, 9, 12, 13, 14, 15, 8, 9, 13, 12, 10, 11, 15, 14, 9, 10, 14, 13, 11, 8, 12, 15]
                    rel material:binding = </GenericRack/Looks/Handle>
                    uniform token orientation = "rightHanded"
                    point3f[] points = [(0.545, -0.2535, 0.223585), (0.557, -0.2535, 0.223585), (0.557, -0.2395, 0.223585), (0.545, -0.2395, 0.223585), (0.545, -0.2535, 0.252415), (0.557, -0.2535, 0.252415), (0.557, -0.2395, 0.252415), (0.545, -0.2395, 0.252415), (0.545, 0.2395, 0.223585), (0.557, 0.2395, 0.223585), (0.557, 0.2535, 0.223585), (0.545, 0.2535, 0.223585), (0.545, 0.2395, 0.252415), (0.557, 0.2395, 0.252415), (0.557, 0.2535, 0.252415), (0.545, 0.2535, 0.252415)]
                    uniform token subdivisionScheme = "none"
                }

                def Mesh "StatusLamp" (
                    prepend apiSchemas = ["MaterialBindingAPI"]
                )
                {
                    float3[] extent = [(0.545, -0.2215, 0.24437), (0.547, -0.2155, 0.24837)]
                    int[] faceVertexCounts = [4, 4, 4, 4, 4, 4]
                    int[] faceVertexIndices = [0, 3, 2, 1, 4, 5, 6, 7, 0, 1, 5, 4, 2, 3, 7, 6, 1, 2, 6, 5, 3, 0, 4, 7]
                    rel material:binding = </GenericRack/Looks/StatusLamp>
                    uniform token orientation = "rightHanded"
                    point3f[] points = [(0.545, -0.2215, 0.24437), (0.547, -0.2215, 0.24437), (0.547, -0.2155, 0.24437), (0.545, -0.2155, 0.24437), (0.545, -0.2215, 0.24837), (0.547, -0.2215, 0.24837), (0.547, -0.2155, 0.24837), (0.545, -0.2155, 0.24837)]
                    uniform token subdivisionScheme = "none"
                }
            }

            def "compute_05"
            {
                def Mesh "TrayCompute" (
                    prepend apiSchemas = ["MaterialBindingAPI"]
                )
                {
                    float3[] extent = [(0.53, -0.2675, 0.26275), (0.545, 0.2675, 0.30925)]
                    int[] faceVertexCounts = [4, 4, 4, 4, 4, 4]
                    int[] faceVertexIndices = [0, 3, 2, 1, 4, 5, 6, 7, 0, 1, 5, 4, 2, 3, 7, 6, 1, 2, 6, 5, 3, 0, 4, 7]
                    rel material:binding = </GenericRack/Looks/TrayCompute>
                    uniform token orientation = "rightHanded"
                    point3f[] points = [(0.53, -0.2675, 0.26275), (0.545, -0.2675, 0.26275), (0.545, 0.2675, 0.26275), (0.53, 0.2675, 0.26275), (0.53, -0.2675, 0.30925), (0.545, -0.2675, 0.30925), (0.545, 0.2675, 0.30925), (0.53, 0.2675, 0.30925)]
                    uniform token subdivisionScheme = "none"
                }

                def Mesh "VentDark" (
                    prepend apiSchemas = ["MaterialBindingAPI"]
                )
                {
                    float3[] extent = [(0.545, -0.1906606, 0.27298), (0.551, 0.1731825, 0.29902)]
                    int[] faceVertexCounts = [4, 4, 4, 4, 4, 4, 4, 4, 4, 4, 4, 4, 4, 4, 4, 4, 4, 4, 4, 4, 4, 4, 4, 4, 4, 4, 4, 4, 4, 4]
                    int[] faceVertexIndices = [0, 3, 2, 1, 4, 5, 6, 7, 0, 1, 5, 4, 2, 3, 7, 6, 1, 2, 6, 5, 3, 0, 4, 7, 8, 11, 10, 9, 12, 13, 14, 15, 8, 9, 13, 12, 10, 11, 15, 14, 9, 10, 14, 13, 11, 8, 12, 15, 16, 19, 18, 17, 20, 21, 22, 23, 16, 17, 21, 20, 18, 19, 23, 22, 17, 18, 22, 21, 19, 16, 20, 23, 24, 27, 26, 25, 28, 29, 30, 31, 24, 25, 29, 28, 26, 27, 31, 30, 25, 26, 30, 29, 27, 24, 28, 31, 32, 35, 34, 33, 36, 37, 38, 39, 32, 33, 37, 36, 34, 35, 39, 38, 33, 34, 38, 37, 35, 32, 36, 39]
                    rel material:binding = </GenericRack/Looks/VentDark>
                    uniform token orientation = "rightHanded"
                    point3f[] points = [(0.545, -0.1906606, 0.27298), (0.547, -0.1906606, 0.27298), (0.547, 0.03487941, 0.27298), (0.545, 0.03487941, 0.27298), (0.545, -0.1906606, 0.29902), (0.547, -0.1906606, 0.29902), (0.547, 0.03487941, 0.29902), (0.545, 0.03487941, 0.29902), (0.549, 0.0845775, 0.279025), (0.551, 0.0845775, 0.279025), (0.551, 0.1006875, 0.279025), (0.549, 0.1006875, 0.279025), (0.549, 0.0845775, 0.292975), (0.551, 0.0845775, 0.292975), (0.551, 0.1006875, 0.292975), (0.549, 0.1006875, 0.292975), (0.549, 0.1087425, 0.279025), (0.551, 0.1087425, 0.279025), (0.551, 0.1248525, 0.279025), (0.549, 0.1248525, 0.279025), (0.549, 0.1087425, 0.292975), (0.551, 0.1087425, 0.292975), (0.551, 0.1248525, 0.292975), (0.549, 0.1248525, 0.292975), (0.549, 0.1329075, 0.279025), (0.551, 0.1329075, 0.279025), (0.551, 0.1490175, 0.279025), (0.549, 0.1490175, 0.279025), (0.549, 0.1329075, 0.292975), (0.551, 0.1329075, 0.292975), (0.551, 0.1490175, 0.292975), (0.549, 0.1490175, 0.292975), (0.549, 0.1570725, 0.279025), (0.551, 0.1570725, 0.279025), (0.551, 0.1731825, 0.279025), (0.549, 0.1731825, 0.279025), (0.549, 0.1570725, 0.292975), (0.551, 0.1570725, 0.292975), (0.551, 0.1731825, 0.292975), (0.549, 0.1731825, 0.292975)]
                    uniform token subdivisionScheme = "none"
                }

                def Mesh "PortCage" (
                    prepend apiSchemas = ["MaterialBindingAPI"]
                )
                {
                    float3[] extent = [(0.545, 0.07518, 0.271585), (0.549, 0.18258, 0.300415)]
                    int[] faceVertexCounts = [4, 4, 4, 4, 4, 4]
                    int[] faceVertexIndices = [0, 3, 2, 1, 4, 5, 6, 7, 0, 1, 5, 4, 2, 3, 7, 6, 1, 2, 6, 5, 3, 0, 4, 7]
                    rel material:binding = </GenericRack/Looks/PortCage>
                    uniform token orientation = "rightHanded"
                    point3f[] points = [(0.545, 0.07518, 0.271585), (0.549, 0.07518, 0.271585), (0.549, 0.18258, 0.271585), (0.545, 0.18258, 0.271585), (0.545, 0.07518, 0.300415), (0.549, 0.07518, 0.300415), (0.549, 0.18258, 0.300415), (0.545, 0.18258, 0.300415)]
                    uniform token subdivisionScheme = "none"
                }

                def Mesh "Handle" (
                    prepend apiSchemas = ["MaterialBindingAPI"]
                )
                {
                    float3[] extent = [(0.545, -0.2535, 0.271585), (0.557, 0.2535, 0.300415)]
                    int[] faceVertexCounts = [4, 4, 4, 4, 4, 4, 4, 4, 4, 4, 4, 4]
                    int[] faceVertexIndices = [0, 3, 2, 1, 4, 5, 6, 7, 0, 1, 5, 4, 2, 3, 7, 6, 1, 2, 6, 5, 3, 0, 4, 7, 8, 11, 10, 9, 12, 13, 14, 15, 8, 9, 13, 12, 10, 11, 15, 14, 9, 10, 14, 13, 11, 8, 12, 15]
                    rel material:binding = </GenericRack/Looks/Handle>
                    uniform token orientation = "rightHanded"
                    point3f[] points = [(0.545, -0.2535, 0.271585), (0.557, -0.2535, 0.271585), (0.557, -0.2395, 0.271585), (0.545, -0.2395, 0.271585), (0.545, -0.2535, 0.300415), (0.557, -0.2535, 0.300415), (0.557, -0.2395, 0.300415), (0.545, -0.2395, 0.300415), (0.545, 0.2395, 0.271585), (0.557, 0.2395, 0.271585), (0.557, 0.2535, 0.271585), (0.545, 0.2535, 0.271585), (0.545, 0.2395, 0.300415), (0.557, 0.2395, 0.300415), (0.557, 0.2535, 0.300415), (0.545, 0.2535, 0.300415)]
                    uniform token subdivisionScheme = "none"
                }

                def Mesh "StatusLamp" (
                    prepend apiSchemas = ["MaterialBindingAPI"]
                )
                {
                    float3[] extent = [(0.545, -0.2215, 0.29237), (0.547, -0.2155, 0.29637)]
                    int[] faceVertexCounts = [4, 4, 4, 4, 4, 4]
                    int[] faceVertexIndices = [0, 3, 2, 1, 4, 5, 6, 7, 0, 1, 5, 4, 2, 3, 7, 6, 1, 2, 6, 5, 3, 0, 4, 7]
                    rel material:binding = </GenericRack/Looks/StatusLamp>
                    uniform token orientation = "rightHanded"
                    point3f[] points = [(0.545, -0.2215, 0.29237), (0.547, -0.2215, 0.29237), (0.547, -0.2155, 0.29237), (0.545, -0.2155, 0.29237), (0.545, -0.2215, 0.29637), (0.547, -0.2215, 0.29637), (0.547, -0.2155, 0.29637), (0.545, -0.2155, 0.29637)]
                    uniform token subdivisionScheme = "none"
                }
            }

            def "compute_06"
            {
                def Mesh "TrayCompute" (
                    prepend apiSchemas = ["MaterialBindingAPI"]
                )
                {
                    float3[] extent = [(0.53, -0.2675, 0.31075), (0.545, 0.2675, 0.35725)]
                    int[] faceVertexCounts = [4, 4, 4, 4, 4, 4]
                    int[] faceVertexIndices = [0, 3, 2, 1, 4, 5, 6, 7, 0, 1, 5, 4, 2, 3, 7, 6, 1, 2, 6, 5, 3, 0, 4, 7]
                    rel material:binding = </GenericRack/Looks/TrayCompute>
                    uniform token orientation = "rightHanded"
                    point3f[] points = [(0.53, -0.2675, 0.31075), (0.545, -0.2675, 0.31075), (0.545, 0.2675, 0.31075), (0.53, 0.2675, 0.31075), (0.53, -0.2675, 0.35725), (0.545, -0.2675, 0.35725), (0.545, 0.2675, 0.35725), (0.53, 0.2675, 0.35725)]
                    uniform token subdivisionScheme = "none"
                }

                def Mesh "VentDark" (
                    prepend apiSchemas = ["MaterialBindingAPI"]
                )
                {
                    float3[] extent = [(0.545, -0.1906606, 0.32098), (0.551, 0.1731825, 0.34702)]
                    int[] faceVertexCounts = [4, 4, 4, 4, 4, 4, 4, 4, 4, 4, 4, 4, 4, 4, 4, 4, 4, 4, 4, 4, 4, 4, 4, 4, 4, 4, 4, 4, 4, 4]
                    int[] faceVertexIndices = [0, 3, 2, 1, 4, 5, 6, 7, 0, 1, 5, 4, 2, 3, 7, 6, 1, 2, 6, 5, 3, 0, 4, 7, 8, 11, 10, 9, 12, 13, 14, 15, 8, 9, 13, 12, 10, 11, 15, 14, 9, 10, 14, 13, 11, 8, 12, 15, 16, 19, 18, 17, 20, 21, 22, 23, 16, 17, 21, 20, 18, 19, 23, 22, 17, 18, 22, 21, 19, 16, 20, 23, 24, 27, 26, 25, 28, 29, 30, 31, 24, 25, 29, 28, 26, 27, 31, 30, 25, 26, 30, 29, 27, 24, 28, 31, 32, 35, 34, 33, 36, 37, 38, 39, 32, 33, 37, 36, 34, 35, 39, 38, 33, 34, 38, 37, 35, 32, 36, 39]
                    rel material:binding = </GenericRack/Looks/VentDark>
                    uniform token orientation = "rightHanded"
                    point3f[] points = [(0.545, -0.1906606, 0.32098), (0.547, -0.1906606, 0.32098), (0.547, 0.03487941, 0.32098), (0.545, 0.03487941, 0.32098), (0.545, -0.1906606, 0.34702), (0.547, -0.1906606, 0.34702), (0.547, 0.03487941, 0.34702), (0.545, 0.03487941, 0.34702), (0.549, 0.0845775, 0.327025), (0.551, 0.0845775, 0.327025), (0.551, 0.1006875, 0.327025), (0.549, 0.1006875, 0.327025), (0.549, 0.0845775, 0.340975), (0.551, 0.0845775, 0.340975), (0.551, 0.1006875, 0.340975), (0.549, 0.1006875, 0.340975), (0.549, 0.1087425, 0.327025), (0.551, 0.1087425, 0.327025), (0.551, 0.1248525, 0.327025), (0.549, 0.1248525, 0.327025), (0.549, 0.1087425, 0.340975), (0.551, 0.1087425, 0.340975), (0.551, 0.1248525, 0.340975), (0.549, 0.1248525, 0.340975), (0.549, 0.1329075, 0.327025), (0.551, 0.1329075, 0.327025), (0.551, 0.1490175, 0.327025), (0.549, 0.1490175, 0.327025), (0.549, 0.1329075, 0.340975), (0.551, 0.1329075, 0.340975), (0.551, 0.1490175, 0.340975), (0.549, 0.1490175, 0.340975), (0.549, 0.1570725, 0.327025), (0.551, 0.1570725, 0.327025), (0.551, 0.1731825, 0.327025), (0.549, 0.1731825, 0.327025), (0.549, 0.1570725, 0.340975), (0.551, 0.1570725, 0.340975), (0.551, 0.1731825, 0.340975), (0.549, 0.1731825, 0.340975)]
                    uniform token subdivisionScheme = "none"
                }

                def Mesh "PortCage" (
                    prepend apiSchemas = ["MaterialBindingAPI"]
                )
                {
                    float3[] extent = [(0.545, 0.07518, 0.319585), (0.549, 0.18258, 0.348415)]
                    int[] faceVertexCounts = [4, 4, 4, 4, 4, 4]
                    int[] faceVertexIndices = [0, 3, 2, 1, 4, 5, 6, 7, 0, 1, 5, 4, 2, 3, 7, 6, 1, 2, 6, 5, 3, 0, 4, 7]
                    rel material:binding = </GenericRack/Looks/PortCage>
                    uniform token orientation = "rightHanded"
                    point3f[] points = [(0.545, 0.07518, 0.319585), (0.549, 0.07518, 0.319585), (0.549, 0.18258, 0.319585), (0.545, 0.18258, 0.319585), (0.545, 0.07518, 0.348415), (0.549, 0.07518, 0.348415), (0.549, 0.18258, 0.348415), (0.545, 0.18258, 0.348415)]
                    uniform token subdivisionScheme = "none"
                }

                def Mesh "Handle" (
                    prepend apiSchemas = ["MaterialBindingAPI"]
                )
                {
                    float3[] extent = [(0.545, -0.2535, 0.319585), (0.557, 0.2535, 0.348415)]
                    int[] faceVertexCounts = [4, 4, 4, 4, 4, 4, 4, 4, 4, 4, 4, 4]
                    int[] faceVertexIndices = [0, 3, 2, 1, 4, 5, 6, 7, 0, 1, 5, 4, 2, 3, 7, 6, 1, 2, 6, 5, 3, 0, 4, 7, 8, 11, 10, 9, 12, 13, 14, 15, 8, 9, 13, 12, 10, 11, 15, 14, 9, 10, 14, 13, 11, 8, 12, 15]
                    rel material:binding = </GenericRack/Looks/Handle>
                    uniform token orientation = "rightHanded"
                    point3f[] points = [(0.545, -0.2535, 0.319585), (0.557, -0.2535, 0.319585), (0.557, -0.2395, 0.319585), (0.545, -0.2395, 0.319585), (0.545, -0.2535, 0.348415), (0.557, -0.2535, 0.348415), (0.557, -0.2395, 0.348415), (0.545, -0.2395, 0.348415), (0.545, 0.2395, 0.319585), (0.557, 0.2395, 0.319585), (0.557, 0.2535, 0.319585), (0.545, 0.2535, 0.319585), (0.545, 0.2395, 0.348415), (0.557, 0.2395, 0.348415), (0.557, 0.2535, 0.348415), (0.545, 0.2535, 0.348415)]
                    uniform token subdivisionScheme = "none"
                }

                def Mesh "StatusLamp" (
                    prepend apiSchemas = ["MaterialBindingAPI"]
                )
                {
                    float3[] extent = [(0.545, -0.2215, 0.34037), (0.547, -0.2155, 0.34437)]
                    int[] faceVertexCounts = [4, 4, 4, 4, 4, 4]
                    int[] faceVertexIndices = [0, 3, 2, 1, 4, 5, 6, 7, 0, 1, 5, 4, 2, 3, 7, 6, 1, 2, 6, 5, 3, 0, 4, 7]
                    rel material:binding = </GenericRack/Looks/StatusLamp>
                    uniform token orientation = "rightHanded"
                    point3f[] points = [(0.545, -0.2215, 0.34037), (0.547, -0.2215, 0.34037), (0.547, -0.2155, 0.34037), (0.545, -0.2155, 0.34037), (0.545, -0.2215, 0.34437), (0.547, -0.2215, 0.34437), (0.547, -0.2155, 0.34437), (0.545, -0.2155, 0.34437)]
                    uniform token subdivisionScheme = "none"
                }
            }

            def "compute_07"
            {
                def Mesh "TrayCompute" (
                    prepend apiSchemas = ["MaterialBindingAPI"]
                )
                {
                    float3[] extent = [(0.53, -0.2675, 0.35875), (0.545, 0.2675, 0.40525)]
                    int[] faceVertexCounts = [4, 4, 4, 4, 4, 4]
                    int[] faceVertexIndices = [0, 3, 2, 1, 4, 5, 6, 7, 0, 1, 5, 4, 2, 3, 7, 6, 1, 2, 6, 5, 3, 0, 4, 7]
                    rel material:binding = </GenericRack/Looks/TrayCompute>
                    uniform token orientation = "rightHanded"
                    point3f[] points = [(0.53, -0.2675, 0.35875), (0.545, -0.2675, 0.35875), (0.545, 0.2675, 0.35875), (0.53, 0.2675, 0.35875), (0.53, -0.2675, 0.40525), (0.545, -0.2675, 0.40525), (0.545, 0.2675, 0.40525), (0.53, 0.2675, 0.40525)]
                    uniform token subdivisionScheme = "none"
                }

                def Mesh "VentDark" (
                    prepend apiSchemas = ["MaterialBindingAPI"]
                )
                {
                    float3[] extent = [(0.545, -0.1906606, 0.36898), (0.551, 0.1731825, 0.39502)]
                    int[] faceVertexCounts = [4, 4, 4, 4, 4, 4, 4, 4, 4, 4, 4, 4, 4, 4, 4, 4, 4, 4, 4, 4, 4, 4, 4, 4, 4, 4, 4, 4, 4, 4]
                    int[] faceVertexIndices = [0, 3, 2, 1, 4, 5, 6, 7, 0, 1, 5, 4, 2, 3, 7, 6, 1, 2, 6, 5, 3, 0, 4, 7, 8, 11, 10, 9, 12, 13, 14, 15, 8, 9, 13, 12, 10, 11, 15, 14, 9, 10, 14, 13, 11, 8, 12, 15, 16, 19, 18, 17, 20, 21, 22, 23, 16, 17, 21, 20, 18, 19, 23, 22, 17, 18, 22, 21, 19, 16, 20, 23, 24, 27, 26, 25, 28, 29, 30, 31, 24, 25, 29, 28, 26, 27, 31, 30, 25, 26, 30, 29, 27, 24, 28, 31, 32, 35, 34, 33, 36, 37, 38, 39, 32, 33, 37, 36, 34, 35, 39, 38, 33, 34, 38, 37, 35, 32, 36, 39]
                    rel material:binding = </GenericRack/Looks/VentDark>
                    uniform token orientation = "rightHanded"
                    point3f[] points = [(0.545, -0.1906606, 0.36898), (0.547, -0.1906606, 0.36898), (0.547, 0.03487941, 0.36898), (0.545, 0.03487941, 0.36898), (0.545, -0.1906606, 0.39502), (0.547, -0.1906606, 0.39502), (0.547, 0.03487941, 0.39502), (0.545, 0.03487941, 0.39502), (0.549, 0.0845775, 0.375025), (0.551, 0.0845775, 0.375025), (0.551, 0.1006875, 0.375025), (0.549, 0.1006875, 0.375025), (0.549, 0.0845775, 0.388975), (0.551, 0.0845775, 0.388975), (0.551, 0.1006875, 0.388975), (0.549, 0.1006875, 0.388975), (0.549, 0.1087425, 0.375025), (0.551, 0.1087425, 0.375025), (0.551, 0.1248525, 0.375025), (0.549, 0.1248525, 0.375025), (0.549, 0.1087425, 0.388975), (0.551, 0.1087425, 0.388975), (0.551, 0.1248525, 0.388975), (0.549, 0.1248525, 0.388975), (0.549, 0.1329075, 0.375025), (0.551, 0.1329075, 0.375025), (0.551, 0.1490175, 0.375025), (0.549, 0.1490175, 0.375025), (0.549, 0.1329075, 0.388975), (0.551, 0.1329075, 0.388975), (0.551, 0.1490175, 0.388975), (0.549, 0.1490175, 0.388975), (0.549, 0.1570725, 0.375025), (0.551, 0.1570725, 0.375025), (0.551, 0.1731825, 0.375025), (0.549, 0.1731825, 0.375025), (0.549, 0.1570725, 0.388975), (0.551, 0.1570725, 0.388975), (0.551, 0.1731825, 0.388975), (0.549, 0.1731825, 0.388975)]
                    uniform token subdivisionScheme = "none"
                }

                def Mesh "PortCage" (
                    prepend apiSchemas = ["MaterialBindingAPI"]
                )
                {
                    float3[] extent = [(0.545, 0.07518, 0.367585), (0.549, 0.18258, 0.396415)]
                    int[] faceVertexCounts = [4, 4, 4, 4, 4, 4]
                    int[] faceVertexIndices = [0, 3, 2, 1, 4, 5, 6, 7, 0, 1, 5, 4, 2, 3, 7, 6, 1, 2, 6, 5, 3, 0, 4, 7]
                    rel material:binding = </GenericRack/Looks/PortCage>
                    uniform token orientation = "rightHanded"
                    point3f[] points = [(0.545, 0.07518, 0.367585), (0.549, 0.07518, 0.367585), (0.549, 0.18258, 0.367585), (0.545, 0.18258, 0.367585), (0.545, 0.07518, 0.396415), (0.549, 0.07518, 0.396415), (0.549, 0.18258, 0.396415), (0.545, 0.18258, 0.396415)]
                    uniform token subdivisionScheme = "none"
                }

                def Mesh "Handle" (
                    prepend apiSchemas = ["MaterialBindingAPI"]
                )
                {
                    float3[] extent = [(0.545, -0.2535, 0.367585), (0.557, 0.2535, 0.396415)]
                    int[] faceVertexCounts = [4, 4, 4, 4, 4, 4, 4, 4, 4, 4, 4, 4]
                    int[] faceVertexIndices = [0, 3, 2, 1, 4, 5, 6, 7, 0, 1, 5, 4, 2, 3, 7, 6, 1, 2, 6, 5, 3, 0, 4, 7, 8, 11, 10, 9, 12, 13, 14, 15, 8, 9, 13, 12, 10, 11, 15, 14, 9, 10, 14, 13, 11, 8, 12, 15]
                    rel material:binding = </GenericRack/Looks/Handle>
                    uniform token orientation = "rightHanded"
                    point3f[] points = [(0.545, -0.2535, 0.367585), (0.557, -0.2535, 0.367585), (0.557, -0.2395, 0.367585), (0.545, -0.2395, 0.367585), (0.545, -0.2535, 0.396415), (0.557, -0.2535, 0.396415), (0.557, -0.2395, 0.396415), (0.545, -0.2395, 0.396415), (0.545, 0.2395, 0.367585), (0.557, 0.2395, 0.367585), (0.557, 0.2535, 0.367585), (0.545, 0.2535, 0.367585), (0.545, 0.2395, 0.396415), (0.557, 0.2395, 0.396415), (0.557, 0.2535, 0.396415), (0.545, 0.2535, 0.396415)]
                    uniform token subdivisionScheme = "none"
                }

                def Mesh "StatusLamp" (
                    prepend apiSchemas = ["MaterialBindingAPI"]
                )
                {
                    float3[] extent = [(0.545, -0.2215, 0.38837), (0.547, -0.2155, 0.39237)]
                    int[] faceVertexCounts = [4, 4, 4, 4, 4, 4]
                    int[] faceVertexIndices = [0, 3, 2, 1, 4, 5, 6, 7, 0, 1, 5, 4, 2, 3, 7, 6, 1, 2, 6, 5, 3, 0, 4, 7]
                    rel material:binding = </GenericRack/Looks/StatusLamp>
                    uniform token orientation = "rightHanded"
                    point3f[] points = [(0.545, -0.2215, 0.38837), (0.547, -0.2215, 0.38837), (0.547, -0.2155, 0.38837), (0.545, -0.2155, 0.38837), (0.545, -0.2215, 0.39237), (0.547, -0.2215, 0.39237), (0.547, -0.2155, 0.39237), (0.545, -0.2155, 0.39237)]
                    uniform token subdivisionScheme = "none"
                }
            }

            def "compute_08"
            {
                def Mesh "TrayCompute" (
                    prepend apiSchemas = ["MaterialBindingAPI"]
                )
                {
                    float3[] extent = [(0.53, -0.2675, 0.40675), (0.545, 0.2675, 0.45325)]
                    int[] faceVertexCounts = [4, 4, 4, 4, 4, 4]
                    int[] faceVertexIndices = [0, 3, 2, 1, 4, 5, 6, 7, 0, 1, 5, 4, 2, 3, 7, 6, 1, 2, 6, 5, 3, 0, 4, 7]
                    rel material:binding = </GenericRack/Looks/TrayCompute>
                    uniform token orientation = "rightHanded"
                    point3f[] points = [(0.53, -0.2675, 0.40675), (0.545, -0.2675, 0.40675), (0.545, 0.2675, 0.40675), (0.53, 0.2675, 0.40675), (0.53, -0.2675, 0.45325), (0.545, -0.2675, 0.45325), (0.545, 0.2675, 0.45325), (0.53, 0.2675, 0.45325)]
                    uniform token subdivisionScheme = "none"
                }

                def Mesh "VentDark" (
                    prepend apiSchemas = ["MaterialBindingAPI"]
                )
                {
                    float3[] extent = [(0.545, -0.1906606, 0.41698), (0.551, 0.1731825, 0.44302)]
                    int[] faceVertexCounts = [4, 4, 4, 4, 4, 4, 4, 4, 4, 4, 4, 4, 4, 4, 4, 4, 4, 4, 4, 4, 4, 4, 4, 4, 4, 4, 4, 4, 4, 4]
                    int[] faceVertexIndices = [0, 3, 2, 1, 4, 5, 6, 7, 0, 1, 5, 4, 2, 3, 7, 6, 1, 2, 6, 5, 3, 0, 4, 7, 8, 11, 10, 9, 12, 13, 14, 15, 8, 9, 13, 12, 10, 11, 15, 14, 9, 10, 14, 13, 11, 8, 12, 15, 16, 19, 18, 17, 20, 21, 22, 23, 16, 17, 21, 20, 18, 19, 23, 22, 17, 18, 22, 21, 19, 16, 20, 23, 24, 27, 26, 25, 28, 29, 30, 31, 24, 25, 29, 28, 26, 27, 31, 30, 25, 26, 30, 29, 27, 24, 28, 31, 32, 35, 34, 33, 36, 37, 38, 39, 32, 33, 37, 36, 34, 35, 39, 38, 33, 34, 38, 37, 35, 32, 36, 39]
                    rel material:binding = </GenericRack/Looks/VentDark>
                    uniform token orientation = "rightHanded"
                    point3f[] points = [(0.545, -0.1906606, 0.41698), (0.547, -0.1906606, 0.41698), (0.547, 0.03487941, 0.41698), (0.545, 0.03487941, 0.41698), (0.545, -0.1906606, 0.44302), (0.547, -0.1906606, 0.44302), (0.547, 0.03487941, 0.44302), (0.545, 0.03487941, 0.44302), (0.549, 0.0845775, 0.423025), (0.551, 0.0845775, 0.423025), (0.551, 0.1006875, 0.423025), (0.549, 0.1006875, 0.423025), (0.549, 0.0845775, 0.436975), (0.551, 0.0845775, 0.436975), (0.551, 0.1006875, 0.436975), (0.549, 0.1006875, 0.436975), (0.549, 0.1087425, 0.423025), (0.551, 0.1087425, 0.423025), (0.551, 0.1248525, 0.423025), (0.549, 0.1248525, 0.423025), (0.549, 0.1087425, 0.436975), (0.551, 0.1087425, 0.436975), (0.551, 0.1248525, 0.436975), (0.549, 0.1248525, 0.436975), (0.549, 0.1329075, 0.423025), (0.551, 0.1329075, 0.423025), (0.551, 0.1490175, 0.423025), (0.549, 0.1490175, 0.423025), (0.549, 0.1329075, 0.436975), (0.551, 0.1329075, 0.436975), (0.551, 0.1490175, 0.436975), (0.549, 0.1490175, 0.436975), (0.549, 0.1570725, 0.423025), (0.551, 0.1570725, 0.423025), (0.551, 0.1731825, 0.423025), (0.549, 0.1731825, 0.423025), (0.549, 0.1570725, 0.436975), (0.551, 0.1570725, 0.436975), (0.551, 0.1731825, 0.436975), (0.549, 0.1731825, 0.436975)]
                    uniform token subdivisionScheme = "none"
                }

                def Mesh "PortCage" (
                    prepend apiSchemas = ["MaterialBindingAPI"]
                )
                {
                    float3[] extent = [(0.545, 0.07518, 0.415585), (0.549, 0.18258, 0.444415)]
                    int[] faceVertexCounts = [4, 4, 4, 4, 4, 4]
                    int[] faceVertexIndices = [0, 3, 2, 1, 4, 5, 6, 7, 0, 1, 5, 4, 2, 3, 7, 6, 1, 2, 6, 5, 3, 0, 4, 7]
                    rel material:binding = </GenericRack/Looks/PortCage>
                    uniform token orientation = "rightHanded"
                    point3f[] points = [(0.545, 0.07518, 0.415585), (0.549, 0.07518, 0.415585), (0.549, 0.18258, 0.415585), (0.545, 0.18258, 0.415585), (0.545, 0.07518, 0.444415), (0.549, 0.07518, 0.444415), (0.549, 0.18258, 0.444415), (0.545, 0.18258, 0.444415)]
                    uniform token subdivisionScheme = "none"
                }

                def Mesh "Handle" (
                    prepend apiSchemas = ["MaterialBindingAPI"]
                )
                {
                    float3[] extent = [(0.545, -0.2535, 0.415585), (0.557, 0.2535, 0.444415)]
                    int[] faceVertexCounts = [4, 4, 4, 4, 4, 4, 4, 4, 4, 4, 4, 4]
                    int[] faceVertexIndices = [0, 3, 2, 1, 4, 5, 6, 7, 0, 1, 5, 4, 2, 3, 7, 6, 1, 2, 6, 5, 3, 0, 4, 7, 8, 11, 10, 9, 12, 13, 14, 15, 8, 9, 13, 12, 10, 11, 15, 14, 9, 10, 14, 13, 11, 8, 12, 15]
                    rel material:binding = </GenericRack/Looks/Handle>
                    uniform token orientation = "rightHanded"
                    point3f[] points = [(0.545, -0.2535, 0.415585), (0.557, -0.2535, 0.415585), (0.557, -0.2395, 0.415585), (0.545, -0.2395, 0.415585), (0.545, -0.2535, 0.444415), (0.557, -0.2535, 0.444415), (0.557, -0.2395, 0.444415), (0.545, -0.2395, 0.444415), (0.545, 0.2395, 0.415585), (0.557, 0.2395, 0.415585), (0.557, 0.2535, 0.415585), (0.545, 0.2535, 0.415585), (0.545, 0.2395, 0.444415), (0.557, 0.2395, 0.444415), (0.557, 0.2535, 0.444415), (0.545, 0.2535, 0.444415)]
                    uniform token subdivisionScheme = "none"
                }

                def Mesh "StatusLamp" (
                    prepend apiSchemas = ["MaterialBindingAPI"]
                )
                {
                    float3[] extent = [(0.545, -0.2215, 0.43637), (0.547, -0.2155, 0.44037)]
                    int[] faceVertexCounts = [4, 4, 4, 4, 4, 4]
                    int[] faceVertexIndices = [0, 3, 2, 1, 4, 5, 6, 7, 0, 1, 5, 4, 2, 3, 7, 6, 1, 2, 6, 5, 3, 0, 4, 7]
                    rel material:binding = </GenericRack/Looks/StatusLamp>
                    uniform token orientation = "rightHanded"
                    point3f[] points = [(0.545, -0.2215, 0.43637), (0.547, -0.2215, 0.43637), (0.547, -0.2155, 0.43637), (0.545, -0.2155, 0.43637), (0.545, -0.2215, 0.44037), (0.547, -0.2215, 0.44037), (0.547, -0.2155, 0.44037), (0.545, -0.2155, 0.44037)]
                    uniform token subdivisionScheme = "none"
                }
            }

            def "compute_09"
            {
                def Mesh "TrayCompute" (
                    prepend apiSchemas = ["MaterialBindingAPI"]
                )
                {
                    float3[] extent = [(0.53, -0.2675, 0.45475), (0.545, 0.2675, 0.50125)]
                    int[] faceVertexCounts = [4, 4, 4, 4, 4, 4]
                    int[] faceVertexIndices = [0, 3, 2, 1, 4, 5, 6, 7, 0, 1, 5, 4, 2, 3, 7, 6, 1, 2, 6, 5, 3, 0, 4, 7]
                    rel material:binding = </GenericRack/Looks/TrayCompute>
                    uniform token orientation = "rightHanded"
                    point3f[] points = [(0.53, -0.2675, 0.45475), (0.545, -0.2675, 0.45475), (0.545, 0.2675, 0.45475), (0.53, 0.2675, 0.45475), (0.53, -0.2675, 0.50125), (0.545, -0.2675, 0.50125), (0.545, 0.2675, 0.50125), (0.53, 0.2675, 0.50125)]
                    uniform token subdivisionScheme = "none"
                }

                def Mesh "VentDark" (
                    prepend apiSchemas = ["MaterialBindingAPI"]
                )
                {
                    float3[] extent = [(0.545, -0.1906606, 0.46498), (0.551, 0.1731825, 0.49102)]
                    int[] faceVertexCounts = [4, 4, 4, 4, 4, 4, 4, 4, 4, 4, 4, 4, 4, 4, 4, 4, 4, 4, 4, 4, 4, 4, 4, 4, 4, 4, 4, 4, 4, 4]
                    int[] faceVertexIndices = [0, 3, 2, 1, 4, 5, 6, 7, 0, 1, 5, 4, 2, 3, 7, 6, 1, 2, 6, 5, 3, 0, 4, 7, 8, 11, 10, 9, 12, 13, 14, 15, 8, 9, 13, 12, 10, 11, 15, 14, 9, 10, 14, 13, 11, 8, 12, 15, 16, 19, 18, 17, 20, 21, 22, 23, 16, 17, 21, 20, 18, 19, 23, 22, 17, 18, 22, 21, 19, 16, 20, 23, 24, 27, 26, 25, 28, 29, 30, 31, 24, 25, 29, 28, 26, 27, 31, 30, 25, 26, 30, 29, 27, 24, 28, 31, 32, 35, 34, 33, 36, 37, 38, 39, 32, 33, 37, 36, 34, 35, 39, 38, 33, 34, 38, 37, 35, 32, 36, 39]
                    rel material:binding = </GenericRack/Looks/VentDark>
                    uniform token orientation = "rightHanded"
                    point3f[] points = [(0.545, -0.1906606, 0.46498), (0.547, -0.1906606, 0.46498), (0.547, 0.03487941, 0.46498), (0.545, 0.03487941, 0.46498), (0.545, -0.1906606, 0.49102), (0.547, -0.1906606, 0.49102), (0.547, 0.03487941, 0.49102), (0.545, 0.03487941, 0.49102), (0.549, 0.0845775, 0.471025), (0.551, 0.0845775, 0.471025), (0.551, 0.1006875, 0.471025), (0.549, 0.1006875, 0.471025), (0.549, 0.0845775, 0.484975), (0.551, 0.0845775, 0.484975), (0.551, 0.1006875, 0.484975), (0.549, 0.1006875, 0.484975), (0.549, 0.1087425, 0.471025), (0.551, 0.1087425, 0.471025), (0.551, 0.1248525, 0.471025), (0.549, 0.1248525, 0.471025), (0.549, 0.1087425, 0.484975), (0.551, 0.1087425, 0.484975), (0.551, 0.1248525, 0.484975), (0.549, 0.1248525, 0.484975), (0.549, 0.1329075, 0.471025), (0.551, 0.1329075, 0.471025), (0.551, 0.1490175, 0.471025), (0.549, 0.1490175, 0.471025), (0.549, 0.1329075, 0.484975), (0.551, 0.1329075, 0.484975), (0.551, 0.1490175, 0.484975), (0.549, 0.1490175, 0.484975), (0.549, 0.1570725, 0.471025), (0.551, 0.1570725, 0.471025), (0.551, 0.1731825, 0.471025), (0.549, 0.1731825, 0.471025), (0.549, 0.1570725, 0.484975), (0.551, 0.1570725, 0.484975), (0.551, 0.1731825, 0.484975), (0.549, 0.1731825, 0.484975)]
                    uniform token subdivisionScheme = "none"
                }

                def Mesh "PortCage" (
                    prepend apiSchemas = ["MaterialBindingAPI"]
                )
                {
                    float3[] extent = [(0.545, 0.07518, 0.463585), (0.549, 0.18258, 0.492415)]
                    int[] faceVertexCounts = [4, 4, 4, 4, 4, 4]
                    int[] faceVertexIndices = [0, 3, 2, 1, 4, 5, 6, 7, 0, 1, 5, 4, 2, 3, 7, 6, 1, 2, 6, 5, 3, 0, 4, 7]
                    rel material:binding = </GenericRack/Looks/PortCage>
                    uniform token orientation = "rightHanded"
                    point3f[] points = [(0.545, 0.07518, 0.463585), (0.549, 0.07518, 0.463585), (0.549, 0.18258, 0.463585), (0.545, 0.18258, 0.463585), (0.545, 0.07518, 0.492415), (0.549, 0.07518, 0.492415), (0.549, 0.18258, 0.492415), (0.545, 0.18258, 0.492415)]
                    uniform token subdivisionScheme = "none"
                }

                def Mesh "Handle" (
                    prepend apiSchemas = ["MaterialBindingAPI"]
                )
                {
                    float3[] extent = [(0.545, -0.2535, 0.463585), (0.557, 0.2535, 0.492415)]
                    int[] faceVertexCounts = [4, 4, 4, 4, 4, 4, 4, 4, 4, 4, 4, 4]
                    int[] faceVertexIndices = [0, 3, 2, 1, 4, 5, 6, 7, 0, 1, 5, 4, 2, 3, 7, 6, 1, 2, 6, 5, 3, 0, 4, 7, 8, 11, 10, 9, 12, 13, 14, 15, 8, 9, 13, 12, 10, 11, 15, 14, 9, 10, 14, 13, 11, 8, 12, 15]
                    rel material:binding = </GenericRack/Looks/Handle>
                    uniform token orientation = "rightHanded"
                    point3f[] points = [(0.545, -0.2535, 0.463585), (0.557, -0.2535, 0.463585), (0.557, -0.2395, 0.463585), (0.545, -0.2395, 0.463585), (0.545, -0.2535, 0.492415), (0.557, -0.2535, 0.492415), (0.557, -0.2395, 0.492415), (0.545, -0.2395, 0.492415), (0.545, 0.2395, 0.463585), (0.557, 0.2395, 0.463585), (0.557, 0.2535, 0.463585), (0.545, 0.2535, 0.463585), (0.545, 0.2395, 0.492415), (0.557, 0.2395, 0.492415), (0.557, 0.2535, 0.492415), (0.545, 0.2535, 0.492415)]
                    uniform token subdivisionScheme = "none"
                }

                def Mesh "StatusLamp" (
                    prepend apiSchemas = ["MaterialBindingAPI"]
                )
                {
                    float3[] extent = [(0.545, -0.2215, 0.48437), (0.547, -0.2155, 0.48837)]
                    int[] faceVertexCounts = [4, 4, 4, 4, 4, 4]
                    int[] faceVertexIndices = [0, 3, 2, 1, 4, 5, 6, 7, 0, 1, 5, 4, 2, 3, 7, 6, 1, 2, 6, 5, 3, 0, 4, 7]
                    rel material:binding = </GenericRack/Looks/StatusLamp>
                    uniform token orientation = "rightHanded"
                    point3f[] points = [(0.545, -0.2215, 0.48437), (0.547, -0.2215, 0.48437), (0.547, -0.2155, 0.48437), (0.545, -0.2155, 0.48437), (0.545, -0.2215, 0.48837), (0.547, -0.2215, 0.48837), (0.547, -0.2155, 0.48837), (0.545, -0.2155, 0.48837)]
                    uniform token subdivisionScheme = "none"
                }
            }

            def "switch_10"
            {
                def Mesh "TraySwitch" (
                    prepend apiSchemas = ["MaterialBindingAPI"]
                )
                {
                    float3[] extent = [(0.53, -0.2675, 0.50275), (0.545, 0.2675, 0.54925)]
                    int[] faceVertexCounts = [4, 4, 4, 4, 4, 4]
                    int[] faceVertexIndices = [0, 3, 2, 1, 4, 5, 6, 7, 0, 1, 5, 4, 2, 3, 7, 6, 1, 2, 6, 5, 3, 0, 4, 7]
                    rel material:binding = </GenericRack/Looks/TraySwitch>
                    uniform token orientation = "rightHanded"
                    point3f[] points = [(0.53, -0.2675, 0.50275), (0.545, -0.2675, 0.50275), (0.545, 0.2675, 0.50275), (0.53, 0.2675, 0.50275), (0.53, -0.2675, 0.54925), (0.545, -0.2675, 0.54925), (0.545, 0.2675, 0.54925), (0.53, 0.2675, 0.54925)]
                    uniform token subdivisionScheme = "none"
                }

                def Mesh "PortCage" (
                    prepend apiSchemas = ["MaterialBindingAPI"]
                )
                {
                    float3[] extent = [(0.545, -0.15573, 0.51112), (0.549, 0.18795, 0.54088)]
                    int[] faceVertexCounts = [4, 4, 4, 4, 4, 4]
                    int[] faceVertexIndices = [0, 3, 2, 1, 4, 5, 6, 7, 0, 1, 5, 4, 2, 3, 7, 6, 1, 2, 6, 5, 3, 0, 4, 7]
                    rel material:binding = </GenericRack/Looks/PortCage>
                    uniform token orientation = "rightHanded"
                    point3f[] points = [(0.545, -0.15573, 0.51112), (0.549, -0.15573, 0.51112), (0.549, 0.18795, 0.51112), (0.545, 0.18795, 0.51112), (0.545, -0.15573, 0.54088), (0.549, -0.15573, 0.54088), (0.549, 0.18795, 0.54088), (0.545, 0.18795, 0.54088)]
                    uniform token subdivisionScheme = "none"
                }

                def Mesh "VentDark" (
                    prepend apiSchemas = ["MaterialBindingAPI"]
                )
                {
                    float3[] extent = [(0.549, -0.151434, 0.51391), (0.551, 0.183654, 0.53809)]
                    int[] faceVertexCounts = [4, 4, 4, 4, 4, 4, 4, 4, 4, 4, 4, 4, 4, 4, 4, 4, 4, 4, 4, 4, 4, 4, 4, 4, 4, 4, 4, 4, 4, 4, 4, 4, 4, 4, 4, 4, 4, 4, 4, 4, 4, 4, 4, 4, 4, 4, 4, 4, 4, 4, 4, 4, 4, 4, 4, 4, 4, 4, 4, 4, 4, 4, 4, 4, 4, 4, 4, 4, 4, 4, 4, 4, 4, 4, 4, 4, 4, 4, 4, 4, 4, 4, 4, 4, 4, 4, 4, 4, 4, 4, 4, 4, 4, 4, 4, 4, 4, 4, 4, 4, 4, 4, 4, 4, 4, 4, 4, 4, 4, 4, 4, 4, 4, 4, 4, 4, 4, 4, 4, 4, 4, 4, 4, 4, 4, 4, 4, 4, 4, 4, 4, 4, 4, 4, 4, 4, 4, 4, 4, 4, 4, 4, 4, 4]
                    int[] faceVertexIndices = [0, 3, 2, 1, 4, 5, 6, 7, 0, 1, 5, 4, 2, 3, 7, 6, 1, 2, 6, 5, 3, 0, 4, 7, 8, 11, 10, 9, 12, 13, 14, 15, 8, 9, 13, 12, 10, 11, 15, 14, 9, 10, 14, 13, 11, 8, 12, 15, 16, 19, 18, 17, 20, 21, 22, 23, 16, 17, 21, 20, 18, 19, 23, 22, 17, 18, 22, 21, 19, 16, 20, 23, 24, 27, 26, 25, 28, 29, 30, 31, 24, 25, 29, 28, 26, 27, 31, 30, 25, 26, 30, 29, 27, 24, 28, 31, 32, 35, 34, 33, 36, 37, 38, 39, 32, 33, 37, 36, 34, 35, 39, 38, 33, 34, 38, 37, 35, 32, 36, 39, 40, 43, 42, 41, 44, 45, 46, 47, 40, 41, 45, 44, 42, 43, 47, 46, 41, 42, 46, 45, 43, 40, 44, 47, 48, 51, 50, 49, 52, 53, 54, 55, 48, 49, 53, 52, 50, 51, 55, 54, 49, 50, 54, 53, 51, 48, 52, 55, 56, 59, 58, 57, 60, 61, 62, 63, 56, 57, 61, 60, 58, 59, 63, 62, 57, 58, 62, 61, 59, 56, 60, 63, 64, 67, 66, 65, 68, 69, 70, 71, 64, 65, 69, 68, 66, 67, 71, 70, 65, 66, 70, 69, 67, 64, 68, 71, 72, 75, 74, 73, 76, 77, 78, 79, 72, 73, 77, 76, 74, 75, 79, 78, 73, 74, 78, 77, 75, 72, 76, 79, 80, 83, 82, 81, 84, 85, 86, 87, 80, 81, 85, 84, 82, 83, 87, 86, 81, 82, 86, 85, 83, 80, 84, 87, 88, 91, 90, 89, 92, 93, 94, 95, 88, 89, 93, 92, 90, 91, 95, 94, 89, 90, 94, 93, 91, 88, 92, 95, 96, 99, 98, 97, 100, 101, 102, 103, 96, 97, 101, 100, 98, 99, 103, 102, 97, 98, 102, 101, 99, 96, 100, 103, 104, 107, 106, 105, 108, 109, 110, 111, 104, 105, 109, 108, 106, 107, 111, 110, 105, 106, 110, 109, 107, 104, 108, 111, 112, 115, 114, 113, 116, 117, 118, 119, 112, 113, 117, 116, 114, 115, 119, 118, 113, 114, 118, 117, 115, 112, 116, 119, 120, 123, 122, 121, 124, 125, 126, 127, 120, 121, 125, 124, 122, 123, 127, 126, 121, 122, 126, 125, 123, 120, 124, 127, 128, 131, 130, 129, 132, 133, 134, 135, 128, 129, 133, 132, 130, 131, 135, 134, 129, 130, 134, 133, 131, 128, 132, 135, 136, 139, 138, 137, 140, 141, 142, 143, 136, 137, 141, 140, 138, 139, 143, 142, 137, 138, 142, 141, 139, 136, 140, 143, 144, 147, 146, 145, 148, 149, 150, 151, 144, 145, 149, 148, 146, 147, 151, 150, 145, 146, 150, 149, 147, 144, 148, 151, 152, 155, 154, 153, 156, 157, 158, 159, 152, 153, 157, 156, 154, 155, 159, 158, 153, 154, 158, 157, 155, 152, 156, 159, 160, 163, 162, 161, 164, 165, 166, 167, 160, 161, 165, 164, 162, 163, 167, 166, 161, 162, 166, 165, 163, 160, 164, 167, 168, 171, 170, 169, 172, 173, 174, 175, 168, 169, 173, 172, 170, 171, 175, 174, 169, 170, 174, 173, 171, 168, 172, 175, 176, 179, 178, 177, 180, 181, 182, 183, 176, 177, 181, 180, 178, 179, 183, 182, 177, 178, 182, 181, 179, 176, 180, 183, 184, 187, 186, 185, 188, 189, 190, 191, 184, 185, 189, 188, 186, 187, 191, 190, 185, 186, 190, 189, 187, 184, 188, 191]
                    rel material:binding = </GenericRack/Looks/VentDark>
                    uniform token orientation = "rightHanded"
                    point3f[] points = [(0.549, -0.151434, 0.51391), (0.551, -0.151434, 0.51391), (0.551, -0.131386, 0.51391), (0.549, -0.131386, 0.51391), (0.549, -0.151434, 0.52414), (0.551, -0.151434, 0.52414), (0.551, -0.131386, 0.52414), (0.549, -0.131386, 0.52414), (0.549, -0.122794, 0.51391), (0.551, -0.122794, 0.51391), (0.551, -0.102746, 0.51391), (0.549, -0.102746, 0.51391), (0.549, -0.122794, 0.52414), (0.551, -0.122794, 0.52414), (0.551, -0.102746, 0.52414), (0.549, -0.102746, 0.52414), (0.549, -0.094154, 0.51391), (0.551, -0.094154, 0.51391), (0.551, -0.074106, 0.51391), (0.549, -0.074106, 0.51391), (0.549, -0.094154, 0.52414), (0.551, -0.094154, 0.52414), (0.551, -0.074106, 0.52414), (0.549, -0.074106, 0.52414), (0.549, -0.065514, 0.51391), (0.551, -0.065514, 0.51391), (0.551, -0.045466, 0.51391), (0.549, -0.045466, 0.51391), (0.549, -0.065514, 0.52414), (0.551, -0.065514, 0.52414), (0.551, -0.045466, 0.52414), (0.549, -0.045466, 0.52414), (0.549, -0.036874, 0.51391), (0.551, -0.036874, 0.51391), (0.551, -0.016826, 0.51391), (0.549, -0.016826, 0.51391), (0.549, -0.036874, 0.52414), (0.551, -0.036874, 0.52414), (0.551, -0.016826, 0.52414), (0.549, -0.016826, 0.52414), (0.549, -0.008234, 0.51391), (0.551, -0.008234, 0.51391), (0.551, 0.011814, 0.51391), (0.549, 0.011814, 0.51391), (0.549, -0.008234, 0.52414), (0.551, -0.008234, 0.52414), (0.551, 0.011814, 0.52414), (0.549, 0.011814, 0.52414), (0.549, 0.020406, 0.51391), (0.551, 0.020406, 0.51391), (0.551, 0.040454, 0.51391), (0.549, 0.040454, 0.51391), (0.549, 0.020406, 0.52414), (0.551, 0.020406, 0.52414), (0.551, 0.040454, 0.52414), (0.549, 0.040454, 0.52414), (0.549, 0.049046, 0.51391), (0.551, 0.049046, 0.51391), (0.551, 0.069094, 0.51391), (0.549, 0.069094, 0.51391), (0.549, 0.049046, 0.52414), (0.551, 0.049046, 0.52414), (0.551, 0.069094, 0.52414), (0.549, 0.069094, 0.52414), (0.549, 0.077686, 0.51391), (0.551, 0.077686, 0.51391), (0.551, 0.097734, 0.51391), (0.549, 0.097734, 0.51391), (0.549, 0.077686, 0.52414), (0.551, 0.077686, 0.52414), (0.551, 0.097734, 0.52414), (0.549, 0.097734, 0.52414), (0.549, 0.106326, 0.51391), (0.551, 0.106326, 0.51391), (0.551, 0.126374, 0.51391), (0.549, 0.126374, 0.51391), (0.549, 0.106326, 0.52414), (0.551, 0.106326, 0.52414), (0.551, 0.126374, 0.52414), (0.549, 0.126374, 0.52414), (0.549, 0.134966, 0.51391), (0.551, 0.134966, 0.51391), (0.551, 0.155014, 0.51391), (0.549, 0.155014, 0.51391), (0.549, 0.134966, 0.52414), (0.551, 0.134966, 0.52414), (0.551, 0.155014, 0.52414), (0.549, 0.155014, 0.52414), (0.549, 0.163606, 0.51391), (0.551, 0.163606, 0.51391), (0.551, 0.183654, 0.51391), (0.549, 0.183654, 0.51391), (0.549, 0.163606, 0.52414), (0.551, 0.163606, 0.52414), (0.551, 0.183654, 0.52414), (0.549, 0.183654, 0.52414), (0.549, -0.151434, 0.52786), (0.551, -0.151434, 0.52786), (0.551, -0.131386, 0.52786), (0.549, -0.131386, 0.52786), (0.549, -0.151434, 0.53809), (0.551, -0.151434, 0.53809), (0.551, -0.131386, 0.53809), (0.549, -0.131386, 0.53809), (0.549, -0.122794, 0.52786), (0.551, -0.122794, 0.52786), (0.551, -0.102746, 0.52786), (0.549, -0.102746, 0.52786), (0.549, -0.122794, 0.53809), (0.551, -0.122794, 0.53809), (0.551, -0.102746, 0.53809), (0.549, -0.102746, 0.53809), (0.549, -0.094154, 0.52786), (0.551, -0.094154, 0.52786), (0.551, -0.074106, 0.52786), (0.549, -0.074106, 0.52786), (0.549, -0.094154, 0.53809), (0.551, -0.094154, 0.53809), (0.551, -0.074106, 0.53809), (0.549, -0.074106, 0.53809), (0.549, -0.065514, 0.52786), (0.551, -0.065514, 0.52786), (0.551, -0.045466, 0.52786), (0.549, -0.045466, 0.52786), (0.549, -0.065514, 0.53809), (0.551, -0.065514, 0.53809), (0.551, -0.045466, 0.53809), (0.549, -0.045466, 0.53809), (0.549, -0.036874, 0.52786), (0.551, -0.036874, 0.52786), (0.551, -0.016826, 0.52786), (0.549, -0.016826, 0.52786), (0.549, -0.036874, 0.53809), (0.551, -0.036874, 0.53809), (0.551, -0.016826, 0.53809), (0.549, -0.016826, 0.53809), (0.549, -0.008234, 0.52786), (0.551, -0.008234, 0.52786), (0.551, 0.011814, 0.52786), (0.549, 0.011814, 0.52786), (0.549, -0.008234, 0.53809), (0.551, -0.008234, 0.53809), (0.551, 0.011814, 0.53809), (0.549, 0.011814, 0.53809), (0.549, 0.020406, 0.52786), (0.551, 0.020406, 0.52786), (0.551, 0.040454, 0.52786), (0.549, 0.040454, 0.52786), (0.549, 0.020406, 0.53809), (0.551, 0.020406, 0.53809), (0.551, 0.040454, 0.53809), (0.549, 0.040454, 0.53809), (0.549, 0.049046, 0.52786), (0.551, 0.049046, 0.52786), (0.551, 0.069094, 0.52786), (0.549, 0.069094, 0.52786), (0.549, 0.049046, 0.53809), (0.551, 0.049046, 0.53809), (0.551, 0.069094, 0.53809), (0.549, 0.069094, 0.53809), (0.549, 0.077686, 0.52786), (0.551, 0.077686, 0.52786), (0.551, 0.097734, 0.52786), (0.549, 0.097734, 0.52786), (0.549, 0.077686, 0.53809), (0.551, 0.077686, 0.53809), (0.551, 0.097734, 0.53809), (0.549, 0.097734, 0.53809), (0.549, 0.106326, 0.52786), (0.551, 0.106326, 0.52786), (0.551, 0.126374, 0.52786), (0.549, 0.126374, 0.52786), (0.549, 0.106326, 0.53809), (0.551, 0.106326, 0.53809), (0.551, 0.126374, 0.53809), (0.549, 0.126374, 0.53809), (0.549, 0.134966, 0.52786), (0.551, 0.134966, 0.52786), (0.551, 0.155014, 0.52786), (0.549, 0.155014, 0.52786), (0.549, 0.134966, 0.53809), (0.551, 0.134966, 0.53809), (0.551, 0.155014, 0.53809), (0.549, 0.155014, 0.53809), (0.549, 0.163606, 0.52786), (0.551, 0.163606, 0.52786), (0.551, 0.183654, 0.52786), (0.549, 0.183654, 0.52786), (0.549, 0.163606, 0.53809), (0.551, 0.163606, 0.53809), (0.551, 0.183654, 0.53809), (0.549, 0.183654, 0.53809)]
                    uniform token subdivisionScheme = "none"
                }

                def Mesh "Handle" (
                    prepend apiSchemas = ["MaterialBindingAPI"]
                )
                {
                    float3[] extent = [(0.545, -0.2535, 0.511585), (0.557, 0.2535, 0.540415)]
                    int[] faceVertexCounts = [4, 4, 4, 4, 4, 4, 4, 4, 4, 4, 4, 4]
                    int[] faceVertexIndices = [0, 3, 2, 1, 4, 5, 6, 7, 0, 1, 5, 4, 2, 3, 7, 6, 1, 2, 6, 5, 3, 0, 4, 7, 8, 11, 10, 9, 12, 13, 14, 15, 8, 9, 13, 12, 10, 11, 15, 14, 9, 10, 14, 13, 11, 8, 12, 15]
                    rel material:binding = </GenericRack/Looks/Handle>
                    uniform token orientation = "rightHanded"
                    point3f[] points = [(0.545, -0.2535, 0.511585), (0.557, -0.2535, 0.511585), (0.557, -0.2395, 0.511585), (0.545, -0.2395, 0.511585), (0.545, -0.2535, 0.540415), (0.557, -0.2535, 0.540415), (0.557, -0.2395, 0.540415), (0.545, -0.2395, 0.540415), (0.545, 0.2395, 0.511585), (0.557, 0.2395, 0.511585), (0.557, 0.2535, 0.511585), (0.545, 0.2535, 0.511585), (0.545, 0.2395, 0.540415), (0.557, 0.2395, 0.540415), (0.557, 0.2535, 0.540415), (0.545, 0.2535, 0.540415)]
                    uniform token subdivisionScheme = "none"
                }

                def Mesh "StatusLamp" (
                    prepend apiSchemas = ["MaterialBindingAPI"]
                )
                {
                    float3[] extent = [(0.545, -0.2215, 0.53237), (0.547, -0.2155, 0.53637)]
                    int[] faceVertexCounts = [4, 4, 4, 4, 4, 4]
                    int[] faceVertexIndices = [0, 3, 2, 1, 4, 5, 6, 7, 0, 1, 5, 4, 2, 3, 7, 6, 1, 2, 6, 5, 3, 0, 4, 7]
                    rel material:binding = </GenericRack/Looks/StatusLamp>
                    uniform token orientation = "rightHanded"
                    point3f[] points = [(0.545, -0.2215, 0.53237), (0.547, -0.2215, 0.53237), (0.547, -0.2155, 0.53237), (0.545, -0.2155, 0.53237), (0.545, -0.2215, 0.53637), (0.547, -0.2215, 0.53637), (0.547, -0.2155, 0.53637), (0.545, -0.2155, 0.53637)]
                    uniform token subdivisionScheme = "none"
                }
            }

            def "switch_11"
            {
                def Mesh "TraySwitch" (
                    prepend apiSchemas = ["MaterialBindingAPI"]
                )
                {
                    float3[] extent = [(0.53, -0.2675, 0.55075), (0.545, 0.2675, 0.59725)]
                    int[] faceVertexCounts = [4, 4, 4, 4, 4, 4]
                    int[] faceVertexIndices = [0, 3, 2, 1, 4, 5, 6, 7, 0, 1, 5, 4, 2, 3, 7, 6, 1, 2, 6, 5, 3, 0, 4, 7]
                    rel material:binding = </GenericRack/Looks/TraySwitch>
                    uniform token orientation = "rightHanded"
                    point3f[] points = [(0.53, -0.2675, 0.55075), (0.545, -0.2675, 0.55075), (0.545, 0.2675, 0.55075), (0.53, 0.2675, 0.55075), (0.53, -0.2675, 0.59725), (0.545, -0.2675, 0.59725), (0.545, 0.2675, 0.59725), (0.53, 0.2675, 0.59725)]
                    uniform token subdivisionScheme = "none"
                }

                def Mesh "PortCage" (
                    prepend apiSchemas = ["MaterialBindingAPI"]
                )
                {
                    float3[] extent = [(0.545, -0.15573, 0.55912), (0.549, 0.18795, 0.58888)]
                    int[] faceVertexCounts = [4, 4, 4, 4, 4, 4]
                    int[] faceVertexIndices = [0, 3, 2, 1, 4, 5, 6, 7, 0, 1, 5, 4, 2, 3, 7, 6, 1, 2, 6, 5, 3, 0, 4, 7]
                    rel material:binding = </GenericRack/Looks/PortCage>
                    uniform token orientation = "rightHanded"
                    point3f[] points = [(0.545, -0.15573, 0.55912), (0.549, -0.15573, 0.55912), (0.549, 0.18795, 0.55912), (0.545, 0.18795, 0.55912), (0.545, -0.15573, 0.58888), (0.549, -0.15573, 0.58888), (0.549, 0.18795, 0.58888), (0.545, 0.18795, 0.58888)]
                    uniform token subdivisionScheme = "none"
                }

                def Mesh "VentDark" (
                    prepend apiSchemas = ["MaterialBindingAPI"]
                )
                {
                    float3[] extent = [(0.549, -0.151434, 0.56191), (0.551, 0.183654, 0.58609)]
                    int[] faceVertexCounts = [4, 4, 4, 4, 4, 4, 4, 4, 4, 4, 4, 4, 4, 4, 4, 4, 4, 4, 4, 4, 4, 4, 4, 4, 4, 4, 4, 4, 4, 4, 4, 4, 4, 4, 4, 4, 4, 4, 4, 4, 4, 4, 4, 4, 4, 4, 4, 4, 4, 4, 4, 4, 4, 4, 4, 4, 4, 4, 4, 4, 4, 4, 4, 4, 4, 4, 4, 4, 4, 4, 4, 4, 4, 4, 4, 4, 4, 4, 4, 4, 4, 4, 4, 4, 4, 4, 4, 4, 4, 4, 4, 4, 4, 4, 4, 4, 4, 4, 4, 4, 4, 4, 4, 4, 4, 4, 4, 4, 4, 4, 4, 4, 4, 4, 4, 4, 4, 4, 4, 4, 4, 4, 4, 4, 4, 4, 4, 4, 4, 4, 4, 4, 4, 4, 4, 4, 4, 4, 4, 4, 4, 4, 4, 4]
                    int[] faceVertexIndices = [0, 3, 2, 1, 4, 5, 6, 7, 0, 1, 5, 4, 2, 3, 7, 6, 1, 2, 6, 5, 3, 0, 4, 7, 8, 11, 10, 9, 12, 13, 14, 15, 8, 9, 13, 12, 10, 11, 15, 14, 9, 10, 14, 13, 11, 8, 12, 15, 16, 19, 18, 17, 20, 21, 22, 23, 16, 17, 21, 20, 18, 19, 23, 22, 17, 18, 22, 21, 19, 16, 20, 23, 24, 27, 26, 25, 28, 29, 30, 31, 24, 25, 29, 28, 26, 27, 31, 30, 25, 26, 30, 29, 27, 24, 28, 31, 32, 35, 34, 33, 36, 37, 38, 39, 32, 33, 37, 36, 34, 35, 39, 38, 33, 34, 38, 37, 35, 32, 36, 39, 40, 43, 42, 41, 44, 45, 46, 47, 40, 41, 45, 44, 42, 43, 47, 46, 41, 42, 46, 45, 43, 40, 44, 47, 48, 51, 50, 49, 52, 53, 54, 55, 48, 49, 53, 52, 50, 51, 55, 54, 49, 50, 54, 53, 51, 48, 52, 55, 56, 59, 58, 57, 60, 61, 62, 63, 56, 57, 61, 60, 58, 59, 63, 62, 57, 58, 62, 61, 59, 56, 60, 63, 64, 67, 66, 65, 68, 69, 70, 71, 64, 65, 69, 68, 66, 67, 71, 70, 65, 66, 70, 69, 67, 64, 68, 71, 72, 75, 74, 73, 76, 77, 78, 79, 72, 73, 77, 76, 74, 75, 79, 78, 73, 74, 78, 77, 75, 72, 76, 79, 80, 83, 82, 81, 84, 85, 86, 87, 80, 81, 85, 84, 82, 83, 87, 86, 81, 82, 86, 85, 83, 80, 84, 87, 88, 91, 90, 89, 92, 93, 94, 95, 88, 89, 93, 92, 90, 91, 95, 94, 89, 90, 94, 93, 91, 88, 92, 95, 96, 99, 98, 97, 100, 101, 102, 103, 96, 97, 101, 100, 98, 99, 103, 102, 97, 98, 102, 101, 99, 96, 100, 103, 104, 107, 106, 105, 108, 109, 110, 111, 104, 105, 109, 108, 106, 107, 111, 110, 105, 106, 110, 109, 107, 104, 108, 111, 112, 115, 114, 113, 116, 117, 118, 119, 112, 113, 117, 116, 114, 115, 119, 118, 113, 114, 118, 117, 115, 112, 116, 119, 120, 123, 122, 121, 124, 125, 126, 127, 120, 121, 125, 124, 122, 123, 127, 126, 121, 122, 126, 125, 123, 120, 124, 127, 128, 131, 130, 129, 132, 133, 134, 135, 128, 129, 133, 132, 130, 131, 135, 134, 129, 130, 134, 133, 131, 128, 132, 135, 136, 139, 138, 137, 140, 141, 142, 143, 136, 137, 141, 140, 138, 139, 143, 142, 137, 138, 142, 141, 139, 136, 140, 143, 144, 147, 146, 145, 148, 149, 150, 151, 144, 145, 149, 148, 146, 147, 151, 150, 145, 146, 150, 149, 147, 144, 148, 151, 152, 155, 154, 153, 156, 157, 158, 159, 152, 153, 157, 156, 154, 155, 159, 158, 153, 154, 158, 157, 155, 152, 156, 159, 160, 163, 162, 161, 164, 165, 166, 167, 160, 161, 165, 164, 162, 163, 167, 166, 161, 162, 166, 165, 163, 160, 164, 167, 168, 171, 170, 169, 172, 173, 174, 175, 168, 169, 173, 172, 170, 171, 175, 174, 169, 170, 174, 173, 171, 168, 172, 175, 176, 179, 178, 177, 180, 181, 182, 183, 176, 177, 181, 180, 178, 179, 183, 182, 177, 178, 182, 181, 179, 176, 180, 183, 184, 187, 186, 185, 188, 189, 190, 191, 184, 185, 189, 188, 186, 187, 191, 190, 185, 186, 190, 189, 187, 184, 188, 191]
                    rel material:binding = </GenericRack/Looks/VentDark>
                    uniform token orientation = "rightHanded"
                    point3f[] points = [(0.549, -0.151434, 0.56191), (0.551, -0.151434, 0.56191), (0.551, -0.131386, 0.56191), (0.549, -0.131386, 0.56191), (0.549, -0.151434, 0.57214), (0.551, -0.151434, 0.57214), (0.551, -0.131386, 0.57214), (0.549, -0.131386, 0.57214), (0.549, -0.122794, 0.56191), (0.551, -0.122794, 0.56191), (0.551, -0.102746, 0.56191), (0.549, -0.102746, 0.56191), (0.549, -0.122794, 0.57214), (0.551, -0.122794, 0.57214), (0.551, -0.102746, 0.57214), (0.549, -0.102746, 0.57214), (0.549, -0.094154, 0.56191), (0.551, -0.094154, 0.56191), (0.551, -0.074106, 0.56191), (0.549, -0.074106, 0.56191), (0.549, -0.094154, 0.57214), (0.551, -0.094154, 0.57214), (0.551, -0.074106, 0.57214), (0.549, -0.074106, 0.57214), (0.549, -0.065514, 0.56191), (0.551, -0.065514, 0.56191), (0.551, -0.045466, 0.56191), (0.549, -0.045466, 0.56191), (0.549, -0.065514, 0.57214), (0.551, -0.065514, 0.57214), (0.551, -0.045466, 0.57214), (0.549, -0.045466, 0.57214), (0.549, -0.036874, 0.56191), (0.551, -0.036874, 0.56191), (0.551, -0.016826, 0.56191), (0.549, -0.016826, 0.56191), (0.549, -0.036874, 0.57214), (0.551, -0.036874, 0.57214), (0.551, -0.016826, 0.57214), (0.549, -0.016826, 0.57214), (0.549, -0.008234, 0.56191), (0.551, -0.008234, 0.56191), (0.551, 0.011814, 0.56191), (0.549, 0.011814, 0.56191), (0.549, -0.008234, 0.57214), (0.551, -0.008234, 0.57214), (0.551, 0.011814, 0.57214), (0.549, 0.011814, 0.57214), (0.549, 0.020406, 0.56191), (0.551, 0.020406, 0.56191), (0.551, 0.040454, 0.56191), (0.549, 0.040454, 0.56191), (0.549, 0.020406, 0.57214), (0.551, 0.020406, 0.57214), (0.551, 0.040454, 0.57214), (0.549, 0.040454, 0.57214), (0.549, 0.049046, 0.56191), (0.551, 0.049046, 0.56191), (0.551, 0.069094, 0.56191), (0.549, 0.069094, 0.56191), (0.549, 0.049046, 0.57214), (0.551, 0.049046, 0.57214), (0.551, 0.069094, 0.57214), (0.549, 0.069094, 0.57214), (0.549, 0.077686, 0.56191), (0.551, 0.077686, 0.56191), (0.551, 0.097734, 0.56191), (0.549, 0.097734, 0.56191), (0.549, 0.077686, 0.57214), (0.551, 0.077686, 0.57214), (0.551, 0.097734, 0.57214), (0.549, 0.097734, 0.57214), (0.549, 0.106326, 0.56191), (0.551, 0.106326, 0.56191), (0.551, 0.126374, 0.56191), (0.549, 0.126374, 0.56191), (0.549, 0.106326, 0.57214), (0.551, 0.106326, 0.57214), (0.551, 0.126374, 0.57214), (0.549, 0.126374, 0.57214), (0.549, 0.134966, 0.56191), (0.551, 0.134966, 0.56191), (0.551, 0.155014, 0.56191), (0.549, 0.155014, 0.56191), (0.549, 0.134966, 0.57214), (0.551, 0.134966, 0.57214), (0.551, 0.155014, 0.57214), (0.549, 0.155014, 0.57214), (0.549, 0.163606, 0.56191), (0.551, 0.163606, 0.56191), (0.551, 0.183654, 0.56191), (0.549, 0.183654, 0.56191), (0.549, 0.163606, 0.57214), (0.551, 0.163606, 0.57214), (0.551, 0.183654, 0.57214), (0.549, 0.183654, 0.57214), (0.549, -0.151434, 0.57586), (0.551, -0.151434, 0.57586), (0.551, -0.131386, 0.57586), (0.549, -0.131386, 0.57586), (0.549, -0.151434, 0.58609), (0.551, -0.151434, 0.58609), (0.551, -0.131386, 0.58609), (0.549, -0.131386, 0.58609), (0.549, -0.122794, 0.57586), (0.551, -0.122794, 0.57586), (0.551, -0.102746, 0.57586), (0.549, -0.102746, 0.57586), (0.549, -0.122794, 0.58609), (0.551, -0.122794, 0.58609), (0.551, -0.102746, 0.58609), (0.549, -0.102746, 0.58609), (0.549, -0.094154, 0.57586), (0.551, -0.094154, 0.57586), (0.551, -0.074106, 0.57586), (0.549, -0.074106, 0.57586), (0.549, -0.094154, 0.58609), (0.551, -0.094154, 0.58609), (0.551, -0.074106, 0.58609), (0.549, -0.074106, 0.58609), (0.549, -0.065514, 0.57586), (0.551, -0.065514, 0.57586), (0.551, -0.045466, 0.57586), (0.549, -0.045466, 0.57586), (0.549, -0.065514, 0.58609), (0.551, -0.065514, 0.58609), (0.551, -0.045466, 0.58609), (0.549, -0.045466, 0.58609), (0.549, -0.036874, 0.57586), (0.551, -0.036874, 0.57586), (0.551, -0.016826, 0.57586), (0.549, -0.016826, 0.57586), (0.549, -0.036874, 0.58609), (0.551, -0.036874, 0.58609), (0.551, -0.016826, 0.58609), (0.549, -0.016826, 0.58609), (0.549, -0.008234, 0.57586), (0.551, -0.008234, 0.57586), (0.551, 0.011814, 0.57586), (0.549, 0.011814, 0.57586), (0.549, -0.008234, 0.58609), (0.551, -0.008234, 0.58609), (0.551, 0.011814, 0.58609), (0.549, 0.011814, 0.58609), (0.549, 0.020406, 0.57586), (0.551, 0.020406, 0.57586), (0.551, 0.040454, 0.57586), (0.549, 0.040454, 0.57586), (0.549, 0.020406, 0.58609), (0.551, 0.020406, 0.58609), (0.551, 0.040454, 0.58609), (0.549, 0.040454, 0.58609), (0.549, 0.049046, 0.57586), (0.551, 0.049046, 0.57586), (0.551, 0.069094, 0.57586), (0.549, 0.069094, 0.57586), (0.549, 0.049046, 0.58609), (0.551, 0.049046, 0.58609), (0.551, 0.069094, 0.58609), (0.549, 0.069094, 0.58609), (0.549, 0.077686, 0.57586), (0.551, 0.077686, 0.57586), (0.551, 0.097734, 0.57586), (0.549, 0.097734, 0.57586), (0.549, 0.077686, 0.58609), (0.551, 0.077686, 0.58609), (0.551, 0.097734, 0.58609), (0.549, 0.097734, 0.58609), (0.549, 0.106326, 0.57586), (0.551, 0.106326, 0.57586), (0.551, 0.126374, 0.57586), (0.549, 0.126374, 0.57586), (0.549, 0.106326, 0.58609), (0.551, 0.106326, 0.58609), (0.551, 0.126374, 0.58609), (0.549, 0.126374, 0.58609), (0.549, 0.134966, 0.57586), (0.551, 0.134966, 0.57586), (0.551, 0.155014, 0.57586), (0.549, 0.155014, 0.57586), (0.549, 0.134966, 0.58609), (0.551, 0.134966, 0.58609), (0.551, 0.155014, 0.58609), (0.549, 0.155014, 0.58609), (0.549, 0.163606, 0.57586), (0.551, 0.163606, 0.57586), (0.551, 0.183654, 0.57586), (0.549, 0.183654, 0.57586), (0.549, 0.163606, 0.58609), (0.551, 0.163606, 0.58609), (0.551, 0.183654, 0.58609), (0.549, 0.183654, 0.58609)]
                    uniform token subdivisionScheme = "none"
                }

                def Mesh "Handle" (
                    prepend apiSchemas = ["MaterialBindingAPI"]
                )
                {
                    float3[] extent = [(0.545, -0.2535, 0.559585), (0.557, 0.2535, 0.588415)]
                    int[] faceVertexCounts = [4, 4, 4, 4, 4, 4, 4, 4, 4, 4, 4, 4]
                    int[] faceVertexIndices = [0, 3, 2, 1, 4, 5, 6, 7, 0, 1, 5, 4, 2, 3, 7, 6, 1, 2, 6, 5, 3, 0, 4, 7, 8, 11, 10, 9, 12, 13, 14, 15, 8, 9, 13, 12, 10, 11, 15, 14, 9, 10, 14, 13, 11, 8, 12, 15]
                    rel material:binding = </GenericRack/Looks/Handle>
                    uniform token orientation = "rightHanded"
                    point3f[] points = [(0.545, -0.2535, 0.559585), (0.557, -0.2535, 0.559585), (0.557, -0.2395, 0.559585), (0.545, -0.2395, 0.559585), (0.545, -0.2535, 0.588415), (0.557, -0.2535, 0.588415), (0.557, -0.2395, 0.588415), (0.545, -0.2395, 0.588415), (0.545, 0.2395, 0.559585), (0.557, 0.2395, 0.559585), (0.557, 0.2535, 0.559585), (0.545, 0.2535, 0.559585), (0.545, 0.2395, 0.588415), (0.557, 0.2395, 0.588415), (0.557, 0.2535, 0.588415), (0.545, 0.2535, 0.588415)]
                    uniform token subdivisionScheme = "none"
                }

                def Mesh "StatusLamp" (
                    prepend apiSchemas = ["MaterialBindingAPI"]
                )
                {
                    float3[] extent = [(0.545, -0.2215, 0.58037), (0.547, -0.2155, 0.58437)]
                    int[] faceVertexCounts = [4, 4, 4, 4, 4, 4]
                    int[] faceVertexIndices = [0, 3, 2, 1, 4, 5, 6, 7, 0, 1, 5, 4, 2, 3, 7, 6, 1, 2, 6, 5, 3, 0, 4, 7]
                    rel material:binding = </GenericRack/Looks/StatusLamp>
                    uniform token orientation = "rightHanded"
                    point3f[] points = [(0.545, -0.2215, 0.58037), (0.547, -0.2215, 0.58037), (0.547, -0.2155, 0.58037), (0.545, -0.2155, 0.58037), (0.545, -0.2215, 0.58437), (0.547, -0.2215, 0.58437), (0.547, -0.2155, 0.58437), (0.545, -0.2155, 0.58437)]
                    uniform token subdivisionScheme = "none"
                }
            }

            def "switch_12"
            {
                def Mesh "TraySwitch" (
                    prepend apiSchemas = ["MaterialBindingAPI"]
                )
                {
                    float3[] extent = [(0.53, -0.2675, 0.59875), (0.545, 0.2675, 0.64525)]
                    int[] faceVertexCounts = [4, 4, 4, 4, 4, 4]
                    int[] faceVertexIndices = [0, 3, 2, 1, 4, 5, 6, 7, 0, 1, 5, 4, 2, 3, 7, 6, 1, 2, 6, 5, 3, 0, 4, 7]
                    rel material:binding = </GenericRack/Looks/TraySwitch>
                    uniform token orientation = "rightHanded"
                    point3f[] points = [(0.53, -0.2675, 0.59875), (0.545, -0.2675, 0.59875), (0.545, 0.2675, 0.59875), (0.53, 0.2675, 0.59875), (0.53, -0.2675, 0.64525), (0.545, -0.2675, 0.64525), (0.545, 0.2675, 0.64525), (0.53, 0.2675, 0.64525)]
                    uniform token subdivisionScheme = "none"
                }

                def Mesh "PortCage" (
                    prepend apiSchemas = ["MaterialBindingAPI"]
                )
                {
                    float3[] extent = [(0.545, -0.15573, 0.60712), (0.549, 0.18795, 0.63688)]
                    int[] faceVertexCounts = [4, 4, 4, 4, 4, 4]
                    int[] faceVertexIndices = [0, 3, 2, 1, 4, 5, 6, 7, 0, 1, 5, 4, 2, 3, 7, 6, 1, 2, 6, 5, 3, 0, 4, 7]
                    rel material:binding = </GenericRack/Looks/PortCage>
                    uniform token orientation = "rightHanded"
                    point3f[] points = [(0.545, -0.15573, 0.60712), (0.549, -0.15573, 0.60712), (0.549, 0.18795, 0.60712), (0.545, 0.18795, 0.60712), (0.545, -0.15573, 0.63688), (0.549, -0.15573, 0.63688), (0.549, 0.18795, 0.63688), (0.545, 0.18795, 0.63688)]
                    uniform token subdivisionScheme = "none"
                }

                def Mesh "VentDark" (
                    prepend apiSchemas = ["MaterialBindingAPI"]
                )
                {
                    float3[] extent = [(0.549, -0.151434, 0.60991), (0.551, 0.183654, 0.63409)]
                    int[] faceVertexCounts = [4, 4, 4, 4, 4, 4, 4, 4, 4, 4, 4, 4, 4, 4, 4, 4, 4, 4, 4, 4, 4, 4, 4, 4, 4, 4, 4, 4, 4, 4, 4, 4, 4, 4, 4, 4, 4, 4, 4, 4, 4, 4, 4, 4, 4, 4, 4, 4, 4, 4, 4, 4, 4, 4, 4, 4, 4, 4, 4, 4, 4, 4, 4, 4, 4, 4, 4, 4, 4, 4, 4, 4, 4, 4, 4, 4, 4, 4, 4, 4, 4, 4, 4, 4, 4, 4, 4, 4, 4, 4, 4, 4, 4, 4, 4, 4, 4, 4, 4, 4, 4, 4, 4, 4, 4, 4, 4, 4, 4, 4, 4, 4, 4, 4, 4, 4, 4, 4, 4, 4, 4, 4, 4, 4, 4, 4, 4, 4, 4, 4, 4, 4, 4, 4, 4, 4, 4, 4, 4, 4, 4, 4, 4, 4]
                    int[] faceVertexIndices = [0, 3, 2, 1, 4, 5, 6, 7, 0, 1, 5, 4, 2, 3, 7, 6, 1, 2, 6, 5, 3, 0, 4, 7, 8, 11, 10, 9, 12, 13, 14, 15, 8, 9, 13, 12, 10, 11, 15, 14, 9, 10, 14, 13, 11, 8, 12, 15, 16, 19, 18, 17, 20, 21, 22, 23, 16, 17, 21, 20, 18, 19, 23, 22, 17, 18, 22, 21, 19, 16, 20, 23, 24, 27, 26, 25, 28, 29, 30, 31, 24, 25, 29, 28, 26, 27, 31, 30, 25, 26, 30, 29, 27, 24, 28, 31, 32, 35, 34, 33, 36, 37, 38, 39, 32, 33, 37, 36, 34, 35, 39, 38, 33, 34, 38, 37, 35, 32, 36, 39, 40, 43, 42, 41, 44, 45, 46, 47, 40, 41, 45, 44, 42, 43, 47, 46, 41, 42, 46, 45, 43, 40, 44, 47, 48, 51, 50, 49, 52, 53, 54, 55, 48, 49, 53, 52, 50, 51, 55, 54, 49, 50, 54, 53, 51, 48, 52, 55, 56, 59, 58, 57, 60, 61, 62, 63, 56, 57, 61, 60, 58, 59, 63, 62, 57, 58, 62, 61, 59, 56, 60, 63, 64, 67, 66, 65, 68, 69, 70, 71, 64, 65, 69, 68, 66, 67, 71, 70, 65, 66, 70, 69, 67, 64, 68, 71, 72, 75, 74, 73, 76, 77, 78, 79, 72, 73, 77, 76, 74, 75, 79, 78, 73, 74, 78, 77, 75, 72, 76, 79, 80, 83, 82, 81, 84, 85, 86, 87, 80, 81, 85, 84, 82, 83, 87, 86, 81, 82, 86, 85, 83, 80, 84, 87, 88, 91, 90, 89, 92, 93, 94, 95, 88, 89, 93, 92, 90, 91, 95, 94, 89, 90, 94, 93, 91, 88, 92, 95, 96, 99, 98, 97, 100, 101, 102, 103, 96, 97, 101, 100, 98, 99, 103, 102, 97, 98, 102, 101, 99, 96, 100, 103, 104, 107, 106, 105, 108, 109, 110, 111, 104, 105, 109, 108, 106, 107, 111, 110, 105, 106, 110, 109, 107, 104, 108, 111, 112, 115, 114, 113, 116, 117, 118, 119, 112, 113, 117, 116, 114, 115, 119, 118, 113, 114, 118, 117, 115, 112, 116, 119, 120, 123, 122, 121, 124, 125, 126, 127, 120, 121, 125, 124, 122, 123, 127, 126, 121, 122, 126, 125, 123, 120, 124, 127, 128, 131, 130, 129, 132, 133, 134, 135, 128, 129, 133, 132, 130, 131, 135, 134, 129, 130, 134, 133, 131, 128, 132, 135, 136, 139, 138, 137, 140, 141, 142, 143, 136, 137, 141, 140, 138, 139, 143, 142, 137, 138, 142, 141, 139, 136, 140, 143, 144, 147, 146, 145, 148, 149, 150, 151, 144, 145, 149, 148, 146, 147, 151, 150, 145, 146, 150, 149, 147, 144, 148, 151, 152, 155, 154, 153, 156, 157, 158, 159, 152, 153, 157, 156, 154, 155, 159, 158, 153, 154, 158, 157, 155, 152, 156, 159, 160, 163, 162, 161, 164, 165, 166, 167, 160, 161, 165, 164, 162, 163, 167, 166, 161, 162, 166, 165, 163, 160, 164, 167, 168, 171, 170, 169, 172, 173, 174, 175, 168, 169, 173, 172, 170, 171, 175, 174, 169, 170, 174, 173, 171, 168, 172, 175, 176, 179, 178, 177, 180, 181, 182, 183, 176, 177, 181, 180, 178, 179, 183, 182, 177, 178, 182, 181, 179, 176, 180, 183, 184, 187, 186, 185, 188, 189, 190, 191, 184, 185, 189, 188, 186, 187, 191, 190, 185, 186, 190, 189, 187, 184, 188, 191]
                    rel material:binding = </GenericRack/Looks/VentDark>
                    uniform token orientation = "rightHanded"
                    point3f[] points = [(0.549, -0.151434, 0.60991), (0.551, -0.151434, 0.60991), (0.551, -0.131386, 0.60991), (0.549, -0.131386, 0.60991), (0.549, -0.151434, 0.62014), (0.551, -0.151434, 0.62014), (0.551, -0.131386, 0.62014), (0.549, -0.131386, 0.62014), (0.549, -0.122794, 0.60991), (0.551, -0.122794, 0.60991), (0.551, -0.102746, 0.60991), (0.549, -0.102746, 0.60991), (0.549, -0.122794, 0.62014), (0.551, -0.122794, 0.62014), (0.551, -0.102746, 0.62014), (0.549, -0.102746, 0.62014), (0.549, -0.094154, 0.60991), (0.551, -0.094154, 0.60991), (0.551, -0.074106, 0.60991), (0.549, -0.074106, 0.60991), (0.549, -0.094154, 0.62014), (0.551, -0.094154, 0.62014), (0.551, -0.074106, 0.62014), (0.549, -0.074106, 0.62014), (0.549, -0.065514, 0.60991), (0.551, -0.065514, 0.60991), (0.551, -0.045466, 0.60991), (0.549, -0.045466, 0.60991), (0.549, -0.065514, 0.62014), (0.551, -0.065514, 0.62014), (0.551, -0.045466, 0.62014), (0.549, -0.045466, 0.62014), (0.549, -0.036874, 0.60991), (0.551, -0.036874, 0.60991), (0.551, -0.016826, 0.60991), (0.549, -0.016826, 0.60991), (0.549, -0.036874, 0.62014), (0.551, -0.036874, 0.62014), (0.551, -0.016826, 0.62014), (0.549, -0.016826, 0.62014), (0.549, -0.008234, 0.60991), (0.551, -0.008234, 0.60991), (0.551, 0.011814, 0.60991), (0.549, 0.011814, 0.60991), (0.549, -0.008234, 0.62014), (0.551, -0.008234, 0.62014), (0.551, 0.011814, 0.62014), (0.549, 0.011814, 0.62014), (0.549, 0.020406, 0.60991), (0.551, 0.020406, 0.60991), (0.551, 0.040454, 0.60991), (0.549, 0.040454, 0.60991), (0.549, 0.020406, 0.62014), (0.551, 0.020406, 0.62014), (0.551, 0.040454, 0.62014), (0.549, 0.040454, 0.62014), (0.549, 0.049046, 0.60991), (0.551, 0.049046, 0.60991), (0.551, 0.069094, 0.60991), (0.549, 0.069094, 0.60991), (0.549, 0.049046, 0.62014), (0.551, 0.049046, 0.62014), (0.551, 0.069094, 0.62014), (0.549, 0.069094, 0.62014), (0.549, 0.077686, 0.60991), (0.551, 0.077686, 0.60991), (0.551, 0.097734, 0.60991), (0.549, 0.097734, 0.60991), (0.549, 0.077686, 0.62014), (0.551, 0.077686, 0.62014), (0.551, 0.097734, 0.62014), (0.549, 0.097734, 0.62014), (0.549, 0.106326, 0.60991), (0.551, 0.106326, 0.60991), (0.551, 0.126374, 0.60991), (0.549, 0.126374, 0.60991), (0.549, 0.106326, 0.62014), (0.551, 0.106326, 0.62014), (0.551, 0.126374, 0.62014), (0.549, 0.126374, 0.62014), (0.549, 0.134966, 0.60991), (0.551, 0.134966, 0.60991), (0.551, 0.155014, 0.60991), (0.549, 0.155014, 0.60991), (0.549, 0.134966, 0.62014), (0.551, 0.134966, 0.62014), (0.551, 0.155014, 0.62014), (0.549, 0.155014, 0.62014), (0.549, 0.163606, 0.60991), (0.551, 0.163606, 0.60991), (0.551, 0.183654, 0.60991), (0.549, 0.183654, 0.60991), (0.549, 0.163606, 0.62014), (0.551, 0.163606, 0.62014), (0.551, 0.183654, 0.62014), (0.549, 0.183654, 0.62014), (0.549, -0.151434, 0.62386), (0.551, -0.151434, 0.62386), (0.551, -0.131386, 0.62386), (0.549, -0.131386, 0.62386), (0.549, -0.151434, 0.63409), (0.551, -0.151434, 0.63409), (0.551, -0.131386, 0.63409), (0.549, -0.131386, 0.63409), (0.549, -0.122794, 0.62386), (0.551, -0.122794, 0.62386), (0.551, -0.102746, 0.62386), (0.549, -0.102746, 0.62386), (0.549, -0.122794, 0.63409), (0.551, -0.122794, 0.63409), (0.551, -0.102746, 0.63409), (0.549, -0.102746, 0.63409), (0.549, -0.094154, 0.62386), (0.551, -0.094154, 0.62386), (0.551, -0.074106, 0.62386), (0.549, -0.074106, 0.62386), (0.549, -0.094154, 0.63409), (0.551, -0.094154, 0.63409), (0.551, -0.074106, 0.63409), (0.549, -0.074106, 0.63409), (0.549, -0.065514, 0.62386), (0.551, -0.065514, 0.62386), (0.551, -0.045466, 0.62386), (0.549, -0.045466, 0.62386), (0.549, -0.065514, 0.63409), (0.551, -0.065514, 0.63409), (0.551, -0.045466, 0.63409), (0.549, -0.045466, 0.63409), (0.549, -0.036874, 0.62386), (0.551, -0.036874, 0.62386), (0.551, -0.016826, 0.62386), (0.549, -0.016826, 0.62386), (0.549, -0.036874, 0.63409), (0.551, -0.036874, 0.63409), (0.551, -0.016826, 0.63409), (0.549, -0.016826, 0.63409), (0.549, -0.008234, 0.62386), (0.551, -0.008234, 0.62386), (0.551, 0.011814, 0.62386), (0.549, 0.011814, 0.62386), (0.549, -0.008234, 0.63409), (0.551, -0.008234, 0.63409), (0.551, 0.011814, 0.63409), (0.549, 0.011814, 0.63409), (0.549, 0.020406, 0.62386), (0.551, 0.020406, 0.62386), (0.551, 0.040454, 0.62386), (0.549, 0.040454, 0.62386), (0.549, 0.020406, 0.63409), (0.551, 0.020406, 0.63409), (0.551, 0.040454, 0.63409), (0.549, 0.040454, 0.63409), (0.549, 0.049046, 0.62386), (0.551, 0.049046, 0.62386), (0.551, 0.069094, 0.62386), (0.549, 0.069094, 0.62386), (0.549, 0.049046, 0.63409), (0.551, 0.049046, 0.63409), (0.551, 0.069094, 0.63409), (0.549, 0.069094, 0.63409), (0.549, 0.077686, 0.62386), (0.551, 0.077686, 0.62386), (0.551, 0.097734, 0.62386), (0.549, 0.097734, 0.62386), (0.549, 0.077686, 0.63409), (0.551, 0.077686, 0.63409), (0.551, 0.097734, 0.63409), (0.549, 0.097734, 0.63409), (0.549, 0.106326, 0.62386), (0.551, 0.106326, 0.62386), (0.551, 0.126374, 0.62386), (0.549, 0.126374, 0.62386), (0.549, 0.106326, 0.63409), (0.551, 0.106326, 0.63409), (0.551, 0.126374, 0.63409), (0.549, 0.126374, 0.63409), (0.549, 0.134966, 0.62386), (0.551, 0.134966, 0.62386), (0.551, 0.155014, 0.62386), (0.549, 0.155014, 0.62386), (0.549, 0.134966, 0.63409), (0.551, 0.134966, 0.63409), (0.551, 0.155014, 0.63409), (0.549, 0.155014, 0.63409), (0.549, 0.163606, 0.62386), (0.551, 0.163606, 0.62386), (0.551, 0.183654, 0.62386), (0.549, 0.183654, 0.62386), (0.549, 0.163606, 0.63409), (0.551, 0.163606, 0.63409), (0.551, 0.183654, 0.63409), (0.549, 0.183654, 0.63409)]
                    uniform token subdivisionScheme = "none"
                }

                def Mesh "Handle" (
                    prepend apiSchemas = ["MaterialBindingAPI"]
                )
                {
                    float3[] extent = [(0.545, -0.2535, 0.607585), (0.557, 0.2535, 0.636415)]
                    int[] faceVertexCounts = [4, 4, 4, 4, 4, 4, 4, 4, 4, 4, 4, 4]
                    int[] faceVertexIndices = [0, 3, 2, 1, 4, 5, 6, 7, 0, 1, 5, 4, 2, 3, 7, 6, 1, 2, 6, 5, 3, 0, 4, 7, 8, 11, 10, 9, 12, 13, 14, 15, 8, 9, 13, 12, 10, 11, 15, 14, 9, 10, 14, 13, 11, 8, 12, 15]
                    rel material:binding = </GenericRack/Looks/Handle>
                    uniform token orientation = "rightHanded"
                    point3f[] points = [(0.545, -0.2535, 0.607585), (0.557, -0.2535, 0.607585), (0.557, -0.2395, 0.607585), (0.545, -0.2395, 0.607585), (0.545, -0.2535, 0.636415), (0.557, -0.2535, 0.636415), (0.557, -0.2395, 0.636415), (0.545, -0.2395, 0.636415), (0.545, 0.2395, 0.607585), (0.557, 0.2395, 0.607585), (0.557, 0.2535, 0.607585), (0.545, 0.2535, 0.607585), (0.545, 0.2395, 0.636415), (0.557, 0.2395, 0.636415), (0.557, 0.2535, 0.636415), (0.545, 0.2535, 0.636415)]
                    uniform token subdivisionScheme = "none"
                }

                def Mesh "StatusLamp" (
                    prepend apiSchemas = ["MaterialBindingAPI"]
                )
                {
                    float3[] extent = [(0.545, -0.2215, 0.62837), (0.547, -0.2155, 0.63237)]
                    int[] faceVertexCounts = [4, 4, 4, 4, 4, 4]
                    int[] faceVertexIndices = [0, 3, 2, 1, 4, 5, 6, 7, 0, 1, 5, 4, 2, 3, 7, 6, 1, 2, 6, 5, 3, 0, 4, 7]
                    rel material:binding = </GenericRack/Looks/StatusLamp>
                    uniform token orientation = "rightHanded"
                    point3f[] points = [(0.545, -0.2215, 0.62837), (0.547, -0.2215, 0.62837), (0.547, -0.2155, 0.62837), (0.545, -0.2155, 0.62837), (0.545, -0.2215, 0.63237), (0.547, -0.2215, 0.63237), (0.547, -0.2155, 0.63237), (0.545, -0.2155, 0.63237)]
                    uniform token subdivisionScheme = "none"
                }
            }

            def "switch_13"
            {
                def Mesh "TraySwitch" (
                    prepend apiSchemas = ["MaterialBindingAPI"]
                )
                {
                    float3[] extent = [(0.53, -0.2675, 0.64675), (0.545, 0.2675, 0.69325)]
                    int[] faceVertexCounts = [4, 4, 4, 4, 4, 4]
                    int[] faceVertexIndices = [0, 3, 2, 1, 4, 5, 6, 7, 0, 1, 5, 4, 2, 3, 7, 6, 1, 2, 6, 5, 3, 0, 4, 7]
                    rel material:binding = </GenericRack/Looks/TraySwitch>
                    uniform token orientation = "rightHanded"
                    point3f[] points = [(0.53, -0.2675, 0.64675), (0.545, -0.2675, 0.64675), (0.545, 0.2675, 0.64675), (0.53, 0.2675, 0.64675), (0.53, -0.2675, 0.69325), (0.545, -0.2675, 0.69325), (0.545, 0.2675, 0.69325), (0.53, 0.2675, 0.69325)]
                    uniform token subdivisionScheme = "none"
                }

                def Mesh "PortCage" (
                    prepend apiSchemas = ["MaterialBindingAPI"]
                )
                {
                    float3[] extent = [(0.545, -0.15573, 0.65512), (0.549, 0.18795, 0.68488)]
                    int[] faceVertexCounts = [4, 4, 4, 4, 4, 4]
                    int[] faceVertexIndices = [0, 3, 2, 1, 4, 5, 6, 7, 0, 1, 5, 4, 2, 3, 7, 6, 1, 2, 6, 5, 3, 0, 4, 7]
                    rel material:binding = </GenericRack/Looks/PortCage>
                    uniform token orientation = "rightHanded"
                    point3f[] points = [(0.545, -0.15573, 0.65512), (0.549, -0.15573, 0.65512), (0.549, 0.18795, 0.65512), (0.545, 0.18795, 0.65512), (0.545, -0.15573, 0.68488), (0.549, -0.15573, 0.68488), (0.549, 0.18795, 0.68488), (0.545, 0.18795, 0.68488)]
                    uniform token subdivisionScheme = "none"
                }

                def Mesh "VentDark" (
                    prepend apiSchemas = ["MaterialBindingAPI"]
                )
                {
                    float3[] extent = [(0.549, -0.151434, 0.65791), (0.551, 0.183654, 0.68209)]
                    int[] faceVertexCounts = [4, 4, 4, 4, 4, 4, 4, 4, 4, 4, 4, 4, 4, 4, 4, 4, 4, 4, 4, 4, 4, 4, 4, 4, 4, 4, 4, 4, 4, 4, 4, 4, 4, 4, 4, 4, 4, 4, 4, 4, 4, 4, 4, 4, 4, 4, 4, 4, 4, 4, 4, 4, 4, 4, 4, 4, 4, 4, 4, 4, 4, 4, 4, 4, 4, 4, 4, 4, 4, 4, 4, 4, 4, 4, 4, 4, 4, 4, 4, 4, 4, 4, 4, 4, 4, 4, 4, 4, 4, 4, 4, 4, 4, 4, 4, 4, 4, 4, 4, 4, 4, 4, 4, 4, 4, 4, 4, 4, 4, 4, 4, 4, 4, 4, 4, 4, 4, 4, 4, 4, 4, 4, 4, 4, 4, 4, 4, 4, 4, 4, 4, 4, 4, 4, 4, 4, 4, 4, 4, 4, 4, 4, 4, 4]
                    int[] faceVertexIndices = [0, 3, 2, 1, 4, 5, 6, 7, 0, 1, 5, 4, 2, 3, 7, 6, 1, 2, 6, 5, 3, 0, 4, 7, 8, 11, 10, 9, 12, 13, 14, 15, 8, 9, 13, 12, 10, 11, 15, 14, 9, 10, 14, 13, 11, 8, 12, 15, 16, 19, 18, 17, 20, 21, 22, 23, 16, 17, 21, 20, 18, 19, 23, 22, 17, 18, 22, 21, 19, 16, 20, 23, 24, 27, 26, 25, 28, 29, 30, 31, 24, 25, 29, 28, 26, 27, 31, 30, 25, 26, 30, 29, 27, 24, 28, 31, 32, 35, 34, 33, 36, 37, 38, 39, 32, 33, 37, 36, 34, 35, 39, 38, 33, 34, 38, 37, 35, 32, 36, 39, 40, 43, 42, 41, 44, 45, 46, 47, 40, 41, 45, 44, 42, 43, 47, 46, 41, 42, 46, 45, 43, 40, 44, 47, 48, 51, 50, 49, 52, 53, 54, 55, 48, 49, 53, 52, 50, 51, 55, 54, 49, 50, 54, 53, 51, 48, 52, 55, 56, 59, 58, 57, 60, 61, 62, 63, 56, 57, 61, 60, 58, 59, 63, 62, 57, 58, 62, 61, 59, 56, 60, 63, 64, 67, 66, 65, 68, 69, 70, 71, 64, 65, 69, 68, 66, 67, 71, 70, 65, 66, 70, 69, 67, 64, 68, 71, 72, 75, 74, 73, 76, 77, 78, 79, 72, 73, 77, 76, 74, 75, 79, 78, 73, 74, 78, 77, 75, 72, 76, 79, 80, 83, 82, 81, 84, 85, 86, 87, 80, 81, 85, 84, 82, 83, 87, 86, 81, 82, 86, 85, 83, 80, 84, 87, 88, 91, 90, 89, 92, 93, 94, 95, 88, 89, 93, 92, 90, 91, 95, 94, 89, 90, 94, 93, 91, 88, 92, 95, 96, 99, 98, 97, 100, 101, 102, 103, 96, 97, 101, 100, 98, 99, 103, 102, 97, 98, 102, 101, 99, 96, 100, 103, 104, 107, 106, 105, 108, 109, 110, 111, 104, 105, 109, 108, 106, 107, 111, 110, 105, 106, 110, 109, 107, 104, 108, 111, 112, 115, 114, 113, 116, 117, 118, 119, 112, 113, 117, 116, 114, 115, 119, 118, 113, 114, 118, 117, 115, 112, 116, 119, 120, 123, 122, 121, 124, 125, 126, 127, 120, 121, 125, 124, 122, 123, 127, 126, 121, 122, 126, 125, 123, 120, 124, 127, 128, 131, 130, 129, 132, 133, 134, 135, 128, 129, 133, 132, 130, 131, 135, 134, 129, 130, 134, 133, 131, 128, 132, 135, 136, 139, 138, 137, 140, 141, 142, 143, 136, 137, 141, 140, 138, 139, 143, 142, 137, 138, 142, 141, 139, 136, 140, 143, 144, 147, 146, 145, 148, 149, 150, 151, 144, 145, 149, 148, 146, 147, 151, 150, 145, 146, 150, 149, 147, 144, 148, 151, 152, 155, 154, 153, 156, 157, 158, 159, 152, 153, 157, 156, 154, 155, 159, 158, 153, 154, 158, 157, 155, 152, 156, 159, 160, 163, 162, 161, 164, 165, 166, 167, 160, 161, 165, 164, 162, 163, 167, 166, 161, 162, 166, 165, 163, 160, 164, 167, 168, 171, 170, 169, 172, 173, 174, 175, 168, 169, 173, 172, 170, 171, 175, 174, 169, 170, 174, 173, 171, 168, 172, 175, 176, 179, 178, 177, 180, 181, 182, 183, 176, 177, 181, 180, 178, 179, 183, 182, 177, 178, 182, 181, 179, 176, 180, 183, 184, 187, 186, 185, 188, 189, 190, 191, 184, 185, 189, 188, 186, 187, 191, 190, 185, 186, 190, 189, 187, 184, 188, 191]
                    rel material:binding = </GenericRack/Looks/VentDark>
                    uniform token orientation = "rightHanded"
                    point3f[] points = [(0.549, -0.151434, 0.65791), (0.551, -0.151434, 0.65791), (0.551, -0.131386, 0.65791), (0.549, -0.131386, 0.65791), (0.549, -0.151434, 0.66814), (0.551, -0.151434, 0.66814), (0.551, -0.131386, 0.66814), (0.549, -0.131386, 0.66814), (0.549, -0.122794, 0.65791), (0.551, -0.122794, 0.65791), (0.551, -0.102746, 0.65791), (0.549, -0.102746, 0.65791), (0.549, -0.122794, 0.66814), (0.551, -0.122794, 0.66814), (0.551, -0.102746, 0.66814), (0.549, -0.102746, 0.66814), (0.549, -0.094154, 0.65791), (0.551, -0.094154, 0.65791), (0.551, -0.074106, 0.65791), (0.549, -0.074106, 0.65791), (0.549, -0.094154, 0.66814), (0.551, -0.094154, 0.66814), (0.551, -0.074106, 0.66814), (0.549, -0.074106, 0.66814), (0.549, -0.065514, 0.65791), (0.551, -0.065514, 0.65791), (0.551, -0.045466, 0.65791), (0.549, -0.045466, 0.65791), (0.549, -0.065514, 0.66814), (0.551, -0.065514, 0.66814), (0.551, -0.045466, 0.66814), (0.549, -0.045466, 0.66814), (0.549, -0.036874, 0.65791), (0.551, -0.036874, 0.65791), (0.551, -0.016826, 0.65791), (0.549, -0.016826, 0.65791), (0.549, -0.036874, 0.66814), (0.551, -0.036874, 0.66814), (0.551, -0.016826, 0.66814), (0.549, -0.016826, 0.66814), (0.549, -0.008234, 0.65791), (0.551, -0.008234, 0.65791), (0.551, 0.011814, 0.65791), (0.549, 0.011814, 0.65791), (0.549, -0.008234, 0.66814), (0.551, -0.008234, 0.66814), (0.551, 0.011814, 0.66814), (0.549, 0.011814, 0.66814), (0.549, 0.020406, 0.65791), (0.551, 0.020406, 0.65791), (0.551, 0.040454, 0.65791), (0.549, 0.040454, 0.65791), (0.549, 0.020406, 0.66814), (0.551, 0.020406, 0.66814), (0.551, 0.040454, 0.66814), (0.549, 0.040454, 0.66814), (0.549, 0.049046, 0.65791), (0.551, 0.049046, 0.65791), (0.551, 0.069094, 0.65791), (0.549, 0.069094, 0.65791), (0.549, 0.049046, 0.66814), (0.551, 0.049046, 0.66814), (0.551, 0.069094, 0.66814), (0.549, 0.069094, 0.66814), (0.549, 0.077686, 0.65791), (0.551, 0.077686, 0.65791), (0.551, 0.097734, 0.65791), (0.549, 0.097734, 0.65791), (0.549, 0.077686, 0.66814), (0.551, 0.077686, 0.66814), (0.551, 0.097734, 0.66814), (0.549, 0.097734, 0.66814), (0.549, 0.106326, 0.65791), (0.551, 0.106326, 0.65791), (0.551, 0.126374, 0.65791), (0.549, 0.126374, 0.65791), (0.549, 0.106326, 0.66814), (0.551, 0.106326, 0.66814), (0.551, 0.126374, 0.66814), (0.549, 0.126374, 0.66814), (0.549, 0.134966, 0.65791), (0.551, 0.134966, 0.65791), (0.551, 0.155014, 0.65791), (0.549, 0.155014, 0.65791), (0.549, 0.134966, 0.66814), (0.551, 0.134966, 0.66814), (0.551, 0.155014, 0.66814), (0.549, 0.155014, 0.66814), (0.549, 0.163606, 0.65791), (0.551, 0.163606, 0.65791), (0.551, 0.183654, 0.65791), (0.549, 0.183654, 0.65791), (0.549, 0.163606, 0.66814), (0.551, 0.163606, 0.66814), (0.551, 0.183654, 0.66814), (0.549, 0.183654, 0.66814), (0.549, -0.151434, 0.67186), (0.551, -0.151434, 0.67186), (0.551, -0.131386, 0.67186), (0.549, -0.131386, 0.67186), (0.549, -0.151434, 0.68209), (0.551, -0.151434, 0.68209), (0.551, -0.131386, 0.68209), (0.549, -0.131386, 0.68209), (0.549, -0.122794, 0.67186), (0.551, -0.122794, 0.67186), (0.551, -0.102746, 0.67186), (0.549, -0.102746, 0.67186), (0.549, -0.122794, 0.68209), (0.551, -0.122794, 0.68209), (0.551, -0.102746, 0.68209), (0.549, -0.102746, 0.68209), (0.549, -0.094154, 0.67186), (0.551, -0.094154, 0.67186), (0.551, -0.074106, 0.67186), (0.549, -0.074106, 0.67186), (0.549, -0.094154, 0.68209), (0.551, -0.094154, 0.68209), (0.551, -0.074106, 0.68209), (0.549, -0.074106, 0.68209), (0.549, -0.065514, 0.67186), (0.551, -0.065514, 0.67186), (0.551, -0.045466, 0.67186), (0.549, -0.045466, 0.67186), (0.549, -0.065514, 0.68209), (0.551, -0.065514, 0.68209), (0.551, -0.045466, 0.68209), (0.549, -0.045466, 0.68209), (0.549, -0.036874, 0.67186), (0.551, -0.036874, 0.67186), (0.551, -0.016826, 0.67186), (0.549, -0.016826, 0.67186), (0.549, -0.036874, 0.68209), (0.551, -0.036874, 0.68209), (0.551, -0.016826, 0.68209), (0.549, -0.016826, 0.68209), (0.549, -0.008234, 0.67186), (0.551, -0.008234, 0.67186), (0.551, 0.011814, 0.67186), (0.549, 0.011814, 0.67186), (0.549, -0.008234, 0.68209), (0.551, -0.008234, 0.68209), (0.551, 0.011814, 0.68209), (0.549, 0.011814, 0.68209), (0.549, 0.020406, 0.67186), (0.551, 0.020406, 0.67186), (0.551, 0.040454, 0.67186), (0.549, 0.040454, 0.67186), (0.549, 0.020406, 0.68209), (0.551, 0.020406, 0.68209), (0.551, 0.040454, 0.68209), (0.549, 0.040454, 0.68209), (0.549, 0.049046, 0.67186), (0.551, 0.049046, 0.67186), (0.551, 0.069094, 0.67186), (0.549, 0.069094, 0.67186), (0.549, 0.049046, 0.68209), (0.551, 0.049046, 0.68209), (0.551, 0.069094, 0.68209), (0.549, 0.069094, 0.68209), (0.549, 0.077686, 0.67186), (0.551, 0.077686, 0.67186), (0.551, 0.097734, 0.67186), (0.549, 0.097734, 0.67186), (0.549, 0.077686, 0.68209), (0.551, 0.077686, 0.68209), (0.551, 0.097734, 0.68209), (0.549, 0.097734, 0.68209), (0.549, 0.106326, 0.67186), (0.551, 0.106326, 0.67186), (0.551, 0.126374, 0.67186), (0.549, 0.126374, 0.67186), (0.549, 0.106326, 0.68209), (0.551, 0.106326, 0.68209), (0.551, 0.126374, 0.68209), (0.549, 0.126374, 0.68209), (0.549, 0.134966, 0.67186), (0.551, 0.134966, 0.67186), (0.551, 0.155014, 0.67186), (0.549, 0.155014, 0.67186), (0.549, 0.134966, 0.68209), (0.551, 0.134966, 0.68209), (0.551, 0.155014, 0.68209), (0.549, 0.155014, 0.68209), (0.549, 0.163606, 0.67186), (0.551, 0.163606, 0.67186), (0.551, 0.183654, 0.67186), (0.549, 0.183654, 0.67186), (0.549, 0.163606, 0.68209), (0.551, 0.163606, 0.68209), (0.551, 0.183654, 0.68209), (0.549, 0.183654, 0.68209)]
                    uniform token subdivisionScheme = "none"
                }

                def Mesh "Handle" (
                    prepend apiSchemas = ["MaterialBindingAPI"]
                )
                {
                    float3[] extent = [(0.545, -0.2535, 0.655585), (0.557, 0.2535, 0.684415)]
                    int[] faceVertexCounts = [4, 4, 4, 4, 4, 4, 4, 4, 4, 4, 4, 4]
                    int[] faceVertexIndices = [0, 3, 2, 1, 4, 5, 6, 7, 0, 1, 5, 4, 2, 3, 7, 6, 1, 2, 6, 5, 3, 0, 4, 7, 8, 11, 10, 9, 12, 13, 14, 15, 8, 9, 13, 12, 10, 11, 15, 14, 9, 10, 14, 13, 11, 8, 12, 15]
                    rel material:binding = </GenericRack/Looks/Handle>
                    uniform token orientation = "rightHanded"
                    point3f[] points = [(0.545, -0.2535, 0.655585), (0.557, -0.2535, 0.655585), (0.557, -0.2395, 0.655585), (0.545, -0.2395, 0.655585), (0.545, -0.2535, 0.684415), (0.557, -0.2535, 0.684415), (0.557, -0.2395, 0.684415), (0.545, -0.2395, 0.684415), (0.545, 0.2395, 0.655585), (0.557, 0.2395, 0.655585), (0.557, 0.2535, 0.655585), (0.545, 0.2535, 0.655585), (0.545, 0.2395, 0.684415), (0.557, 0.2395, 0.684415), (0.557, 0.2535, 0.684415), (0.545, 0.2535, 0.684415)]
                    uniform token subdivisionScheme = "none"
                }

                def Mesh "StatusLamp" (
                    prepend apiSchemas = ["MaterialBindingAPI"]
                )
                {
                    float3[] extent = [(0.545, -0.2215, 0.67637), (0.547, -0.2155, 0.68037)]
                    int[] faceVertexCounts = [4, 4, 4, 4, 4, 4]
                    int[] faceVertexIndices = [0, 3, 2, 1, 4, 5, 6, 7, 0, 1, 5, 4, 2, 3, 7, 6, 1, 2, 6, 5, 3, 0, 4, 7]
                    rel material:binding = </GenericRack/Looks/StatusLamp>
                    uniform token orientation = "rightHanded"
                    point3f[] points = [(0.545, -0.2215, 0.67637), (0.547, -0.2215, 0.67637), (0.547, -0.2155, 0.67637), (0.545, -0.2155, 0.67637), (0.545, -0.2215, 0.68037), (0.547, -0.2215, 0.68037), (0.547, -0.2155, 0.68037), (0.545, -0.2155, 0.68037)]
                    uniform token subdivisionScheme = "none"
                }
            }

            def "blank_14"
            {
                def Mesh "TrayBlank" (
                    prepend apiSchemas = ["MaterialBindingAPI"]
                )
                {
                    float3[] extent = [(0.53, -0.2675, 0.69475), (0.545, 0.2675, 0.83725)]
                    int[] faceVertexCounts = [4, 4, 4, 4, 4, 4]
                    int[] faceVertexIndices = [0, 3, 2, 1, 4, 5, 6, 7, 0, 1, 5, 4, 2, 3, 7, 6, 1, 2, 6, 5, 3, 0, 4, 7]
                    rel material:binding = </GenericRack/Looks/TrayBlank>
                    uniform token orientation = "rightHanded"
                    point3f[] points = [(0.53, -0.2675, 0.69475), (0.545, -0.2675, 0.69475), (0.545, 0.2675, 0.69475), (0.53, 0.2675, 0.69475), (0.53, -0.2675, 0.83725), (0.545, -0.2675, 0.83725), (0.545, 0.2675, 0.83725), (0.53, 0.2675, 0.83725)]
                    uniform token subdivisionScheme = "none"
                }
            }

            def "power_17"
            {
                def Mesh "TrayPower" (
                    prepend apiSchemas = ["MaterialBindingAPI"]
                )
                {
                    float3[] extent = [(0.53, -0.2675, 0.83875), (0.545, 0.2675, 0.88525)]
                    int[] faceVertexCounts = [4, 4, 4, 4, 4, 4]
                    int[] faceVertexIndices = [0, 3, 2, 1, 4, 5, 6, 7, 0, 1, 5, 4, 2, 3, 7, 6, 1, 2, 6, 5, 3, 0, 4, 7]
                    rel material:binding = </GenericRack/Looks/TrayPower>
                    uniform token orientation = "rightHanded"
                    point3f[] points = [(0.53, -0.2675, 0.83875), (0.545, -0.2675, 0.83875), (0.545, 0.2675, 0.83875), (0.53, 0.2675, 0.83875), (0.53, -0.2675, 0.88525), (0.545, -0.2675, 0.88525), (0.545, 0.2675, 0.88525), (0.53, 0.2675, 0.88525)]
                    uniform token subdivisionScheme = "none"
                }

                def Mesh "VentDark" (
                    prepend apiSchemas = ["MaterialBindingAPI"]
                )
                {
                    float3[] extent = [(0.545, -0.18083334, 0.841075), (0.546, 0.17883334, 0.882925)]
                    int[] faceVertexCounts = [4, 4, 4, 4, 4, 4, 4, 4, 4, 4, 4, 4, 4, 4, 4, 4, 4, 4, 4, 4, 4, 4, 4, 4, 4, 4, 4, 4, 4, 4]
                    int[] faceVertexIndices = [0, 3, 2, 1, 4, 5, 6, 7, 0, 1, 5, 4, 2, 3, 7, 6, 1, 2, 6, 5, 3, 0, 4, 7, 8, 11, 10, 9, 12, 13, 14, 15, 8, 9, 13, 12, 10, 11, 15, 14, 9, 10, 14, 13, 11, 8, 12, 15, 16, 19, 18, 17, 20, 21, 22, 23, 16, 17, 21, 20, 18, 19, 23, 22, 17, 18, 22, 21, 19, 16, 20, 23, 24, 27, 26, 25, 28, 29, 30, 31, 24, 25, 29, 28, 26, 27, 31, 30, 25, 26, 30, 29, 27, 24, 28, 31, 32, 35, 34, 33, 36, 37, 38, 39, 32, 33, 37, 36, 34, 35, 39, 38, 33, 34, 38, 37, 35, 32, 36, 39]
                    rel material:binding = </GenericRack/Looks/VentDark>
                    uniform token orientation = "rightHanded"
                    point3f[] points = [(0.545, -0.18083334, 0.841075), (0.546, -0.18083334, 0.841075), (0.546, -0.17783333, 0.841075), (0.545, -0.17783333, 0.841075), (0.545, -0.18083334, 0.882925), (0.546, -0.18083334, 0.882925), (0.546, -0.17783333, 0.882925), (0.545, -0.17783333, 0.882925), (0.545, -0.09166667, 0.841075), (0.546, -0.09166667, 0.841075), (0.546, -0.08866667, 0.841075), (0.545, -0.08866667, 0.841075), (0.545, -0.09166667, 0.882925), (0.546, -0.09166667, 0.882925), (0.546, -0.08866667, 0.882925), (0.545, -0.08866667, 0.882925), (0.545, -0.0025, 0.841075), (0.546, -0.0025, 0.841075), (0.546, 0.0005, 0.841075), (0.545, 0.0005, 0.841075), (0.545, -0.0025, 0.882925), (0.546, -0.0025, 0.882925), (0.546, 0.0005, 0.882925), (0.545, 0.0005, 0.882925), (0.545, 0.086666666, 0.841075), (0.546, 0.086666666, 0.841075), (0.546, 0.089666665, 0.841075), (0.545, 0.089666665, 0.841075), (0.545, 0.086666666, 0.882925), (0.546, 0.086666666, 0.882925), (0.546, 0.089666665, 0.882925), (0.545, 0.089666665, 0.882925), (0.545, 0.17583333, 0.841075), (0.546, 0.17583333, 0.841075), (0.546, 0.17883334, 0.841075), (0.545, 0.17883334, 0.841075), (0.545, 0.17583333, 0.882925), (0.546, 0.17583333, 0.882925), (0.546, 0.17883334, 0.882925), (0.545, 0.17883334, 0.882925)]
                    uniform token subdivisionScheme = "none"
                }

                def Mesh "Handle" (
                    prepend apiSchemas = ["MaterialBindingAPI"]
                )
                {
                    float3[] extent = [(0.545, -0.24397917, 0.8497), (0.553, 0.24197917, 0.8557)]
                    int[] faceVertexCounts = [4, 4, 4, 4, 4, 4, 4, 4, 4, 4, 4, 4, 4, 4, 4, 4, 4, 4, 4, 4, 4, 4, 4, 4, 4, 4, 4, 4, 4, 4, 4, 4, 4, 4, 4, 4]
                    int[] faceVertexIndices = [0, 3, 2, 1, 4, 5, 6, 7, 0, 1, 5, 4, 2, 3, 7, 6, 1, 2, 6, 5, 3, 0, 4, 7, 8, 11, 10, 9, 12, 13, 14, 15, 8, 9, 13, 12, 10, 11, 15, 14, 9, 10, 14, 13, 11, 8, 12, 15, 16, 19, 18, 17, 20, 21, 22, 23, 16, 17, 21, 20, 18, 19, 23, 22, 17, 18, 22, 21, 19, 16, 20, 23, 24, 27, 26, 25, 28, 29, 30, 31, 24, 25, 29, 28, 26, 27, 31, 30, 25, 26, 30, 29, 27, 24, 28, 31, 32, 35, 34, 33, 36, 37, 38, 39, 32, 33, 37, 36, 34, 35, 39, 38, 33, 34, 38, 37, 35, 32, 36, 39, 40, 43, 42, 41, 44, 45, 46, 47, 40, 41, 45, 44, 42, 43, 47, 46, 41, 42, 46, 45, 43, 40, 44, 47]
                    rel material:binding = </GenericRack/Looks/Handle>
                    uniform token orientation = "rightHanded"
                    point3f[] points = [(0.545, -0.24397917, 0.8497), (0.553, -0.24397917, 0.8497), (0.553, -0.20385417, 0.8497), (0.545, -0.20385417, 0.8497), (0.545, -0.24397917, 0.8557), (0.553, -0.24397917, 0.8557), (0.553, -0.20385417, 0.8557), (0.545, -0.20385417, 0.8557), (0.545, -0.1548125, 0.8497), (0.553, -0.1548125, 0.8497), (0.553, -0.1146875, 0.8497), (0.545, -0.1146875, 0.8497), (0.545, -0.1548125, 0.8557), (0.553, -0.1548125, 0.8557), (0.553, -0.1146875, 0.8557), (0.545, -0.1146875, 0.8557), (0.545, -0.06564584, 0.8497), (0.553, -0.06564584, 0.8497), (0.553, -0.025520833, 0.8497), (0.545, -0.025520833, 0.8497), (0.545, -0.06564584, 0.8557), (0.553, -0.06564584, 0.8557), (0.553, -0.025520833, 0.8557), (0.545, -0.025520833, 0.8557), (0.545, 0.023520833, 0.8497), (0.553, 0.023520833, 0.8497), (0.553, 0.06364583, 0.8497), (0.545, 0.06364583, 0.8497), (0.545, 0.023520833, 0.8557), (0.553, 0.023520833, 0.8557), (0.553, 0.06364583, 0.8557), (0.545, 0.06364583, 0.8557), (0.545, 0.1126875, 0.8497), (0.553, 0.1126875, 0.8497), (0.553, 0.1528125, 0.8497), (0.545, 0.1528125, 0.8497), (0.545, 0.1126875, 0.8557), (0.553, 0.1126875, 0.8557), (0.553, 0.1528125, 0.8557), (0.545, 0.1528125, 0.8557), (0.545, 0.20185417, 0.8497), (0.553, 0.20185417, 0.8497), (0.553, 0.24197917, 0.8497), (0.545, 0.24197917, 0.8497), (0.545, 0.20185417, 0.8557), (0.553, 0.20185417, 0.8557), (0.553, 0.24197917, 0.8557), (0.545, 0.24197917, 0.8557)]
                    uniform token subdivisionScheme = "none"
                }

                def Mesh "StatusLamp" (
                    prepend apiSchemas = ["MaterialBindingAPI"]
                )
                {
                    float3[] extent = [(0.545, -0.19788334, 0.87023), (0.547, 0.25295, 0.87423)]
                    int[] faceVertexCounts = [4, 4, 4, 4, 4, 4, 4, 4, 4, 4, 4, 4, 4, 4, 4, 4, 4, 4, 4, 4, 4, 4, 4, 4, 4, 4, 4, 4, 4, 4, 4, 4, 4, 4, 4, 4]
                    int[] faceVertexIndices = [0, 3, 2, 1, 4, 5, 6, 7, 0, 1, 5, 4, 2, 3, 7, 6, 1, 2, 6, 5, 3, 0, 4, 7, 8, 11, 10, 9, 12, 13, 14, 15, 8, 9, 13, 12, 10, 11, 15, 14, 9, 10, 14, 13, 11, 8, 12, 15, 16, 19, 18, 17, 20, 21, 22, 23, 16, 17, 21, 20, 18, 19, 23, 22, 17, 18, 22, 21, 19, 16, 20, 23, 24, 27, 26, 25, 28, 29, 30, 31, 24, 25, 29, 28, 26, 27, 31, 30, 25, 26, 30, 29, 27, 24, 28, 31, 32, 35, 34, 33, 36, 37, 38, 39, 32, 33, 37, 36, 34, 35, 39, 38, 33, 34, 38, 37, 35, 32, 36, 39, 40, 43, 42, 41, 44, 45, 46, 47, 40, 41, 45, 44, 42, 43, 47, 46, 41, 42, 46, 45, 43, 40, 44, 47]
                    rel material:binding = </GenericRack/Looks/StatusLamp>
                    uniform token orientation = "rightHanded"
                    point3f[] points = [(0.545, -0.19788334, 0.87023), (0.547, -0.19788334, 0.87023), (0.547, -0.19288333, 0.87023), (0.545, -0.19288333, 0.87023), (0.545, -0.19788334, 0.87423), (0.547, -0.19788334, 0.87423), (0.547, -0.19288333, 0.87423), (0.545, -0.19288333, 0.87423), (0.545, -0.10871667, 0.87023), (0.547, -0.10871667, 0.87023), (0.547, -0.103716664, 0.87023), (0.545, -0.103716664, 0.87023), (0.545, -0.10871667, 0.87423), (0.547, -0.10871667, 0.87423), (0.547, -0.103716664, 0.87423), (0.545, -0.103716664, 0.87423), (0.545, -0.01955, 0.87023), (0.547, -0.01955, 0.87023), (0.547, -0.01455, 0.87023), (0.545, -0.01455, 0.87023), (0.545, -0.01955, 0.87423), (0.547, -0.01955, 0.87423), (0.547, -0.01455, 0.87423), (0.545, -0.01455, 0.87423), (0.545, 0.06961667, 0.87023), (0.547, 0.06961667, 0.87023), (0.547, 0.07461666, 0.87023), (0.545, 0.07461666, 0.87023), (0.545, 0.06961667, 0.87423), (0.547, 0.06961667, 0.87423), (0.547, 0.07461666, 0.87423), (0.545, 0.07461666, 0.87423), (0.545, 0.15878333, 0.87023), (0.547, 0.15878333, 0.87023), (0.547, 0.16378333, 0.87023), (0.545, 0.16378333, 0.87023), (0.545, 0.15878333, 0.87423), (0.547, 0.15878333, 0.87423), (0.547, 0.16378333, 0.87423), (0.545, 0.16378333, 0.87423), (0.545, 0.24795, 0.87023), (0.547, 0.24795, 0.87023), (0.547, 0.25295, 0.87023), (0.545, 0.25295, 0.87023), (0.545, 0.24795, 0.87423), (0.547, 0.24795, 0.87423), (0.547, 0.25295, 0.87423), (0.545, 0.25295, 0.87423)]
                    uniform token subdivisionScheme = "none"
                }
            }

            def "power_18"
            {
                def Mesh "TrayPower" (
                    prepend apiSchemas = ["MaterialBindingAPI"]
                )
                {
                    float3[] extent = [(0.53, -0.2675, 0.88675), (0.545, 0.2675, 0.93325)]
                    int[] faceVertexCounts = [4, 4, 4, 4, 4, 4]
                    int[] faceVertexIndices = [0, 3, 2, 1, 4, 5, 6, 7, 0, 1, 5, 4, 2, 3, 7, 6, 1, 2, 6, 5, 3, 0, 4, 7]
                    rel material:binding = </GenericRack/Looks/TrayPower>
                    uniform token orientation = "rightHanded"
                    point3f[] points = [(0.53, -0.2675, 0.88675), (0.545, -0.2675, 0.88675), (0.545, 0.2675, 0.88675), (0.53, 0.2675, 0.88675), (0.53, -0.2675, 0.93325), (0.545, -0.2675, 0.93325), (0.545, 0.2675, 0.93325), (0.53, 0.2675, 0.93325)]
                    uniform token subdivisionScheme = "none"
                }

                def Mesh "VentDark" (
                    prepend apiSchemas = ["MaterialBindingAPI"]
                )
                {
                    float3[] extent = [(0.545, -0.18083334, 0.889075), (0.546, 0.17883334, 0.930925)]
                    int[] faceVertexCounts = [4, 4, 4, 4, 4, 4, 4, 4, 4, 4, 4, 4, 4, 4, 4, 4, 4, 4, 4, 4, 4, 4, 4, 4, 4, 4, 4, 4, 4, 4]
                    int[] faceVertexIndices = [0, 3, 2, 1, 4, 5, 6, 7, 0, 1, 5, 4, 2, 3, 7, 6, 1, 2, 6, 5, 3, 0, 4, 7, 8, 11, 10, 9, 12, 13, 14, 15, 8, 9, 13, 12, 10, 11, 15, 14, 9, 10, 14, 13, 11, 8, 12, 15, 16, 19, 18, 17, 20, 21, 22, 23, 16, 17, 21, 20, 18, 19, 23, 22, 17, 18, 22, 21, 19, 16, 20, 23, 24, 27, 26, 25, 28, 29, 30, 31, 24, 25, 29, 28, 26, 27, 31, 30, 25, 26, 30, 29, 27, 24, 28, 31, 32, 35, 34, 33, 36, 37, 38, 39, 32, 33, 37, 36, 34, 35, 39, 38, 33, 34, 38, 37, 35, 32, 36, 39]
                    rel material:binding = </GenericRack/Looks/VentDark>
                    uniform token orientation = "rightHanded"
                    point3f[] points = [(0.545, -0.18083334, 0.889075), (0.546, -0.18083334, 0.889075), (0.546, -0.17783333, 0.889075), (0.545, -0.17783333, 0.889075), (0.545, -0.18083334, 0.930925), (0.546, -0.18083334, 0.930925), (0.546, -0.17783333, 0.930925), (0.545, -0.17783333, 0.930925), (0.545, -0.09166667, 0.889075), (0.546, -0.09166667, 0.889075), (0.546, -0.08866667, 0.889075), (0.545, -0.08866667, 0.889075), (0.545, -0.09166667, 0.930925), (0.546, -0.09166667, 0.930925), (0.546, -0.08866667, 0.930925), (0.545, -0.08866667, 0.930925), (0.545, -0.0025, 0.889075), (0.546, -0.0025, 0.889075), (0.546, 0.0005, 0.889075), (0.545, 0.0005, 0.889075), (0.545, -0.0025, 0.930925), (0.546, -0.0025, 0.930925), (0.546, 0.0005, 0.930925), (0.545, 0.0005, 0.930925), (0.545, 0.086666666, 0.889075), (0.546, 0.086666666, 0.889075), (0.546, 0.089666665, 0.889075), (0.545, 0.089666665, 0.889075), (0.545, 0.086666666, 0.930925), (0.546, 0.086666666, 0.930925), (0.546, 0.089666665, 0.930925), (0.545, 0.089666665, 0.930925), (0.545, 0.17583333, 0.889075), (0.546, 0.17583333, 0.889075), (0.546, 0.17883334, 0.889075), (0.545, 0.17883334, 0.889075), (0.545, 0.17583333, 0.930925), (0.546, 0.17583333, 0.930925), (0.546, 0.17883334, 0.930925), (0.545, 0.17883334, 0.930925)]
                    uniform token subdivisionScheme = "none"
                }

                def Mesh "Handle" (
                    prepend apiSchemas = ["MaterialBindingAPI"]
                )
                {
                    float3[] extent = [(0.545, -0.24397917, 0.8977), (0.553, 0.24197917, 0.9037)]
                    int[] faceVertexCounts = [4, 4, 4, 4, 4, 4, 4, 4, 4, 4, 4, 4, 4, 4, 4, 4, 4, 4, 4, 4, 4, 4, 4, 4, 4, 4, 4, 4, 4, 4, 4, 4, 4, 4, 4, 4]
                    int[] faceVertexIndices = [0, 3, 2, 1, 4, 5, 6, 7, 0, 1, 5, 4, 2, 3, 7, 6, 1, 2, 6, 5, 3, 0, 4, 7, 8, 11, 10, 9, 12, 13, 14, 15, 8, 9, 13, 12, 10, 11, 15, 14, 9, 10, 14, 13, 11, 8, 12, 15, 16, 19, 18, 17, 20, 21, 22, 23, 16, 17, 21, 20, 18, 19, 23, 22, 17, 18, 22, 21, 19, 16, 20, 23, 24, 27, 26, 25, 28, 29, 30, 31, 24, 25, 29, 28, 26, 27, 31, 30, 25, 26, 30, 29, 27, 24, 28, 31, 32, 35, 34, 33, 36, 37, 38, 39, 32, 33, 37, 36, 34, 35, 39, 38, 33, 34, 38, 37, 35, 32, 36, 39, 40, 43, 42, 41, 44, 45, 46, 47, 40, 41, 45, 44, 42, 43, 47, 46, 41, 42, 46, 45, 43, 40, 44, 47]
                    rel material:binding = </GenericRack/Looks/Handle>
                    uniform token orientation = "rightHanded"
                    point3f[] points = [(0.545, -0.24397917, 0.8977), (0.553, -0.24397917, 0.8977), (0.553, -0.20385417, 0.8977), (0.545, -0.20385417, 0.8977), (0.545, -0.24397917, 0.9037), (0.553, -0.24397917, 0.9037), (0.553, -0.20385417, 0.9037), (0.545, -0.20385417, 0.9037), (0.545, -0.1548125, 0.8977), (0.553, -0.1548125, 0.8977), (0.553, -0.1146875, 0.8977), (0.545, -0.1146875, 0.8977), (0.545, -0.1548125, 0.9037), (0.553, -0.1548125, 0.9037), (0.553, -0.1146875, 0.9037), (0.545, -0.1146875, 0.9037), (0.545, -0.06564584, 0.8977), (0.553, -0.06564584, 0.8977), (0.553, -0.025520833, 0.8977), (0.545, -0.025520833, 0.8977), (0.545, -0.06564584, 0.9037), (0.553, -0.06564584, 0.9037), (0.553, -0.025520833, 0.9037), (0.545, -0.025520833, 0.9037), (0.545, 0.023520833, 0.8977), (0.553, 0.023520833, 0.8977), (0.553, 0.06364583, 0.8977), (0.545, 0.06364583, 0.8977), (0.545, 0.023520833, 0.9037), (0.553, 0.023520833, 0.9037), (0.553, 0.06364583, 0.9037), (0.545, 0.06364583, 0.9037), (0.545, 0.1126875, 0.8977), (0.553, 0.1126875, 0.8977), (0.553, 0.1528125, 0.8977), (0.545, 0.1528125, 0.8977), (0.545, 0.1126875, 0.9037), (0.553, 0.1126875, 0.9037), (0.553, 0.1528125, 0.9037), (0.545, 0.1528125, 0.9037), (0.545, 0.20185417, 0.8977), (0.553, 0.20185417, 0.8977), (0.553, 0.24197917, 0.8977), (0.545, 0.24197917, 0.8977), (0.545, 0.20185417, 0.9037), (0.553, 0.20185417, 0.9037), (0.553, 0.24197917, 0.9037), (0.545, 0.24197917, 0.9037)]
                    uniform token subdivisionScheme = "none"
                }

                def Mesh "StatusLamp" (
                    prepend apiSchemas = ["MaterialBindingAPI"]
                )
                {
                    float3[] extent = [(0.545, -0.19788334, 0.91823), (0.547, 0.25295, 0.92223)]
                    int[] faceVertexCounts = [4, 4, 4, 4, 4, 4, 4, 4, 4, 4, 4, 4, 4, 4, 4, 4, 4, 4, 4, 4, 4, 4, 4, 4, 4, 4, 4, 4, 4, 4, 4, 4, 4, 4, 4, 4]
                    int[] faceVertexIndices = [0, 3, 2, 1, 4, 5, 6, 7, 0, 1, 5, 4, 2, 3, 7, 6, 1, 2, 6, 5, 3, 0, 4, 7, 8, 11, 10, 9, 12, 13, 14, 15, 8, 9, 13, 12, 10, 11, 15, 14, 9, 10, 14, 13, 11, 8, 12, 15, 16, 19, 18, 17, 20, 21, 22, 23, 16, 17, 21, 20, 18, 19, 23, 22, 17, 18, 22, 21, 19, 16, 20, 23, 24, 27, 26, 25, 28, 29, 30, 31, 24, 25, 29, 28, 26, 27, 31, 30, 25, 26, 30, 29, 27, 24, 28, 31, 32, 35, 34, 33, 36, 37, 38, 39, 32, 33, 37, 36, 34, 35, 39, 38, 33, 34, 38, 37, 35, 32, 36, 39, 40, 43, 42, 41, 44, 45, 46, 47, 40, 41, 45, 44, 42, 43, 47, 46, 41, 42, 46, 45, 43, 40, 44, 47]
                    rel material:binding = </GenericRack/Looks/StatusLamp>
                    uniform token orientation = "rightHanded"
                    point3f[] points = [(0.545, -0.19788334, 0.91823), (0.547, -0.19788334, 0.91823), (0.547, -0.19288333, 0.91823), (0.545, -0.19288333, 0.91823), (0.545, -0.19788334, 0.92223), (0.547, -0.19788334, 0.92223), (0.547, -0.19288333, 0.92223), (0.545, -0.19288333, 0.92223), (0.545, -0.10871667, 0.91823), (0.547, -0.10871667, 0.91823), (0.547, -0.103716664, 0.91823), (0.545, -0.103716664, 0.91823), (0.545, -0.10871667, 0.92223), (0.547, -0.10871667, 0.92223), (0.547, -0.103716664, 0.92223), (0.545, -0.103716664, 0.92223), (0.545, -0.01955, 0.91823), (0.547, -0.01955, 0.91823), (0.547, -0.01455, 0.91823), (0.545, -0.01455, 0.91823), (0.545, -0.01955, 0.92223), (0.547, -0.01955, 0.92223), (0.547, -0.01455, 0.92223), (0.545, -0.01455, 0.92223), (0.545, 0.06961667, 0.91823), (0.547, 0.06961667, 0.91823), (0.547, 0.07461666, 0.91823), (0.545, 0.07461666, 0.91823), (0.545, 0.06961667, 0.92223), (0.547, 0.06961667, 0.92223), (0.547, 0.07461666, 0.92223), (0.545, 0.07461666, 0.92223), (0.545, 0.15878333, 0.91823), (0.547, 0.15878333, 0.91823), (0.547, 0.16378333, 0.91823), (0.545, 0.16378333, 0.91823), (0.545, 0.15878333, 0.92223), (0.547, 0.15878333, 0.92223), (0.547, 0.16378333, 0.92223), (0.545, 0.16378333, 0.92223), (0.545, 0.24795, 0.91823), (0.547, 0.24795, 0.91823), (0.547, 0.25295, 0.91823), (0.545, 0.25295, 0.91823), (0.545, 0.24795, 0.92223), (0.547, 0.24795, 0.92223), (0.547, 0.25295, 0.92223), (0.545, 0.25295, 0.92223)]
                    uniform token subdivisionScheme = "none"
                }
            }

            def "blank_19"
            {
                def Mesh "TrayBlank" (
                    prepend apiSchemas = ["MaterialBindingAPI"]
                )
                {
                    float3[] extent = [(0.53, -0.2675, 0.93475), (0.545, 0.2675, 1.12525)]
                    int[] faceVertexCounts = [4, 4, 4, 4, 4, 4]
                    int[] faceVertexIndices = [0, 3, 2, 1, 4, 5, 6, 7, 0, 1, 5, 4, 2, 3, 7, 6, 1, 2, 6, 5, 3, 0, 4, 7]
                    rel material:binding = </GenericRack/Looks/TrayBlank>
                    uniform token orientation = "rightHanded"
                    point3f[] points = [(0.53, -0.2675, 0.93475), (0.545, -0.2675, 0.93475), (0.545, 0.2675, 0.93475), (0.53, 0.2675, 0.93475), (0.53, -0.2675, 1.12525), (0.545, -0.2675, 1.12525), (0.545, 0.2675, 1.12525), (0.53, 0.2675, 1.12525)]
                    uniform token subdivisionScheme = "none"
                }
            }

            def "power_23"
            {
                def Mesh "TrayPower" (
                    prepend apiSchemas = ["MaterialBindingAPI"]
                )
                {
                    float3[] extent = [(0.53, -0.2675, 1.12675), (0.545, 0.2675, 1.17325)]
                    int[] faceVertexCounts = [4, 4, 4, 4, 4, 4]
                    int[] faceVertexIndices = [0, 3, 2, 1, 4, 5, 6, 7, 0, 1, 5, 4, 2, 3, 7, 6, 1, 2, 6, 5, 3, 0, 4, 7]
                    rel material:binding = </GenericRack/Looks/TrayPower>
                    uniform token orientation = "rightHanded"
                    point3f[] points = [(0.53, -0.2675, 1.12675), (0.545, -0.2675, 1.12675), (0.545, 0.2675, 1.12675), (0.53, 0.2675, 1.12675), (0.53, -0.2675, 1.17325), (0.545, -0.2675, 1.17325), (0.545, 0.2675, 1.17325), (0.53, 0.2675, 1.17325)]
                    uniform token subdivisionScheme = "none"
                }

                def Mesh "VentDark" (
                    prepend apiSchemas = ["MaterialBindingAPI"]
                )
                {
                    float3[] extent = [(0.545, -0.18083334, 1.129075), (0.546, 0.17883334, 1.170925)]
                    int[] faceVertexCounts = [4, 4, 4, 4, 4, 4, 4, 4, 4, 4, 4, 4, 4, 4, 4, 4, 4, 4, 4, 4, 4, 4, 4, 4, 4, 4, 4, 4, 4, 4]
                    int[] faceVertexIndices = [0, 3, 2, 1, 4, 5, 6, 7, 0, 1, 5, 4, 2, 3, 7, 6, 1, 2, 6, 5, 3, 0, 4, 7, 8, 11, 10, 9, 12, 13, 14, 15, 8, 9, 13, 12, 10, 11, 15, 14, 9, 10, 14, 13, 11, 8, 12, 15, 16, 19, 18, 17, 20, 21, 22, 23, 16, 17, 21, 20, 18, 19, 23, 22, 17, 18, 22, 21, 19, 16, 20, 23, 24, 27, 26, 25, 28, 29, 30, 31, 24, 25, 29, 28, 26, 27, 31, 30, 25, 26, 30, 29, 27, 24, 28, 31, 32, 35, 34, 33, 36, 37, 38, 39, 32, 33, 37, 36, 34, 35, 39, 38, 33, 34, 38, 37, 35, 32, 36, 39]
                    rel material:binding = </GenericRack/Looks/VentDark>
                    uniform token orientation = "rightHanded"
                    point3f[] points = [(0.545, -0.18083334, 1.129075), (0.546, -0.18083334, 1.129075), (0.546, -0.17783333, 1.129075), (0.545, -0.17783333, 1.129075), (0.545, -0.18083334, 1.170925), (0.546, -0.18083334, 1.170925), (0.546, -0.17783333, 1.170925), (0.545, -0.17783333, 1.170925), (0.545, -0.09166667, 1.129075), (0.546, -0.09166667, 1.129075), (0.546, -0.08866667, 1.129075), (0.545, -0.08866667, 1.129075), (0.545, -0.09166667, 1.170925), (0.546, -0.09166667, 1.170925), (0.546, -0.08866667, 1.170925), (0.545, -0.08866667, 1.170925), (0.545, -0.0025, 1.129075), (0.546, -0.0025, 1.129075), (0.546, 0.0005, 1.129075), (0.545, 0.0005, 1.129075), (0.545, -0.0025, 1.170925), (0.546, -0.0025, 1.170925), (0.546, 0.0005, 1.170925), (0.545, 0.0005, 1.170925), (0.545, 0.086666666, 1.129075), (0.546, 0.086666666, 1.129075), (0.546, 0.089666665, 1.129075), (0.545, 0.089666665, 1.129075), (0.545, 0.086666666, 1.170925), (0.546, 0.086666666, 1.170925), (0.546, 0.089666665, 1.170925), (0.545, 0.089666665, 1.170925), (0.545, 0.17583333, 1.129075), (0.546, 0.17583333, 1.129075), (0.546, 0.17883334, 1.129075), (0.545, 0.17883334, 1.129075), (0.545, 0.17583333, 1.170925), (0.546, 0.17583333, 1.170925), (0.546, 0.17883334, 1.170925), (0.545, 0.17883334, 1.170925)]
                    uniform token subdivisionScheme = "none"
                }

                def Mesh "Handle" (
                    prepend apiSchemas = ["MaterialBindingAPI"]
                )
                {
                    float3[] extent = [(0.545, -0.24397917, 1.1377), (0.553, 0.24197917, 1.1437)]
                    int[] faceVertexCounts = [4, 4, 4, 4, 4, 4, 4, 4, 4, 4, 4, 4, 4, 4, 4, 4, 4, 4, 4, 4, 4, 4, 4, 4, 4, 4, 4, 4, 4, 4, 4, 4, 4, 4, 4, 4]
                    int[] faceVertexIndices = [0, 3, 2, 1, 4, 5, 6, 7, 0, 1, 5, 4, 2, 3, 7, 6, 1, 2, 6, 5, 3, 0, 4, 7, 8, 11, 10, 9, 12, 13, 14, 15, 8, 9, 13, 12, 10, 11, 15, 14, 9, 10, 14, 13, 11, 8, 12, 15, 16, 19, 18, 17, 20, 21, 22, 23, 16, 17, 21, 20, 18, 19, 23, 22, 17, 18, 22, 21, 19, 16, 20, 23, 24, 27, 26, 25, 28, 29, 30, 31, 24, 25, 29, 28, 26, 27, 31, 30, 25, 26, 30, 29, 27, 24, 28, 31, 32, 35, 34, 33, 36, 37, 38, 39, 32, 33, 37, 36, 34, 35, 39, 38, 33, 34, 38, 37, 35, 32, 36, 39, 40, 43, 42, 41, 44, 45, 46, 47, 40, 41, 45, 44, 42, 43, 47, 46, 41, 42, 46, 45, 43, 40, 44, 47]
                    rel material:binding = </GenericRack/Looks/Handle>
                    uniform token orientation = "rightHanded"
                    point3f[] points = [(0.545, -0.24397917, 1.1377), (0.553, -0.24397917, 1.1377), (0.553, -0.20385417, 1.1377), (0.545, -0.20385417, 1.1377), (0.545, -0.24397917, 1.1437), (0.553, -0.24397917, 1.1437), (0.553, -0.20385417, 1.1437), (0.545, -0.20385417, 1.1437), (0.545, -0.1548125, 1.1377), (0.553, -0.1548125, 1.1377), (0.553, -0.1146875, 1.1377), (0.545, -0.1146875, 1.1377), (0.545, -0.1548125, 1.1437), (0.553, -0.1548125, 1.1437), (0.553, -0.1146875, 1.1437), (0.545, -0.1146875, 1.1437), (0.545, -0.06564584, 1.1377), (0.553, -0.06564584, 1.1377), (0.553, -0.025520833, 1.1377), (0.545, -0.025520833, 1.1377), (0.545, -0.06564584, 1.1437), (0.553, -0.06564584, 1.1437), (0.553, -0.025520833, 1.1437), (0.545, -0.025520833, 1.1437), (0.545, 0.023520833, 1.1377), (0.553, 0.023520833, 1.1377), (0.553, 0.06364583, 1.1377), (0.545, 0.06364583, 1.1377), (0.545, 0.023520833, 1.1437), (0.553, 0.023520833, 1.1437), (0.553, 0.06364583, 1.1437), (0.545, 0.06364583, 1.1437), (0.545, 0.1126875, 1.1377), (0.553, 0.1126875, 1.1377), (0.553, 0.1528125, 1.1377), (0.545, 0.1528125, 1.1377), (0.545, 0.1126875, 1.1437), (0.553, 0.1126875, 1.1437), (0.553, 0.1528125, 1.1437), (0.545, 0.1528125, 1.1437), (0.545, 0.20185417, 1.1377), (0.553, 0.20185417, 1.1377), (0.553, 0.24197917, 1.1377), (0.545, 0.24197917, 1.1377), (0.545, 0.20185417, 1.1437), (0.553, 0.20185417, 1.1437), (0.553, 0.24197917, 1.1437), (0.545, 0.24197917, 1.1437)]
                    uniform token subdivisionScheme = "none"
                }

                def Mesh "StatusLamp" (
                    prepend apiSchemas = ["MaterialBindingAPI"]
                )
                {
                    float3[] extent = [(0.545, -0.19788334, 1.15823), (0.547, 0.25295, 1.16223)]
                    int[] faceVertexCounts = [4, 4, 4, 4, 4, 4, 4, 4, 4, 4, 4, 4, 4, 4, 4, 4, 4, 4, 4, 4, 4, 4, 4, 4, 4, 4, 4, 4, 4, 4, 4, 4, 4, 4, 4, 4]
                    int[] faceVertexIndices = [0, 3, 2, 1, 4, 5, 6, 7, 0, 1, 5, 4, 2, 3, 7, 6, 1, 2, 6, 5, 3, 0, 4, 7, 8, 11, 10, 9, 12, 13, 14, 15, 8, 9, 13, 12, 10, 11, 15, 14, 9, 10, 14, 13, 11, 8, 12, 15, 16, 19, 18, 17, 20, 21, 22, 23, 16, 17, 21, 20, 18, 19, 23, 22, 17, 18, 22, 21, 19, 16, 20, 23, 24, 27, 26, 25, 28, 29, 30, 31, 24, 25, 29, 28, 26, 27, 31, 30, 25, 26, 30, 29, 27, 24, 28, 31, 32, 35, 34, 33, 36, 37, 38, 39, 32, 33, 37, 36, 34, 35, 39, 38, 33, 34, 38, 37, 35, 32, 36, 39, 40, 43, 42, 41, 44, 45, 46, 47, 40, 41, 45, 44, 42, 43, 47, 46, 41, 42, 46, 45, 43, 40, 44, 47]
                    rel material:binding = </GenericRack/Looks/StatusLamp>
                    uniform token orientation = "rightHanded"
                    point3f[] points = [(0.545, -0.19788334, 1.15823), (0.547, -0.19788334, 1.15823), (0.547, -0.19288333, 1.15823), (0.545, -0.19288333, 1.15823), (0.545, -0.19788334, 1.16223), (0.547, -0.19788334, 1.16223), (0.547, -0.19288333, 1.16223), (0.545, -0.19288333, 1.16223), (0.545, -0.10871667, 1.15823), (0.547, -0.10871667, 1.15823), (0.547, -0.103716664, 1.15823), (0.545, -0.103716664, 1.15823), (0.545, -0.10871667, 1.16223), (0.547, -0.10871667, 1.16223), (0.547, -0.103716664, 1.16223), (0.545, -0.103716664, 1.16223), (0.545, -0.01955, 1.15823), (0.547, -0.01955, 1.15823), (0.547, -0.01455, 1.15823), (0.545, -0.01455, 1.15823), (0.545, -0.01955, 1.16223), (0.547, -0.01955, 1.16223), (0.547, -0.01455, 1.16223), (0.545, -0.01455, 1.16223), (0.545, 0.06961667, 1.15823), (0.547, 0.06961667, 1.15823), (0.547, 0.07461666, 1.15823), (0.545, 0.07461666, 1.15823), (0.545, 0.06961667, 1.16223), (0.547, 0.06961667, 1.16223), (0.547, 0.07461666, 1.16223), (0.545, 0.07461666, 1.16223), (0.545, 0.15878333, 1.15823), (0.547, 0.15878333, 1.15823), (0.547, 0.16378333, 1.15823), (0.545, 0.16378333, 1.15823), (0.545, 0.15878333, 1.16223), (0.547, 0.15878333, 1.16223), (0.547, 0.16378333, 1.16223), (0.545, 0.16378333, 1.16223), (0.545, 0.24795, 1.15823), (0.547, 0.24795, 1.15823), (0.547, 0.25295, 1.15823), (0.545, 0.25295, 1.15823), (0.545, 0.24795, 1.16223), (0.547, 0.24795, 1.16223), (0.547, 0.25295, 1.16223), (0.545, 0.25295, 1.16223)]
                    uniform token subdivisionScheme = "none"
                }
            }

            def "power_24"
            {
                def Mesh "TrayPower" (
                    prepend apiSchemas = ["MaterialBindingAPI"]
                )
                {
                    float3[] extent = [(0.53, -0.2675, 1.17475), (0.545, 0.2675, 1.22125)]
                    int[] faceVertexCounts = [4, 4, 4, 4, 4, 4]
                    int[] faceVertexIndices = [0, 3, 2, 1, 4, 5, 6, 7, 0, 1, 5, 4, 2, 3, 7, 6, 1, 2, 6, 5, 3, 0, 4, 7]
                    rel material:binding = </GenericRack/Looks/TrayPower>
                    uniform token orientation = "rightHanded"
                    point3f[] points = [(0.53, -0.2675, 1.17475), (0.545, -0.2675, 1.17475), (0.545, 0.2675, 1.17475), (0.53, 0.2675, 1.17475), (0.53, -0.2675, 1.22125), (0.545, -0.2675, 1.22125), (0.545, 0.2675, 1.22125), (0.53, 0.2675, 1.22125)]
                    uniform token subdivisionScheme = "none"
                }

                def Mesh "VentDark" (
                    prepend apiSchemas = ["MaterialBindingAPI"]
                )
                {
                    float3[] extent = [(0.545, -0.18083334, 1.177075), (0.546, 0.17883334, 1.218925)]
                    int[] faceVertexCounts = [4, 4, 4, 4, 4, 4, 4, 4, 4, 4, 4, 4, 4, 4, 4, 4, 4, 4, 4, 4, 4, 4, 4, 4, 4, 4, 4, 4, 4, 4]
                    int[] faceVertexIndices = [0, 3, 2, 1, 4, 5, 6, 7, 0, 1, 5, 4, 2, 3, 7, 6, 1, 2, 6, 5, 3, 0, 4, 7, 8, 11, 10, 9, 12, 13, 14, 15, 8, 9, 13, 12, 10, 11, 15, 14, 9, 10, 14, 13, 11, 8, 12, 15, 16, 19, 18, 17, 20, 21, 22, 23, 16, 17, 21, 20, 18, 19, 23, 22, 17, 18, 22, 21, 19, 16, 20, 23, 24, 27, 26, 25, 28, 29, 30, 31, 24, 25, 29, 28, 26, 27, 31, 30, 25, 26, 30, 29, 27, 24, 28, 31, 32, 35, 34, 33, 36, 37, 38, 39, 32, 33, 37, 36, 34, 35, 39, 38, 33, 34, 38, 37, 35, 32, 36, 39]
                    rel material:binding = </GenericRack/Looks/VentDark>
                    uniform token orientation = "rightHanded"
                    point3f[] points = [(0.545, -0.18083334, 1.177075), (0.546, -0.18083334, 1.177075), (0.546, -0.17783333, 1.177075), (0.545, -0.17783333, 1.177075), (0.545, -0.18083334, 1.218925), (0.546, -0.18083334, 1.218925), (0.546, -0.17783333, 1.218925), (0.545, -0.17783333, 1.218925), (0.545, -0.09166667, 1.177075), (0.546, -0.09166667, 1.177075), (0.546, -0.08866667, 1.177075), (0.545, -0.08866667, 1.177075), (0.545, -0.09166667, 1.218925), (0.546, -0.09166667, 1.218925), (0.546, -0.08866667, 1.218925), (0.545, -0.08866667, 1.218925), (0.545, -0.0025, 1.177075), (0.546, -0.0025, 1.177075), (0.546, 0.0005, 1.177075), (0.545, 0.0005, 1.177075), (0.545, -0.0025, 1.218925), (0.546, -0.0025, 1.218925), (0.546, 0.0005, 1.218925), (0.545, 0.0005, 1.218925), (0.545, 0.086666666, 1.177075), (0.546, 0.086666666, 1.177075), (0.546, 0.089666665, 1.177075), (0.545, 0.089666665, 1.177075), (0.545, 0.086666666, 1.218925), (0.546, 0.086666666, 1.218925), (0.546, 0.089666665, 1.218925), (0.545, 0.089666665, 1.218925), (0.545, 0.17583333, 1.177075), (0.546, 0.17583333, 1.177075), (0.546, 0.17883334, 1.177075), (0.545, 0.17883334, 1.177075), (0.545, 0.17583333, 1.218925), (0.546, 0.17583333, 1.218925), (0.546, 0.17883334, 1.218925), (0.545, 0.17883334, 1.218925)]
                    uniform token subdivisionScheme = "none"
                }

                def Mesh "Handle" (
                    prepend apiSchemas = ["MaterialBindingAPI"]
                )
                {
                    float3[] extent = [(0.545, -0.24397917, 1.1857), (0.553, 0.24197917, 1.1917)]
                    int[] faceVertexCounts = [4, 4, 4, 4, 4, 4, 4, 4, 4, 4, 4, 4, 4, 4, 4, 4, 4, 4, 4, 4, 4, 4, 4, 4, 4, 4, 4, 4, 4, 4, 4, 4, 4, 4, 4, 4]
                    int[] faceVertexIndices = [0, 3, 2, 1, 4, 5, 6, 7, 0, 1, 5, 4, 2, 3, 7, 6, 1, 2, 6, 5, 3, 0, 4, 7, 8, 11, 10, 9, 12, 13, 14, 15, 8, 9, 13, 12, 10, 11, 15, 14, 9, 10, 14, 13, 11, 8, 12, 15, 16, 19, 18, 17, 20, 21, 22, 23, 16, 17, 21, 20, 18, 19, 23, 22, 17, 18, 22, 21, 19, 16, 20, 23, 24, 27, 26, 25, 28, 29, 30, 31, 24, 25, 29, 28, 26, 27, 31, 30, 25, 26, 30, 29, 27, 24, 28, 31, 32, 35, 34, 33, 36, 37, 38, 39, 32, 33, 37, 36, 34, 35, 39, 38, 33, 34, 38, 37, 35, 32, 36, 39, 40, 43, 42, 41, 44, 45, 46, 47, 40, 41, 45, 44, 42, 43, 47, 46, 41, 42, 46, 45, 43, 40, 44, 47]
                    rel material:binding = </GenericRack/Looks/Handle>
                    uniform token orientation = "rightHanded"
                    point3f[] points = [(0.545, -0.24397917, 1.1857), (0.553, -0.24397917, 1.1857), (0.553, -0.20385417, 1.1857), (0.545, -0.20385417, 1.1857), (0.545, -0.24397917, 1.1917), (0.553, -0.24397917, 1.1917), (0.553, -0.20385417, 1.1917), (0.545, -0.20385417, 1.1917), (0.545, -0.1548125, 1.1857), (0.553, -0.1548125, 1.1857), (0.553, -0.1146875, 1.1857), (0.545, -0.1146875, 1.1857), (0.545, -0.1548125, 1.1917), (0.553, -0.1548125, 1.1917), (0.553, -0.1146875, 1.1917), (0.545, -0.1146875, 1.1917), (0.545, -0.06564584, 1.1857), (0.553, -0.06564584, 1.1857), (0.553, -0.025520833, 1.1857), (0.545, -0.025520833, 1.1857), (0.545, -0.06564584, 1.1917), (0.553, -0.06564584, 1.1917), (0.553, -0.025520833, 1.1917), (0.545, -0.025520833, 1.1917), (0.545, 0.023520833, 1.1857), (0.553, 0.023520833, 1.1857), (0.553, 0.06364583, 1.1857), (0.545, 0.06364583, 1.1857), (0.545, 0.023520833, 1.1917), (0.553, 0.023520833, 1.1917), (0.553, 0.06364583, 1.1917), (0.545, 0.06364583, 1.1917), (0.545, 0.1126875, 1.1857), (0.553, 0.1126875, 1.1857), (0.553, 0.1528125, 1.1857), (0.545, 0.1528125, 1.1857), (0.545, 0.1126875, 1.1917), (0.553, 0.1126875, 1.1917), (0.553, 0.1528125, 1.1917), (0.545, 0.1528125, 1.1917), (0.545, 0.20185417, 1.1857), (0.553, 0.20185417, 1.1857), (0.553, 0.24197917, 1.1857), (0.545, 0.24197917, 1.1857), (0.545, 0.20185417, 1.1917), (0.553, 0.20185417, 1.1917), (0.553, 0.24197917, 1.1917), (0.545, 0.24197917, 1.1917)]
                    uniform token subdivisionScheme = "none"
                }

                def Mesh "StatusLamp" (
                    prepend apiSchemas = ["MaterialBindingAPI"]
                )
                {
                    float3[] extent = [(0.545, -0.19788334, 1.20623), (0.547, 0.25295, 1.21023)]
                    int[] faceVertexCounts = [4, 4, 4, 4, 4, 4, 4, 4, 4, 4, 4, 4, 4, 4, 4, 4, 4, 4, 4, 4, 4, 4, 4, 4, 4, 4, 4, 4, 4, 4, 4, 4, 4, 4, 4, 4]
                    int[] faceVertexIndices = [0, 3, 2, 1, 4, 5, 6, 7, 0, 1, 5, 4, 2, 3, 7, 6, 1, 2, 6, 5, 3, 0, 4, 7, 8, 11, 10, 9, 12, 13, 14, 15, 8, 9, 13, 12, 10, 11, 15, 14, 9, 10, 14, 13, 11, 8, 12, 15, 16, 19, 18, 17, 20, 21, 22, 23, 16, 17, 21, 20, 18, 19, 23, 22, 17, 18, 22, 21, 19, 16, 20, 23, 24, 27, 26, 25, 28, 29, 30, 31, 24, 25, 29, 28, 26, 27, 31, 30, 25, 26, 30, 29, 27, 24, 28, 31, 32, 35, 34, 33, 36, 37, 38, 39, 32, 33, 37, 36, 34, 35, 39, 38, 33, 34, 38, 37, 35, 32, 36, 39, 40, 43, 42, 41, 44, 45, 46, 47, 40, 41, 45, 44, 42, 43, 47, 46, 41, 42, 46, 45, 43, 40, 44, 47]
                    rel material:binding = </GenericRack/Looks/StatusLamp>
                    uniform token orientation = "rightHanded"
                    point3f[] points = [(0.545, -0.19788334, 1.20623), (0.547, -0.19788334, 1.20623), (0.547, -0.19288333, 1.20623), (0.545, -0.19288333, 1.20623), (0.545, -0.19788334, 1.21023), (0.547, -0.19788334, 1.21023), (0.547, -0.19288333, 1.21023), (0.545, -0.19288333, 1.21023), (0.545, -0.10871667, 1.20623), (0.547, -0.10871667, 1.20623), (0.547, -0.103716664, 1.20623), (0.545, -0.103716664, 1.20623), (0.545, -0.10871667, 1.21023), (0.547, -0.10871667, 1.21023), (0.547, -0.103716664, 1.21023), (0.545, -0.103716664, 1.21023), (0.545, -0.01955, 1.20623), (0.547, -0.01955, 1.20623), (0.547, -0.01455, 1.20623), (0.545, -0.01455, 1.20623), (0.545, -0.01955, 1.21023), (0.547, -0.01955, 1.21023), (0.547, -0.01455, 1.21023), (0.545, -0.01455, 1.21023), (0.545, 0.06961667, 1.20623), (0.547, 0.06961667, 1.20623), (0.547, 0.07461666, 1.20623), (0.545, 0.07461666, 1.20623), (0.545, 0.06961667, 1.21023), (0.547, 0.06961667, 1.21023), (0.547, 0.07461666, 1.21023), (0.545, 0.07461666, 1.21023), (0.545, 0.15878333, 1.20623), (0.547, 0.15878333, 1.20623), (0.547, 0.16378333, 1.20623), (0.545, 0.16378333, 1.20623), (0.545, 0.15878333, 1.21023), (0.547, 0.15878333, 1.21023), (0.547, 0.16378333, 1.21023), (0.545, 0.16378333, 1.21023), (0.545, 0.24795, 1.20623), (0.547, 0.24795, 1.20623), (0.547, 0.25295, 1.20623), (0.545, 0.25295, 1.20623), (0.545, 0.24795, 1.21023), (0.547, 0.24795, 1.21023), (0.547, 0.25295, 1.21023), (0.545, 0.25295, 1.21023)]
                    uniform token subdivisionScheme = "none"
                }
            }

            def "switch_25"
            {
                def Mesh "TraySwitch" (
                    prepend apiSchemas = ["MaterialBindingAPI"]
                )
                {
                    float3[] extent = [(0.53, -0.2675, 1.22275), (0.545, 0.2675, 1.26925)]
                    int[] faceVertexCounts = [4, 4, 4, 4, 4, 4]
                    int[] faceVertexIndices = [0, 3, 2, 1, 4, 5, 6, 7, 0, 1, 5, 4, 2, 3, 7, 6, 1, 2, 6, 5, 3, 0, 4, 7]
                    rel material:binding = </GenericRack/Looks/TraySwitch>
                    uniform token orientation = "rightHanded"
                    point3f[] points = [(0.53, -0.2675, 1.22275), (0.545, -0.2675, 1.22275), (0.545, 0.2675, 1.22275), (0.53, 0.2675, 1.22275), (0.53, -0.2675, 1.26925), (0.545, -0.2675, 1.26925), (0.545, 0.2675, 1.26925), (0.53, 0.2675, 1.26925)]
                    uniform token subdivisionScheme = "none"
                }

                def Mesh "PortCage" (
                    prepend apiSchemas = ["MaterialBindingAPI"]
                )
                {
                    float3[] extent = [(0.545, -0.15573, 1.23112), (0.549, 0.18795, 1.26088)]
                    int[] faceVertexCounts = [4, 4, 4, 4, 4, 4]
                    int[] faceVertexIndices = [0, 3, 2, 1, 4, 5, 6, 7, 0, 1, 5, 4, 2, 3, 7, 6, 1, 2, 6, 5, 3, 0, 4, 7]
                    rel material:binding = </GenericRack/Looks/PortCage>
                    uniform token orientation = "rightHanded"
                    point3f[] points = [(0.545, -0.15573, 1.23112), (0.549, -0.15573, 1.23112), (0.549, 0.18795, 1.23112), (0.545, 0.18795, 1.23112), (0.545, -0.15573, 1.26088), (0.549, -0.15573, 1.26088), (0.549, 0.18795, 1.26088), (0.545, 0.18795, 1.26088)]
                    uniform token subdivisionScheme = "none"
                }

                def Mesh "VentDark" (
                    prepend apiSchemas = ["MaterialBindingAPI"]
                )
                {
                    float3[] extent = [(0.549, -0.151434, 1.23391), (0.551, 0.183654, 1.25809)]
                    int[] faceVertexCounts = [4, 4, 4, 4, 4, 4, 4, 4, 4, 4, 4, 4, 4, 4, 4, 4, 4, 4, 4, 4, 4, 4, 4, 4, 4, 4, 4, 4, 4, 4, 4, 4, 4, 4, 4, 4, 4, 4, 4, 4, 4, 4, 4, 4, 4, 4, 4, 4, 4, 4, 4, 4, 4, 4, 4, 4, 4, 4, 4, 4, 4, 4, 4, 4, 4, 4, 4, 4, 4, 4, 4, 4, 4, 4, 4, 4, 4, 4, 4, 4, 4, 4, 4, 4, 4, 4, 4, 4, 4, 4, 4, 4, 4, 4, 4, 4, 4, 4, 4, 4, 4, 4, 4, 4, 4, 4, 4, 4, 4, 4, 4, 4, 4, 4, 4, 4, 4, 4, 4, 4, 4, 4, 4, 4, 4, 4, 4, 4, 4, 4, 4, 4, 4, 4, 4, 4, 4, 4, 4, 4, 4, 4, 4, 4]
                    int[] faceVertexIndices = [0, 3, 2, 1, 4, 5, 6, 7, 0, 1, 5, 4, 2, 3, 7, 6, 1, 2, 6, 5, 3, 0, 4, 7, 8, 11, 10, 9, 12, 13, 14, 15, 8, 9, 13, 12, 10, 11, 15, 14, 9, 10, 14, 13, 11, 8, 12, 15, 16, 19, 18, 17, 20, 21, 22, 23, 16, 17, 21, 20, 18, 19, 23, 22, 17, 18, 22, 21, 19, 16, 20, 23, 24, 27, 26, 25, 28, 29, 30, 31, 24, 25, 29, 28, 26, 27, 31, 30, 25, 26, 30, 29, 27, 24, 28, 31, 32, 35, 34, 33, 36, 37, 38, 39, 32, 33, 37, 36, 34, 35, 39, 38, 33, 34, 38, 37, 35, 32, 36, 39, 40, 43, 42, 41, 44, 45, 46, 47, 40, 41, 45, 44, 42, 43, 47, 46, 41, 42, 46, 45, 43, 40, 44, 47, 48, 51, 50, 49, 52, 53, 54, 55, 48, 49, 53, 52, 50, 51, 55, 54, 49, 50, 54, 53, 51, 48, 52, 55, 56, 59, 58, 57, 60, 61, 62, 63, 56, 57, 61, 60, 58, 59, 63, 62, 57, 58, 62, 61, 59, 56, 60, 63, 64, 67, 66, 65, 68, 69, 70, 71, 64, 65, 69, 68, 66, 67, 71, 70, 65, 66, 70, 69, 67, 64, 68, 71, 72, 75, 74, 73, 76, 77, 78, 79, 72, 73, 77, 76, 74, 75, 79, 78, 73, 74, 78, 77, 75, 72, 76, 79, 80, 83, 82, 81, 84, 85, 86, 87, 80, 81, 85, 84, 82, 83, 87, 86, 81, 82, 86, 85, 83, 80, 84, 87, 88, 91, 90, 89, 92, 93, 94, 95, 88, 89, 93, 92, 90, 91, 95, 94, 89, 90, 94, 93, 91, 88, 92, 95, 96, 99, 98, 97, 100, 101, 102, 103, 96, 97, 101, 100, 98, 99, 103, 102, 97, 98, 102, 101, 99, 96, 100, 103, 104, 107, 106, 105, 108, 109, 110, 111, 104, 105, 109, 108, 106, 107, 111, 110, 105, 106, 110, 109, 107, 104, 108, 111, 112, 115, 114, 113, 116, 117, 118, 119, 112, 113, 117, 116, 114, 115, 119, 118, 113, 114, 118, 117, 115, 112, 116, 119, 120, 123, 122, 121, 124, 125, 126, 127, 120, 121, 125, 124, 122, 123, 127, 126, 121, 122, 126, 125, 123, 120, 124, 127, 128, 131, 130, 129, 132, 133, 134, 135, 128, 129, 133, 132, 130, 131, 135, 134, 129, 130, 134, 133, 131, 128, 132, 135, 136, 139, 138, 137, 140, 141, 142, 143, 136, 137, 141, 140, 138, 139, 143, 142, 137, 138, 142, 141, 139, 136, 140, 143, 144, 147, 146, 145, 148, 149, 150, 151, 144, 145, 149, 148, 146, 147, 151, 150, 145, 146, 150, 149, 147, 144, 148, 151, 152, 155, 154, 153, 156, 157, 158, 159, 152, 153, 157, 156, 154, 155, 159, 158, 153, 154, 158, 157, 155, 152, 156, 159, 160, 163, 162, 161, 164, 165, 166, 167, 160, 161, 165, 164, 162, 163, 167, 166, 161, 162, 166, 165, 163, 160, 164, 167, 168, 171, 170, 169, 172, 173, 174, 175, 168, 169, 173, 172, 170, 171, 175, 174, 169, 170, 174, 173, 171, 168, 172, 175, 176, 179, 178, 177, 180, 181, 182, 183, 176, 177, 181, 180, 178, 179, 183, 182, 177, 178, 182, 181, 179, 176, 180, 183, 184, 187, 186, 185, 188, 189, 190, 191, 184, 185, 189, 188, 186, 187, 191, 190, 185, 186, 190, 189, 187, 184, 188, 191]
                    rel material:binding = </GenericRack/Looks/VentDark>
                    uniform token orientation = "rightHanded"
                    point3f[] points = [(0.549, -0.151434, 1.23391), (0.551, -0.151434, 1.23391), (0.551, -0.131386, 1.23391), (0.549, -0.131386, 1.23391), (0.549, -0.151434, 1.24414), (0.551, -0.151434, 1.24414), (0.551, -0.131386, 1.24414), (0.549, -0.131386, 1.24414), (0.549, -0.122794, 1.23391), (0.551, -0.122794, 1.23391), (0.551, -0.102746, 1.23391), (0.549, -0.102746, 1.23391), (0.549, -0.122794, 1.24414), (0.551, -0.122794, 1.24414), (0.551, -0.102746, 1.24414), (0.549, -0.102746, 1.24414), (0.549, -0.094154, 1.23391), (0.551, -0.094154, 1.23391), (0.551, -0.074106, 1.23391), (0.549, -0.074106, 1.23391), (0.549, -0.094154, 1.24414), (0.551, -0.094154, 1.24414), (0.551, -0.074106, 1.24414), (0.549, -0.074106, 1.24414), (0.549, -0.065514, 1.23391), (0.551, -0.065514, 1.23391), (0.551, -0.045466, 1.23391), (0.549, -0.045466, 1.23391), (0.549, -0.065514, 1.24414), (0.551, -0.065514, 1.24414), (0.551, -0.045466, 1.24414), (0.549, -0.045466, 1.24414), (0.549, -0.036874, 1.23391), (0.551, -0.036874, 1.23391), (0.551, -0.016826, 1.23391), (0.549, -0.016826, 1.23391), (0.549, -0.036874, 1.24414), (0.551, -0.036874, 1.24414), (0.551, -0.016826, 1.24414), (0.549, -0.016826, 1.24414), (0.549, -0.008234, 1.23391), (0.551, -0.008234, 1.23391), (0.551, 0.011814, 1.23391), (0.549, 0.011814, 1.23391), (0.549, -0.008234, 1.24414), (0.551, -0.008234, 1.24414), (0.551, 0.011814, 1.24414), (0.549, 0.011814, 1.24414), (0.549, 0.020406, 1.23391), (0.551, 0.020406, 1.23391), (0.551, 0.040454, 1.23391), (0.549, 0.040454, 1.23391), (0.549, 0.020406, 1.24414), (0.551, 0.020406, 1.24414), (0.551, 0.040454, 1.24414), (0.549, 0.040454, 1.24414), (0.549, 0.049046, 1.23391), (0.551, 0.049046, 1.23391), (0.551, 0.069094, 1.23391), (0.549, 0.069094, 1.23391), (0.549, 0.049046, 1.24414), (0.551, 0.049046, 1.24414), (0.551, 0.069094, 1.24414), (0.549, 0.069094, 1.24414), (0.549, 0.077686, 1.23391), (0.551, 0.077686, 1.23391), (0.551, 0.097734, 1.23391), (0.549, 0.097734, 1.23391), (0.549, 0.077686, 1.24414), (0.551, 0.077686, 1.24414), (0.551, 0.097734, 1.24414), (0.549, 0.097734, 1.24414), (0.549, 0.106326, 1.23391), (0.551, 0.106326, 1.23391), (0.551, 0.126374, 1.23391), (0.549, 0.126374, 1.23391), (0.549, 0.106326, 1.24414), (0.551, 0.106326, 1.24414), (0.551, 0.126374, 1.24414), (0.549, 0.126374, 1.24414), (0.549, 0.134966, 1.23391), (0.551, 0.134966, 1.23391), (0.551, 0.155014, 1.23391), (0.549, 0.155014, 1.23391), (0.549, 0.134966, 1.24414), (0.551, 0.134966, 1.24414), (0.551, 0.155014, 1.24414), (0.549, 0.155014, 1.24414), (0.549, 0.163606, 1.23391), (0.551, 0.163606, 1.23391), (0.551, 0.183654, 1.23391), (0.549, 0.183654, 1.23391), (0.549, 0.163606, 1.24414), (0.551, 0.163606, 1.24414), (0.551, 0.183654, 1.24414), (0.549, 0.183654, 1.24414), (0.549, -0.151434, 1.24786), (0.551, -0.151434, 1.24786), (0.551, -0.131386, 1.24786), (0.549, -0.131386, 1.24786), (0.549, -0.151434, 1.25809), (0.551, -0.151434, 1.25809), (0.551, -0.131386, 1.25809), (0.549, -0.131386, 1.25809), (0.549, -0.122794, 1.24786), (0.551, -0.122794, 1.24786), (0.551, -0.102746, 1.24786), (0.549, -0.102746, 1.24786), (0.549, -0.122794, 1.25809), (0.551, -0.122794, 1.25809), (0.551, -0.102746, 1.25809), (0.549, -0.102746, 1.25809), (0.549, -0.094154, 1.24786), (0.551, -0.094154, 1.24786), (0.551, -0.074106, 1.24786), (0.549, -0.074106, 1.24786), (0.549, -0.094154, 1.25809), (0.551, -0.094154, 1.25809), (0.551, -0.074106, 1.25809), (0.549, -0.074106, 1.25809), (0.549, -0.065514, 1.24786), (0.551, -0.065514, 1.24786), (0.551, -0.045466, 1.24786), (0.549, -0.045466, 1.24786), (0.549, -0.065514, 1.25809), (0.551, -0.065514, 1.25809), (0.551, -0.045466, 1.25809), (0.549, -0.045466, 1.25809), (0.549, -0.036874, 1.24786), (0.551, -0.036874, 1.24786), (0.551, -0.016826, 1.24786), (0.549, -0.016826, 1.24786), (0.549, -0.036874, 1.25809), (0.551, -0.036874, 1.25809), (0.551, -0.016826, 1.25809), (0.549, -0.016826, 1.25809), (0.549, -0.008234, 1.24786), (0.551, -0.008234, 1.24786), (0.551, 0.011814, 1.24786), (0.549, 0.011814, 1.24786), (0.549, -0.008234, 1.25809), (0.551, -0.008234, 1.25809), (0.551, 0.011814, 1.25809), (0.549, 0.011814, 1.25809), (0.549, 0.020406, 1.24786), (0.551, 0.020406, 1.24786), (0.551, 0.040454, 1.24786), (0.549, 0.040454, 1.24786), (0.549, 0.020406, 1.25809), (0.551, 0.020406, 1.25809), (0.551, 0.040454, 1.25809), (0.549, 0.040454, 1.25809), (0.549, 0.049046, 1.24786), (0.551, 0.049046, 1.24786), (0.551, 0.069094, 1.24786), (0.549, 0.069094, 1.24786), (0.549, 0.049046, 1.25809), (0.551, 0.049046, 1.25809), (0.551, 0.069094, 1.25809), (0.549, 0.069094, 1.25809), (0.549, 0.077686, 1.24786), (0.551, 0.077686, 1.24786), (0.551, 0.097734, 1.24786), (0.549, 0.097734, 1.24786), (0.549, 0.077686, 1.25809), (0.551, 0.077686, 1.25809), (0.551, 0.097734, 1.25809), (0.549, 0.097734, 1.25809), (0.549, 0.106326, 1.24786), (0.551, 0.106326, 1.24786), (0.551, 0.126374, 1.24786), (0.549, 0.126374, 1.24786), (0.549, 0.106326, 1.25809), (0.551, 0.106326, 1.25809), (0.551, 0.126374, 1.25809), (0.549, 0.126374, 1.25809), (0.549, 0.134966, 1.24786), (0.551, 0.134966, 1.24786), (0.551, 0.155014, 1.24786), (0.549, 0.155014, 1.24786), (0.549, 0.134966, 1.25809), (0.551, 0.134966, 1.25809), (0.551, 0.155014, 1.25809), (0.549, 0.155014, 1.25809), (0.549, 0.163606, 1.24786), (0.551, 0.163606, 1.24786), (0.551, 0.183654, 1.24786), (0.549, 0.183654, 1.24786), (0.549, 0.163606, 1.25809), (0.551, 0.163606, 1.25809), (0.551, 0.183654, 1.25809), (0.549, 0.183654, 1.25809)]
                    uniform token subdivisionScheme = "none"
                }

                def Mesh "Handle" (
                    prepend apiSchemas = ["MaterialBindingAPI"]
                )
                {
                    float3[] extent = [(0.545, -0.2535, 1.231585), (0.557, 0.2535, 1.260415)]
                    int[] faceVertexCounts = [4, 4, 4, 4, 4, 4, 4, 4, 4, 4, 4, 4]
                    int[] faceVertexIndices = [0, 3, 2, 1, 4, 5, 6, 7, 0, 1, 5, 4, 2, 3, 7, 6, 1, 2, 6, 5, 3, 0, 4, 7, 8, 11, 10, 9, 12, 13, 14, 15, 8, 9, 13, 12, 10, 11, 15, 14, 9, 10, 14, 13, 11, 8, 12, 15]
                    rel material:binding = </GenericRack/Looks/Handle>
                    uniform token orientation = "rightHanded"
                    point3f[] points = [(0.545, -0.2535, 1.231585), (0.557, -0.2535, 1.231585), (0.557, -0.2395, 1.231585), (0.545, -0.2395, 1.231585), (0.545, -0.2535, 1.260415), (0.557, -0.2535, 1.260415), (0.557, -0.2395, 1.260415), (0.545, -0.2395, 1.260415), (0.545, 0.2395, 1.231585), (0.557, 0.2395, 1.231585), (0.557, 0.2535, 1.231585), (0.545, 0.2535, 1.231585), (0.545, 0.2395, 1.260415), (0.557, 0.2395, 1.260415), (0.557, 0.2535, 1.260415), (0.545, 0.2535, 1.260415)]
                    uniform token subdivisionScheme = "none"
                }

                def Mesh "StatusLamp" (
                    prepend apiSchemas = ["MaterialBindingAPI"]
                )
                {
                    float3[] extent = [(0.545, -0.2215, 1.25237), (0.547, -0.2155, 1.25637)]
                    int[] faceVertexCounts = [4, 4, 4, 4, 4, 4]
                    int[] faceVertexIndices = [0, 3, 2, 1, 4, 5, 6, 7, 0, 1, 5, 4, 2, 3, 7, 6, 1, 2, 6, 5, 3, 0, 4, 7]
                    rel material:binding = </GenericRack/Looks/StatusLamp>
                    uniform token orientation = "rightHanded"
                    point3f[] points = [(0.545, -0.2215, 1.25237), (0.547, -0.2215, 1.25237), (0.547, -0.2155, 1.25237), (0.545, -0.2155, 1.25237), (0.545, -0.2215, 1.25637), (0.547, -0.2215, 1.25637), (0.547, -0.2155, 1.25637), (0.545, -0.2155, 1.25637)]
                    uniform token subdivisionScheme = "none"
                }
            }

            def "switch_26"
            {
                def Mesh "TraySwitch" (
                    prepend apiSchemas = ["MaterialBindingAPI"]
                )
                {
                    float3[] extent = [(0.53, -0.2675, 1.27075), (0.545, 0.2675, 1.31725)]
                    int[] faceVertexCounts = [4, 4, 4, 4, 4, 4]
                    int[] faceVertexIndices = [0, 3, 2, 1, 4, 5, 6, 7, 0, 1, 5, 4, 2, 3, 7, 6, 1, 2, 6, 5, 3, 0, 4, 7]
                    rel material:binding = </GenericRack/Looks/TraySwitch>
                    uniform token orientation = "rightHanded"
                    point3f[] points = [(0.53, -0.2675, 1.27075), (0.545, -0.2675, 1.27075), (0.545, 0.2675, 1.27075), (0.53, 0.2675, 1.27075), (0.53, -0.2675, 1.31725), (0.545, -0.2675, 1.31725), (0.545, 0.2675, 1.31725), (0.53, 0.2675, 1.31725)]
                    uniform token subdivisionScheme = "none"
                }

                def Mesh "PortCage" (
                    prepend apiSchemas = ["MaterialBindingAPI"]
                )
                {
                    float3[] extent = [(0.545, -0.15573, 1.27912), (0.549, 0.18795, 1.30888)]
                    int[] faceVertexCounts = [4, 4, 4, 4, 4, 4]
                    int[] faceVertexIndices = [0, 3, 2, 1, 4, 5, 6, 7, 0, 1, 5, 4, 2, 3, 7, 6, 1, 2, 6, 5, 3, 0, 4, 7]
                    rel material:binding = </GenericRack/Looks/PortCage>
                    uniform token orientation = "rightHanded"
                    point3f[] points = [(0.545, -0.15573, 1.27912), (0.549, -0.15573, 1.27912), (0.549, 0.18795, 1.27912), (0.545, 0.18795, 1.27912), (0.545, -0.15573, 1.30888), (0.549, -0.15573, 1.30888), (0.549, 0.18795, 1.30888), (0.545, 0.18795, 1.30888)]
                    uniform token subdivisionScheme = "none"
                }

                def Mesh "VentDark" (
                    prepend apiSchemas = ["MaterialBindingAPI"]
                )
                {
                    float3[] extent = [(0.549, -0.151434, 1.28191), (0.551, 0.183654, 1.30609)]
                    int[] faceVertexCounts = [4, 4, 4, 4, 4, 4, 4, 4, 4, 4, 4, 4, 4, 4, 4, 4, 4, 4, 4, 4, 4, 4, 4, 4, 4, 4, 4, 4, 4, 4, 4, 4, 4, 4, 4, 4, 4, 4, 4, 4, 4, 4, 4, 4, 4, 4, 4, 4, 4, 4, 4, 4, 4, 4, 4, 4, 4, 4, 4, 4, 4, 4, 4, 4, 4, 4, 4, 4, 4, 4, 4, 4, 4, 4, 4, 4, 4, 4, 4, 4, 4, 4, 4, 4, 4, 4, 4, 4, 4, 4, 4, 4, 4, 4, 4, 4, 4, 4, 4, 4, 4, 4, 4, 4, 4, 4, 4, 4, 4, 4, 4, 4, 4, 4, 4, 4, 4, 4, 4, 4, 4, 4, 4, 4, 4, 4, 4, 4, 4, 4, 4, 4, 4, 4, 4, 4, 4, 4, 4, 4, 4, 4, 4, 4]
                    int[] faceVertexIndices = [0, 3, 2, 1, 4, 5, 6, 7, 0, 1, 5, 4, 2, 3, 7, 6, 1, 2, 6, 5, 3, 0, 4, 7, 8, 11, 10, 9, 12, 13, 14, 15, 8, 9, 13, 12, 10, 11, 15, 14, 9, 10, 14, 13, 11, 8, 12, 15, 16, 19, 18, 17, 20, 21, 22, 23, 16, 17, 21, 20, 18, 19, 23, 22, 17, 18, 22, 21, 19, 16, 20, 23, 24, 27, 26, 25, 28, 29, 30, 31, 24, 25, 29, 28, 26, 27, 31, 30, 25, 26, 30, 29, 27, 24, 28, 31, 32, 35, 34, 33, 36, 37, 38, 39, 32, 33, 37, 36, 34, 35, 39, 38, 33, 34, 38, 37, 35, 32, 36, 39, 40, 43, 42, 41, 44, 45, 46, 47, 40, 41, 45, 44, 42, 43, 47, 46, 41, 42, 46, 45, 43, 40, 44, 47, 48, 51, 50, 49, 52, 53, 54, 55, 48, 49, 53, 52, 50, 51, 55, 54, 49, 50, 54, 53, 51, 48, 52, 55, 56, 59, 58, 57, 60, 61, 62, 63, 56, 57, 61, 60, 58, 59, 63, 62, 57, 58, 62, 61, 59, 56, 60, 63, 64, 67, 66, 65, 68, 69, 70, 71, 64, 65, 69, 68, 66, 67, 71, 70, 65, 66, 70, 69, 67, 64, 68, 71, 72, 75, 74, 73, 76, 77, 78, 79, 72, 73, 77, 76, 74, 75, 79, 78, 73, 74, 78, 77, 75, 72, 76, 79, 80, 83, 82, 81, 84, 85, 86, 87, 80, 81, 85, 84, 82, 83, 87, 86, 81, 82, 86, 85, 83, 80, 84, 87, 88, 91, 90, 89, 92, 93, 94, 95, 88, 89, 93, 92, 90, 91, 95, 94, 89, 90, 94, 93, 91, 88, 92, 95, 96, 99, 98, 97, 100, 101, 102, 103, 96, 97, 101, 100, 98, 99, 103, 102, 97, 98, 102, 101, 99, 96, 100, 103, 104, 107, 106, 105, 108, 109, 110, 111, 104, 105, 109, 108, 106, 107, 111, 110, 105, 106, 110, 109, 107, 104, 108, 111, 112, 115, 114, 113, 116, 117, 118, 119, 112, 113, 117, 116, 114, 115, 119, 118, 113, 114, 118, 117, 115, 112, 116, 119, 120, 123, 122, 121, 124, 125, 126, 127, 120, 121, 125, 124, 122, 123, 127, 126, 121, 122, 126, 125, 123, 120, 124, 127, 128, 131, 130, 129, 132, 133, 134, 135, 128, 129, 133, 132, 130, 131, 135, 134, 129, 130, 134, 133, 131, 128, 132, 135, 136, 139, 138, 137, 140, 141, 142, 143, 136, 137, 141, 140, 138, 139, 143, 142, 137, 138, 142, 141, 139, 136, 140, 143, 144, 147, 146, 145, 148, 149, 150, 151, 144, 145, 149, 148, 146, 147, 151, 150, 145, 146, 150, 149, 147, 144, 148, 151, 152, 155, 154, 153, 156, 157, 158, 159, 152, 153, 157, 156, 154, 155, 159, 158, 153, 154, 158, 157, 155, 152, 156, 159, 160, 163, 162, 161, 164, 165, 166, 167, 160, 161, 165, 164, 162, 163, 167, 166, 161, 162, 166, 165, 163, 160, 164, 167, 168, 171, 170, 169, 172, 173, 174, 175, 168, 169, 173, 172, 170, 171, 175, 174, 169, 170, 174, 173, 171, 168, 172, 175, 176, 179, 178, 177, 180, 181, 182, 183, 176, 177, 181, 180, 178, 179, 183, 182, 177, 178, 182, 181, 179, 176, 180, 183, 184, 187, 186, 185, 188, 189, 190, 191, 184, 185, 189, 188, 186, 187, 191, 190, 185, 186, 190, 189, 187, 184, 188, 191]
                    rel material:binding = </GenericRack/Looks/VentDark>
                    uniform token orientation = "rightHanded"
                    point3f[] points = [(0.549, -0.151434, 1.28191), (0.551, -0.151434, 1.28191), (0.551, -0.131386, 1.28191), (0.549, -0.131386, 1.28191), (0.549, -0.151434, 1.29214), (0.551, -0.151434, 1.29214), (0.551, -0.131386, 1.29214), (0.549, -0.131386, 1.29214), (0.549, -0.122794, 1.28191), (0.551, -0.122794, 1.28191), (0.551, -0.102746, 1.28191), (0.549, -0.102746, 1.28191), (0.549, -0.122794, 1.29214), (0.551, -0.122794, 1.29214), (0.551, -0.102746, 1.29214), (0.549, -0.102746, 1.29214), (0.549, -0.094154, 1.28191), (0.551, -0.094154, 1.28191), (0.551, -0.074106, 1.28191), (0.549, -0.074106, 1.28191), (0.549, -0.094154, 1.29214), (0.551, -0.094154, 1.29214), (0.551, -0.074106, 1.29214), (0.549, -0.074106, 1.29214), (0.549, -0.065514, 1.28191), (0.551, -0.065514, 1.28191), (0.551, -0.045466, 1.28191), (0.549, -0.045466, 1.28191), (0.549, -0.065514, 1.29214), (0.551, -0.065514, 1.29214), (0.551, -0.045466, 1.29214), (0.549, -0.045466, 1.29214), (0.549, -0.036874, 1.28191), (0.551, -0.036874, 1.28191), (0.551, -0.016826, 1.28191), (0.549, -0.016826, 1.28191), (0.549, -0.036874, 1.29214), (0.551, -0.036874, 1.29214), (0.551, -0.016826, 1.29214), (0.549, -0.016826, 1.29214), (0.549, -0.008234, 1.28191), (0.551, -0.008234, 1.28191), (0.551, 0.011814, 1.28191), (0.549, 0.011814, 1.28191), (0.549, -0.008234, 1.29214), (0.551, -0.008234, 1.29214), (0.551, 0.011814, 1.29214), (0.549, 0.011814, 1.29214), (0.549, 0.020406, 1.28191), (0.551, 0.020406, 1.28191), (0.551, 0.040454, 1.28191), (0.549, 0.040454, 1.28191), (0.549, 0.020406, 1.29214), (0.551, 0.020406, 1.29214), (0.551, 0.040454, 1.29214), (0.549, 0.040454, 1.29214), (0.549, 0.049046, 1.28191), (0.551, 0.049046, 1.28191), (0.551, 0.069094, 1.28191), (0.549, 0.069094, 1.28191), (0.549, 0.049046, 1.29214), (0.551, 0.049046, 1.29214), (0.551, 0.069094, 1.29214), (0.549, 0.069094, 1.29214), (0.549, 0.077686, 1.28191), (0.551, 0.077686, 1.28191), (0.551, 0.097734, 1.28191), (0.549, 0.097734, 1.28191), (0.549, 0.077686, 1.29214), (0.551, 0.077686, 1.29214), (0.551, 0.097734, 1.29214), (0.549, 0.097734, 1.29214), (0.549, 0.106326, 1.28191), (0.551, 0.106326, 1.28191), (0.551, 0.126374, 1.28191), (0.549, 0.126374, 1.28191), (0.549, 0.106326, 1.29214), (0.551, 0.106326, 1.29214), (0.551, 0.126374, 1.29214), (0.549, 0.126374, 1.29214), (0.549, 0.134966, 1.28191), (0.551, 0.134966, 1.28191), (0.551, 0.155014, 1.28191), (0.549, 0.155014, 1.28191), (0.549, 0.134966, 1.29214), (0.551, 0.134966, 1.29214), (0.551, 0.155014, 1.29214), (0.549, 0.155014, 1.29214), (0.549, 0.163606, 1.28191), (0.551, 0.163606, 1.28191), (0.551, 0.183654, 1.28191), (0.549, 0.183654, 1.28191), (0.549, 0.163606, 1.29214), (0.551, 0.163606, 1.29214), (0.551, 0.183654, 1.29214), (0.549, 0.183654, 1.29214), (0.549, -0.151434, 1.29586), (0.551, -0.151434, 1.29586), (0.551, -0.131386, 1.29586), (0.549, -0.131386, 1.29586), (0.549, -0.151434, 1.30609), (0.551, -0.151434, 1.30609), (0.551, -0.131386, 1.30609), (0.549, -0.131386, 1.30609), (0.549, -0.122794, 1.29586), (0.551, -0.122794, 1.29586), (0.551, -0.102746, 1.29586), (0.549, -0.102746, 1.29586), (0.549, -0.122794, 1.30609), (0.551, -0.122794, 1.30609), (0.551, -0.102746, 1.30609), (0.549, -0.102746, 1.30609), (0.549, -0.094154, 1.29586), (0.551, -0.094154, 1.29586), (0.551, -0.074106, 1.29586), (0.549, -0.074106, 1.29586), (0.549, -0.094154, 1.30609), (0.551, -0.094154, 1.30609), (0.551, -0.074106, 1.30609), (0.549, -0.074106, 1.30609), (0.549, -0.065514, 1.29586), (0.551, -0.065514, 1.29586), (0.551, -0.045466, 1.29586), (0.549, -0.045466, 1.29586), (0.549, -0.065514, 1.30609), (0.551, -0.065514, 1.30609), (0.551, -0.045466, 1.30609), (0.549, -0.045466, 1.30609), (0.549, -0.036874, 1.29586), (0.551, -0.036874, 1.29586), (0.551, -0.016826, 1.29586), (0.549, -0.016826, 1.29586), (0.549, -0.036874, 1.30609), (0.551, -0.036874, 1.30609), (0.551, -0.016826, 1.30609), (0.549, -0.016826, 1.30609), (0.549, -0.008234, 1.29586), (0.551, -0.008234, 1.29586), (0.551, 0.011814, 1.29586), (0.549, 0.011814, 1.29586), (0.549, -0.008234, 1.30609), (0.551, -0.008234, 1.30609), (0.551, 0.011814, 1.30609), (0.549, 0.011814, 1.30609), (0.549, 0.020406, 1.29586), (0.551, 0.020406, 1.29586), (0.551, 0.040454, 1.29586), (0.549, 0.040454, 1.29586), (0.549, 0.020406, 1.30609), (0.551, 0.020406, 1.30609), (0.551, 0.040454, 1.30609), (0.549, 0.040454, 1.30609), (0.549, 0.049046, 1.29586), (0.551, 0.049046, 1.29586), (0.551, 0.069094, 1.29586), (0.549, 0.069094, 1.29586), (0.549, 0.049046, 1.30609), (0.551, 0.049046, 1.30609), (0.551, 0.069094, 1.30609), (0.549, 0.069094, 1.30609), (0.549, 0.077686, 1.29586), (0.551, 0.077686, 1.29586), (0.551, 0.097734, 1.29586), (0.549, 0.097734, 1.29586), (0.549, 0.077686, 1.30609), (0.551, 0.077686, 1.30609), (0.551, 0.097734, 1.30609), (0.549, 0.097734, 1.30609), (0.549, 0.106326, 1.29586), (0.551, 0.106326, 1.29586), (0.551, 0.126374, 1.29586), (0.549, 0.126374, 1.29586), (0.549, 0.106326, 1.30609), (0.551, 0.106326, 1.30609), (0.551, 0.126374, 1.30609), (0.549, 0.126374, 1.30609), (0.549, 0.134966, 1.29586), (0.551, 0.134966, 1.29586), (0.551, 0.155014, 1.29586), (0.549, 0.155014, 1.29586), (0.549, 0.134966, 1.30609), (0.551, 0.134966, 1.30609), (0.551, 0.155014, 1.30609), (0.549, 0.155014, 1.30609), (0.549, 0.163606, 1.29586), (0.551, 0.163606, 1.29586), (0.551, 0.183654, 1.29586), (0.549, 0.183654, 1.29586), (0.549, 0.163606, 1.30609), (0.551, 0.163606, 1.30609), (0.551, 0.183654, 1.30609), (0.549, 0.183654, 1.30609)]
                    uniform token subdivisionScheme = "none"
                }

                def Mesh "Handle" (
                    prepend apiSchemas = ["MaterialBindingAPI"]
                )
                {
                    float3[] extent = [(0.545, -0.2535, 1.279585), (0.557, 0.2535, 1.308415)]
                    int[] faceVertexCounts = [4, 4, 4, 4, 4, 4, 4, 4, 4, 4, 4, 4]
                    int[] faceVertexIndices = [0, 3, 2, 1, 4, 5, 6, 7, 0, 1, 5, 4, 2, 3, 7, 6, 1, 2, 6, 5, 3, 0, 4, 7, 8, 11, 10, 9, 12, 13, 14, 15, 8, 9, 13, 12, 10, 11, 15, 14, 9, 10, 14, 13, 11, 8, 12, 15]
                    rel material:binding = </GenericRack/Looks/Handle>
                    uniform token orientation = "rightHanded"
                    point3f[] points = [(0.545, -0.2535, 1.279585), (0.557, -0.2535, 1.279585), (0.557, -0.2395, 1.279585), (0.545, -0.2395, 1.279585), (0.545, -0.2535, 1.308415), (0.557, -0.2535, 1.308415), (0.557, -0.2395, 1.308415), (0.545, -0.2395, 1.308415), (0.545, 0.2395, 1.279585), (0.557, 0.2395, 1.279585), (0.557, 0.2535, 1.279585), (0.545, 0.2535, 1.279585), (0.545, 0.2395, 1.308415), (0.557, 0.2395, 1.308415), (0.557, 0.2535, 1.308415), (0.545, 0.2535, 1.308415)]
                    uniform token subdivisionScheme = "none"
                }

                def Mesh "StatusLamp" (
                    prepend apiSchemas = ["MaterialBindingAPI"]
                )
                {
                    float3[] extent = [(0.545, -0.2215, 1.30037), (0.547, -0.2155, 1.30437)]
                    int[] faceVertexCounts = [4, 4, 4, 4, 4, 4]
                    int[] faceVertexIndices = [0, 3, 2, 1, 4, 5, 6, 7, 0, 1, 5, 4, 2, 3, 7, 6, 1, 2, 6, 5, 3, 0, 4, 7]
                    rel material:binding = </GenericRack/Looks/StatusLamp>
                    uniform token orientation = "rightHanded"
                    point3f[] points = [(0.545, -0.2215, 1.30037), (0.547, -0.2215, 1.30037), (0.547, -0.2155, 1.30037), (0.545, -0.2155, 1.30037), (0.545, -0.2215, 1.30437), (0.547, -0.2215, 1.30437), (0.547, -0.2155, 1.30437), (0.545, -0.2155, 1.30437)]
                    uniform token subdivisionScheme = "none"
                }
            }

            def "switch_27"
            {
                def Mesh "TraySwitch" (
                    prepend apiSchemas = ["MaterialBindingAPI"]
                )
                {
                    float3[] extent = [(0.53, -0.2675, 1.31875), (0.545, 0.2675, 1.36525)]
                    int[] faceVertexCounts = [4, 4, 4, 4, 4, 4]
                    int[] faceVertexIndices = [0, 3, 2, 1, 4, 5, 6, 7, 0, 1, 5, 4, 2, 3, 7, 6, 1, 2, 6, 5, 3, 0, 4, 7]
                    rel material:binding = </GenericRack/Looks/TraySwitch>
                    uniform token orientation = "rightHanded"
                    point3f[] points = [(0.53, -0.2675, 1.31875), (0.545, -0.2675, 1.31875), (0.545, 0.2675, 1.31875), (0.53, 0.2675, 1.31875), (0.53, -0.2675, 1.36525), (0.545, -0.2675, 1.36525), (0.545, 0.2675, 1.36525), (0.53, 0.2675, 1.36525)]
                    uniform token subdivisionScheme = "none"
                }

                def Mesh "PortCage" (
                    prepend apiSchemas = ["MaterialBindingAPI"]
                )
                {
                    float3[] extent = [(0.545, -0.15573, 1.32712), (0.549, 0.18795, 1.35688)]
                    int[] faceVertexCounts = [4, 4, 4, 4, 4, 4]
                    int[] faceVertexIndices = [0, 3, 2, 1, 4, 5, 6, 7, 0, 1, 5, 4, 2, 3, 7, 6, 1, 2, 6, 5, 3, 0, 4, 7]
                    rel material:binding = </GenericRack/Looks/PortCage>
                    uniform token orientation = "rightHanded"
                    point3f[] points = [(0.545, -0.15573, 1.32712), (0.549, -0.15573, 1.32712), (0.549, 0.18795, 1.32712), (0.545, 0.18795, 1.32712), (0.545, -0.15573, 1.35688), (0.549, -0.15573, 1.35688), (0.549, 0.18795, 1.35688), (0.545, 0.18795, 1.35688)]
                    uniform token subdivisionScheme = "none"
                }

                def Mesh "VentDark" (
                    prepend apiSchemas = ["MaterialBindingAPI"]
                )
                {
                    float3[] extent = [(0.549, -0.151434, 1.32991), (0.551, 0.183654, 1.35409)]
                    int[] faceVertexCounts = [4, 4, 4, 4, 4, 4, 4, 4, 4, 4, 4, 4, 4, 4, 4, 4, 4, 4, 4, 4, 4, 4, 4, 4, 4, 4, 4, 4, 4, 4, 4, 4, 4, 4, 4, 4, 4, 4, 4, 4, 4, 4, 4, 4, 4, 4, 4, 4, 4, 4, 4, 4, 4, 4, 4, 4, 4, 4, 4, 4, 4, 4, 4, 4, 4, 4, 4, 4, 4, 4, 4, 4, 4, 4, 4, 4, 4, 4, 4, 4, 4, 4, 4, 4, 4, 4, 4, 4, 4, 4, 4, 4, 4, 4, 4, 4, 4, 4, 4, 4, 4, 4, 4, 4, 4, 4, 4, 4, 4, 4, 4, 4, 4, 4, 4, 4, 4, 4, 4, 4, 4, 4, 4, 4, 4, 4, 4, 4, 4, 4, 4, 4, 4, 4, 4, 4, 4, 4, 4, 4, 4, 4, 4, 4]
                    int[] faceVertexIndices = [0, 3, 2, 1, 4, 5, 6, 7, 0, 1, 5, 4, 2, 3, 7, 6, 1, 2, 6, 5, 3, 0, 4, 7, 8, 11, 10, 9, 12, 13, 14, 15, 8, 9, 13, 12, 10, 11, 15, 14, 9, 10, 14, 13, 11, 8, 12, 15, 16, 19, 18, 17, 20, 21, 22, 23, 16, 17, 21, 20, 18, 19, 23, 22, 17, 18, 22, 21, 19, 16, 20, 23, 24, 27, 26, 25, 28, 29, 30, 31, 24, 25, 29, 28, 26, 27, 31, 30, 25, 26, 30, 29, 27, 24, 28, 31, 32, 35, 34, 33, 36, 37, 38, 39, 32, 33, 37, 36, 34, 35, 39, 38, 33, 34, 38, 37, 35, 32, 36, 39, 40, 43, 42, 41, 44, 45, 46, 47, 40, 41, 45, 44, 42, 43, 47, 46, 41, 42, 46, 45, 43, 40, 44, 47, 48, 51, 50, 49, 52, 53, 54, 55, 48, 49, 53, 52, 50, 51, 55, 54, 49, 50, 54, 53, 51, 48, 52, 55, 56, 59, 58, 57, 60, 61, 62, 63, 56, 57, 61, 60, 58, 59, 63, 62, 57, 58, 62, 61, 59, 56, 60, 63, 64, 67, 66, 65, 68, 69, 70, 71, 64, 65, 69, 68, 66, 67, 71, 70, 65, 66, 70, 69, 67, 64, 68, 71, 72, 75, 74, 73, 76, 77, 78, 79, 72, 73, 77, 76, 74, 75, 79, 78, 73, 74, 78, 77, 75, 72, 76, 79, 80, 83, 82, 81, 84, 85, 86, 87, 80, 81, 85, 84, 82, 83, 87, 86, 81, 82, 86, 85, 83, 80, 84, 87, 88, 91, 90, 89, 92, 93, 94, 95, 88, 89, 93, 92, 90, 91, 95, 94, 89, 90, 94, 93, 91, 88, 92, 95, 96, 99, 98, 97, 100, 101, 102, 103, 96, 97, 101, 100, 98, 99, 103, 102, 97, 98, 102, 101, 99, 96, 100, 103, 104, 107, 106, 105, 108, 109, 110, 111, 104, 105, 109, 108, 106, 107, 111, 110, 105, 106, 110, 109, 107, 104, 108, 111, 112, 115, 114, 113, 116, 117, 118, 119, 112, 113, 117, 116, 114, 115, 119, 118, 113, 114, 118, 117, 115, 112, 116, 119, 120, 123, 122, 121, 124, 125, 126, 127, 120, 121, 125, 124, 122, 123, 127, 126, 121, 122, 126, 125, 123, 120, 124, 127, 128, 131, 130, 129, 132, 133, 134, 135, 128, 129, 133, 132, 130, 131, 135, 134, 129, 130, 134, 133, 131, 128, 132, 135, 136, 139, 138, 137, 140, 141, 142, 143, 136, 137, 141, 140, 138, 139, 143, 142, 137, 138, 142, 141, 139, 136, 140, 143, 144, 147, 146, 145, 148, 149, 150, 151, 144, 145, 149, 148, 146, 147, 151, 150, 145, 146, 150, 149, 147, 144, 148, 151, 152, 155, 154, 153, 156, 157, 158, 159, 152, 153, 157, 156, 154, 155, 159, 158, 153, 154, 158, 157, 155, 152, 156, 159, 160, 163, 162, 161, 164, 165, 166, 167, 160, 161, 165, 164, 162, 163, 167, 166, 161, 162, 166, 165, 163, 160, 164, 167, 168, 171, 170, 169, 172, 173, 174, 175, 168, 169, 173, 172, 170, 171, 175, 174, 169, 170, 174, 173, 171, 168, 172, 175, 176, 179, 178, 177, 180, 181, 182, 183, 176, 177, 181, 180, 178, 179, 183, 182, 177, 178, 182, 181, 179, 176, 180, 183, 184, 187, 186, 185, 188, 189, 190, 191, 184, 185, 189, 188, 186, 187, 191, 190, 185, 186, 190, 189, 187, 184, 188, 191]
                    rel material:binding = </GenericRack/Looks/VentDark>
                    uniform token orientation = "rightHanded"
                    point3f[] points = [(0.549, -0.151434, 1.32991), (0.551, -0.151434, 1.32991), (0.551, -0.131386, 1.32991), (0.549, -0.131386, 1.32991), (0.549, -0.151434, 1.34014), (0.551, -0.151434, 1.34014), (0.551, -0.131386, 1.34014), (0.549, -0.131386, 1.34014), (0.549, -0.122794, 1.32991), (0.551, -0.122794, 1.32991), (0.551, -0.102746, 1.32991), (0.549, -0.102746, 1.32991), (0.549, -0.122794, 1.34014), (0.551, -0.122794, 1.34014), (0.551, -0.102746, 1.34014), (0.549, -0.102746, 1.34014), (0.549, -0.094154, 1.32991), (0.551, -0.094154, 1.32991), (0.551, -0.074106, 1.32991), (0.549, -0.074106, 1.32991), (0.549, -0.094154, 1.34014), (0.551, -0.094154, 1.34014), (0.551, -0.074106, 1.34014), (0.549, -0.074106, 1.34014), (0.549, -0.065514, 1.32991), (0.551, -0.065514, 1.32991), (0.551, -0.045466, 1.32991), (0.549, -0.045466, 1.32991), (0.549, -0.065514, 1.34014), (0.551, -0.065514, 1.34014), (0.551, -0.045466, 1.34014), (0.549, -0.045466, 1.34014), (0.549, -0.036874, 1.32991), (0.551, -0.036874, 1.32991), (0.551, -0.016826, 1.32991), (0.549, -0.016826, 1.32991), (0.549, -0.036874, 1.34014), (0.551, -0.036874, 1.34014), (0.551, -0.016826, 1.34014), (0.549, -0.016826, 1.34014), (0.549, -0.008234, 1.32991), (0.551, -0.008234, 1.32991), (0.551, 0.011814, 1.32991), (0.549, 0.011814, 1.32991), (0.549, -0.008234, 1.34014), (0.551, -0.008234, 1.34014), (0.551, 0.011814, 1.34014), (0.549, 0.011814, 1.34014), (0.549, 0.020406, 1.32991), (0.551, 0.020406, 1.32991), (0.551, 0.040454, 1.32991), (0.549, 0.040454, 1.32991), (0.549, 0.020406, 1.34014), (0.551, 0.020406, 1.34014), (0.551, 0.040454, 1.34014), (0.549, 0.040454, 1.34014), (0.549, 0.049046, 1.32991), (0.551, 0.049046, 1.32991), (0.551, 0.069094, 1.32991), (0.549, 0.069094, 1.32991), (0.549, 0.049046, 1.34014), (0.551, 0.049046, 1.34014), (0.551, 0.069094, 1.34014), (0.549, 0.069094, 1.34014), (0.549, 0.077686, 1.32991), (0.551, 0.077686, 1.32991), (0.551, 0.097734, 1.32991), (0.549, 0.097734, 1.32991), (0.549, 0.077686, 1.34014), (0.551, 0.077686, 1.34014), (0.551, 0.097734, 1.34014), (0.549, 0.097734, 1.34014), (0.549, 0.106326, 1.32991), (0.551, 0.106326, 1.32991), (0.551, 0.126374, 1.32991), (0.549, 0.126374, 1.32991), (0.549, 0.106326, 1.34014), (0.551, 0.106326, 1.34014), (0.551, 0.126374, 1.34014), (0.549, 0.126374, 1.34014), (0.549, 0.134966, 1.32991), (0.551, 0.134966, 1.32991), (0.551, 0.155014, 1.32991), (0.549, 0.155014, 1.32991), (0.549, 0.134966, 1.34014), (0.551, 0.134966, 1.34014), (0.551, 0.155014, 1.34014), (0.549, 0.155014, 1.34014), (0.549, 0.163606, 1.32991), (0.551, 0.163606, 1.32991), (0.551, 0.183654, 1.32991), (0.549, 0.183654, 1.32991), (0.549, 0.163606, 1.34014), (0.551, 0.163606, 1.34014), (0.551, 0.183654, 1.34014), (0.549, 0.183654, 1.34014), (0.549, -0.151434, 1.34386), (0.551, -0.151434, 1.34386), (0.551, -0.131386, 1.34386), (0.549, -0.131386, 1.34386), (0.549, -0.151434, 1.35409), (0.551, -0.151434, 1.35409), (0.551, -0.131386, 1.35409), (0.549, -0.131386, 1.35409), (0.549, -0.122794, 1.34386), (0.551, -0.122794, 1.34386), (0.551, -0.102746, 1.34386), (0.549, -0.102746, 1.34386), (0.549, -0.122794, 1.35409), (0.551, -0.122794, 1.35409), (0.551, -0.102746, 1.35409), (0.549, -0.102746, 1.35409), (0.549, -0.094154, 1.34386), (0.551, -0.094154, 1.34386), (0.551, -0.074106, 1.34386), (0.549, -0.074106, 1.34386), (0.549, -0.094154, 1.35409), (0.551, -0.094154, 1.35409), (0.551, -0.074106, 1.35409), (0.549, -0.074106, 1.35409), (0.549, -0.065514, 1.34386), (0.551, -0.065514, 1.34386), (0.551, -0.045466, 1.34386), (0.549, -0.045466, 1.34386), (0.549, -0.065514, 1.35409), (0.551, -0.065514, 1.35409), (0.551, -0.045466, 1.35409), (0.549, -0.045466, 1.35409), (0.549, -0.036874, 1.34386), (0.551, -0.036874, 1.34386), (0.551, -0.016826, 1.34386), (0.549, -0.016826, 1.34386), (0.549, -0.036874, 1.35409), (0.551, -0.036874, 1.35409), (0.551, -0.016826, 1.35409), (0.549, -0.016826, 1.35409), (0.549, -0.008234, 1.34386), (0.551, -0.008234, 1.34386), (0.551, 0.011814, 1.34386), (0.549, 0.011814, 1.34386), (0.549, -0.008234, 1.35409), (0.551, -0.008234, 1.35409), (0.551, 0.011814, 1.35409), (0.549, 0.011814, 1.35409), (0.549, 0.020406, 1.34386), (0.551, 0.020406, 1.34386), (0.551, 0.040454, 1.34386), (0.549, 0.040454, 1.34386), (0.549, 0.020406, 1.35409), (0.551, 0.020406, 1.35409), (0.551, 0.040454, 1.35409), (0.549, 0.040454, 1.35409), (0.549, 0.049046, 1.34386), (0.551, 0.049046, 1.34386), (0.551, 0.069094, 1.34386), (0.549, 0.069094, 1.34386), (0.549, 0.049046, 1.35409), (0.551, 0.049046, 1.35409), (0.551, 0.069094, 1.35409), (0.549, 0.069094, 1.35409), (0.549, 0.077686, 1.34386), (0.551, 0.077686, 1.34386), (0.551, 0.097734, 1.34386), (0.549, 0.097734, 1.34386), (0.549, 0.077686, 1.35409), (0.551, 0.077686, 1.35409), (0.551, 0.097734, 1.35409), (0.549, 0.097734, 1.35409), (0.549, 0.106326, 1.34386), (0.551, 0.106326, 1.34386), (0.551, 0.126374, 1.34386), (0.549, 0.126374, 1.34386), (0.549, 0.106326, 1.35409), (0.551, 0.106326, 1.35409), (0.551, 0.126374, 1.35409), (0.549, 0.126374, 1.35409), (0.549, 0.134966, 1.34386), (0.551, 0.134966, 1.34386), (0.551, 0.155014, 1.34386), (0.549, 0.155014, 1.34386), (0.549, 0.134966, 1.35409), (0.551, 0.134966, 1.35409), (0.551, 0.155014, 1.35409), (0.549, 0.155014, 1.35409), (0.549, 0.163606, 1.34386), (0.551, 0.163606, 1.34386), (0.551, 0.183654, 1.34386), (0.549, 0.183654, 1.34386), (0.549, 0.163606, 1.35409), (0.551, 0.163606, 1.35409), (0.551, 0.183654, 1.35409), (0.549, 0.183654, 1.35409)]
                    uniform token subdivisionScheme = "none"
                }

                def Mesh "Handle" (
                    prepend apiSchemas = ["MaterialBindingAPI"]
                )
                {
                    float3[] extent = [(0.545, -0.2535, 1.327585), (0.557, 0.2535, 1.356415)]
                    int[] faceVertexCounts = [4, 4, 4, 4, 4, 4, 4, 4, 4, 4, 4, 4]
                    int[] faceVertexIndices = [0, 3, 2, 1, 4, 5, 6, 7, 0, 1, 5, 4, 2, 3, 7, 6, 1, 2, 6, 5, 3, 0, 4, 7, 8, 11, 10, 9, 12, 13, 14, 15, 8, 9, 13, 12, 10, 11, 15, 14, 9, 10, 14, 13, 11, 8, 12, 15]
                    rel material:binding = </GenericRack/Looks/Handle>
                    uniform token orientation = "rightHanded"
                    point3f[] points = [(0.545, -0.2535, 1.327585), (0.557, -0.2535, 1.327585), (0.557, -0.2395, 1.327585), (0.545, -0.2395, 1.327585), (0.545, -0.2535, 1.356415), (0.557, -0.2535, 1.356415), (0.557, -0.2395, 1.356415), (0.545, -0.2395, 1.356415), (0.545, 0.2395, 1.327585), (0.557, 0.2395, 1.327585), (0.557, 0.2535, 1.327585), (0.545, 0.2535, 1.327585), (0.545, 0.2395, 1.356415), (0.557, 0.2395, 1.356415), (0.557, 0.2535, 1.356415), (0.545, 0.2535, 1.356415)]
                    uniform token subdivisionScheme = "none"
                }

                def Mesh "StatusLamp" (
                    prepend apiSchemas = ["MaterialBindingAPI"]
                )
                {
                    float3[] extent = [(0.545, -0.2215, 1.34837), (0.547, -0.2155, 1.35237)]
                    int[] faceVertexCounts = [4, 4, 4, 4, 4, 4]
                    int[] faceVertexIndices = [0, 3, 2, 1, 4, 5, 6, 7, 0, 1, 5, 4, 2, 3, 7, 6, 1, 2, 6, 5, 3, 0, 4, 7]
                    rel material:binding = </GenericRack/Looks/StatusLamp>
                    uniform token orientation = "rightHanded"
                    point3f[] points = [(0.545, -0.2215, 1.34837), (0.547, -0.2215, 1.34837), (0.547, -0.2155, 1.34837), (0.545, -0.2155, 1.34837), (0.545, -0.2215, 1.35237), (0.547, -0.2215, 1.35237), (0.547, -0.2155, 1.35237), (0.545, -0.2155, 1.35237)]
                    uniform token subdivisionScheme = "none"
                }
            }

            def "switch_28"
            {
                def Mesh "TraySwitch" (
                    prepend apiSchemas = ["MaterialBindingAPI"]
                )
                {
                    float3[] extent = [(0.53, -0.2675, 1.36675), (0.545, 0.2675, 1.41325)]
                    int[] faceVertexCounts = [4, 4, 4, 4, 4, 4]
                    int[] faceVertexIndices = [0, 3, 2, 1, 4, 5, 6, 7, 0, 1, 5, 4, 2, 3, 7, 6, 1, 2, 6, 5, 3, 0, 4, 7]
                    rel material:binding = </GenericRack/Looks/TraySwitch>
                    uniform token orientation = "rightHanded"
                    point3f[] points = [(0.53, -0.2675, 1.36675), (0.545, -0.2675, 1.36675), (0.545, 0.2675, 1.36675), (0.53, 0.2675, 1.36675), (0.53, -0.2675, 1.41325), (0.545, -0.2675, 1.41325), (0.545, 0.2675, 1.41325), (0.53, 0.2675, 1.41325)]
                    uniform token subdivisionScheme = "none"
                }

                def Mesh "PortCage" (
                    prepend apiSchemas = ["MaterialBindingAPI"]
                )
                {
                    float3[] extent = [(0.545, -0.15573, 1.37512), (0.549, 0.18795, 1.40488)]
                    int[] faceVertexCounts = [4, 4, 4, 4, 4, 4]
                    int[] faceVertexIndices = [0, 3, 2, 1, 4, 5, 6, 7, 0, 1, 5, 4, 2, 3, 7, 6, 1, 2, 6, 5, 3, 0, 4, 7]
                    rel material:binding = </GenericRack/Looks/PortCage>
                    uniform token orientation = "rightHanded"
                    point3f[] points = [(0.545, -0.15573, 1.37512), (0.549, -0.15573, 1.37512), (0.549, 0.18795, 1.37512), (0.545, 0.18795, 1.37512), (0.545, -0.15573, 1.40488), (0.549, -0.15573, 1.40488), (0.549, 0.18795, 1.40488), (0.545, 0.18795, 1.40488)]
                    uniform token subdivisionScheme = "none"
                }

                def Mesh "VentDark" (
                    prepend apiSchemas = ["MaterialBindingAPI"]
                )
                {
                    float3[] extent = [(0.549, -0.151434, 1.37791), (0.551, 0.183654, 1.40209)]
                    int[] faceVertexCounts = [4, 4, 4, 4, 4, 4, 4, 4, 4, 4, 4, 4, 4, 4, 4, 4, 4, 4, 4, 4, 4, 4, 4, 4, 4, 4, 4, 4, 4, 4, 4, 4, 4, 4, 4, 4, 4, 4, 4, 4, 4, 4, 4, 4, 4, 4, 4, 4, 4, 4, 4, 4, 4, 4, 4, 4, 4, 4, 4, 4, 4, 4, 4, 4, 4, 4, 4, 4, 4, 4, 4, 4, 4, 4, 4, 4, 4, 4, 4, 4, 4, 4, 4, 4, 4, 4, 4, 4, 4, 4, 4, 4, 4, 4, 4, 4, 4, 4, 4, 4, 4, 4, 4, 4, 4, 4, 4, 4, 4, 4, 4, 4, 4, 4, 4, 4, 4, 4, 4, 4, 4, 4, 4, 4, 4, 4, 4, 4, 4, 4, 4, 4, 4, 4, 4, 4, 4, 4, 4, 4, 4, 4, 4, 4]
                    int[] faceVertexIndices = [0, 3, 2, 1, 4, 5, 6, 7, 0, 1, 5, 4, 2, 3, 7, 6, 1, 2, 6, 5, 3, 0, 4, 7, 8, 11, 10, 9, 12, 13, 14, 15, 8, 9, 13, 12, 10, 11, 15, 14, 9, 10, 14, 13, 11, 8, 12, 15, 16, 19, 18, 17, 20, 21, 22, 23, 16, 17, 21, 20, 18, 19, 23, 22, 17, 18, 22, 21, 19, 16, 20, 23, 24, 27, 26, 25, 28, 29, 30, 31, 24, 25, 29, 28, 26, 27, 31, 30, 25, 26, 30, 29, 27, 24, 28, 31, 32, 35, 34, 33, 36, 37, 38, 39, 32, 33, 37, 36, 34, 35, 39, 38, 33, 34, 38, 37, 35, 32, 36, 39, 40, 43, 42, 41, 44, 45, 46, 47, 40, 41, 45, 44, 42, 43, 47, 46, 41, 42, 46, 45, 43, 40, 44, 47, 48, 51, 50, 49, 52, 53, 54, 55, 48, 49, 53, 52, 50, 51, 55, 54, 49, 50, 54, 53, 51, 48, 52, 55, 56, 59, 58, 57, 60, 61, 62, 63, 56, 57, 61, 60, 58, 59, 63, 62, 57, 58, 62, 61, 59, 56, 60, 63, 64, 67, 66, 65, 68, 69, 70, 71, 64, 65, 69, 68, 66, 67, 71, 70, 65, 66, 70, 69, 67, 64, 68, 71, 72, 75, 74, 73, 76, 77, 78, 79, 72, 73, 77, 76, 74, 75, 79, 78, 73, 74, 78, 77, 75, 72, 76, 79, 80, 83, 82, 81, 84, 85, 86, 87, 80, 81, 85, 84, 82, 83, 87, 86, 81, 82, 86, 85, 83, 80, 84, 87, 88, 91, 90, 89, 92, 93, 94, 95, 88, 89, 93, 92, 90, 91, 95, 94, 89, 90, 94, 93, 91, 88, 92, 95, 96, 99, 98, 97, 100, 101, 102, 103, 96, 97, 101, 100, 98, 99, 103, 102, 97, 98, 102, 101, 99, 96, 100, 103, 104, 107, 106, 105, 108, 109, 110, 111, 104, 105, 109, 108, 106, 107, 111, 110, 105, 106, 110, 109, 107, 104, 108, 111, 112, 115, 114, 113, 116, 117, 118, 119, 112, 113, 117, 116, 114, 115, 119, 118, 113, 114, 118, 117, 115, 112, 116, 119, 120, 123, 122, 121, 124, 125, 126, 127, 120, 121, 125, 124, 122, 123, 127, 126, 121, 122, 126, 125, 123, 120, 124, 127, 128, 131, 130, 129, 132, 133, 134, 135, 128, 129, 133, 132, 130, 131, 135, 134, 129, 130, 134, 133, 131, 128, 132, 135, 136, 139, 138, 137, 140, 141, 142, 143, 136, 137, 141, 140, 138, 139, 143, 142, 137, 138, 142, 141, 139, 136, 140, 143, 144, 147, 146, 145, 148, 149, 150, 151, 144, 145, 149, 148, 146, 147, 151, 150, 145, 146, 150, 149, 147, 144, 148, 151, 152, 155, 154, 153, 156, 157, 158, 159, 152, 153, 157, 156, 154, 155, 159, 158, 153, 154, 158, 157, 155, 152, 156, 159, 160, 163, 162, 161, 164, 165, 166, 167, 160, 161, 165, 164, 162, 163, 167, 166, 161, 162, 166, 165, 163, 160, 164, 167, 168, 171, 170, 169, 172, 173, 174, 175, 168, 169, 173, 172, 170, 171, 175, 174, 169, 170, 174, 173, 171, 168, 172, 175, 176, 179, 178, 177, 180, 181, 182, 183, 176, 177, 181, 180, 178, 179, 183, 182, 177, 178, 182, 181, 179, 176, 180, 183, 184, 187, 186, 185, 188, 189, 190, 191, 184, 185, 189, 188, 186, 187, 191, 190, 185, 186, 190, 189, 187, 184, 188, 191]
                    rel material:binding = </GenericRack/Looks/VentDark>
                    uniform token orientation = "rightHanded"
                    point3f[] points = [(0.549, -0.151434, 1.37791), (0.551, -0.151434, 1.37791), (0.551, -0.131386, 1.37791), (0.549, -0.131386, 1.37791), (0.549, -0.151434, 1.38814), (0.551, -0.151434, 1.38814), (0.551, -0.131386, 1.38814), (0.549, -0.131386, 1.38814), (0.549, -0.122794, 1.37791), (0.551, -0.122794, 1.37791), (0.551, -0.102746, 1.37791), (0.549, -0.102746, 1.37791), (0.549, -0.122794, 1.38814), (0.551, -0.122794, 1.38814), (0.551, -0.102746, 1.38814), (0.549, -0.102746, 1.38814), (0.549, -0.094154, 1.37791), (0.551, -0.094154, 1.37791), (0.551, -0.074106, 1.37791), (0.549, -0.074106, 1.37791), (0.549, -0.094154, 1.38814), (0.551, -0.094154, 1.38814), (0.551, -0.074106, 1.38814), (0.549, -0.074106, 1.38814), (0.549, -0.065514, 1.37791), (0.551, -0.065514, 1.37791), (0.551, -0.045466, 1.37791), (0.549, -0.045466, 1.37791), (0.549, -0.065514, 1.38814), (0.551, -0.065514, 1.38814), (0.551, -0.045466, 1.38814), (0.549, -0.045466, 1.38814), (0.549, -0.036874, 1.37791), (0.551, -0.036874, 1.37791), (0.551, -0.016826, 1.37791), (0.549, -0.016826, 1.37791), (0.549, -0.036874, 1.38814), (0.551, -0.036874, 1.38814), (0.551, -0.016826, 1.38814), (0.549, -0.016826, 1.38814), (0.549, -0.008234, 1.37791), (0.551, -0.008234, 1.37791), (0.551, 0.011814, 1.37791), (0.549, 0.011814, 1.37791), (0.549, -0.008234, 1.38814), (0.551, -0.008234, 1.38814), (0.551, 0.011814, 1.38814), (0.549, 0.011814, 1.38814), (0.549, 0.020406, 1.37791), (0.551, 0.020406, 1.37791), (0.551, 0.040454, 1.37791), (0.549, 0.040454, 1.37791), (0.549, 0.020406, 1.38814), (0.551, 0.020406, 1.38814), (0.551, 0.040454, 1.38814), (0.549, 0.040454, 1.38814), (0.549, 0.049046, 1.37791), (0.551, 0.049046, 1.37791), (0.551, 0.069094, 1.37791), (0.549, 0.069094, 1.37791), (0.549, 0.049046, 1.38814), (0.551, 0.049046, 1.38814), (0.551, 0.069094, 1.38814), (0.549, 0.069094, 1.38814), (0.549, 0.077686, 1.37791), (0.551, 0.077686, 1.37791), (0.551, 0.097734, 1.37791), (0.549, 0.097734, 1.37791), (0.549, 0.077686, 1.38814), (0.551, 0.077686, 1.38814), (0.551, 0.097734, 1.38814), (0.549, 0.097734, 1.38814), (0.549, 0.106326, 1.37791), (0.551, 0.106326, 1.37791), (0.551, 0.126374, 1.37791), (0.549, 0.126374, 1.37791), (0.549, 0.106326, 1.38814), (0.551, 0.106326, 1.38814), (0.551, 0.126374, 1.38814), (0.549, 0.126374, 1.38814), (0.549, 0.134966, 1.37791), (0.551, 0.134966, 1.37791), (0.551, 0.155014, 1.37791), (0.549, 0.155014, 1.37791), (0.549, 0.134966, 1.38814), (0.551, 0.134966, 1.38814), (0.551, 0.155014, 1.38814), (0.549, 0.155014, 1.38814), (0.549, 0.163606, 1.37791), (0.551, 0.163606, 1.37791), (0.551, 0.183654, 1.37791), (0.549, 0.183654, 1.37791), (0.549, 0.163606, 1.38814), (0.551, 0.163606, 1.38814), (0.551, 0.183654, 1.38814), (0.549, 0.183654, 1.38814), (0.549, -0.151434, 1.39186), (0.551, -0.151434, 1.39186), (0.551, -0.131386, 1.39186), (0.549, -0.131386, 1.39186), (0.549, -0.151434, 1.40209), (0.551, -0.151434, 1.40209), (0.551, -0.131386, 1.40209), (0.549, -0.131386, 1.40209), (0.549, -0.122794, 1.39186), (0.551, -0.122794, 1.39186), (0.551, -0.102746, 1.39186), (0.549, -0.102746, 1.39186), (0.549, -0.122794, 1.40209), (0.551, -0.122794, 1.40209), (0.551, -0.102746, 1.40209), (0.549, -0.102746, 1.40209), (0.549, -0.094154, 1.39186), (0.551, -0.094154, 1.39186), (0.551, -0.074106, 1.39186), (0.549, -0.074106, 1.39186), (0.549, -0.094154, 1.40209), (0.551, -0.094154, 1.40209), (0.551, -0.074106, 1.40209), (0.549, -0.074106, 1.40209), (0.549, -0.065514, 1.39186), (0.551, -0.065514, 1.39186), (0.551, -0.045466, 1.39186), (0.549, -0.045466, 1.39186), (0.549, -0.065514, 1.40209), (0.551, -0.065514, 1.40209), (0.551, -0.045466, 1.40209), (0.549, -0.045466, 1.40209), (0.549, -0.036874, 1.39186), (0.551, -0.036874, 1.39186), (0.551, -0.016826, 1.39186), (0.549, -0.016826, 1.39186), (0.549, -0.036874, 1.40209), (0.551, -0.036874, 1.40209), (0.551, -0.016826, 1.40209), (0.549, -0.016826, 1.40209), (0.549, -0.008234, 1.39186), (0.551, -0.008234, 1.39186), (0.551, 0.011814, 1.39186), (0.549, 0.011814, 1.39186), (0.549, -0.008234, 1.40209), (0.551, -0.008234, 1.40209), (0.551, 0.011814, 1.40209), (0.549, 0.011814, 1.40209), (0.549, 0.020406, 1.39186), (0.551, 0.020406, 1.39186), (0.551, 0.040454, 1.39186), (0.549, 0.040454, 1.39186), (0.549, 0.020406, 1.40209), (0.551, 0.020406, 1.40209), (0.551, 0.040454, 1.40209), (0.549, 0.040454, 1.40209), (0.549, 0.049046, 1.39186), (0.551, 0.049046, 1.39186), (0.551, 0.069094, 1.39186), (0.549, 0.069094, 1.39186), (0.549, 0.049046, 1.40209), (0.551, 0.049046, 1.40209), (0.551, 0.069094, 1.40209), (0.549, 0.069094, 1.40209), (0.549, 0.077686, 1.39186), (0.551, 0.077686, 1.39186), (0.551, 0.097734, 1.39186), (0.549, 0.097734, 1.39186), (0.549, 0.077686, 1.40209), (0.551, 0.077686, 1.40209), (0.551, 0.097734, 1.40209), (0.549, 0.097734, 1.40209), (0.549, 0.106326, 1.39186), (0.551, 0.106326, 1.39186), (0.551, 0.126374, 1.39186), (0.549, 0.126374, 1.39186), (0.549, 0.106326, 1.40209), (0.551, 0.106326, 1.40209), (0.551, 0.126374, 1.40209), (0.549, 0.126374, 1.40209), (0.549, 0.134966, 1.39186), (0.551, 0.134966, 1.39186), (0.551, 0.155014, 1.39186), (0.549, 0.155014, 1.39186), (0.549, 0.134966, 1.40209), (0.551, 0.134966, 1.40209), (0.551, 0.155014, 1.40209), (0.549, 0.155014, 1.40209), (0.549, 0.163606, 1.39186), (0.551, 0.163606, 1.39186), (0.551, 0.183654, 1.39186), (0.549, 0.183654, 1.39186), (0.549, 0.163606, 1.40209), (0.551, 0.163606, 1.40209), (0.551, 0.183654, 1.40209), (0.549, 0.183654, 1.40209)]
                    uniform token subdivisionScheme = "none"
                }

                def Mesh "Handle" (
                    prepend apiSchemas = ["MaterialBindingAPI"]
                )
                {
                    float3[] extent = [(0.545, -0.2535, 1.375585), (0.557, 0.2535, 1.404415)]
                    int[] faceVertexCounts = [4, 4, 4, 4, 4, 4, 4, 4, 4, 4, 4, 4]
                    int[] faceVertexIndices = [0, 3, 2, 1, 4, 5, 6, 7, 0, 1, 5, 4, 2, 3, 7, 6, 1, 2, 6, 5, 3, 0, 4, 7, 8, 11, 10, 9, 12, 13, 14, 15, 8, 9, 13, 12, 10, 11, 15, 14, 9, 10, 14, 13, 11, 8, 12, 15]
                    rel material:binding = </GenericRack/Looks/Handle>
                    uniform token orientation = "rightHanded"
                    point3f[] points = [(0.545, -0.2535, 1.375585), (0.557, -0.2535, 1.375585), (0.557, -0.2395, 1.375585), (0.545, -0.2395, 1.375585), (0.545, -0.2535, 1.404415), (0.557, -0.2535, 1.404415), (0.557, -0.2395, 1.404415), (0.545, -0.2395, 1.404415), (0.545, 0.2395, 1.375585), (0.557, 0.2395, 1.375585), (0.557, 0.2535, 1.375585), (0.545, 0.2535, 1.375585), (0.545, 0.2395, 1.404415), (0.557, 0.2395, 1.404415), (0.557, 0.2535, 1.404415), (0.545, 0.2535, 1.404415)]
                    uniform token subdivisionScheme = "none"
                }

                def Mesh "StatusLamp" (
                    prepend apiSchemas = ["MaterialBindingAPI"]
                )
                {
                    float3[] extent = [(0.545, -0.2215, 1.39637), (0.547, -0.2155, 1.40037)]
                    int[] faceVertexCounts = [4, 4, 4, 4, 4, 4]
                    int[] faceVertexIndices = [0, 3, 2, 1, 4, 5, 6, 7, 0, 1, 5, 4, 2, 3, 7, 6, 1, 2, 6, 5, 3, 0, 4, 7]
                    rel material:binding = </GenericRack/Looks/StatusLamp>
                    uniform token orientation = "rightHanded"
                    point3f[] points = [(0.545, -0.2215, 1.39637), (0.547, -0.2215, 1.39637), (0.547, -0.2155, 1.39637), (0.545, -0.2155, 1.39637), (0.545, -0.2215, 1.40037), (0.547, -0.2215, 1.40037), (0.547, -0.2155, 1.40037), (0.545, -0.2155, 1.40037)]
                    uniform token subdivisionScheme = "none"
                }
            }

            def "compute_29"
            {
                def Mesh "TrayCompute" (
                    prepend apiSchemas = ["MaterialBindingAPI"]
                )
                {
                    float3[] extent = [(0.53, -0.2675, 1.41475), (0.545, 0.2675, 1.46125)]
                    int[] faceVertexCounts = [4, 4, 4, 4, 4, 4]
                    int[] faceVertexIndices = [0, 3, 2, 1, 4, 5, 6, 7, 0, 1, 5, 4, 2, 3, 7, 6, 1, 2, 6, 5, 3, 0, 4, 7]
                    rel material:binding = </GenericRack/Looks/TrayCompute>
                    uniform token orientation = "rightHanded"
                    point3f[] points = [(0.53, -0.2675, 1.41475), (0.545, -0.2675, 1.41475), (0.545, 0.2675, 1.41475), (0.53, 0.2675, 1.41475), (0.53, -0.2675, 1.46125), (0.545, -0.2675, 1.46125), (0.545, 0.2675, 1.46125), (0.53, 0.2675, 1.46125)]
                    uniform token subdivisionScheme = "none"
                }

                def Mesh "VentDark" (
                    prepend apiSchemas = ["MaterialBindingAPI"]
                )
                {
                    float3[] extent = [(0.545, -0.1906606, 1.42498), (0.551, 0.1731825, 1.45102)]
                    int[] faceVertexCounts = [4, 4, 4, 4, 4, 4, 4, 4, 4, 4, 4, 4, 4, 4, 4, 4, 4, 4, 4, 4, 4, 4, 4, 4, 4, 4, 4, 4, 4, 4]
                    int[] faceVertexIndices = [0, 3, 2, 1, 4, 5, 6, 7, 0, 1, 5, 4, 2, 3, 7, 6, 1, 2, 6, 5, 3, 0, 4, 7, 8, 11, 10, 9, 12, 13, 14, 15, 8, 9, 13, 12, 10, 11, 15, 14, 9, 10, 14, 13, 11, 8, 12, 15, 16, 19, 18, 17, 20, 21, 22, 23, 16, 17, 21, 20, 18, 19, 23, 22, 17, 18, 22, 21, 19, 16, 20, 23, 24, 27, 26, 25, 28, 29, 30, 31, 24, 25, 29, 28, 26, 27, 31, 30, 25, 26, 30, 29, 27, 24, 28, 31, 32, 35, 34, 33, 36, 37, 38, 39, 32, 33, 37, 36, 34, 35, 39, 38, 33, 34, 38, 37, 35, 32, 36, 39]
                    rel material:binding = </GenericRack/Looks/VentDark>
                    uniform token orientation = "rightHanded"
                    point3f[] points = [(0.545, -0.1906606, 1.42498), (0.547, -0.1906606, 1.42498), (0.547, 0.03487941, 1.42498), (0.545, 0.03487941, 1.42498), (0.545, -0.1906606, 1.45102), (0.547, -0.1906606, 1.45102), (0.547, 0.03487941, 1.45102), (0.545, 0.03487941, 1.45102), (0.549, 0.0845775, 1.431025), (0.551, 0.0845775, 1.431025), (0.551, 0.1006875, 1.431025), (0.549, 0.1006875, 1.431025), (0.549, 0.0845775, 1.444975), (0.551, 0.0845775, 1.444975), (0.551, 0.1006875, 1.444975), (0.549, 0.1006875, 1.444975), (0.549, 0.1087425, 1.431025), (0.551, 0.1087425, 1.431025), (0.551, 0.1248525, 1.431025), (0.549, 0.1248525, 1.431025), (0.549, 0.1087425, 1.444975), (0.551, 0.1087425, 1.444975), (0.551, 0.1248525, 1.444975), (0.549, 0.1248525, 1.444975), (0.549, 0.1329075, 1.431025), (0.551, 0.1329075, 1.431025), (0.551, 0.1490175, 1.431025), (0.549, 0.1490175, 1.431025), (0.549, 0.1329075, 1.444975), (0.551, 0.1329075, 1.444975), (0.551, 0.1490175, 1.444975), (0.549, 0.1490175, 1.444975), (0.549, 0.1570725, 1.431025), (0.551, 0.1570725, 1.431025), (0.551, 0.1731825, 1.431025), (0.549, 0.1731825, 1.431025), (0.549, 0.1570725, 1.444975), (0.551, 0.1570725, 1.444975), (0.551, 0.1731825, 1.444975), (0.549, 0.1731825, 1.444975)]
                    uniform token subdivisionScheme = "none"
                }

                def Mesh "PortCage" (
                    prepend apiSchemas = ["MaterialBindingAPI"]
                )
                {
                    float3[] extent = [(0.545, 0.07518, 1.423585), (0.549, 0.18258, 1.452415)]
                    int[] faceVertexCounts = [4, 4, 4, 4, 4, 4]
                    int[] faceVertexIndices = [0, 3, 2, 1, 4, 5, 6, 7, 0, 1, 5, 4, 2, 3, 7, 6, 1, 2, 6, 5, 3, 0, 4, 7]
                    rel material:binding = </GenericRack/Looks/PortCage>
                    uniform token orientation = "rightHanded"
                    point3f[] points = [(0.545, 0.07518, 1.423585), (0.549, 0.07518, 1.423585), (0.549, 0.18258, 1.423585), (0.545, 0.18258, 1.423585), (0.545, 0.07518, 1.452415), (0.549, 0.07518, 1.452415), (0.549, 0.18258, 1.452415), (0.545, 0.18258, 1.452415)]
                    uniform token subdivisionScheme = "none"
                }

                def Mesh "Handle" (
                    prepend apiSchemas = ["MaterialBindingAPI"]
                )
                {
                    float3[] extent = [(0.545, -0.2535, 1.423585), (0.557, 0.2535, 1.452415)]
                    int[] faceVertexCounts = [4, 4, 4, 4, 4, 4, 4, 4, 4, 4, 4, 4]
                    int[] faceVertexIndices = [0, 3, 2, 1, 4, 5, 6, 7, 0, 1, 5, 4, 2, 3, 7, 6, 1, 2, 6, 5, 3, 0, 4, 7, 8, 11, 10, 9, 12, 13, 14, 15, 8, 9, 13, 12, 10, 11, 15, 14, 9, 10, 14, 13, 11, 8, 12, 15]
                    rel material:binding = </GenericRack/Looks/Handle>
                    uniform token orientation = "rightHanded"
                    point3f[] points = [(0.545, -0.2535, 1.423585), (0.557, -0.2535, 1.423585), (0.557, -0.2395, 1.423585), (0.545, -0.2395, 1.423585), (0.545, -0.2535, 1.452415), (0.557, -0.2535, 1.452415), (0.557, -0.2395, 1.452415), (0.545, -0.2395, 1.452415), (0.545, 0.2395, 1.423585), (0.557, 0.2395, 1.423585), (0.557, 0.2535, 1.423585), (0.545, 0.2535, 1.423585), (0.545, 0.2395, 1.452415), (0.557, 0.2395, 1.452415), (0.557, 0.2535, 1.452415), (0.545, 0.2535, 1.452415)]
                    uniform token subdivisionScheme = "none"
                }

                def Mesh "StatusLamp" (
                    prepend apiSchemas = ["MaterialBindingAPI"]
                )
                {
                    float3[] extent = [(0.545, -0.2215, 1.44437), (0.547, -0.2155, 1.44837)]
                    int[] faceVertexCounts = [4, 4, 4, 4, 4, 4]
                    int[] faceVertexIndices = [0, 3, 2, 1, 4, 5, 6, 7, 0, 1, 5, 4, 2, 3, 7, 6, 1, 2, 6, 5, 3, 0, 4, 7]
                    rel material:binding = </GenericRack/Looks/StatusLamp>
                    uniform token orientation = "rightHanded"
                    point3f[] points = [(0.545, -0.2215, 1.44437), (0.547, -0.2215, 1.44437), (0.547, -0.2155, 1.44437), (0.545, -0.2155, 1.44437), (0.545, -0.2215, 1.44837), (0.547, -0.2215, 1.44837), (0.547, -0.2155, 1.44837), (0.545, -0.2155, 1.44837)]
                    uniform token subdivisionScheme = "none"
                }
            }

            def "compute_30"
            {
                def Mesh "TrayCompute" (
                    prepend apiSchemas = ["MaterialBindingAPI"]
                )
                {
                    float3[] extent = [(0.53, -0.2675, 1.46275), (0.545, 0.2675, 1.50925)]
                    int[] faceVertexCounts = [4, 4, 4, 4, 4, 4]
                    int[] faceVertexIndices = [0, 3, 2, 1, 4, 5, 6, 7, 0, 1, 5, 4, 2, 3, 7, 6, 1, 2, 6, 5, 3, 0, 4, 7]
                    rel material:binding = </GenericRack/Looks/TrayCompute>
                    uniform token orientation = "rightHanded"
                    point3f[] points = [(0.53, -0.2675, 1.46275), (0.545, -0.2675, 1.46275), (0.545, 0.2675, 1.46275), (0.53, 0.2675, 1.46275), (0.53, -0.2675, 1.50925), (0.545, -0.2675, 1.50925), (0.545, 0.2675, 1.50925), (0.53, 0.2675, 1.50925)]
                    uniform token subdivisionScheme = "none"
                }

                def Mesh "VentDark" (
                    prepend apiSchemas = ["MaterialBindingAPI"]
                )
                {
                    float3[] extent = [(0.545, -0.1906606, 1.47298), (0.551, 0.1731825, 1.49902)]
                    int[] faceVertexCounts = [4, 4, 4, 4, 4, 4, 4, 4, 4, 4, 4, 4, 4, 4, 4, 4, 4, 4, 4, 4, 4, 4, 4, 4, 4, 4, 4, 4, 4, 4]
                    int[] faceVertexIndices = [0, 3, 2, 1, 4, 5, 6, 7, 0, 1, 5, 4, 2, 3, 7, 6, 1, 2, 6, 5, 3, 0, 4, 7, 8, 11, 10, 9, 12, 13, 14, 15, 8, 9, 13, 12, 10, 11, 15, 14, 9, 10, 14, 13, 11, 8, 12, 15, 16, 19, 18, 17, 20, 21, 22, 23, 16, 17, 21, 20, 18, 19, 23, 22, 17, 18, 22, 21, 19, 16, 20, 23, 24, 27, 26, 25, 28, 29, 30, 31, 24, 25, 29, 28, 26, 27, 31, 30, 25, 26, 30, 29, 27, 24, 28, 31, 32, 35, 34, 33, 36, 37, 38, 39, 32, 33, 37, 36, 34, 35, 39, 38, 33, 34, 38, 37, 35, 32, 36, 39]
                    rel material:binding = </GenericRack/Looks/VentDark>
                    uniform token orientation = "rightHanded"
                    point3f[] points = [(0.545, -0.1906606, 1.47298), (0.547, -0.1906606, 1.47298), (0.547, 0.03487941, 1.47298), (0.545, 0.03487941, 1.47298), (0.545, -0.1906606, 1.49902), (0.547, -0.1906606, 1.49902), (0.547, 0.03487941, 1.49902), (0.545, 0.03487941, 1.49902), (0.549, 0.0845775, 1.479025), (0.551, 0.0845775, 1.479025), (0.551, 0.1006875, 1.479025), (0.549, 0.1006875, 1.479025), (0.549, 0.0845775, 1.492975), (0.551, 0.0845775, 1.492975), (0.551, 0.1006875, 1.492975), (0.549, 0.1006875, 1.492975), (0.549, 0.1087425, 1.479025), (0.551, 0.1087425, 1.479025), (0.551, 0.1248525, 1.479025), (0.549, 0.1248525, 1.479025), (0.549, 0.1087425, 1.492975), (0.551, 0.1087425, 1.492975), (0.551, 0.1248525, 1.492975), (0.549, 0.1248525, 1.492975), (0.549, 0.1329075, 1.479025), (0.551, 0.1329075, 1.479025), (0.551, 0.1490175, 1.479025), (0.549, 0.1490175, 1.479025), (0.549, 0.1329075, 1.492975), (0.551, 0.1329075, 1.492975), (0.551, 0.1490175, 1.492975), (0.549, 0.1490175, 1.492975), (0.549, 0.1570725, 1.479025), (0.551, 0.1570725, 1.479025), (0.551, 0.1731825, 1.479025), (0.549, 0.1731825, 1.479025), (0.549, 0.1570725, 1.492975), (0.551, 0.1570725, 1.492975), (0.551, 0.1731825, 1.492975), (0.549, 0.1731825, 1.492975)]
                    uniform token subdivisionScheme = "none"
                }

                def Mesh "PortCage" (
                    prepend apiSchemas = ["MaterialBindingAPI"]
                )
                {
                    float3[] extent = [(0.545, 0.07518, 1.471585), (0.549, 0.18258, 1.500415)]
                    int[] faceVertexCounts = [4, 4, 4, 4, 4, 4]
                    int[] faceVertexIndices = [0, 3, 2, 1, 4, 5, 6, 7, 0, 1, 5, 4, 2, 3, 7, 6, 1, 2, 6, 5, 3, 0, 4, 7]
                    rel material:binding = </GenericRack/Looks/PortCage>
                    uniform token orientation = "rightHanded"
                    point3f[] points = [(0.545, 0.07518, 1.471585), (0.549, 0.07518, 1.471585), (0.549, 0.18258, 1.471585), (0.545, 0.18258, 1.471585), (0.545, 0.07518, 1.500415), (0.549, 0.07518, 1.500415), (0.549, 0.18258, 1.500415), (0.545, 0.18258, 1.500415)]
                    uniform token subdivisionScheme = "none"
                }

                def Mesh "Handle" (
                    prepend apiSchemas = ["MaterialBindingAPI"]
                )
                {
                    float3[] extent = [(0.545, -0.2535, 1.471585), (0.557, 0.2535, 1.500415)]
                    int[] faceVertexCounts = [4, 4, 4, 4, 4, 4, 4, 4, 4, 4, 4, 4]
                    int[] faceVertexIndices = [0, 3, 2, 1, 4, 5, 6, 7, 0, 1, 5, 4, 2, 3, 7, 6, 1, 2, 6, 5, 3, 0, 4, 7, 8, 11, 10, 9, 12, 13, 14, 15, 8, 9, 13, 12, 10, 11, 15, 14, 9, 10, 14, 13, 11, 8, 12, 15]
                    rel material:binding = </GenericRack/Looks/Handle>
                    uniform token orientation = "rightHanded"
                    point3f[] points = [(0.545, -0.2535, 1.471585), (0.557, -0.2535, 1.471585), (0.557, -0.2395, 1.471585), (0.545, -0.2395, 1.471585), (0.545, -0.2535, 1.500415), (0.557, -0.2535, 1.500415), (0.557, -0.2395, 1.500415), (0.545, -0.2395, 1.500415), (0.545, 0.2395, 1.471585), (0.557, 0.2395, 1.471585), (0.557, 0.2535, 1.471585), (0.545, 0.2535, 1.471585), (0.545, 0.2395, 1.500415), (0.557, 0.2395, 1.500415), (0.557, 0.2535, 1.500415), (0.545, 0.2535, 1.500415)]
                    uniform token subdivisionScheme = "none"
                }

                def Mesh "StatusLamp" (
                    prepend apiSchemas = ["MaterialBindingAPI"]
                )
                {
                    float3[] extent = [(0.545, -0.2215, 1.49237), (0.547, -0.2155, 1.49637)]
                    int[] faceVertexCounts = [4, 4, 4, 4, 4, 4]
                    int[] faceVertexIndices = [0, 3, 2, 1, 4, 5, 6, 7, 0, 1, 5, 4, 2, 3, 7, 6, 1, 2, 6, 5, 3, 0, 4, 7]
                    rel material:binding = </GenericRack/Looks/StatusLamp>
                    uniform token orientation = "rightHanded"
                    point3f[] points = [(0.545, -0.2215, 1.49237), (0.547, -0.2215, 1.49237), (0.547, -0.2155, 1.49237), (0.545, -0.2155, 1.49237), (0.545, -0.2215, 1.49637), (0.547, -0.2215, 1.49637), (0.547, -0.2155, 1.49637), (0.545, -0.2155, 1.49637)]
                    uniform token subdivisionScheme = "none"
                }
            }

            def "compute_31"
            {
                def Mesh "TrayCompute" (
                    prepend apiSchemas = ["MaterialBindingAPI"]
                )
                {
                    float3[] extent = [(0.53, -0.2675, 1.51075), (0.545, 0.2675, 1.55725)]
                    int[] faceVertexCounts = [4, 4, 4, 4, 4, 4]
                    int[] faceVertexIndices = [0, 3, 2, 1, 4, 5, 6, 7, 0, 1, 5, 4, 2, 3, 7, 6, 1, 2, 6, 5, 3, 0, 4, 7]
                    rel material:binding = </GenericRack/Looks/TrayCompute>
                    uniform token orientation = "rightHanded"
                    point3f[] points = [(0.53, -0.2675, 1.51075), (0.545, -0.2675, 1.51075), (0.545, 0.2675, 1.51075), (0.53, 0.2675, 1.51075), (0.53, -0.2675, 1.55725), (0.545, -0.2675, 1.55725), (0.545, 0.2675, 1.55725), (0.53, 0.2675, 1.55725)]
                    uniform token subdivisionScheme = "none"
                }

                def Mesh "VentDark" (
                    prepend apiSchemas = ["MaterialBindingAPI"]
                )
                {
                    float3[] extent = [(0.545, -0.1906606, 1.52098), (0.551, 0.1731825, 1.54702)]
                    int[] faceVertexCounts = [4, 4, 4, 4, 4, 4, 4, 4, 4, 4, 4, 4, 4, 4, 4, 4, 4, 4, 4, 4, 4, 4, 4, 4, 4, 4, 4, 4, 4, 4]
                    int[] faceVertexIndices = [0, 3, 2, 1, 4, 5, 6, 7, 0, 1, 5, 4, 2, 3, 7, 6, 1, 2, 6, 5, 3, 0, 4, 7, 8, 11, 10, 9, 12, 13, 14, 15, 8, 9, 13, 12, 10, 11, 15, 14, 9, 10, 14, 13, 11, 8, 12, 15, 16, 19, 18, 17, 20, 21, 22, 23, 16, 17, 21, 20, 18, 19, 23, 22, 17, 18, 22, 21, 19, 16, 20, 23, 24, 27, 26, 25, 28, 29, 30, 31, 24, 25, 29, 28, 26, 27, 31, 30, 25, 26, 30, 29, 27, 24, 28, 31, 32, 35, 34, 33, 36, 37, 38, 39, 32, 33, 37, 36, 34, 35, 39, 38, 33, 34, 38, 37, 35, 32, 36, 39]
                    rel material:binding = </GenericRack/Looks/VentDark>
                    uniform token orientation = "rightHanded"
                    point3f[] points = [(0.545, -0.1906606, 1.52098), (0.547, -0.1906606, 1.52098), (0.547, 0.03487941, 1.52098), (0.545, 0.03487941, 1.52098), (0.545, -0.1906606, 1.54702), (0.547, -0.1906606, 1.54702), (0.547, 0.03487941, 1.54702), (0.545, 0.03487941, 1.54702), (0.549, 0.0845775, 1.527025), (0.551, 0.0845775, 1.527025), (0.551, 0.1006875, 1.527025), (0.549, 0.1006875, 1.527025), (0.549, 0.0845775, 1.540975), (0.551, 0.0845775, 1.540975), (0.551, 0.1006875, 1.540975), (0.549, 0.1006875, 1.540975), (0.549, 0.1087425, 1.527025), (0.551, 0.1087425, 1.527025), (0.551, 0.1248525, 1.527025), (0.549, 0.1248525, 1.527025), (0.549, 0.1087425, 1.540975), (0.551, 0.1087425, 1.540975), (0.551, 0.1248525, 1.540975), (0.549, 0.1248525, 1.540975), (0.549, 0.1329075, 1.527025), (0.551, 0.1329075, 1.527025), (0.551, 0.1490175, 1.527025), (0.549, 0.1490175, 1.527025), (0.549, 0.1329075, 1.540975), (0.551, 0.1329075, 1.540975), (0.551, 0.1490175, 1.540975), (0.549, 0.1490175, 1.540975), (0.549, 0.1570725, 1.527025), (0.551, 0.1570725, 1.527025), (0.551, 0.1731825, 1.527025), (0.549, 0.1731825, 1.527025), (0.549, 0.1570725, 1.540975), (0.551, 0.1570725, 1.540975), (0.551, 0.1731825, 1.540975), (0.549, 0.1731825, 1.540975)]
                    uniform token subdivisionScheme = "none"
                }

                def Mesh "PortCage" (
                    prepend apiSchemas = ["MaterialBindingAPI"]
                )
                {
                    float3[] extent = [(0.545, 0.07518, 1.519585), (0.549, 0.18258, 1.548415)]
                    int[] faceVertexCounts = [4, 4, 4, 4, 4, 4]
                    int[] faceVertexIndices = [0, 3, 2, 1, 4, 5, 6, 7, 0, 1, 5, 4, 2, 3, 7, 6, 1, 2, 6, 5, 3, 0, 4, 7]
                    rel material:binding = </GenericRack/Looks/PortCage>
                    uniform token orientation = "rightHanded"
                    point3f[] points = [(0.545, 0.07518, 1.519585), (0.549, 0.07518, 1.519585), (0.549, 0.18258, 1.519585), (0.545, 0.18258, 1.519585), (0.545, 0.07518, 1.548415), (0.549, 0.07518, 1.548415), (0.549, 0.18258, 1.548415), (0.545, 0.18258, 1.548415)]
                    uniform token subdivisionScheme = "none"
                }

                def Mesh "Handle" (
                    prepend apiSchemas = ["MaterialBindingAPI"]
                )
                {
                    float3[] extent = [(0.545, -0.2535, 1.519585), (0.557, 0.2535, 1.548415)]
                    int[] faceVertexCounts = [4, 4, 4, 4, 4, 4, 4, 4, 4, 4, 4, 4]
                    int[] faceVertexIndices = [0, 3, 2, 1, 4, 5, 6, 7, 0, 1, 5, 4, 2, 3, 7, 6, 1, 2, 6, 5, 3, 0, 4, 7, 8, 11, 10, 9, 12, 13, 14, 15, 8, 9, 13, 12, 10, 11, 15, 14, 9, 10, 14, 13, 11, 8, 12, 15]
                    rel material:binding = </GenericRack/Looks/Handle>
                    uniform token orientation = "rightHanded"
                    point3f[] points = [(0.545, -0.2535, 1.519585), (0.557, -0.2535, 1.519585), (0.557, -0.2395, 1.519585), (0.545, -0.2395, 1.519585), (0.545, -0.2535, 1.548415), (0.557, -0.2535, 1.548415), (0.557, -0.2395, 1.548415), (0.545, -0.2395, 1.548415), (0.545, 0.2395, 1.519585), (0.557, 0.2395, 1.519585), (0.557, 0.2535, 1.519585), (0.545, 0.2535, 1.519585), (0.545, 0.2395, 1.548415), (0.557, 0.2395, 1.548415), (0.557, 0.2535, 1.548415), (0.545, 0.2535, 1.548415)]
                    uniform token subdivisionScheme = "none"
                }

                def Mesh "StatusLamp" (
                    prepend apiSchemas = ["MaterialBindingAPI"]
                )
                {
                    float3[] extent = [(0.545, -0.2215, 1.54037), (0.547, -0.2155, 1.54437)]
                    int[] faceVertexCounts = [4, 4, 4, 4, 4, 4]
                    int[] faceVertexIndices = [0, 3, 2, 1, 4, 5, 6, 7, 0, 1, 5, 4, 2, 3, 7, 6, 1, 2, 6, 5, 3, 0, 4, 7]
                    rel material:binding = </GenericRack/Looks/StatusLamp>
                    uniform token orientation = "rightHanded"
                    point3f[] points = [(0.545, -0.2215, 1.54037), (0.547, -0.2215, 1.54037), (0.547, -0.2155, 1.54037), (0.545, -0.2155, 1.54037), (0.545, -0.2215, 1.54437), (0.547, -0.2215, 1.54437), (0.547, -0.2155, 1.54437), (0.545, -0.2155, 1.54437)]
                    uniform token subdivisionScheme = "none"
                }
            }

            def "compute_32"
            {
                def Mesh "TrayCompute" (
                    prepend apiSchemas = ["MaterialBindingAPI"]
                )
                {
                    float3[] extent = [(0.53, -0.2675, 1.55875), (0.545, 0.2675, 1.60525)]
                    int[] faceVertexCounts = [4, 4, 4, 4, 4, 4]
                    int[] faceVertexIndices = [0, 3, 2, 1, 4, 5, 6, 7, 0, 1, 5, 4, 2, 3, 7, 6, 1, 2, 6, 5, 3, 0, 4, 7]
                    rel material:binding = </GenericRack/Looks/TrayCompute>
                    uniform token orientation = "rightHanded"
                    point3f[] points = [(0.53, -0.2675, 1.55875), (0.545, -0.2675, 1.55875), (0.545, 0.2675, 1.55875), (0.53, 0.2675, 1.55875), (0.53, -0.2675, 1.60525), (0.545, -0.2675, 1.60525), (0.545, 0.2675, 1.60525), (0.53, 0.2675, 1.60525)]
                    uniform token subdivisionScheme = "none"
                }

                def Mesh "VentDark" (
                    prepend apiSchemas = ["MaterialBindingAPI"]
                )
                {
                    float3[] extent = [(0.545, -0.1906606, 1.56898), (0.551, 0.1731825, 1.59502)]
                    int[] faceVertexCounts = [4, 4, 4, 4, 4, 4, 4, 4, 4, 4, 4, 4, 4, 4, 4, 4, 4, 4, 4, 4, 4, 4, 4, 4, 4, 4, 4, 4, 4, 4]
                    int[] faceVertexIndices = [0, 3, 2, 1, 4, 5, 6, 7, 0, 1, 5, 4, 2, 3, 7, 6, 1, 2, 6, 5, 3, 0, 4, 7, 8, 11, 10, 9, 12, 13, 14, 15, 8, 9, 13, 12, 10, 11, 15, 14, 9, 10, 14, 13, 11, 8, 12, 15, 16, 19, 18, 17, 20, 21, 22, 23, 16, 17, 21, 20, 18, 19, 23, 22, 17, 18, 22, 21, 19, 16, 20, 23, 24, 27, 26, 25, 28, 29, 30, 31, 24, 25, 29, 28, 26, 27, 31, 30, 25, 26, 30, 29, 27, 24, 28, 31, 32, 35, 34, 33, 36, 37, 38, 39, 32, 33, 37, 36, 34, 35, 39, 38, 33, 34, 38, 37, 35, 32, 36, 39]
                    rel material:binding = </GenericRack/Looks/VentDark>
                    uniform token orientation = "rightHanded"
                    point3f[] points = [(0.545, -0.1906606, 1.56898), (0.547, -0.1906606, 1.56898), (0.547, 0.03487941, 1.56898), (0.545, 0.03487941, 1.56898), (0.545, -0.1906606, 1.59502), (0.547, -0.1906606, 1.59502), (0.547, 0.03487941, 1.59502), (0.545, 0.03487941, 1.59502), (0.549, 0.0845775, 1.575025), (0.551, 0.0845775, 1.575025), (0.551, 0.1006875, 1.575025), (0.549, 0.1006875, 1.575025), (0.549, 0.0845775, 1.588975), (0.551, 0.0845775, 1.588975), (0.551, 0.1006875, 1.588975), (0.549, 0.1006875, 1.588975), (0.549, 0.1087425, 1.575025), (0.551, 0.1087425, 1.575025), (0.551, 0.1248525, 1.575025), (0.549, 0.1248525, 1.575025), (0.549, 0.1087425, 1.588975), (0.551, 0.1087425, 1.588975), (0.551, 0.1248525, 1.588975), (0.549, 0.1248525, 1.588975), (0.549, 0.1329075, 1.575025), (0.551, 0.1329075, 1.575025), (0.551, 0.1490175, 1.575025), (0.549, 0.1490175, 1.575025), (0.549, 0.1329075, 1.588975), (0.551, 0.1329075, 1.588975), (0.551, 0.1490175, 1.588975), (0.549, 0.1490175, 1.588975), (0.549, 0.1570725, 1.575025), (0.551, 0.1570725, 1.575025), (0.551, 0.1731825, 1.575025), (0.549, 0.1731825, 1.575025), (0.549, 0.1570725, 1.588975), (0.551, 0.1570725, 1.588975), (0.551, 0.1731825, 1.588975), (0.549, 0.1731825, 1.588975)]
                    uniform token subdivisionScheme = "none"
                }

                def Mesh "PortCage" (
                    prepend apiSchemas = ["MaterialBindingAPI"]
                )
                {
                    float3[] extent = [(0.545, 0.07518, 1.567585), (0.549, 0.18258, 1.596415)]
                    int[] faceVertexCounts = [4, 4, 4, 4, 4, 4]
                    int[] faceVertexIndices = [0, 3, 2, 1, 4, 5, 6, 7, 0, 1, 5, 4, 2, 3, 7, 6, 1, 2, 6, 5, 3, 0, 4, 7]
                    rel material:binding = </GenericRack/Looks/PortCage>
                    uniform token orientation = "rightHanded"
                    point3f[] points = [(0.545, 0.07518, 1.567585), (0.549, 0.07518, 1.567585), (0.549, 0.18258, 1.567585), (0.545, 0.18258, 1.567585), (0.545, 0.07518, 1.596415), (0.549, 0.07518, 1.596415), (0.549, 0.18258, 1.596415), (0.545, 0.18258, 1.596415)]
                    uniform token subdivisionScheme = "none"
                }

                def Mesh "Handle" (
                    prepend apiSchemas = ["MaterialBindingAPI"]
                )
                {
                    float3[] extent = [(0.545, -0.2535, 1.567585), (0.557, 0.2535, 1.596415)]
                    int[] faceVertexCounts = [4, 4, 4, 4, 4, 4, 4, 4, 4, 4, 4, 4]
                    int[] faceVertexIndices = [0, 3, 2, 1, 4, 5, 6, 7, 0, 1, 5, 4, 2, 3, 7, 6, 1, 2, 6, 5, 3, 0, 4, 7, 8, 11, 10, 9, 12, 13, 14, 15, 8, 9, 13, 12, 10, 11, 15, 14, 9, 10, 14, 13, 11, 8, 12, 15]
                    rel material:binding = </GenericRack/Looks/Handle>
                    uniform token orientation = "rightHanded"
                    point3f[] points = [(0.545, -0.2535, 1.567585), (0.557, -0.2535, 1.567585), (0.557, -0.2395, 1.567585), (0.545, -0.2395, 1.567585), (0.545, -0.2535, 1.596415), (0.557, -0.2535, 1.596415), (0.557, -0.2395, 1.596415), (0.545, -0.2395, 1.596415), (0.545, 0.2395, 1.567585), (0.557, 0.2395, 1.567585), (0.557, 0.2535, 1.567585), (0.545, 0.2535, 1.567585), (0.545, 0.2395, 1.596415), (0.557, 0.2395, 1.596415), (0.557, 0.2535, 1.596415), (0.545, 0.2535, 1.596415)]
                    uniform token subdivisionScheme = "none"
                }

                def Mesh "StatusLamp" (
                    prepend apiSchemas = ["MaterialBindingAPI"]
                )
                {
                    float3[] extent = [(0.545, -0.2215, 1.58837), (0.547, -0.2155, 1.59237)]
                    int[] faceVertexCounts = [4, 4, 4, 4, 4, 4]
                    int[] faceVertexIndices = [0, 3, 2, 1, 4, 5, 6, 7, 0, 1, 5, 4, 2, 3, 7, 6, 1, 2, 6, 5, 3, 0, 4, 7]
                    rel material:binding = </GenericRack/Looks/StatusLamp>
                    uniform token orientation = "rightHanded"
                    point3f[] points = [(0.545, -0.2215, 1.58837), (0.547, -0.2215, 1.58837), (0.547, -0.2155, 1.58837), (0.545, -0.2155, 1.58837), (0.545, -0.2215, 1.59237), (0.547, -0.2215, 1.59237), (0.547, -0.2155, 1.59237), (0.545, -0.2155, 1.59237)]
                    uniform token subdivisionScheme = "none"
                }
            }

            def "compute_33"
            {
                def Mesh "TrayCompute" (
                    prepend apiSchemas = ["MaterialBindingAPI"]
                )
                {
                    float3[] extent = [(0.53, -0.2675, 1.60675), (0.545, 0.2675, 1.65325)]
                    int[] faceVertexCounts = [4, 4, 4, 4, 4, 4]
                    int[] faceVertexIndices = [0, 3, 2, 1, 4, 5, 6, 7, 0, 1, 5, 4, 2, 3, 7, 6, 1, 2, 6, 5, 3, 0, 4, 7]
                    rel material:binding = </GenericRack/Looks/TrayCompute>
                    uniform token orientation = "rightHanded"
                    point3f[] points = [(0.53, -0.2675, 1.60675), (0.545, -0.2675, 1.60675), (0.545, 0.2675, 1.60675), (0.53, 0.2675, 1.60675), (0.53, -0.2675, 1.65325), (0.545, -0.2675, 1.65325), (0.545, 0.2675, 1.65325), (0.53, 0.2675, 1.65325)]
                    uniform token subdivisionScheme = "none"
                }

                def Mesh "VentDark" (
                    prepend apiSchemas = ["MaterialBindingAPI"]
                )
                {
                    float3[] extent = [(0.545, -0.1906606, 1.61698), (0.551, 0.1731825, 1.64302)]
                    int[] faceVertexCounts = [4, 4, 4, 4, 4, 4, 4, 4, 4, 4, 4, 4, 4, 4, 4, 4, 4, 4, 4, 4, 4, 4, 4, 4, 4, 4, 4, 4, 4, 4]
                    int[] faceVertexIndices = [0, 3, 2, 1, 4, 5, 6, 7, 0, 1, 5, 4, 2, 3, 7, 6, 1, 2, 6, 5, 3, 0, 4, 7, 8, 11, 10, 9, 12, 13, 14, 15, 8, 9, 13, 12, 10, 11, 15, 14, 9, 10, 14, 13, 11, 8, 12, 15, 16, 19, 18, 17, 20, 21, 22, 23, 16, 17, 21, 20, 18, 19, 23, 22, 17, 18, 22, 21, 19, 16, 20, 23, 24, 27, 26, 25, 28, 29, 30, 31, 24, 25, 29, 28, 26, 27, 31, 30, 25, 26, 30, 29, 27, 24, 28, 31, 32, 35, 34, 33, 36, 37, 38, 39, 32, 33, 37, 36, 34, 35, 39, 38, 33, 34, 38, 37, 35, 32, 36, 39]
                    rel material:binding = </GenericRack/Looks/VentDark>
                    uniform token orientation = "rightHanded"
                    point3f[] points = [(0.545, -0.1906606, 1.61698), (0.547, -0.1906606, 1.61698), (0.547, 0.03487941, 1.61698), (0.545, 0.03487941, 1.61698), (0.545, -0.1906606, 1.64302), (0.547, -0.1906606, 1.64302), (0.547, 0.03487941, 1.64302), (0.545, 0.03487941, 1.64302), (0.549, 0.0845775, 1.623025), (0.551, 0.0845775, 1.623025), (0.551, 0.1006875, 1.623025), (0.549, 0.1006875, 1.623025), (0.549, 0.0845775, 1.636975), (0.551, 0.0845775, 1.636975), (0.551, 0.1006875, 1.636975), (0.549, 0.1006875, 1.636975), (0.549, 0.1087425, 1.623025), (0.551, 0.1087425, 1.623025), (0.551, 0.1248525, 1.623025), (0.549, 0.1248525, 1.623025), (0.549, 0.1087425, 1.636975), (0.551, 0.1087425, 1.636975), (0.551, 0.1248525, 1.636975), (0.549, 0.1248525, 1.636975), (0.549, 0.1329075, 1.623025), (0.551, 0.1329075, 1.623025), (0.551, 0.1490175, 1.623025), (0.549, 0.1490175, 1.623025), (0.549, 0.1329075, 1.636975), (0.551, 0.1329075, 1.636975), (0.551, 0.1490175, 1.636975), (0.549, 0.1490175, 1.636975), (0.549, 0.1570725, 1.623025), (0.551, 0.1570725, 1.623025), (0.551, 0.1731825, 1.623025), (0.549, 0.1731825, 1.623025), (0.549, 0.1570725, 1.636975), (0.551, 0.1570725, 1.636975), (0.551, 0.1731825, 1.636975), (0.549, 0.1731825, 1.636975)]
                    uniform token subdivisionScheme = "none"
                }

                def Mesh "PortCage" (
                    prepend apiSchemas = ["MaterialBindingAPI"]
                )
                {
                    float3[] extent = [(0.545, 0.07518, 1.615585), (0.549, 0.18258, 1.644415)]
                    int[] faceVertexCounts = [4, 4, 4, 4, 4, 4]
                    int[] faceVertexIndices = [0, 3, 2, 1, 4, 5, 6, 7, 0, 1, 5, 4, 2, 3, 7, 6, 1, 2, 6, 5, 3, 0, 4, 7]
                    rel material:binding = </GenericRack/Looks/PortCage>
                    uniform token orientation = "rightHanded"
                    point3f[] points = [(0.545, 0.07518, 1.615585), (0.549, 0.07518, 1.615585), (0.549, 0.18258, 1.615585), (0.545, 0.18258, 1.615585), (0.545, 0.07518, 1.644415), (0.549, 0.07518, 1.644415), (0.549, 0.18258, 1.644415), (0.545, 0.18258, 1.644415)]
                    uniform token subdivisionScheme = "none"
                }

                def Mesh "Handle" (
                    prepend apiSchemas = ["MaterialBindingAPI"]
                )
                {
                    float3[] extent = [(0.545, -0.2535, 1.615585), (0.557, 0.2535, 1.644415)]
                    int[] faceVertexCounts = [4, 4, 4, 4, 4, 4, 4, 4, 4, 4, 4, 4]
                    int[] faceVertexIndices = [0, 3, 2, 1, 4, 5, 6, 7, 0, 1, 5, 4, 2, 3, 7, 6, 1, 2, 6, 5, 3, 0, 4, 7, 8, 11, 10, 9, 12, 13, 14, 15, 8, 9, 13, 12, 10, 11, 15, 14, 9, 10, 14, 13, 11, 8, 12, 15]
                    rel material:binding = </GenericRack/Looks/Handle>
                    uniform token orientation = "rightHanded"
                    point3f[] points = [(0.545, -0.2535, 1.615585), (0.557, -0.2535, 1.615585), (0.557, -0.2395, 1.615585), (0.545, -0.2395, 1.615585), (0.545, -0.2535, 1.644415), (0.557, -0.2535, 1.644415), (0.557, -0.2395, 1.644415), (0.545, -0.2395, 1.644415), (0.545, 0.2395, 1.615585), (0.557, 0.2395, 1.615585), (0.557, 0.2535, 1.615585), (0.545, 0.2535, 1.615585), (0.545, 0.2395, 1.644415), (0.557, 0.2395, 1.644415), (0.557, 0.2535, 1.644415), (0.545, 0.2535, 1.644415)]
                    uniform token subdivisionScheme = "none"
                }

                def Mesh "StatusLamp" (
                    prepend apiSchemas = ["MaterialBindingAPI"]
                )
                {
                    float3[] extent = [(0.545, -0.2215, 1.63637), (0.547, -0.2155, 1.64037)]
                    int[] faceVertexCounts = [4, 4, 4, 4, 4, 4]
                    int[] faceVertexIndices = [0, 3, 2, 1, 4, 5, 6, 7, 0, 1, 5, 4, 2, 3, 7, 6, 1, 2, 6, 5, 3, 0, 4, 7]
                    rel material:binding = </GenericRack/Looks/StatusLamp>
                    uniform token orientation = "rightHanded"
                    point3f[] points = [(0.545, -0.2215, 1.63637), (0.547, -0.2215, 1.63637), (0.547, -0.2155, 1.63637), (0.545, -0.2155, 1.63637), (0.545, -0.2215, 1.64037), (0.547, -0.2215, 1.64037), (0.547, -0.2155, 1.64037), (0.545, -0.2155, 1.64037)]
                    uniform token subdivisionScheme = "none"
                }
            }

            def "compute_34"
            {
                def Mesh "TrayCompute" (
                    prepend apiSchemas = ["MaterialBindingAPI"]
                )
                {
                    float3[] extent = [(0.53, -0.2675, 1.65475), (0.545, 0.2675, 1.70125)]
                    int[] faceVertexCounts = [4, 4, 4, 4, 4, 4]
                    int[] faceVertexIndices = [0, 3, 2, 1, 4, 5, 6, 7, 0, 1, 5, 4, 2, 3, 7, 6, 1, 2, 6, 5, 3, 0, 4, 7]
                    rel material:binding = </GenericRack/Looks/TrayCompute>
                    uniform token orientation = "rightHanded"
                    point3f[] points = [(0.53, -0.2675, 1.65475), (0.545, -0.2675, 1.65475), (0.545, 0.2675, 1.65475), (0.53, 0.2675, 1.65475), (0.53, -0.2675, 1.70125), (0.545, -0.2675, 1.70125), (0.545, 0.2675, 1.70125), (0.53, 0.2675, 1.70125)]
                    uniform token subdivisionScheme = "none"
                }

                def Mesh "VentDark" (
                    prepend apiSchemas = ["MaterialBindingAPI"]
                )
                {
                    float3[] extent = [(0.545, -0.1906606, 1.66498), (0.551, 0.1731825, 1.69102)]
                    int[] faceVertexCounts = [4, 4, 4, 4, 4, 4, 4, 4, 4, 4, 4, 4, 4, 4, 4, 4, 4, 4, 4, 4, 4, 4, 4, 4, 4, 4, 4, 4, 4, 4]
                    int[] faceVertexIndices = [0, 3, 2, 1, 4, 5, 6, 7, 0, 1, 5, 4, 2, 3, 7, 6, 1, 2, 6, 5, 3, 0, 4, 7, 8, 11, 10, 9, 12, 13, 14, 15, 8, 9, 13, 12, 10, 11, 15, 14, 9, 10, 14, 13, 11, 8, 12, 15, 16, 19, 18, 17, 20, 21, 22, 23, 16, 17, 21, 20, 18, 19, 23, 22, 17, 18, 22, 21, 19, 16, 20, 23, 24, 27, 26, 25, 28, 29, 30, 31, 24, 25, 29, 28, 26, 27, 31, 30, 25, 26, 30, 29, 27, 24, 28, 31, 32, 35, 34, 33, 36, 37, 38, 39, 32, 33, 37, 36, 34, 35, 39, 38, 33, 34, 38, 37, 35, 32, 36, 39]
                    rel material:binding = </GenericRack/Looks/VentDark>
                    uniform token orientation = "rightHanded"
                    point3f[] points = [(0.545, -0.1906606, 1.66498), (0.547, -0.1906606, 1.66498), (0.547, 0.03487941, 1.66498), (0.545, 0.03487941, 1.66498), (0.545, -0.1906606, 1.69102), (0.547, -0.1906606, 1.69102), (0.547, 0.03487941, 1.69102), (0.545, 0.03487941, 1.69102), (0.549, 0.0845775, 1.671025), (0.551, 0.0845775, 1.671025), (0.551, 0.1006875, 1.671025), (0.549, 0.1006875, 1.671025), (0.549, 0.0845775, 1.684975), (0.551, 0.0845775, 1.684975), (0.551, 0.1006875, 1.684975), (0.549, 0.1006875, 1.684975), (0.549, 0.1087425, 1.671025), (0.551, 0.1087425, 1.671025), (0.551, 0.1248525, 1.671025), (0.549, 0.1248525, 1.671025), (0.549, 0.1087425, 1.684975), (0.551, 0.1087425, 1.684975), (0.551, 0.1248525, 1.684975), (0.549, 0.1248525, 1.684975), (0.549, 0.1329075, 1.671025), (0.551, 0.1329075, 1.671025), (0.551, 0.1490175, 1.671025), (0.549, 0.1490175, 1.671025), (0.549, 0.1329075, 1.684975), (0.551, 0.1329075, 1.684975), (0.551, 0.1490175, 1.684975), (0.549, 0.1490175, 1.684975), (0.549, 0.1570725, 1.671025), (0.551, 0.1570725, 1.671025), (0.551, 0.1731825, 1.671025), (0.549, 0.1731825, 1.671025), (0.549, 0.1570725, 1.684975), (0.551, 0.1570725, 1.684975), (0.551, 0.1731825, 1.684975), (0.549, 0.1731825, 1.684975)]
                    uniform token subdivisionScheme = "none"
                }

                def Mesh "PortCage" (
                    prepend apiSchemas = ["MaterialBindingAPI"]
                )
                {
                    float3[] extent = [(0.545, 0.07518, 1.663585), (0.549, 0.18258, 1.692415)]
                    int[] faceVertexCounts = [4, 4, 4, 4, 4, 4]
                    int[] faceVertexIndices = [0, 3, 2, 1, 4, 5, 6, 7, 0, 1, 5, 4, 2, 3, 7, 6, 1, 2, 6, 5, 3, 0, 4, 7]
                    rel material:binding = </GenericRack/Looks/PortCage>
                    uniform token orientation = "rightHanded"
                    point3f[] points = [(0.545, 0.07518, 1.663585), (0.549, 0.07518, 1.663585), (0.549, 0.18258, 1.663585), (0.545, 0.18258, 1.663585), (0.545, 0.07518, 1.692415), (0.549, 0.07518, 1.692415), (0.549, 0.18258, 1.692415), (0.545, 0.18258, 1.692415)]
                    uniform token subdivisionScheme = "none"
                }

                def Mesh "Handle" (
                    prepend apiSchemas = ["MaterialBindingAPI"]
                )
                {
                    float3[] extent = [(0.545, -0.2535, 1.663585), (0.557, 0.2535, 1.692415)]
                    int[] faceVertexCounts = [4, 4, 4, 4, 4, 4, 4, 4, 4, 4, 4, 4]
                    int[] faceVertexIndices = [0, 3, 2, 1, 4, 5, 6, 7, 0, 1, 5, 4, 2, 3, 7, 6, 1, 2, 6, 5, 3, 0, 4, 7, 8, 11, 10, 9, 12, 13, 14, 15, 8, 9, 13, 12, 10, 11, 15, 14, 9, 10, 14, 13, 11, 8, 12, 15]
                    rel material:binding = </GenericRack/Looks/Handle>
                    uniform token orientation = "rightHanded"
                    point3f[] points = [(0.545, -0.2535, 1.663585), (0.557, -0.2535, 1.663585), (0.557, -0.2395, 1.663585), (0.545, -0.2395, 1.663585), (0.545, -0.2535, 1.692415), (0.557, -0.2535, 1.692415), (0.557, -0.2395, 1.692415), (0.545, -0.2395, 1.692415), (0.545, 0.2395, 1.663585), (0.557, 0.2395, 1.663585), (0.557, 0.2535, 1.663585), (0.545, 0.2535, 1.663585), (0.545, 0.2395, 1.692415), (0.557, 0.2395, 1.692415), (0.557, 0.2535, 1.692415), (0.545, 0.2535, 1.692415)]
                    uniform token subdivisionScheme = "none"
                }

                def Mesh "StatusLamp" (
                    prepend apiSchemas = ["MaterialBindingAPI"]
                )
                {
                    float3[] extent = [(0.545, -0.2215, 1.68437), (0.547, -0.2155, 1.68837)]
                    int[] faceVertexCounts = [4, 4, 4, 4, 4, 4]
                    int[] faceVertexIndices = [0, 3, 2, 1, 4, 5, 6, 7, 0, 1, 5, 4, 2, 3, 7, 6, 1, 2, 6, 5, 3, 0, 4, 7]
                    rel material:binding = </GenericRack/Looks/StatusLamp>
                    uniform token orientation = "rightHanded"
                    point3f[] points = [(0.545, -0.2215, 1.68437), (0.547, -0.2215, 1.68437), (0.547, -0.2155, 1.68437), (0.545, -0.2155, 1.68437), (0.545, -0.2215, 1.68837), (0.547, -0.2215, 1.68837), (0.547, -0.2155, 1.68837), (0.545, -0.2155, 1.68837)]
                    uniform token subdivisionScheme = "none"
                }
            }

            def "compute_35"
            {
                def Mesh "TrayCompute" (
                    prepend apiSchemas = ["MaterialBindingAPI"]
                )
                {
                    float3[] extent = [(0.53, -0.2675, 1.70275), (0.545, 0.2675, 1.74925)]
                    int[] faceVertexCounts = [4, 4, 4, 4, 4, 4]
                    int[] faceVertexIndices = [0, 3, 2, 1, 4, 5, 6, 7, 0, 1, 5, 4, 2, 3, 7, 6, 1, 2, 6, 5, 3, 0, 4, 7]
                    rel material:binding = </GenericRack/Looks/TrayCompute>
                    uniform token orientation = "rightHanded"
                    point3f[] points = [(0.53, -0.2675, 1.70275), (0.545, -0.2675, 1.70275), (0.545, 0.2675, 1.70275), (0.53, 0.2675, 1.70275), (0.53, -0.2675, 1.74925), (0.545, -0.2675, 1.74925), (0.545, 0.2675, 1.74925), (0.53, 0.2675, 1.74925)]
                    uniform token subdivisionScheme = "none"
                }

                def Mesh "VentDark" (
                    prepend apiSchemas = ["MaterialBindingAPI"]
                )
                {
                    float3[] extent = [(0.545, -0.1906606, 1.71298), (0.551, 0.1731825, 1.73902)]
                    int[] faceVertexCounts = [4, 4, 4, 4, 4, 4, 4, 4, 4, 4, 4, 4, 4, 4, 4, 4, 4, 4, 4, 4, 4, 4, 4, 4, 4, 4, 4, 4, 4, 4]
                    int[] faceVertexIndices = [0, 3, 2, 1, 4, 5, 6, 7, 0, 1, 5, 4, 2, 3, 7, 6, 1, 2, 6, 5, 3, 0, 4, 7, 8, 11, 10, 9, 12, 13, 14, 15, 8, 9, 13, 12, 10, 11, 15, 14, 9, 10, 14, 13, 11, 8, 12, 15, 16, 19, 18, 17, 20, 21, 22, 23, 16, 17, 21, 20, 18, 19, 23, 22, 17, 18, 22, 21, 19, 16, 20, 23, 24, 27, 26, 25, 28, 29, 30, 31, 24, 25, 29, 28, 26, 27, 31, 30, 25, 26, 30, 29, 27, 24, 28, 31, 32, 35, 34, 33, 36, 37, 38, 39, 32, 33, 37, 36, 34, 35, 39, 38, 33, 34, 38, 37, 35, 32, 36, 39]
                    rel material:binding = </GenericRack/Looks/VentDark>
                    uniform token orientation = "rightHanded"
                    point3f[] points = [(0.545, -0.1906606, 1.71298), (0.547, -0.1906606, 1.71298), (0.547, 0.03487941, 1.71298), (0.545, 0.03487941, 1.71298), (0.545, -0.1906606, 1.73902), (0.547, -0.1906606, 1.73902), (0.547, 0.03487941, 1.73902), (0.545, 0.03487941, 1.73902), (0.549, 0.0845775, 1.719025), (0.551, 0.0845775, 1.719025), (0.551, 0.1006875, 1.719025), (0.549, 0.1006875, 1.719025), (0.549, 0.0845775, 1.732975), (0.551, 0.0845775, 1.732975), (0.551, 0.1006875, 1.732975), (0.549, 0.1006875, 1.732975), (0.549, 0.1087425, 1.719025), (0.551, 0.1087425, 1.719025), (0.551, 0.1248525, 1.719025), (0.549, 0.1248525, 1.719025), (0.549, 0.1087425, 1.732975), (0.551, 0.1087425, 1.732975), (0.551, 0.1248525, 1.732975), (0.549, 0.1248525, 1.732975), (0.549, 0.1329075, 1.719025), (0.551, 0.1329075, 1.719025), (0.551, 0.1490175, 1.719025), (0.549, 0.1490175, 1.719025), (0.549, 0.1329075, 1.732975), (0.551, 0.1329075, 1.732975), (0.551, 0.1490175, 1.732975), (0.549, 0.1490175, 1.732975), (0.549, 0.1570725, 1.719025), (0.551, 0.1570725, 1.719025), (0.551, 0.1731825, 1.719025), (0.549, 0.1731825, 1.719025), (0.549, 0.1570725, 1.732975), (0.551, 0.1570725, 1.732975), (0.551, 0.1731825, 1.732975), (0.549, 0.1731825, 1.732975)]
                    uniform token subdivisionScheme = "none"
                }

                def Mesh "PortCage" (
                    prepend apiSchemas = ["MaterialBindingAPI"]
                )
                {
                    float3[] extent = [(0.545, 0.07518, 1.711585), (0.549, 0.18258, 1.740415)]
                    int[] faceVertexCounts = [4, 4, 4, 4, 4, 4]
                    int[] faceVertexIndices = [0, 3, 2, 1, 4, 5, 6, 7, 0, 1, 5, 4, 2, 3, 7, 6, 1, 2, 6, 5, 3, 0, 4, 7]
                    rel material:binding = </GenericRack/Looks/PortCage>
                    uniform token orientation = "rightHanded"
                    point3f[] points = [(0.545, 0.07518, 1.711585), (0.549, 0.07518, 1.711585), (0.549, 0.18258, 1.711585), (0.545, 0.18258, 1.711585), (0.545, 0.07518, 1.740415), (0.549, 0.07518, 1.740415), (0.549, 0.18258, 1.740415), (0.545, 0.18258, 1.740415)]
                    uniform token subdivisionScheme = "none"
                }

                def Mesh "Handle" (
                    prepend apiSchemas = ["MaterialBindingAPI"]
                )
                {
                    float3[] extent = [(0.545, -0.2535, 1.711585), (0.557, 0.2535, 1.740415)]
                    int[] faceVertexCounts = [4, 4, 4, 4, 4, 4, 4, 4, 4, 4, 4, 4]
                    int[] faceVertexIndices = [0, 3, 2, 1, 4, 5, 6, 7, 0, 1, 5, 4, 2, 3, 7, 6, 1, 2, 6, 5, 3, 0, 4, 7, 8, 11, 10, 9, 12, 13, 14, 15, 8, 9, 13, 12, 10, 11, 15, 14, 9, 10, 14, 13, 11, 8, 12, 15]
                    rel material:binding = </GenericRack/Looks/Handle>
                    uniform token orientation = "rightHanded"
                    point3f[] points = [(0.545, -0.2535, 1.711585), (0.557, -0.2535, 1.711585), (0.557, -0.2395, 1.711585), (0.545, -0.2395, 1.711585), (0.545, -0.2535, 1.740415), (0.557, -0.2535, 1.740415), (0.557, -0.2395, 1.740415), (0.545, -0.2395, 1.740415), (0.545, 0.2395, 1.711585), (0.557, 0.2395, 1.711585), (0.557, 0.2535, 1.711585), (0.545, 0.2535, 1.711585), (0.545, 0.2395, 1.740415), (0.557, 0.2395, 1.740415), (0.557, 0.2535, 1.740415), (0.545, 0.2535, 1.740415)]
                    uniform token subdivisionScheme = "none"
                }

                def Mesh "StatusLamp" (
                    prepend apiSchemas = ["MaterialBindingAPI"]
                )
                {
                    float3[] extent = [(0.545, -0.2215, 1.73237), (0.547, -0.2155, 1.73637)]
                    int[] faceVertexCounts = [4, 4, 4, 4, 4, 4]
                    int[] faceVertexIndices = [0, 3, 2, 1, 4, 5, 6, 7, 0, 1, 5, 4, 2, 3, 7, 6, 1, 2, 6, 5, 3, 0, 4, 7]
                    rel material:binding = </GenericRack/Looks/StatusLamp>
                    uniform token orientation = "rightHanded"
                    point3f[] points = [(0.545, -0.2215, 1.73237), (0.547, -0.2215, 1.73237), (0.547, -0.2155, 1.73237), (0.545, -0.2155, 1.73237), (0.545, -0.2215, 1.73637), (0.547, -0.2215, 1.73637), (0.547, -0.2155, 1.73637), (0.545, -0.2155, 1.73637)]
                    uniform token subdivisionScheme = "none"
                }
            }

            def "compute_36"
            {
                def Mesh "TrayCompute" (
                    prepend apiSchemas = ["MaterialBindingAPI"]
                )
                {
                    float3[] extent = [(0.53, -0.2675, 1.75075), (0.545, 0.2675, 1.79725)]
                    int[] faceVertexCounts = [4, 4, 4, 4, 4, 4]
                    int[] faceVertexIndices = [0, 3, 2, 1, 4, 5, 6, 7, 0, 1, 5, 4, 2, 3, 7, 6, 1, 2, 6, 5, 3, 0, 4, 7]
                    rel material:binding = </GenericRack/Looks/TrayCompute>
                    uniform token orientation = "rightHanded"
                    point3f[] points = [(0.53, -0.2675, 1.75075), (0.545, -0.2675, 1.75075), (0.545, 0.2675, 1.75075), (0.53, 0.2675, 1.75075), (0.53, -0.2675, 1.79725), (0.545, -0.2675, 1.79725), (0.545, 0.2675, 1.79725), (0.53, 0.2675, 1.79725)]
                    uniform token subdivisionScheme = "none"
                }

                def Mesh "VentDark" (
                    prepend apiSchemas = ["MaterialBindingAPI"]
                )
                {
                    float3[] extent = [(0.545, -0.1906606, 1.76098), (0.551, 0.1731825, 1.78702)]
                    int[] faceVertexCounts = [4, 4, 4, 4, 4, 4, 4, 4, 4, 4, 4, 4, 4, 4, 4, 4, 4, 4, 4, 4, 4, 4, 4, 4, 4, 4, 4, 4, 4, 4]
                    int[] faceVertexIndices = [0, 3, 2, 1, 4, 5, 6, 7, 0, 1, 5, 4, 2, 3, 7, 6, 1, 2, 6, 5, 3, 0, 4, 7, 8, 11, 10, 9, 12, 13, 14, 15, 8, 9, 13, 12, 10, 11, 15, 14, 9, 10, 14, 13, 11, 8, 12, 15, 16, 19, 18, 17, 20, 21, 22, 23, 16, 17, 21, 20, 18, 19, 23, 22, 17, 18, 22, 21, 19, 16, 20, 23, 24, 27, 26, 25, 28, 29, 30, 31, 24, 25, 29, 28, 26, 27, 31, 30, 25, 26, 30, 29, 27, 24, 28, 31, 32, 35, 34, 33, 36, 37, 38, 39, 32, 33, 37, 36, 34, 35, 39, 38, 33, 34, 38, 37, 35, 32, 36, 39]
                    rel material:binding = </GenericRack/Looks/VentDark>
                    uniform token orientation = "rightHanded"
                    point3f[] points = [(0.545, -0.1906606, 1.76098), (0.547, -0.1906606, 1.76098), (0.547, 0.03487941, 1.76098), (0.545, 0.03487941, 1.76098), (0.545, -0.1906606, 1.78702), (0.547, -0.1906606, 1.78702), (0.547, 0.03487941, 1.78702), (0.545, 0.03487941, 1.78702), (0.549, 0.0845775, 1.767025), (0.551, 0.0845775, 1.767025), (0.551, 0.1006875, 1.767025), (0.549, 0.1006875, 1.767025), (0.549, 0.0845775, 1.780975), (0.551, 0.0845775, 1.780975), (0.551, 0.1006875, 1.780975), (0.549, 0.1006875, 1.780975), (0.549, 0.1087425, 1.767025), (0.551, 0.1087425, 1.767025), (0.551, 0.1248525, 1.767025), (0.549, 0.1248525, 1.767025), (0.549, 0.1087425, 1.780975), (0.551, 0.1087425, 1.780975), (0.551, 0.1248525, 1.780975), (0.549, 0.1248525, 1.780975), (0.549, 0.1329075, 1.767025), (0.551, 0.1329075, 1.767025), (0.551, 0.1490175, 1.767025), (0.549, 0.1490175, 1.767025), (0.549, 0.1329075, 1.780975), (0.551, 0.1329075, 1.780975), (0.551, 0.1490175, 1.780975), (0.549, 0.1490175, 1.780975), (0.549, 0.1570725, 1.767025), (0.551, 0.1570725, 1.767025), (0.551, 0.1731825, 1.767025), (0.549, 0.1731825, 1.767025), (0.549, 0.1570725, 1.780975), (0.551, 0.1570725, 1.780975), (0.551, 0.1731825, 1.780975), (0.549, 0.1731825, 1.780975)]
                    uniform token subdivisionScheme = "none"
                }

                def Mesh "PortCage" (
                    prepend apiSchemas = ["MaterialBindingAPI"]
                )
                {
                    float3[] extent = [(0.545, 0.07518, 1.759585), (0.549, 0.18258, 1.788415)]
                    int[] faceVertexCounts = [4, 4, 4, 4, 4, 4]
                    int[] faceVertexIndices = [0, 3, 2, 1, 4, 5, 6, 7, 0, 1, 5, 4, 2, 3, 7, 6, 1, 2, 6, 5, 3, 0, 4, 7]
                    rel material:binding = </GenericRack/Looks/PortCage>
                    uniform token orientation = "rightHanded"
                    point3f[] points = [(0.545, 0.07518, 1.759585), (0.549, 0.07518, 1.759585), (0.549, 0.18258, 1.759585), (0.545, 0.18258, 1.759585), (0.545, 0.07518, 1.788415), (0.549, 0.07518, 1.788415), (0.549, 0.18258, 1.788415), (0.545, 0.18258, 1.788415)]
                    uniform token subdivisionScheme = "none"
                }

                def Mesh "Handle" (
                    prepend apiSchemas = ["MaterialBindingAPI"]
                )
                {
                    float3[] extent = [(0.545, -0.2535, 1.759585), (0.557, 0.2535, 1.788415)]
                    int[] faceVertexCounts = [4, 4, 4, 4, 4, 4, 4, 4, 4, 4, 4, 4]
                    int[] faceVertexIndices = [0, 3, 2, 1, 4, 5, 6, 7, 0, 1, 5, 4, 2, 3, 7, 6, 1, 2, 6, 5, 3, 0, 4, 7, 8, 11, 10, 9, 12, 13, 14, 15, 8, 9, 13, 12, 10, 11, 15, 14, 9, 10, 14, 13, 11, 8, 12, 15]
                    rel material:binding = </GenericRack/Looks/Handle>
                    uniform token orientation = "rightHanded"
                    point3f[] points = [(0.545, -0.2535, 1.759585), (0.557, -0.2535, 1.759585), (0.557, -0.2395, 1.759585), (0.545, -0.2395, 1.759585), (0.545, -0.2535, 1.788415), (0.557, -0.2535, 1.788415), (0.557, -0.2395, 1.788415), (0.545, -0.2395, 1.788415), (0.545, 0.2395, 1.759585), (0.557, 0.2395, 1.759585), (0.557, 0.2535, 1.759585), (0.545, 0.2535, 1.759585), (0.545, 0.2395, 1.788415), (0.557, 0.2395, 1.788415), (0.557, 0.2535, 1.788415), (0.545, 0.2535, 1.788415)]
                    uniform token subdivisionScheme = "none"
                }

                def Mesh "StatusLamp" (
                    prepend apiSchemas = ["MaterialBindingAPI"]
                )
                {
                    float3[] extent = [(0.545, -0.2215, 1.78037), (0.547, -0.2155, 1.78437)]
                    int[] faceVertexCounts = [4, 4, 4, 4, 4, 4]
                    int[] faceVertexIndices = [0, 3, 2, 1, 4, 5, 6, 7, 0, 1, 5, 4, 2, 3, 7, 6, 1, 2, 6, 5, 3, 0, 4, 7]
                    rel material:binding = </GenericRack/Looks/StatusLamp>
                    uniform token orientation = "rightHanded"
                    point3f[] points = [(0.545, -0.2215, 1.78037), (0.547, -0.2215, 1.78037), (0.547, -0.2155, 1.78037), (0.545, -0.2155, 1.78037), (0.545, -0.2215, 1.78437), (0.547, -0.2215, 1.78437), (0.547, -0.2155, 1.78437), (0.545, -0.2155, 1.78437)]
                    uniform token subdivisionScheme = "none"
                }
            }

            def "blank_37"
            {
                def Mesh "TrayBlank" (
                    prepend apiSchemas = ["MaterialBindingAPI"]
                )
                {
                    float3[] extent = [(0.53, -0.2675, 1.79875), (0.545, 0.2675, 2.08525)]
                    int[] faceVertexCounts = [4, 4, 4, 4, 4, 4]
                    int[] faceVertexIndices = [0, 3, 2, 1, 4, 5, 6, 7, 0, 1, 5, 4, 2, 3, 7, 6, 1, 2, 6, 5, 3, 0, 4, 7]
                    rel material:binding = </GenericRack/Looks/TrayBlank>
                    uniform token orientation = "rightHanded"
                    point3f[] points = [(0.53, -0.2675, 1.79875), (0.545, -0.2675, 1.79875), (0.545, 0.2675, 1.79875), (0.53, 0.2675, 1.79875), (0.53, -0.2675, 2.08525), (0.545, -0.2675, 2.08525), (0.545, 0.2675, 2.08525), (0.53, 0.2675, 2.08525)]
                    uniform token subdivisionScheme = "none"
                }
            }

            def "mgmt_43"
            {
                def Mesh "TrayMgmt" (
                    prepend apiSchemas = ["MaterialBindingAPI"]
                )
                {
                    float3[] extent = [(0.53, -0.2675, 2.08675), (0.545, 0.2675, 2.13325)]
                    int[] faceVertexCounts = [4, 4, 4, 4, 4, 4]
                    int[] faceVertexIndices = [0, 3, 2, 1, 4, 5, 6, 7, 0, 1, 5, 4, 2, 3, 7, 6, 1, 2, 6, 5, 3, 0, 4, 7]
                    rel material:binding = </GenericRack/Looks/TrayMgmt>
                    uniform token orientation = "rightHanded"
                    point3f[] points = [(0.53, -0.2675, 2.08675), (0.545, -0.2675, 2.08675), (0.545, 0.2675, 2.08675), (0.53, 0.2675, 2.08675), (0.53, -0.2675, 2.13325), (0.545, -0.2675, 2.13325), (0.545, 0.2675, 2.13325), (0.53, 0.2675, 2.13325)]
                    uniform token subdivisionScheme = "none"
                }

                def Mesh "PortCage" (
                    prepend apiSchemas = ["MaterialBindingAPI"]
                )
                {
                    float3[] extent = [(0.545, -0.20406, 2.098375), (0.548, 0.11814, 2.121625)]
                    int[] faceVertexCounts = [4, 4, 4, 4, 4, 4]
                    int[] faceVertexIndices = [0, 3, 2, 1, 4, 5, 6, 7, 0, 1, 5, 4, 2, 3, 7, 6, 1, 2, 6, 5, 3, 0, 4, 7]
                    rel material:binding = </GenericRack/Looks/PortCage>
                    uniform token orientation = "rightHanded"
                    point3f[] points = [(0.545, -0.20406, 2.098375), (0.548, -0.20406, 2.098375), (0.548, 0.11814, 2.098375), (0.545, 0.11814, 2.098375), (0.545, -0.20406, 2.121625), (0.548, -0.20406, 2.121625), (0.548, 0.11814, 2.121625), (0.545, 0.11814, 2.121625)]
                    uniform token subdivisionScheme = "none"
                }

                def Mesh "VentDark" (
                    prepend apiSchemas = ["MaterialBindingAPI"]
                )
                {
                    float3[] extent = [(0.548, -0.20204625, 2.103025), (0.55, 0.11612625, 2.116975)]
                    int[] faceVertexCounts = [4, 4, 4, 4, 4, 4, 4, 4, 4, 4, 4, 4, 4, 4, 4, 4, 4, 4, 4, 4, 4, 4, 4, 4, 4, 4, 4, 4, 4, 4, 4, 4, 4, 4, 4, 4, 4, 4, 4, 4, 4, 4, 4, 4, 4, 4, 4, 4, 4, 4, 4, 4, 4, 4, 4, 4, 4, 4, 4, 4, 4, 4, 4, 4, 4, 4, 4, 4, 4, 4, 4, 4, 4, 4, 4, 4, 4, 4, 4, 4, 4, 4, 4, 4, 4, 4, 4, 4, 4, 4, 4, 4, 4, 4, 4, 4, 4, 4, 4, 4, 4, 4, 4, 4, 4, 4, 4, 4, 4, 4, 4, 4, 4, 4, 4, 4, 4, 4, 4, 4, 4, 4, 4, 4, 4, 4, 4, 4, 4, 4, 4, 4, 4, 4, 4, 4, 4, 4, 4, 4, 4, 4, 4, 4]
                    int[] faceVertexIndices = [0, 3, 2, 1, 4, 5, 6, 7, 0, 1, 5, 4, 2, 3, 7, 6, 1, 2, 6, 5, 3, 0, 4, 7, 8, 11, 10, 9, 12, 13, 14, 15, 8, 9, 13, 12, 10, 11, 15, 14, 9, 10, 14, 13, 11, 8, 12, 15, 16, 19, 18, 17, 20, 21, 22, 23, 16, 17, 21, 20, 18, 19, 23, 22, 17, 18, 22, 21, 19, 16, 20, 23, 24, 27, 26, 25, 28, 29, 30, 31, 24, 25, 29, 28, 26, 27, 31, 30, 25, 26, 30, 29, 27, 24, 28, 31, 32, 35, 34, 33, 36, 37, 38, 39, 32, 33, 37, 36, 34, 35, 39, 38, 33, 34, 38, 37, 35, 32, 36, 39, 40, 43, 42, 41, 44, 45, 46, 47, 40, 41, 45, 44, 42, 43, 47, 46, 41, 42, 46, 45, 43, 40, 44, 47, 48, 51, 50, 49, 52, 53, 54, 55, 48, 49, 53, 52, 50, 51, 55, 54, 49, 50, 54, 53, 51, 48, 52, 55, 56, 59, 58, 57, 60, 61, 62, 63, 56, 57, 61, 60, 58, 59, 63, 62, 57, 58, 62, 61, 59, 56, 60, 63, 64, 67, 66, 65, 68, 69, 70, 71, 64, 65, 69, 68, 66, 67, 71, 70, 65, 66, 70, 69, 67, 64, 68, 71, 72, 75, 74, 73, 76, 77, 78, 79, 72, 73, 77, 76, 74, 75, 79, 78, 73, 74, 78, 77, 75, 72, 76, 79, 80, 83, 82, 81, 84, 85, 86, 87, 80, 81, 85, 84, 82, 83, 87, 86, 81, 82, 86, 85, 83, 80, 84, 87, 88, 91, 90, 89, 92, 93, 94, 95, 88, 89, 93, 92, 90, 91, 95, 94, 89, 90, 94, 93, 91, 88, 92, 95, 96, 99, 98, 97, 100, 101, 102, 103, 96, 97, 101, 100, 98, 99, 103, 102, 97, 98, 102, 101, 99, 96, 100, 103, 104, 107, 106, 105, 108, 109, 110, 111, 104, 105, 109, 108, 106, 107, 111, 110, 105, 106, 110, 109, 107, 104, 108, 111, 112, 115, 114, 113, 116, 117, 118, 119, 112, 113, 117, 116, 114, 115, 119, 118, 113, 114, 118, 117, 115, 112, 116, 119, 120, 123, 122, 121, 124, 125, 126, 127, 120, 121, 125, 124, 122, 123, 127, 126, 121, 122, 126, 125, 123, 120, 124, 127, 128, 131, 130, 129, 132, 133, 134, 135, 128, 129, 133, 132, 130, 131, 135, 134, 129, 130, 134, 133, 131, 128, 132, 135, 136, 139, 138, 137, 140, 141, 142, 143, 136, 137, 141, 140, 138, 139, 143, 142, 137, 138, 142, 141, 139, 136, 140, 143, 144, 147, 146, 145, 148, 149, 150, 151, 144, 145, 149, 148, 146, 147, 151, 150, 145, 146, 150, 149, 147, 144, 148, 151, 152, 155, 154, 153, 156, 157, 158, 159, 152, 153, 157, 156, 154, 155, 159, 158, 153, 154, 158, 157, 155, 152, 156, 159, 160, 163, 162, 161, 164, 165, 166, 167, 160, 161, 165, 164, 162, 163, 167, 166, 161, 162, 166, 165, 163, 160, 164, 167, 168, 171, 170, 169, 172, 173, 174, 175, 168, 169, 173, 172, 170, 171, 175, 174, 169, 170, 174, 173, 171, 168, 172, 175, 176, 179, 178, 177, 180, 181, 182, 183, 176, 177, 181, 180, 178, 179, 183, 182, 177, 178, 182, 181, 179, 176, 180, 183, 184, 187, 186, 185, 188, 189, 190, 191, 184, 185, 189, 188, 186, 187, 191, 190, 185, 186, 190, 189, 187, 184, 188, 191]
                    rel material:binding = </GenericRack/Looks/VentDark>
                    uniform token orientation = "rightHanded"
                    point3f[] points = [(0.548, -0.20204625, 2.103025), (0.55, -0.20204625, 2.103025), (0.55, -0.19264875, 2.103025), (0.548, -0.19264875, 2.103025), (0.548, -0.20204625, 2.116975), (0.55, -0.20204625, 2.116975), (0.55, -0.19264875, 2.116975), (0.548, -0.19264875, 2.116975), (0.548, -0.18862125, 2.103025), (0.55, -0.18862125, 2.103025), (0.55, -0.17922375, 2.103025), (0.548, -0.17922375, 2.103025), (0.548, -0.18862125, 2.116975), (0.55, -0.18862125, 2.116975), (0.55, -0.17922375, 2.116975), (0.548, -0.17922375, 2.116975), (0.548, -0.17519625, 2.103025), (0.55, -0.17519625, 2.103025), (0.55, -0.16579875, 2.103025), (0.548, -0.16579875, 2.103025), (0.548, -0.17519625, 2.116975), (0.55, -0.17519625, 2.116975), (0.55, -0.16579875, 2.116975), (0.548, -0.16579875, 2.116975), (0.548, -0.16177125, 2.103025), (0.55, -0.16177125, 2.103025), (0.55, -0.15237375, 2.103025), (0.548, -0.15237375, 2.103025), (0.548, -0.16177125, 2.116975), (0.55, -0.16177125, 2.116975), (0.55, -0.15237375, 2.116975), (0.548, -0.15237375, 2.116975), (0.548, -0.14834625, 2.103025), (0.55, -0.14834625, 2.103025), (0.55, -0.13894875, 2.103025), (0.548, -0.13894875, 2.103025), (0.548, -0.14834625, 2.116975), (0.55, -0.14834625, 2.116975), (0.55, -0.13894875, 2.116975), (0.548, -0.13894875, 2.116975), (0.548, -0.13492125, 2.103025), (0.55, -0.13492125, 2.103025), (0.55, -0.12552375, 2.103025), (0.548, -0.12552375, 2.103025), (0.548, -0.13492125, 2.116975), (0.55, -0.13492125, 2.116975), (0.55, -0.12552375, 2.116975), (0.548, -0.12552375, 2.116975), (0.548, -0.12149625, 2.103025), (0.55, -0.12149625, 2.103025), (0.55, -0.11209875, 2.103025), (0.548, -0.11209875, 2.103025), (0.548, -0.12149625, 2.116975), (0.55, -0.12149625, 2.116975), (0.55, -0.11209875, 2.116975), (0.548, -0.11209875, 2.116975), (0.548, -0.10807125, 2.103025), (0.55, -0.10807125, 2.103025), (0.55, -0.09867375, 2.103025), (0.548, -0.09867375, 2.103025), (0.548, -0.10807125, 2.116975), (0.55, -0.10807125, 2.116975), (0.55, -0.09867375, 2.116975), (0.548, -0.09867375, 2.116975), (0.548, -0.09464625, 2.103025), (0.55, -0.09464625, 2.103025), (0.55, -0.08524875, 2.103025), (0.548, -0.08524875, 2.103025), (0.548, -0.09464625, 2.116975), (0.55, -0.09464625, 2.116975), (0.55, -0.08524875, 2.116975), (0.548, -0.08524875, 2.116975), (0.548, -0.08122125, 2.103025), (0.55, -0.08122125, 2.103025), (0.55, -0.07182375, 2.103025), (0.548, -0.07182375, 2.103025), (0.548, -0.08122125, 2.116975), (0.55, -0.08122125, 2.116975), (0.55, -0.07182375, 2.116975), (0.548, -0.07182375, 2.116975), (0.548, -0.06779625, 2.103025), (0.55, -0.06779625, 2.103025), (0.55, -0.05839875, 2.103025), (0.548, -0.05839875, 2.103025), (0.548, -0.06779625, 2.116975), (0.55, -0.06779625, 2.116975), (0.55, -0.05839875, 2.116975), (0.548, -0.05839875, 2.116975), (0.548, -0.05437125, 2.103025), (0.55, -0.05437125, 2.103025), (0.55, -0.04497375, 2.103025), (0.548, -0.04497375, 2.103025), (0.548, -0.05437125, 2.116975), (0.55, -0.05437125, 2.116975), (0.55, -0.04497375, 2.116975), (0.548, -0.04497375, 2.116975), (0.548, -0.04094625, 2.103025), (0.55, -0.04094625, 2.103025), (0.55, -0.03154875, 2.103025), (0.548, -0.03154875, 2.103025), (0.548, -0.04094625, 2.116975), (0.55, -0.04094625, 2.116975), (0.55, -0.03154875, 2.116975), (0.548, -0.03154875, 2.116975), (0.548, -0.02752125, 2.103025), (0.55, -0.02752125, 2.103025), (0.55, -0.01812375, 2.103025), (0.548, -0.01812375, 2.103025), (0.548, -0.02752125, 2.116975), (0.55, -0.02752125, 2.116975), (0.55, -0.01812375, 2.116975), (0.548, -0.01812375, 2.116975), (0.548, -0.01409625, 2.103025), (0.55, -0.01409625, 2.103025), (0.55, -0.00469875, 2.103025), (0.548, -0.00469875, 2.103025), (0.548, -0.01409625, 2.116975), (0.55, -0.01409625, 2.116975), (0.55, -0.00469875, 2.116975), (0.548, -0.00469875, 2.116975), (0.548, -0.00067125, 2.103025), (0.55, -0.00067125, 2.103025), (0.55, 0.00872625, 2.103025), (0.548, 0.00872625, 2.103025), (0.548, -0.00067125, 2.116975), (0.55, -0.00067125, 2.116975), (0.55, 0.00872625, 2.116975), (0.548, 0.00872625, 2.116975), (0.548, 0.01275375, 2.103025), (0.55, 0.01275375, 2.103025), (0.55, 0.02215125, 2.103025), (0.548, 0.02215125, 2.103025), (0.548, 0.01275375, 2.116975), (0.55, 0.01275375, 2.116975), (0.55, 0.02215125, 2.116975), (0.548, 0.02215125, 2.116975), (0.548, 0.02617875, 2.103025), (0.55, 0.02617875, 2.103025), (0.55, 0.03557625, 2.103025), (0.548, 0.03557625, 2.103025), (0.548, 0.02617875, 2.116975), (0.55, 0.02617875, 2.116975), (0.55, 0.03557625, 2.116975), (0.548, 0.03557625, 2.116975), (0.548, 0.03960375, 2.103025), (0.55, 0.03960375, 2.103025), (0.55, 0.04900125, 2.103025), (0.548, 0.04900125, 2.103025), (0.548, 0.03960375, 2.116975), (0.55, 0.03960375, 2.116975), (0.55, 0.04900125, 2.116975), (0.548, 0.04900125, 2.116975), (0.548, 0.05302875, 2.103025), (0.55, 0.05302875, 2.103025), (0.55, 0.06242625, 2.103025), (0.548, 0.06242625, 2.103025), (0.548, 0.05302875, 2.116975), (0.55, 0.05302875, 2.116975), (0.55, 0.06242625, 2.116975), (0.548, 0.06242625, 2.116975), (0.548, 0.06645375, 2.103025), (0.55, 0.06645375, 2.103025), (0.55, 0.07585125, 2.103025), (0.548, 0.07585125, 2.103025), (0.548, 0.06645375, 2.116975), (0.55, 0.06645375, 2.116975), (0.55, 0.07585125, 2.116975), (0.548, 0.07585125, 2.116975), (0.548, 0.07987875, 2.103025), (0.55, 0.07987875, 2.103025), (0.55, 0.08927625, 2.103025), (0.548, 0.08927625, 2.103025), (0.548, 0.07987875, 2.116975), (0.55, 0.07987875, 2.116975), (0.55, 0.08927625, 2.116975), (0.548, 0.08927625, 2.116975), (0.548, 0.09330375, 2.103025), (0.55, 0.09330375, 2.103025), (0.55, 0.10270125, 2.103025), (0.548, 0.10270125, 2.103025), (0.548, 0.09330375, 2.116975), (0.55, 0.09330375, 2.116975), (0.55, 0.10270125, 2.116975), (0.548, 0.10270125, 2.116975), (0.548, 0.10672875, 2.103025), (0.55, 0.10672875, 2.103025), (0.55, 0.11612625, 2.103025), (0.548, 0.11612625, 2.103025), (0.548, 0.10672875, 2.116975), (0.55, 0.10672875, 2.116975), (0.55, 0.11612625, 2.116975), (0.548, 0.11612625, 2.116975)]
                    uniform token subdivisionScheme = "none"
                }

                def Mesh "StatusLamp" (
                    prepend apiSchemas = ["MaterialBindingAPI"]
                )
                {
                    float3[] extent = [(0.545, 0.2255, 2.108), (0.547, 0.2315, 2.112)]
                    int[] faceVertexCounts = [4, 4, 4, 4, 4, 4]
                    int[] faceVertexIndices = [0, 3, 2, 1, 4, 5, 6, 7, 0, 1, 5, 4, 2, 3, 7, 6, 1, 2, 6, 5, 3, 0, 4, 7]
                    rel material:binding = </GenericRack/Looks/StatusLamp>
                    uniform token orientation = "rightHanded"
                    point3f[] points = [(0.545, 0.2255, 2.108), (0.547, 0.2255, 2.108), (0.547, 0.2315, 2.108), (0.545, 0.2315, 2.108), (0.545, 0.2255, 2.112), (0.547, 0.2255, 2.112), (0.547, 0.2315, 2.112), (0.545, 0.2315, 2.112)]
                    uniform token subdivisionScheme = "none"
                }
            }

            def "mgmt_44"
            {
                def Mesh "TrayMgmt" (
                    prepend apiSchemas = ["MaterialBindingAPI"]
                )
                {
                    float3[] extent = [(0.53, -0.2675, 2.13475), (0.545, 0.2675, 2.18125)]
                    int[] faceVertexCounts = [4, 4, 4, 4, 4, 4]
                    int[] faceVertexIndices = [0, 3, 2, 1, 4, 5, 6, 7, 0, 1, 5, 4, 2, 3, 7, 6, 1, 2, 6, 5, 3, 0, 4, 7]
                    rel material:binding = </GenericRack/Looks/TrayMgmt>
                    uniform token orientation = "rightHanded"
                    point3f[] points = [(0.53, -0.2675, 2.13475), (0.545, -0.2675, 2.13475), (0.545, 0.2675, 2.13475), (0.53, 0.2675, 2.13475), (0.53, -0.2675, 2.18125), (0.545, -0.2675, 2.18125), (0.545, 0.2675, 2.18125), (0.53, 0.2675, 2.18125)]
                    uniform token subdivisionScheme = "none"
                }

                def Mesh "PortCage" (
                    prepend apiSchemas = ["MaterialBindingAPI"]
                )
                {
                    float3[] extent = [(0.545, -0.20406, 2.146375), (0.548, 0.11814, 2.169625)]
                    int[] faceVertexCounts = [4, 4, 4, 4, 4, 4]
                    int[] faceVertexIndices = [0, 3, 2, 1, 4, 5, 6, 7, 0, 1, 5, 4, 2, 3, 7, 6, 1, 2, 6, 5, 3, 0, 4, 7]
                    rel material:binding = </GenericRack/Looks/PortCage>
                    uniform token orientation = "rightHanded"
                    point3f[] points = [(0.545, -0.20406, 2.146375), (0.548, -0.20406, 2.146375), (0.548, 0.11814, 2.146375), (0.545, 0.11814, 2.146375), (0.545, -0.20406, 2.169625), (0.548, -0.20406, 2.169625), (0.548, 0.11814, 2.169625), (0.545, 0.11814, 2.169625)]
                    uniform token subdivisionScheme = "none"
                }

                def Mesh "VentDark" (
                    prepend apiSchemas = ["MaterialBindingAPI"]
                )
                {
                    float3[] extent = [(0.548, -0.20204625, 2.151025), (0.55, 0.11612625, 2.164975)]
                    int[] faceVertexCounts = [4, 4, 4, 4, 4, 4, 4, 4, 4, 4, 4, 4, 4, 4, 4, 4, 4, 4, 4, 4, 4, 4, 4, 4, 4, 4, 4, 4, 4, 4, 4, 4, 4, 4, 4, 4, 4, 4, 4, 4, 4, 4, 4, 4, 4, 4, 4, 4, 4, 4, 4, 4, 4, 4, 4, 4, 4, 4, 4, 4, 4, 4, 4, 4, 4, 4, 4, 4, 4, 4, 4, 4, 4, 4, 4, 4, 4, 4, 4, 4, 4, 4, 4, 4, 4, 4, 4, 4, 4, 4, 4, 4, 4, 4, 4, 4, 4, 4, 4, 4, 4, 4, 4, 4, 4, 4, 4, 4, 4, 4, 4, 4, 4, 4, 4, 4, 4, 4, 4, 4, 4, 4, 4, 4, 4, 4, 4, 4, 4, 4, 4, 4, 4, 4, 4, 4, 4, 4, 4, 4, 4, 4, 4, 4]
                    int[] faceVertexIndices = [0, 3, 2, 1, 4, 5, 6, 7, 0, 1, 5, 4, 2, 3, 7, 6, 1, 2, 6, 5, 3, 0, 4, 7, 8, 11, 10, 9, 12, 13, 14, 15, 8, 9, 13, 12, 10, 11, 15, 14, 9, 10, 14, 13, 11, 8, 12, 15, 16, 19, 18, 17, 20, 21, 22, 23, 16, 17, 21, 20, 18, 19, 23, 22, 17, 18, 22, 21, 19, 16, 20, 23, 24, 27, 26, 25, 28, 29, 30, 31, 24, 25, 29, 28, 26, 27, 31, 30, 25, 26, 30, 29, 27, 24, 28, 31, 32, 35, 34, 33, 36, 37, 38, 39, 32, 33, 37, 36, 34, 35, 39, 38, 33, 34, 38, 37, 35, 32, 36, 39, 40, 43, 42, 41, 44, 45, 46, 47, 40, 41, 45, 44, 42, 43, 47, 46, 41, 42, 46, 45, 43, 40, 44, 47, 48, 51, 50, 49, 52, 53, 54, 55, 48, 49, 53, 52, 50, 51, 55, 54, 49, 50, 54, 53, 51, 48, 52, 55, 56, 59, 58, 57, 60, 61, 62, 63, 56, 57, 61, 60, 58, 59, 63, 62, 57, 58, 62, 61, 59, 56, 60, 63, 64, 67, 66, 65, 68, 69, 70, 71, 64, 65, 69, 68, 66, 67, 71, 70, 65, 66, 70, 69, 67, 64, 68, 71, 72, 75, 74, 73, 76, 77, 78, 79, 72, 73, 77, 76, 74, 75, 79, 78, 73, 74, 78, 77, 75, 72, 76, 79, 80, 83, 82, 81, 84, 85, 86, 87, 80, 81, 85, 84, 82, 83, 87, 86, 81, 82, 86, 85, 83, 80, 84, 87, 88, 91, 90, 89, 92, 93, 94, 95, 88, 89, 93, 92, 90, 91, 95, 94, 89, 90, 94, 93, 91, 88, 92, 95, 96, 99, 98, 97, 100, 101, 102, 103, 96, 97, 101, 100, 98, 99, 103, 102, 97, 98, 102, 101, 99, 96, 100, 103, 104, 107, 106, 105, 108, 109, 110, 111, 104, 105, 109, 108, 106, 107, 111, 110, 105, 106, 110, 109, 107, 104, 108, 111, 112, 115, 114, 113, 116, 117, 118, 119, 112, 113, 117, 116, 114, 115, 119, 118, 113, 114, 118, 117, 115, 112, 116, 119, 120, 123, 122, 121, 124, 125, 126, 127, 120, 121, 125, 124, 122, 123, 127, 126, 121, 122, 126, 125, 123, 120, 124, 127, 128, 131, 130, 129, 132, 133, 134, 135, 128, 129, 133, 132, 130, 131, 135, 134, 129, 130, 134, 133, 131, 128, 132, 135, 136, 139, 138, 137, 140, 141, 142, 143, 136, 137, 141, 140, 138, 139, 143, 142, 137, 138, 142, 141, 139, 136, 140, 143, 144, 147, 146, 145, 148, 149, 150, 151, 144, 145, 149, 148, 146, 147, 151, 150, 145, 146, 150, 149, 147, 144, 148, 151, 152, 155, 154, 153, 156, 157, 158, 159, 152, 153, 157, 156, 154, 155, 159, 158, 153, 154, 158, 157, 155, 152, 156, 159, 160, 163, 162, 161, 164, 165, 166, 167, 160, 161, 165, 164, 162, 163, 167, 166, 161, 162, 166, 165, 163, 160, 164, 167, 168, 171, 170, 169, 172, 173, 174, 175, 168, 169, 173, 172, 170, 171, 175, 174, 169, 170, 174, 173, 171, 168, 172, 175, 176, 179, 178, 177, 180, 181, 182, 183, 176, 177, 181, 180, 178, 179, 183, 182, 177, 178, 182, 181, 179, 176, 180, 183, 184, 187, 186, 185, 188, 189, 190, 191, 184, 185, 189, 188, 186, 187, 191, 190, 185, 186, 190, 189, 187, 184, 188, 191]
                    rel material:binding = </GenericRack/Looks/VentDark>
                    uniform token orientation = "rightHanded"
                    point3f[] points = [(0.548, -0.20204625, 2.151025), (0.55, -0.20204625, 2.151025), (0.55, -0.19264875, 2.151025), (0.548, -0.19264875, 2.151025), (0.548, -0.20204625, 2.164975), (0.55, -0.20204625, 2.164975), (0.55, -0.19264875, 2.164975), (0.548, -0.19264875, 2.164975), (0.548, -0.18862125, 2.151025), (0.55, -0.18862125, 2.151025), (0.55, -0.17922375, 2.151025), (0.548, -0.17922375, 2.151025), (0.548, -0.18862125, 2.164975), (0.55, -0.18862125, 2.164975), (0.55, -0.17922375, 2.164975), (0.548, -0.17922375, 2.164975), (0.548, -0.17519625, 2.151025), (0.55, -0.17519625, 2.151025), (0.55, -0.16579875, 2.151025), (0.548, -0.16579875, 2.151025), (0.548, -0.17519625, 2.164975), (0.55, -0.17519625, 2.164975), (0.55, -0.16579875, 2.164975), (0.548, -0.16579875, 2.164975), (0.548, -0.16177125, 2.151025), (0.55, -0.16177125, 2.151025), (0.55, -0.15237375, 2.151025), (0.548, -0.15237375, 2.151025), (0.548, -0.16177125, 2.164975), (0.55, -0.16177125, 2.164975), (0.55, -0.15237375, 2.164975), (0.548, -0.15237375, 2.164975), (0.548, -0.14834625, 2.151025), (0.55, -0.14834625, 2.151025), (0.55, -0.13894875, 2.151025), (0.548, -0.13894875, 2.151025), (0.548, -0.14834625, 2.164975), (0.55, -0.14834625, 2.164975), (0.55, -0.13894875, 2.164975), (0.548, -0.13894875, 2.164975), (0.548, -0.13492125, 2.151025), (0.55, -0.13492125, 2.151025), (0.55, -0.12552375, 2.151025), (0.548, -0.12552375, 2.151025), (0.548, -0.13492125, 2.164975), (0.55, -0.13492125, 2.164975), (0.55, -0.12552375, 2.164975), (0.548, -0.12552375, 2.164975), (0.548, -0.12149625, 2.151025), (0.55, -0.12149625, 2.151025), (0.55, -0.11209875, 2.151025), (0.548, -0.11209875, 2.151025), (0.548, -0.12149625, 2.164975), (0.55, -0.12149625, 2.164975), (0.55, -0.11209875, 2.164975), (0.548, -0.11209875, 2.164975), (0.548, -0.10807125, 2.151025), (0.55, -0.10807125, 2.151025), (0.55, -0.09867375, 2.151025), (0.548, -0.09867375, 2.151025), (0.548, -0.10807125, 2.164975), (0.55, -0.10807125, 2.164975), (0.55, -0.09867375, 2.164975), (0.548, -0.09867375, 2.164975), (0.548, -0.09464625, 2.151025), (0.55, -0.09464625, 2.151025), (0.55, -0.08524875, 2.151025), (0.548, -0.08524875, 2.151025), (0.548, -0.09464625, 2.164975), (0.55, -0.09464625, 2.164975), (0.55, -0.08524875, 2.164975), (0.548, -0.08524875, 2.164975), (0.548, -0.08122125, 2.151025), (0.55, -0.08122125, 2.151025), (0.55, -0.07182375, 2.151025), (0.548, -0.07182375, 2.151025), (0.548, -0.08122125, 2.164975), (0.55, -0.08122125, 2.164975), (0.55, -0.07182375, 2.164975), (0.548, -0.07182375, 2.164975), (0.548, -0.06779625, 2.151025), (0.55, -0.06779625, 2.151025), (0.55, -0.05839875, 2.151025), (0.548, -0.05839875, 2.151025), (0.548, -0.06779625, 2.164975), (0.55, -0.06779625, 2.164975), (0.55, -0.05839875, 2.164975), (0.548, -0.05839875, 2.164975), (0.548, -0.05437125, 2.151025), (0.55, -0.05437125, 2.151025), (0.55, -0.04497375, 2.151025), (0.548, -0.04497375, 2.151025), (0.548, -0.05437125, 2.164975), (0.55, -0.05437125, 2.164975), (0.55, -0.04497375, 2.164975), (0.548, -0.04497375, 2.164975), (0.548, -0.04094625, 2.151025), (0.55, -0.04094625, 2.151025), (0.55, -0.03154875, 2.151025), (0.548, -0.03154875, 2.151025), (0.548, -0.04094625, 2.164975), (0.55, -0.04094625, 2.164975), (0.55, -0.03154875, 2.164975), (0.548, -0.03154875, 2.164975), (0.548, -0.02752125, 2.151025), (0.55, -0.02752125, 2.151025), (0.55, -0.01812375, 2.151025), (0.548, -0.01812375, 2.151025), (0.548, -0.02752125, 2.164975), (0.55, -0.02752125, 2.164975), (0.55, -0.01812375, 2.164975), (0.548, -0.01812375, 2.164975), (0.548, -0.01409625, 2.151025), (0.55, -0.01409625, 2.151025), (0.55, -0.00469875, 2.151025), (0.548, -0.00469875, 2.151025), (0.548, -0.01409625, 2.164975), (0.55, -0.01409625, 2.164975), (0.55, -0.00469875, 2.164975), (0.548, -0.00469875, 2.164975), (0.548, -0.00067125, 2.151025), (0.55, -0.00067125, 2.151025), (0.55, 0.00872625, 2.151025), (0.548, 0.00872625, 2.151025), (0.548, -0.00067125, 2.164975), (0.55, -0.00067125, 2.164975), (0.55, 0.00872625, 2.164975), (0.548, 0.00872625, 2.164975), (0.548, 0.01275375, 2.151025), (0.55, 0.01275375, 2.151025), (0.55, 0.02215125, 2.151025), (0.548, 0.02215125, 2.151025), (0.548, 0.01275375, 2.164975), (0.55, 0.01275375, 2.164975), (0.55, 0.02215125, 2.164975), (0.548, 0.02215125, 2.164975), (0.548, 0.02617875, 2.151025), (0.55, 0.02617875, 2.151025), (0.55, 0.03557625, 2.151025), (0.548, 0.03557625, 2.151025), (0.548, 0.02617875, 2.164975), (0.55, 0.02617875, 2.164975), (0.55, 0.03557625, 2.164975), (0.548, 0.03557625, 2.164975), (0.548, 0.03960375, 2.151025), (0.55, 0.03960375, 2.151025), (0.55, 0.04900125, 2.151025), (0.548, 0.04900125, 2.151025), (0.548, 0.03960375, 2.164975), (0.55, 0.03960375, 2.164975), (0.55, 0.04900125, 2.164975), (0.548, 0.04900125, 2.164975), (0.548, 0.05302875, 2.151025), (0.55, 0.05302875, 2.151025), (0.55, 0.06242625, 2.151025), (0.548, 0.06242625, 2.151025), (0.548, 0.05302875, 2.164975), (0.55, 0.05302875, 2.164975), (0.55, 0.06242625, 2.164975), (0.548, 0.06242625, 2.164975), (0.548, 0.06645375, 2.151025), (0.55, 0.06645375, 2.151025), (0.55, 0.07585125, 2.151025), (0.548, 0.07585125, 2.151025), (0.548, 0.06645375, 2.164975), (0.55, 0.06645375, 2.164975), (0.55, 0.07585125, 2.164975), (0.548, 0.07585125, 2.164975), (0.548, 0.07987875, 2.151025), (0.55, 0.07987875, 2.151025), (0.55, 0.08927625, 2.151025), (0.548, 0.08927625, 2.151025), (0.548, 0.07987875, 2.164975), (0.55, 0.07987875, 2.164975), (0.55, 0.08927625, 2.164975), (0.548, 0.08927625, 2.164975), (0.548, 0.09330375, 2.151025), (0.55, 0.09330375, 2.151025), (0.55, 0.10270125, 2.151025), (0.548, 0.10270125, 2.151025), (0.548, 0.09330375, 2.164975), (0.55, 0.09330375, 2.164975), (0.55, 0.10270125, 2.164975), (0.548, 0.10270125, 2.164975), (0.548, 0.10672875, 2.151025), (0.55, 0.10672875, 2.151025), (0.55, 0.11612625, 2.151025), (0.548, 0.11612625, 2.151025), (0.548, 0.10672875, 2.164975), (0.55, 0.10672875, 2.164975), (0.55, 0.11612625, 2.164975), (0.548, 0.11612625, 2.164975)]
                    uniform token subdivisionScheme = "none"
                }

                def Mesh "StatusLamp" (
                    prepend apiSchemas = ["MaterialBindingAPI"]
                )
                {
                    float3[] extent = [(0.545, 0.2255, 2.156), (0.547, 0.2315, 2.16)]
                    int[] faceVertexCounts = [4, 4, 4, 4, 4, 4]
                    int[] faceVertexIndices = [0, 3, 2, 1, 4, 5, 6, 7, 0, 1, 5, 4, 2, 3, 7, 6, 1, 2, 6, 5, 3, 0, 4, 7]
                    rel material:binding = </GenericRack/Looks/StatusLamp>
                    uniform token orientation = "rightHanded"
                    point3f[] points = [(0.545, 0.2255, 2.156), (0.547, 0.2255, 2.156), (0.547, 0.2315, 2.156), (0.545, 0.2315, 2.156), (0.545, 0.2255, 2.16), (0.547, 0.2255, 2.16), (0.547, 0.2315, 2.16), (0.545, 0.2315, 2.16)]
                    uniform token subdivisionScheme = "none"
                }
            }
        }

        def "Rear"
        {
            def Mesh "Busbar" (
                prepend apiSchemas = ["MaterialBindingAPI"]
            )
            {
                float3[] extent = [(-0.53, -0.045, 0.07), (-0.5, 0.045, 2.182)]
                int[] faceVertexCounts = [4, 4, 4, 4, 4, 4]
                int[] faceVertexIndices = [0, 3, 2, 1, 4, 5, 6, 7, 0, 1, 5, 4, 2, 3, 7, 6, 1, 2, 6, 5, 3, 0, 4, 7]
                rel material:binding = </GenericRack/Looks/Busbar>
                uniform token orientation = "rightHanded"
                point3f[] points = [(-0.53, -0.045, 0.07), (-0.5, -0.045, 0.07), (-0.5, 0.045, 0.07), (-0.53, 0.045, 0.07), (-0.53, -0.045, 2.182), (-0.5, -0.045, 2.182), (-0.5, 0.045, 2.182), (-0.53, 0.045, 2.182)]
                uniform token subdivisionScheme = "none"
            }

            def Mesh "ManifoldSteel" (
                prepend apiSchemas = ["MaterialBindingAPI"]
            )
            {
                float3[] extent = [(-0.556, -0.196, 0.12), (-0.504, 0.196, 2.162)]
                int[] faceVertexCounts = [4, 4, 4, 4, 4, 4, 4, 4, 4, 4, 4, 4, 4, 4, 4, 4, 3, 3, 3, 3, 3, 3, 3, 3, 3, 3, 3, 3, 3, 3, 3, 3, 3, 3, 3, 3, 3, 3, 3, 3, 3, 3, 3, 3, 3, 3, 3, 3, 4, 4, 4, 4, 4, 4, 4, 4, 4, 4, 4, 4, 4, 4, 4, 4, 3, 3, 3, 3, 3, 3, 3, 3, 3, 3, 3, 3, 3, 3, 3, 3, 3, 3, 3, 3, 3, 3, 3, 3, 3, 3, 3, 3, 3, 3, 3, 3]
                int[] faceVertexIndices = [0, 1, 17, 16, 1, 2, 18, 17, 2, 3, 19, 18, 3, 4, 20, 19, 4, 5, 21, 20, 5, 6, 22, 21, 6, 7, 23, 22, 7, 8, 24, 23, 8, 9, 25, 24, 9, 10, 26, 25, 10, 11, 27, 26, 11, 12, 28, 27, 12, 13, 29, 28, 13, 14, 30, 29, 14, 15, 31, 30, 15, 0, 16, 31, 32, 1, 0, 33, 16, 17, 32, 2, 1, 33, 17, 18, 32, 3, 2, 33, 18, 19, 32, 4, 3, 33, 19, 20, 32, 5, 4, 33, 20, 21, 32, 6, 5, 33, 21, 22, 32, 7, 6, 33, 22, 23, 32, 8, 7, 33, 23, 24, 32, 9, 8, 33, 24, 25, 32, 10, 9, 33, 25, 26, 32, 11, 10, 33, 26, 27, 32, 12, 11, 33, 27, 28, 32, 13, 12, 33, 28, 29, 32, 14, 13, 33, 29, 30, 32, 15, 14, 33, 30, 31, 32, 0, 15, 33, 31, 16, 34, 35, 51, 50, 35, 36, 52, 51, 36, 37, 53, 52, 37, 38, 54, 53, 38, 39, 55, 54, 39, 40, 56, 55, 40, 41, 57, 56, 41, 42, 58, 57, 42, 43, 59, 58, 43, 44, 60, 59, 44, 45, 61, 60, 45, 46, 62, 61, 46, 47, 63, 62, 47, 48, 64, 63, 48, 49, 65, 64, 49, 34, 50, 65, 66, 35, 34, 67, 50, 51, 66, 36, 35, 67, 51, 52, 66, 37, 36, 67, 52, 53, 66, 38, 37, 67, 53, 54, 66, 39, 38, 67, 54, 55, 66, 40, 39, 67, 55, 56, 66, 41, 40, 67, 56, 57, 66, 42, 41, 67, 57, 58, 66, 43, 42, 67, 58, 59, 66, 44, 43, 67, 59, 60, 66, 45, 44, 67, 60, 61, 66, 46, 45, 67, 61, 62, 66, 47, 46, 67, 62, 63, 66, 48, 47, 67, 63, 64, 66, 49, 48, 67, 64, 65, 66, 34, 49, 67, 65, 50]
                rel material:binding = </GenericRack/Looks/ManifoldSteel>
                uniform token orientation = "rightHanded"
                point3f[] points = [(-0.53, -0.144, 0.12), (-0.5399498, -0.14597914, 0.12), (-0.5483848, -0.15161522, 0.12), (-0.5540209, -0.16005023, 0.12), (-0.556, -0.17, 0.12), (-0.5540209, -0.17994978, 0.12), (-0.5483848, -0.18838477, 0.12), (-0.5399498, -0.19402087, 0.12), (-0.53, -0.196, 0.12), (-0.5200502, -0.19402087, 0.12), (-0.5116152, -0.18838477, 0.12), (-0.5059791, -0.17994978, 0.12), (-0.504, -0.17, 0.12), (-0.5059791, -0.16005023, 0.12), (-0.5116152, -0.15161522, 0.12), (-0.5200502, -0.14597914, 0.12), (-0.53, -0.144, 2.162), (-0.5399498, -0.14597914, 2.162), (-0.5483848, -0.15161522, 2.162), (-0.5540209, -0.16005023, 2.162), (-0.556, -0.17, 2.162), (-0.5540209, -0.17994978, 2.162), (-0.5483848, -0.18838477, 2.162), (-0.5399498, -0.19402087, 2.162), (-0.53, -0.196, 2.162), (-0.5200502, -0.19402087, 2.162), (-0.5116152, -0.18838477, 2.162), (-0.5059791, -0.17994978, 2.162), (-0.504, -0.17, 2.162), (-0.5059791, -0.16005023, 2.162), (-0.5116152, -0.15161522, 2.162), (-0.5200502, -0.14597914, 2.162), (-0.53, -0.17, 0.12), (-0.53, -0.17, 2.162), (-0.53, 0.196, 0.12), (-0.5399498, 0.19402087, 0.12), (-0.5483848, 0.18838477, 0.12), (-0.5540209, 0.17994978, 0.12), (-0.556, 0.17, 0.12), (-0.5540209, 0.16005023, 0.12), (-0.5483848, 0.15161522, 0.12), (-0.5399498, 0.14597914, 0.12), (-0.53, 0.144, 0.12), (-0.5200502, 0.14597914, 0.12), (-0.5116152, 0.15161522, 0.12), (-0.5059791, 0.16005023, 0.12), (-0.504, 0.17, 0.12), (-0.5059791, 0.17994978, 0.12), (-0.5116152, 0.18838477, 0.12), (-0.5200502, 0.19402087, 0.12), (-0.53, 0.196, 2.162), (-0.5399498, 0.19402087, 2.162), (-0.5483848, 0.18838477, 2.162), (-0.5540209, 0.17994978, 2.162), (-0.556, 0.17, 2.162), (-0.5540209, 0.16005023, 2.162), (-0.5483848, 0.15161522, 2.162), (-0.5399498, 0.14597914, 2.162), (-0.53, 0.144, 2.162), (-0.5200502, 0.14597914, 2.162), (-0.5116152, 0.15161522, 2.162), (-0.5059791, 0.16005023, 2.162), (-0.504, 0.17, 2.162), (-0.5059791, 0.17994978, 2.162), (-0.5116152, 0.18838477, 2.162), (-0.5200502, 0.19402087, 2.162), (-0.53, 0.17, 0.12), (-0.53, 0.17, 2.162)]
                uniform token subdivisionScheme = "none"
            }

            def Mesh "Coupler" (
                prepend apiSchemas = ["MaterialBindingAPI"]
            )
            {
                float3[] extent = [(-0.562, -0.202, 0.1252), (-0.48, 0.202, 2.084)]
                int[] faceVertexCounts = [4, 4, 4, 4, 4, 4, 4, 4, 4, 4, 4, 4, 4, 4, 4, 4, 3, 3, 3, 3, 3, 3, 3, 3, 3, 3, 3, 3, 3, 3, 3, 3, 3, 3, 3, 3, 3, 3, 3, 3, 3, 3, 3, 3, 3, 3, 3, 3, 4, 4, 4, 4, 4, 4, 4, 4, 4, 4, 4, 4, 4, 4, 4, 4, 3, 3, 3, 3, 3, 3, 3, 3, 3, 3, 3, 3, 3, 3, 3, 3, 3, 3, 3, 3, 3, 3, 3, 3, 3, 3, 3, 3, 3, 3, 3, 3, 4, 4, 4, 4, 4, 4, 4, 4, 4, 4, 4, 4, 4, 4, 4, 4, 3, 3, 3, 3, 3, 3, 3, 3, 3, 3, 3, 3, 3, 3, 3, 3, 3, 3, 3, 3, 3, 3, 3, 3, 3, 3, 3, 3, 3, 3, 3, 3, 4, 4, 4, 4, 4, 4, 4, 4, 4, 4, 4, 4, 4, 4, 4, 4, 4, 4, 4, 4, 4, 4, 4, 4, 4, 4, 4, 4, 4, 4, 4, 4, 4, 4, 4, 4, 4, 4, 4, 4, 4, 4, 4, 4, 4, 4, 4, 4, 4, 4, 4, 4, 4, 4, 4, 4, 4, 4, 4, 4, 4, 4, 4, 4, 4, 4, 4, 4, 4, 4, 4, 4, 4, 4, 4, 4, 4, 4, 4, 4, 4, 4, 4, 4, 4, 4, 4, 4, 4, 4, 4, 4, 4, 4, 4, 4, 4, 4, 4, 4, 4, 4, 4, 4, 4, 4, 4, 4, 4, 4, 4, 4, 4, 4, 4, 4, 4, 4, 4, 4, 4, 4, 4, 4, 4, 4, 4, 4, 4, 4, 4, 4, 4, 4, 4, 4, 4, 4, 4, 4, 4, 4, 4, 4, 4, 4, 4, 4, 4, 4, 4, 4, 4, 4, 4, 4, 4, 4, 4, 4, 4, 4, 4, 4, 4, 4, 4, 4, 4, 4, 4, 4, 4, 4, 4, 4, 4, 4, 4, 4, 4, 4, 4, 4, 4, 4, 4, 4, 4, 4, 4, 4, 4, 4, 4, 4, 4, 4, 4, 4, 4, 4, 4, 4, 4, 4, 4, 4, 4, 4, 4, 4, 4, 4, 4, 4, 4, 4, 4, 4, 4, 4, 4, 4, 4, 4, 4, 4, 4, 4, 4, 4, 4, 4, 4, 4, 4, 4, 4, 4, 4, 4, 4, 4, 4, 4, 4, 4, 4, 4, 4, 4, 4, 4, 4, 4, 4, 4, 4, 4, 4, 4, 4, 4, 4, 4, 4, 4, 4, 4, 4, 4, 4, 4, 4, 4, 4, 4, 4, 4, 4, 4, 4, 4, 4, 4, 4, 4, 4, 4, 4, 4, 4, 4, 4, 4, 4, 4, 4, 4, 4, 4, 4, 4, 4, 4, 4, 4, 4, 4, 4, 4, 4, 4, 4, 4, 4, 4, 4, 4, 4, 4, 4, 4, 4, 4, 4, 4, 4, 4, 4, 4, 4, 4, 4, 4]
                int[] faceVertexIndices = [0, 1, 17, 16, 1, 2, 18, 17, 2, 3, 19, 18, 3, 4, 20, 19, 4, 5, 21, 20, 5, 6, 22, 21, 6, 7, 23, 22, 7, 8, 24, 23, 8, 9, 25, 24, 9, 10, 26, 25, 10, 11, 27, 26, 11, 12, 28, 27, 12, 13, 29, 28, 13, 14, 30, 29, 14, 15, 31, 30, 15, 0, 16, 31, 32, 1, 0, 33, 16, 17, 32, 2, 1, 33, 17, 18, 32, 3, 2, 33, 18, 19, 32, 4, 3, 33, 19, 20, 32, 5, 4, 33, 20, 21, 32, 6, 5, 33, 21, 22, 32, 7, 6, 33, 22, 23, 32, 8, 7, 33, 23, 24, 32, 9, 8, 33, 24, 25, 32, 10, 9, 33, 25, 26, 32, 11, 10, 33, 26, 27, 32, 12, 11, 33, 27, 28, 32, 13, 12, 33, 28, 29, 32, 14, 13, 33, 29, 30, 32, 15, 14, 33, 30, 31, 32, 0, 15, 33, 31, 16, 34, 35, 51, 50, 35, 36, 52, 51, 36, 37, 53, 52, 37, 38, 54, 53, 38, 39, 55, 54, 39, 40, 56, 55, 40, 41, 57, 56, 41, 42, 58, 57, 42, 43, 59, 58, 43, 44, 60, 59, 44, 45, 61, 60, 45, 46, 62, 61, 46, 47, 63, 62, 47, 48, 64, 63, 48, 49, 65, 64, 49, 34, 50, 65, 66, 35, 34, 67, 50, 51, 66, 36, 35, 67, 51, 52, 66, 37, 36, 67, 52, 53, 66, 38, 37, 67, 53, 54, 66, 39, 38, 67, 54, 55, 66, 40, 39, 67, 55, 56, 66, 41, 40, 67, 56, 57, 66, 42, 41, 67, 57, 58, 66, 43, 42, 67, 58, 59, 66, 44, 43, 67, 59, 60, 66, 45, 44, 67, 60, 61, 66, 46, 45, 67, 61, 62, 66, 47, 46, 67, 62, 63, 66, 48, 47, 67, 63, 64, 66, 49, 48, 67, 64, 65, 66, 34, 49, 67, 65, 50, 68, 69, 85, 84, 69, 70, 86, 85, 70, 71, 87, 86, 71, 72, 88, 87, 72, 73, 89, 88, 73, 74, 90, 89, 74, 75, 91, 90, 75, 76, 92, 91, 76, 77, 93, 92, 77, 78, 94, 93, 78, 79, 95, 94, 79, 80, 96, 95, 80, 81, 97, 96, 81, 82, 98, 97, 82, 83, 99, 98, 83, 68, 84, 99, 100, 69, 68, 101, 84, 85, 100, 70, 69, 101, 85, 86, 100, 71, 70, 101, 86, 87, 100, 72, 71, 101, 87, 88, 100, 73, 72, 101, 88, 89, 100, 74, 73, 101, 89, 90, 100, 75, 74, 101, 90, 91, 100, 76, 75, 101, 91, 92, 100, 77, 76, 101, 92, 93, 100, 78, 77, 101, 93, 94, 100, 79, 78, 101, 94, 95, 100, 80, 79, 101, 95, 96, 100, 81, 80, 101, 96, 97, 100, 82, 81, 101, 97, 98, 100, 83, 82, 101, 98, 99, 100, 68, 83, 101, 99, 84, 102, 105, 104, 103, 106, 107, 108, 109, 102, 103, 107, 106, 104, 105, 109, 108, 103, 104, 108, 107, 105, 102, 106, 109, 110, 113, 112, 111, 114, 115, 116, 117, 110, 111, 115, 114, 112, 113, 117, 116, 111, 112, 116, 115, 113, 110, 114, 117, 118, 121, 120, 119, 122, 123, 124, 125, 118, 119, 123, 122, 120, 121, 125, 124, 119, 120, 124, 123, 121, 118, 122, 125, 126, 129, 128, 127, 130, 131, 132, 133, 126, 127, 131, 130, 128, 129, 133, 132, 127, 128, 132, 131, 129, 126, 130, 133, 134, 137, 136, 135, 138, 139, 140, 141, 134, 135, 139, 138, 136, 137, 141, 140, 135, 136, 140, 139, 137, 134, 138, 141, 142, 145, 144, 143, 146, 147, 148, 149, 142, 143, 147, 146, 144, 145, 149, 148, 143, 144, 148, 147, 145, 142, 146, 149, 150, 153, 152, 151, 154, 155, 156, 157, 150, 151, 155, 154, 152, 153, 157, 156, 151, 152, 156, 155, 153, 150, 154, 157, 158, 161, 160, 159, 162, 163, 164, 165, 158, 159, 163, 162, 160, 161, 165, 164, 159, 160, 164, 163, 161, 158, 162, 165, 166, 169, 168, 167, 170, 171, 172, 173, 166, 167, 171, 170, 168, 169, 173, 172, 167, 168, 172, 171, 169, 166, 170, 173, 174, 177, 176, 175, 178, 179, 180, 181, 174, 175, 179, 178, 176, 177, 181, 180, 175, 176, 180, 179, 177, 174, 178, 181, 182, 185, 184, 183, 186, 187, 188, 189, 182, 183, 187, 186, 184, 185, 189, 188, 183, 184, 188, 187, 185, 182, 186, 189, 190, 193, 192, 191, 194, 195, 196, 197, 190, 191, 195, 194, 192, 193, 197, 196, 191, 192, 196, 195, 193, 190, 194, 197, 198, 201, 200, 199, 202, 203, 204, 205, 198, 199, 203, 202, 200, 201, 205, 204, 199, 200, 204, 203, 201, 198, 202, 205, 206, 209, 208, 207, 210, 211, 212, 213, 206, 207, 211, 210, 208, 209, 213, 212, 207, 208, 212, 211, 209, 206, 210, 213, 214, 217, 216, 215, 218, 219, 220, 221, 214, 215, 219, 218, 216, 217, 221, 220, 215, 216, 220, 219, 217, 214, 218, 221, 222, 225, 224, 223, 226, 227, 228, 229, 222, 223, 227, 226, 224, 225, 229, 228, 223, 224, 228, 227, 225, 222, 226, 229, 230, 233, 232, 231, 234, 235, 236, 237, 230, 231, 235, 234, 232, 233, 237, 236, 231, 232, 236, 235, 233, 230, 234, 237, 238, 241, 240, 239, 242, 243, 244, 245, 238, 239, 243, 242, 240, 241, 245, 244, 239, 240, 244, 243, 241, 238, 242, 245, 246, 249, 248, 247, 250, 251, 252, 253, 246, 247, 251, 250, 248, 249, 253, 252, 247, 248, 252, 251, 249, 246, 250, 253, 254, 257, 256, 255, 258, 259, 260, 261, 254, 255, 259, 258, 256, 257, 261, 260, 255, 256, 260, 259, 257, 254, 258, 261, 262, 265, 264, 263, 266, 267, 268, 269, 262, 263, 267, 266, 264, 265, 269, 268, 263, 264, 268, 267, 265, 262, 266, 269, 270, 273, 272, 271, 274, 275, 276, 277, 270, 271, 275, 274, 272, 273, 277, 276, 271, 272, 276, 275, 273, 270, 274, 277, 278, 281, 280, 279, 282, 283, 284, 285, 278, 279, 283, 282, 280, 281, 285, 284, 279, 280, 284, 283, 281, 278, 282, 285, 286, 289, 288, 287, 290, 291, 292, 293, 286, 287, 291, 290, 288, 289, 293, 292, 287, 288, 292, 291, 289, 286, 290, 293, 294, 297, 296, 295, 298, 299, 300, 301, 294, 295, 299, 298, 296, 297, 301, 300, 295, 296, 300, 299, 297, 294, 298, 301, 302, 305, 304, 303, 306, 307, 308, 309, 302, 303, 307, 306, 304, 305, 309, 308, 303, 304, 308, 307, 305, 302, 306, 309, 310, 313, 312, 311, 314, 315, 316, 317, 310, 311, 315, 314, 312, 313, 317, 316, 311, 312, 316, 315, 313, 310, 314, 317, 318, 321, 320, 319, 322, 323, 324, 325, 318, 319, 323, 322, 320, 321, 325, 324, 319, 320, 324, 323, 321, 318, 322, 325, 326, 329, 328, 327, 330, 331, 332, 333, 326, 327, 331, 330, 328, 329, 333, 332, 327, 328, 332, 331, 329, 326, 330, 333, 334, 337, 336, 335, 338, 339, 340, 341, 334, 335, 339, 338, 336, 337, 341, 340, 335, 336, 340, 339, 337, 334, 338, 341, 342, 345, 344, 343, 346, 347, 348, 349, 342, 343, 347, 346, 344, 345, 349, 348, 343, 344, 348, 347, 345, 342, 346, 349, 350, 353, 352, 351, 354, 355, 356, 357, 350, 351, 355, 354, 352, 353, 357, 356, 351, 352, 356, 355, 353, 350, 354, 357, 358, 361, 360, 359, 362, 363, 364, 365, 358, 359, 363, 362, 360, 361, 365, 364, 359, 360, 364, 363, 361, 358, 362, 365, 366, 369, 368, 367, 370, 371, 372, 373, 366, 367, 371, 370, 368, 369, 373, 372, 367, 368, 372, 371, 369, 366, 370, 373, 374, 377, 376, 375, 378, 379, 380, 381, 374, 375, 379, 378, 376, 377, 381, 380, 375, 376, 380, 379, 377, 374, 378, 381, 382, 385, 384, 383, 386, 387, 388, 389, 382, 383, 387, 386, 384, 385, 389, 388, 383, 384, 388, 387, 385, 382, 386, 389, 390, 393, 392, 391, 394, 395, 396, 397, 390, 391, 395, 394, 392, 393, 397, 396, 391, 392, 396, 395, 393, 390, 394, 397, 398, 401, 400, 399, 402, 403, 404, 405, 398, 399, 403, 402, 400, 401, 405, 404, 399, 400, 404, 403, 401, 398, 402, 405, 406, 409, 408, 407, 410, 411, 412, 413, 406, 407, 411, 410, 408, 409, 413, 412, 407, 408, 412, 411, 409, 406, 410, 413, 414, 417, 416, 415, 418, 419, 420, 421, 414, 415, 419, 418, 416, 417, 421, 420, 415, 416, 420, 419, 417, 414, 418, 421, 422, 425, 424, 423, 426, 427, 428, 429, 422, 423, 427, 426, 424, 425, 429, 428, 423, 424, 428, 427, 425, 422, 426, 429, 430, 433, 432, 431, 434, 435, 436, 437, 430, 431, 435, 434, 432, 433, 437, 436, 431, 432, 436, 435, 433, 430, 434, 437, 438, 441, 440, 439, 442, 443, 444, 445, 438, 439, 443, 442, 440, 441, 445, 444, 439, 440, 444, 443, 441, 438, 442, 445, 446, 449, 448, 447, 450, 451, 452, 453, 446, 447, 451, 450, 448, 449, 453, 452, 447, 448, 452, 451, 449, 446, 450, 453, 454, 457, 456, 455, 458, 459, 460, 461, 454, 455, 459, 458, 456, 457, 461, 460, 455, 456, 460, 459, 457, 454, 458, 461, 462, 465, 464, 463, 466, 467, 468, 469, 462, 463, 467, 466, 464, 465, 469, 468, 463, 464, 468, 467, 465, 462, 466, 469, 470, 473, 472, 471, 474, 475, 476, 477, 470, 471, 475, 474, 472, 473, 477, 476, 471, 472, 476, 475, 473, 470, 474, 477, 478, 481, 480, 479, 482, 483, 484, 485, 478, 479, 483, 482, 480, 481, 485, 484, 479, 480, 484, 483, 481, 478, 482, 485, 486, 489, 488, 487, 490, 491, 492, 493, 486, 487, 491, 490, 488, 489, 493, 492, 487, 488, 492, 491, 489, 486, 490, 493, 494, 497, 496, 495, 498, 499, 500, 501, 494, 495, 499, 498, 496, 497, 501, 500, 495, 496, 500, 499, 497, 494, 498, 501, 502, 505, 504, 503, 506, 507, 508, 509, 502, 503, 507, 506, 504, 505, 509, 508, 503, 504, 508, 507, 505, 502, 506, 509, 510, 513, 512, 511, 514, 515, 516, 517, 510, 511, 515, 514, 512, 513, 517, 516, 511, 512, 516, 515, 513, 510, 514, 517, 518, 521, 520, 519, 522, 523, 524, 525, 518, 519, 523, 522, 520, 521, 525, 524, 519, 520, 524, 523, 521, 518, 522, 525, 526, 529, 528, 527, 530, 531, 532, 533, 526, 527, 531, 530, 528, 529, 533, 532, 527, 528, 532, 531, 529, 526, 530, 533, 534, 537, 536, 535, 538, 539, 540, 541, 534, 535, 539, 538, 536, 537, 541, 540, 535, 536, 540, 539, 537, 534, 538, 541, 542, 545, 544, 543, 546, 547, 548, 549, 542, 543, 547, 546, 544, 545, 549, 548, 543, 544, 548, 547, 545, 542, 546, 549]
                rel material:binding = </GenericRack/Looks/Coupler>
                uniform token orientation = "rightHanded"
                point3f[] points = [(-0.53, -0.138, 2.06), (-0.54224586, -0.14043586, 2.06), (-0.55262744, -0.14737259, 2.06), (-0.5595642, -0.15775412, 2.06), (-0.562, -0.17, 2.06), (-0.5595642, -0.18224587, 2.06), (-0.55262744, -0.19262742, 2.06), (-0.54224586, -0.19956414, 2.06), (-0.53, -0.202, 2.06), (-0.51775414, -0.19956414, 2.06), (-0.50737256, -0.19262742, 2.06), (-0.5004358, -0.18224587, 2.06), (-0.498, -0.17, 2.06), (-0.5004358, -0.15775412, 2.06), (-0.50737256, -0.14737259, 2.06), (-0.51775414, -0.14043586, 2.06), (-0.53, -0.138, 2.084), (-0.54224586, -0.14043586, 2.084), (-0.55262744, -0.14737259, 2.084), (-0.5595642, -0.15775412, 2.084), (-0.562, -0.17, 2.084), (-0.5595642, -0.18224587, 2.084), (-0.55262744, -0.19262742, 2.084), (-0.54224586, -0.19956414, 2.084), (-0.53, -0.202, 2.084), (-0.51775414, -0.19956414, 2.084), (-0.50737256, -0.19262742, 2.084), (-0.5004358, -0.18224587, 2.084), (-0.498, -0.17, 2.084), (-0.5004358, -0.15775412, 2.084), (-0.50737256, -0.14737259, 2.084), (-0.51775414, -0.14043586, 2.084), (-0.53, -0.17, 2.06), (-0.53, -0.17, 2.084), (-0.53, -0.138, 2.01), (-0.54224586, -0.14043586, 2.01), (-0.55262744, -0.14737259, 2.01), (-0.5595642, -0.15775412, 2.01), (-0.562, -0.17, 2.01), (-0.5595642, -0.18224587, 2.01), (-0.55262744, -0.19262742, 2.01), (-0.54224586, -0.19956414, 2.01), (-0.53, -0.202, 2.01), (-0.51775414, -0.19956414, 2.01), (-0.50737256, -0.19262742, 2.01), (-0.5004358, -0.18224587, 2.01), (-0.498, -0.17, 2.01), (-0.5004358, -0.15775412, 2.01), (-0.50737256, -0.14737259, 2.01), (-0.51775414, -0.14043586, 2.01), (-0.53, -0.138, 2.034), (-0.54224586, -0.14043586, 2.034), (-0.55262744, -0.14737259, 2.034), (-0.5595642, -0.15775412, 2.034), (-0.562, -0.17, 2.034), (-0.5595642, -0.18224587, 2.034), (-0.55262744, -0.19262742, 2.034), (-0.54224586, -0.19956414, 2.034), (-0.53, -0.202, 2.034), (-0.51775414, -0.19956414, 2.034), (-0.50737256, -0.19262742, 2.034), (-0.5004358, -0.18224587, 2.034), (-0.498, -0.17, 2.034), (-0.5004358, -0.15775412, 2.034), (-0.50737256, -0.14737259, 2.034), (-0.51775414, -0.14043586, 2.034), (-0.53, -0.17, 2.01), (-0.53, -0.17, 2.034), (-0.53, 0.202, 2.06), (-0.54224586, 0.19956414, 2.06), (-0.55262744, 0.19262742, 2.06), (-0.5595642, 0.18224587, 2.06), (-0.562, 0.17, 2.06), (-0.5595642, 0.15775412, 2.06), (-0.55262744, 0.14737259, 2.06), (-0.54224586, 0.14043586, 2.06), (-0.53, 0.138, 2.06), (-0.51775414, 0.14043586, 2.06), (-0.50737256, 0.14737259, 2.06), (-0.5004358, 0.15775412, 2.06), (-0.498, 0.17, 2.06), (-0.5004358, 0.18224587, 2.06), (-0.50737256, 0.19262742, 2.06), (-0.51775414, 0.19956414, 2.06), (-0.53, 0.202, 2.084), (-0.54224586, 0.19956414, 2.084), (-0.55262744, 0.19262742, 2.084), (-0.5595642, 0.18224587, 2.084), (-0.562, 0.17, 2.084), (-0.5595642, 0.15775412, 2.084), (-0.55262744, 0.14737259, 2.084), (-0.54224586, 0.14043586, 2.084), (-0.53, 0.138, 2.084), (-0.51775414, 0.14043586, 2.084), (-0.50737256, 0.14737259, 2.084), (-0.5004358, 0.15775412, 2.084), (-0.498, 0.17, 2.084), (-0.5004358, 0.18224587, 2.084), (-0.50737256, 0.19262742, 2.084), (-0.51775414, 0.19956414, 2.084), (-0.53, 0.17, 2.06), (-0.53, 0.17, 2.084), (-0.51, -0.15, 0.1252), (-0.48, -0.15, 0.1252), (-0.48, -0.1, 0.1252), (-0.51, -0.1, 0.1252), (-0.51, -0.15, 0.1588), (-0.48, -0.15, 0.1588), (-0.48, -0.1, 0.1588), (-0.51, -0.1, 0.1588), (-0.51, 0.1, 0.1252), (-0.48, 0.1, 0.1252), (-0.48, 0.15, 0.1252), (-0.51, 0.15, 0.1252), (-0.51, 0.1, 0.1588), (-0.48, 0.1, 0.1588), (-0.48, 0.15, 0.1588), (-0.51, 0.15, 0.1588), (-0.51, -0.15, 0.1732), (-0.48, -0.15, 0.1732), (-0.48, -0.1, 0.1732), (-0.51, -0.1, 0.1732), (-0.51, -0.15, 0.2068), (-0.48, -0.15, 0.2068), (-0.48, -0.1, 0.2068), (-0.51, -0.1, 0.2068), (-0.51, 0.1, 0.1732), (-0.48, 0.1, 0.1732), (-0.48, 0.15, 0.1732), (-0.51, 0.15, 0.1732), (-0.51, 0.1, 0.2068), (-0.48, 0.1, 0.2068), (-0.48, 0.15, 0.2068), (-0.51, 0.15, 0.2068), (-0.51, -0.15, 0.2212), (-0.48, -0.15, 0.2212), (-0.48, -0.1, 0.2212), (-0.51, -0.1, 0.2212), (-0.51, -0.15, 0.2548), (-0.48, -0.15, 0.2548), (-0.48, -0.1, 0.2548), (-0.51, -0.1, 0.2548), (-0.51, 0.1, 0.2212), (-0.48, 0.1, 0.2212), (-0.48, 0.15, 0.2212), (-0.51, 0.15, 0.2212), (-0.51, 0.1, 0.2548), (-0.48, 0.1, 0.2548), (-0.48, 0.15, 0.2548), (-0.51, 0.15, 0.2548), (-0.51, -0.15, 0.2692), (-0.48, -0.15, 0.2692), (-0.48, -0.1, 0.2692), (-0.51, -0.1, 0.2692), (-0.51, -0.15, 0.3028), (-0.48, -0.15, 0.3028), (-0.48, -0.1, 0.3028), (-0.51, -0.1, 0.3028), (-0.51, 0.1, 0.2692), (-0.48, 0.1, 0.2692), (-0.48, 0.15, 0.2692), (-0.51, 0.15, 0.2692), (-0.51, 0.1, 0.3028), (-0.48, 0.1, 0.3028), (-0.48, 0.15, 0.3028), (-0.51, 0.15, 0.3028), (-0.51, -0.15, 0.3172), (-0.48, -0.15, 0.3172), (-0.48, -0.1, 0.3172), (-0.51, -0.1, 0.3172), (-0.51, -0.15, 0.3508), (-0.48, -0.15, 0.3508), (-0.48, -0.1, 0.3508), (-0.51, -0.1, 0.3508), (-0.51, 0.1, 0.3172), (-0.48, 0.1, 0.3172), (-0.48, 0.15, 0.3172), (-0.51, 0.15, 0.3172), (-0.51, 0.1, 0.3508), (-0.48, 0.1, 0.3508), (-0.48, 0.15, 0.3508), (-0.51, 0.15, 0.3508), (-0.51, -0.15, 0.3652), (-0.48, -0.15, 0.3652), (-0.48, -0.1, 0.3652), (-0.51, -0.1, 0.3652), (-0.51, -0.15, 0.3988), (-0.48, -0.15, 0.3988), (-0.48, -0.1, 0.3988), (-0.51, -0.1, 0.3988), (-0.51, 0.1, 0.3652), (-0.48, 0.1, 0.3652), (-0.48, 0.15, 0.3652), (-0.51, 0.15, 0.3652), (-0.51, 0.1, 0.3988), (-0.48, 0.1, 0.3988), (-0.48, 0.15, 0.3988), (-0.51, 0.15, 0.3988), (-0.51, -0.15, 0.4132), (-0.48, -0.15, 0.4132), (-0.48, -0.1, 0.4132), (-0.51, -0.1, 0.4132), (-0.51, -0.15, 0.4468), (-0.48, -0.15, 0.4468), (-0.48, -0.1, 0.4468), (-0.51, -0.1, 0.4468), (-0.51, 0.1, 0.4132), (-0.48, 0.1, 0.4132), (-0.48, 0.15, 0.4132), (-0.51, 0.15, 0.4132), (-0.51, 0.1, 0.4468), (-0.48, 0.1, 0.4468), (-0.48, 0.15, 0.4468), (-0.51, 0.15, 0.4468), (-0.51, -0.15, 0.4612), (-0.48, -0.15, 0.4612), (-0.48, -0.1, 0.4612), (-0.51, -0.1, 0.4612), (-0.51, -0.15, 0.4948), (-0.48, -0.15, 0.4948), (-0.48, -0.1, 0.4948), (-0.51, -0.1, 0.4948), (-0.51, 0.1, 0.4612), (-0.48, 0.1, 0.4612), (-0.48, 0.15, 0.4612), (-0.51, 0.15, 0.4612), (-0.51, 0.1, 0.4948), (-0.48, 0.1, 0.4948), (-0.48, 0.15, 0.4948), (-0.51, 0.15, 0.4948), (-0.51, -0.15, 0.5092), (-0.48, -0.15, 0.5092), (-0.48, -0.1, 0.5092), (-0.51, -0.1, 0.5092), (-0.51, -0.15, 0.5428), (-0.48, -0.15, 0.5428), (-0.48, -0.1, 0.5428), (-0.51, -0.1, 0.5428), (-0.51, 0.1, 0.5092), (-0.48, 0.1, 0.5092), (-0.48, 0.15, 0.5092), (-0.51, 0.15, 0.5092), (-0.51, 0.1, 0.5428), (-0.48, 0.1, 0.5428), (-0.48, 0.15, 0.5428), (-0.51, 0.15, 0.5428), (-0.51, -0.15, 0.5572), (-0.48, -0.15, 0.5572), (-0.48, -0.1, 0.5572), (-0.51, -0.1, 0.5572), (-0.51, -0.15, 0.5908), (-0.48, -0.15, 0.5908), (-0.48, -0.1, 0.5908), (-0.51, -0.1, 0.5908), (-0.51, 0.1, 0.5572), (-0.48, 0.1, 0.5572), (-0.48, 0.15, 0.5572), (-0.51, 0.15, 0.5572), (-0.51, 0.1, 0.5908), (-0.48, 0.1, 0.5908), (-0.48, 0.15, 0.5908), (-0.51, 0.15, 0.5908), (-0.51, -0.15, 0.6052), (-0.48, -0.15, 0.6052), (-0.48, -0.1, 0.6052), (-0.51, -0.1, 0.6052), (-0.51, -0.15, 0.6388), (-0.48, -0.15, 0.6388), (-0.48, -0.1, 0.6388), (-0.51, -0.1, 0.6388), (-0.51, 0.1, 0.6052), (-0.48, 0.1, 0.6052), (-0.48, 0.15, 0.6052), (-0.51, 0.15, 0.6052), (-0.51, 0.1, 0.6388), (-0.48, 0.1, 0.6388), (-0.48, 0.15, 0.6388), (-0.51, 0.15, 0.6388), (-0.51, -0.15, 0.6532), (-0.48, -0.15, 0.6532), (-0.48, -0.1, 0.6532), (-0.51, -0.1, 0.6532), (-0.51, -0.15, 0.6868), (-0.48, -0.15, 0.6868), (-0.48, -0.1, 0.6868), (-0.51, -0.1, 0.6868), (-0.51, 0.1, 0.6532), (-0.48, 0.1, 0.6532), (-0.48, 0.15, 0.6532), (-0.51, 0.15, 0.6532), (-0.51, 0.1, 0.6868), (-0.48, 0.1, 0.6868), (-0.48, 0.15, 0.6868), (-0.51, 0.15, 0.6868), (-0.51, -0.15, 1.2292), (-0.48, -0.15, 1.2292), (-0.48, -0.1, 1.2292), (-0.51, -0.1, 1.2292), (-0.51, -0.15, 1.2628), (-0.48, -0.15, 1.2628), (-0.48, -0.1, 1.2628), (-0.51, -0.1, 1.2628), (-0.51, 0.1, 1.2292), (-0.48, 0.1, 1.2292), (-0.48, 0.15, 1.2292), (-0.51, 0.15, 1.2292), (-0.51, 0.1, 1.2628), (-0.48, 0.1, 1.2628), (-0.48, 0.15, 1.2628), (-0.51, 0.15, 1.2628), (-0.51, -0.15, 1.2772), (-0.48, -0.15, 1.2772), (-0.48, -0.1, 1.2772), (-0.51, -0.1, 1.2772), (-0.51, -0.15, 1.3108), (-0.48, -0.15, 1.3108), (-0.48, -0.1, 1.3108), (-0.51, -0.1, 1.3108), (-0.51, 0.1, 1.2772), (-0.48, 0.1, 1.2772), (-0.48, 0.15, 1.2772), (-0.51, 0.15, 1.2772), (-0.51, 0.1, 1.3108), (-0.48, 0.1, 1.3108), (-0.48, 0.15, 1.3108), (-0.51, 0.15, 1.3108), (-0.51, -0.15, 1.3252), (-0.48, -0.15, 1.3252), (-0.48, -0.1, 1.3252), (-0.51, -0.1, 1.3252), (-0.51, -0.15, 1.3588), (-0.48, -0.15, 1.3588), (-0.48, -0.1, 1.3588), (-0.51, -0.1, 1.3588), (-0.51, 0.1, 1.3252), (-0.48, 0.1, 1.3252), (-0.48, 0.15, 1.3252), (-0.51, 0.15, 1.3252), (-0.51, 0.1, 1.3588), (-0.48, 0.1, 1.3588), (-0.48, 0.15, 1.3588), (-0.51, 0.15, 1.3588), (-0.51, -0.15, 1.3732), (-0.48, -0.15, 1.3732), (-0.48, -0.1, 1.3732), (-0.51, -0.1, 1.3732), (-0.51, -0.15, 1.4068), (-0.48, -0.15, 1.4068), (-0.48, -0.1, 1.4068), (-0.51, -0.1, 1.4068), (-0.51, 0.1, 1.3732), (-0.48, 0.1, 1.3732), (-0.48, 0.15, 1.3732), (-0.51, 0.15, 1.3732), (-0.51, 0.1, 1.4068), (-0.48, 0.1, 1.4068), (-0.48, 0.15, 1.4068), (-0.51, 0.15, 1.4068), (-0.51, -0.15, 1.4212), (-0.48, -0.15, 1.4212), (-0.48, -0.1, 1.4212), (-0.51, -0.1, 1.4212), (-0.51, -0.15, 1.4548), (-0.48, -0.15, 1.4548), (-0.48, -0.1, 1.4548), (-0.51, -0.1, 1.4548), (-0.51, 0.1, 1.4212), (-0.48, 0.1, 1.4212), (-0.48, 0.15, 1.4212), (-0.51, 0.15, 1.4212), (-0.51, 0.1, 1.4548), (-0.48, 0.1, 1.4548), (-0.48, 0.15, 1.4548), (-0.51, 0.15, 1.4548), (-0.51, -0.15, 1.4692), (-0.48, -0.15, 1.4692), (-0.48, -0.1, 1.4692), (-0.51, -0.1, 1.4692), (-0.51, -0.15, 1.5028), (-0.48, -0.15, 1.5028), (-0.48, -0.1, 1.5028), (-0.51, -0.1, 1.5028), (-0.51, 0.1, 1.4692), (-0.48, 0.1, 1.4692), (-0.48, 0.15, 1.4692), (-0.51, 0.15, 1.4692), (-0.51, 0.1, 1.5028), (-0.48, 0.1, 1.5028), (-0.48, 0.15, 1.5028), (-0.51, 0.15, 1.5028), (-0.51, -0.15, 1.5172), (-0.48, -0.15, 1.5172), (-0.48, -0.1, 1.5172), (-0.51, -0.1, 1.5172), (-0.51, -0.15, 1.5508), (-0.48, -0.15, 1.5508), (-0.48, -0.1, 1.5508), (-0.51, -0.1, 1.5508), (-0.51, 0.1, 1.5172), (-0.48, 0.1, 1.5172), (-0.48, 0.15, 1.5172), (-0.51, 0.15, 1.5172), (-0.51, 0.1, 1.5508), (-0.48, 0.1, 1.5508), (-0.48, 0.15, 1.5508), (-0.51, 0.15, 1.5508), (-0.51, -0.15, 1.5652), (-0.48, -0.15, 1.5652), (-0.48, -0.1, 1.5652), (-0.51, -0.1, 1.5652), (-0.51, -0.15, 1.5988), (-0.48, -0.15, 1.5988), (-0.48, -0.1, 1.5988), (-0.51, -0.1, 1.5988), (-0.51, 0.1, 1.5652), (-0.48, 0.1, 1.5652), (-0.48, 0.15, 1.5652), (-0.51, 0.15, 1.5652), (-0.51, 0.1, 1.5988), (-0.48, 0.1, 1.5988), (-0.48, 0.15, 1.5988), (-0.51, 0.15, 1.5988), (-0.51, -0.15, 1.6132), (-0.48, -0.15, 1.6132), (-0.48, -0.1, 1.6132), (-0.51, -0.1, 1.6132), (-0.51, -0.15, 1.6468), (-0.48, -0.15, 1.6468), (-0.48, -0.1, 1.6468), (-0.51, -0.1, 1.6468), (-0.51, 0.1, 1.6132), (-0.48, 0.1, 1.6132), (-0.48, 0.15, 1.6132), (-0.51, 0.15, 1.6132), (-0.51, 0.1, 1.6468), (-0.48, 0.1, 1.6468), (-0.48, 0.15, 1.6468), (-0.51, 0.15, 1.6468), (-0.51, -0.15, 1.6612), (-0.48, -0.15, 1.6612), (-0.48, -0.1, 1.6612), (-0.51, -0.1, 1.6612), (-0.51, -0.15, 1.6948), (-0.48, -0.15, 1.6948), (-0.48, -0.1, 1.6948), (-0.51, -0.1, 1.6948), (-0.51, 0.1, 1.6612), (-0.48, 0.1, 1.6612), (-0.48, 0.15, 1.6612), (-0.51, 0.15, 1.6612), (-0.51, 0.1, 1.6948), (-0.48, 0.1, 1.6948), (-0.48, 0.15, 1.6948), (-0.51, 0.15, 1.6948), (-0.51, -0.15, 1.7092), (-0.48, -0.15, 1.7092), (-0.48, -0.1, 1.7092), (-0.51, -0.1, 1.7092), (-0.51, -0.15, 1.7428), (-0.48, -0.15, 1.7428), (-0.48, -0.1, 1.7428), (-0.51, -0.1, 1.7428), (-0.51, 0.1, 1.7092), (-0.48, 0.1, 1.7092), (-0.48, 0.15, 1.7092), (-0.51, 0.15, 1.7092), (-0.51, 0.1, 1.7428), (-0.48, 0.1, 1.7428), (-0.48, 0.15, 1.7428), (-0.51, 0.15, 1.7428), (-0.51, -0.15, 1.7572), (-0.48, -0.15, 1.7572), (-0.48, -0.1, 1.7572), (-0.51, -0.1, 1.7572), (-0.51, -0.15, 1.7908), (-0.48, -0.15, 1.7908), (-0.48, -0.1, 1.7908), (-0.51, -0.1, 1.7908), (-0.51, 0.1, 1.7572), (-0.48, 0.1, 1.7572), (-0.48, 0.15, 1.7572), (-0.51, 0.15, 1.7572), (-0.51, 0.1, 1.7908), (-0.48, 0.1, 1.7908), (-0.48, 0.15, 1.7908), (-0.51, 0.15, 1.7908), (-0.5, -0.1911, 0.8476), (-0.48, -0.1911, 0.8476), (-0.48, -0.1311, 0.8476), (-0.5, -0.1311, 0.8476), (-0.5, -0.1911, 0.8764), (-0.48, -0.1911, 0.8764), (-0.48, -0.1311, 0.8764), (-0.5, -0.1311, 0.8764), (-0.5, 0.1311, 0.8476), (-0.48, 0.1311, 0.8476), (-0.48, 0.1911, 0.8476), (-0.5, 0.1911, 0.8476), (-0.5, 0.1311, 0.8764), (-0.48, 0.1311, 0.8764), (-0.48, 0.1911, 0.8764), (-0.5, 0.1911, 0.8764), (-0.5, -0.1911, 0.8956), (-0.48, -0.1911, 0.8956), (-0.48, -0.1311, 0.8956), (-0.5, -0.1311, 0.8956), (-0.5, -0.1911, 0.9244), (-0.48, -0.1911, 0.9244), (-0.48, -0.1311, 0.9244), (-0.5, -0.1311, 0.9244), (-0.5, 0.1311, 0.8956), (-0.48, 0.1311, 0.8956), (-0.48, 0.1911, 0.8956), (-0.5, 0.1911, 0.8956), (-0.5, 0.1311, 0.9244), (-0.48, 0.1311, 0.9244), (-0.48, 0.1911, 0.9244), (-0.5, 0.1911, 0.9244), (-0.5, -0.1911, 1.1356), (-0.48, -0.1911, 1.1356), (-0.48, -0.1311, 1.1356), (-0.5, -0.1311, 1.1356), (-0.5, -0.1911, 1.1644), (-0.48, -0.1911, 1.1644), (-0.48, -0.1311, 1.1644), (-0.5, -0.1311, 1.1644), (-0.5, 0.1311, 1.1356), (-0.48, 0.1311, 1.1356), (-0.48, 0.1911, 1.1356), (-0.5, 0.1911, 1.1356), (-0.5, 0.1311, 1.1644), (-0.48, 0.1311, 1.1644), (-0.48, 0.1911, 1.1644), (-0.5, 0.1911, 1.1644), (-0.5, -0.1911, 1.1836), (-0.48, -0.1911, 1.1836), (-0.48, -0.1311, 1.1836), (-0.5, -0.1311, 1.1836), (-0.5, -0.1911, 1.2124), (-0.48, -0.1911, 1.2124), (-0.48, -0.1311, 1.2124), (-0.5, -0.1311, 1.2124), (-0.5, 0.1311, 1.1836), (-0.48, 0.1311, 1.1836), (-0.48, 0.1911, 1.1836), (-0.5, 0.1911, 1.1836), (-0.5, 0.1311, 1.2124), (-0.48, 0.1311, 1.2124), (-0.48, 0.1911, 1.2124), (-0.5, 0.1911, 1.2124)]
                uniform token subdivisionScheme = "none"
            }
        }
    }

    def Scope "ConnectionPoints"
    {
        uniform token purpose = "guide"

        def Mesh "spt_electrical_nominal_voltage_01" (
            prepend apiSchemas = ["MaterialBindingAPI"]
        )
        {
            custom string aidc:connectionType = "power" (
                doc = "Connection point attribute"
            )
            custom string aidc:note = "rack power feed A to the power shelves (rear top)" (
                doc = "Connection point attribute"
            )
            custom string aidc:path = "A" (
                doc = "Connection point attribute"
            )
            float3[] extent = [(-0.53, -0.07, 2.092), (-0.49, -0.03, 2.132)]
            int[] faceVertexCounts = [4, 4, 4, 4, 4, 4]
            int[] faceVertexIndices = [0, 3, 2, 1, 4, 5, 6, 7, 0, 1, 5, 4, 2, 3, 7, 6, 1, 2, 6, 5, 3, 0, 4, 7]
            rel material:binding = </GenericRack/Looks/Marker>
            uniform token orientation = "rightHanded"
            point3f[] points = [(-0.53, -0.07, 2.092), (-0.49, -0.07, 2.092), (-0.49, -0.03, 2.092), (-0.53, -0.03, 2.092), (-0.53, -0.07, 2.132), (-0.49, -0.07, 2.132), (-0.49, -0.03, 2.132), (-0.53, -0.03, 2.132)]
            uniform token purpose = "guide"
            uniform token subdivisionScheme = "none"
        }

        def Mesh "spt_electrical_nominal_voltage_02" (
            prepend apiSchemas = ["MaterialBindingAPI"]
        )
        {
            custom string aidc:connectionType = "power" (
                doc = "Connection point attribute"
            )
            custom string aidc:note = "rack power feed B" (
                doc = "Connection point attribute"
            )
            custom string aidc:path = "B" (
                doc = "Connection point attribute"
            )
            float3[] extent = [(-0.53, 0.03, 2.092), (-0.49, 0.07, 2.132)]
            int[] faceVertexCounts = [4, 4, 4, 4, 4, 4]
            int[] faceVertexIndices = [0, 3, 2, 1, 4, 5, 6, 7, 0, 1, 5, 4, 2, 3, 7, 6, 1, 2, 6, 5, 3, 0, 4, 7]
            rel material:binding = </GenericRack/Looks/Marker>
            uniform token orientation = "rightHanded"
            point3f[] points = [(-0.53, 0.03, 2.092), (-0.49, 0.03, 2.092), (-0.49, 0.07, 2.092), (-0.53, 0.07, 2.092), (-0.53, 0.03, 2.132), (-0.49, 0.03, 2.132), (-0.49, 0.07, 2.132), (-0.53, 0.07, 2.132)]
            uniform token purpose = "guide"
            uniform token subdivisionScheme = "none"
        }

        def Mesh "spt_liq_supply" (
            prepend apiSchemas = ["MaterialBindingAPI"]
        )
        {
            custom string aidc:connectionType = "liquid-supply" (
                doc = "Connection point attribute"
            )
            custom string aidc:note = "rear manifold supply (two collars)" (
                doc = "Connection point attribute"
            )
            float3[] extent = [(-0.56, -0.2, 0.11), (-0.5, -0.14, 0.17)]
            int[] faceVertexCounts = [4, 4, 4, 4, 4, 4]
            int[] faceVertexIndices = [0, 3, 2, 1, 4, 5, 6, 7, 0, 1, 5, 4, 2, 3, 7, 6, 1, 2, 6, 5, 3, 0, 4, 7]
            rel material:binding = </GenericRack/Looks/Marker>
            uniform token orientation = "rightHanded"
            point3f[] points = [(-0.56, -0.2, 0.11), (-0.5, -0.2, 0.11), (-0.5, -0.14, 0.11), (-0.56, -0.14, 0.11), (-0.56, -0.2, 0.17), (-0.5, -0.2, 0.17), (-0.5, -0.14, 0.17), (-0.56, -0.14, 0.17)]
            uniform token purpose = "guide"
            uniform token subdivisionScheme = "none"
        }

        def Mesh "spt_liq_return" (
            prepend apiSchemas = ["MaterialBindingAPI"]
        )
        {
            custom string aidc:connectionType = "liquid-return" (
                doc = "Connection point attribute"
            )
            custom string aidc:note = "rear manifold return (one collar)" (
                doc = "Connection point attribute"
            )
            float3[] extent = [(-0.56, 0.14, 0.11), (-0.5, 0.2, 0.17)]
            int[] faceVertexCounts = [4, 4, 4, 4, 4, 4]
            int[] faceVertexIndices = [0, 3, 2, 1, 4, 5, 6, 7, 0, 1, 5, 4, 2, 3, 7, 6, 1, 2, 6, 5, 3, 0, 4, 7]
            rel material:binding = </GenericRack/Looks/Marker>
            uniform token orientation = "rightHanded"
            point3f[] points = [(-0.56, 0.14, 0.11), (-0.5, 0.14, 0.11), (-0.5, 0.2, 0.11), (-0.56, 0.2, 0.11), (-0.56, 0.14, 0.17), (-0.5, 0.14, 0.17), (-0.5, 0.2, 0.17), (-0.56, 0.2, 0.17)]
            uniform token purpose = "guide"
            uniform token subdivisionScheme = "none"
        }

        def Mesh "spt_airvent_intake" (
            prepend apiSchemas = ["MaterialBindingAPI"]
        )
        {
            custom string aidc:connectionType = "air-intake" (
                doc = "Connection point attribute"
            )
            custom string aidc:note = "residual air intake, front" (
                doc = "Connection point attribute"
            )
            float3[] extent = [(0.59, -0.2685, 0.2732), (0.6, 0.2685, 1.9788)]
            int[] faceVertexCounts = [4, 4, 4, 4, 4, 4]
            int[] faceVertexIndices = [0, 3, 2, 1, 4, 5, 6, 7, 0, 1, 5, 4, 2, 3, 7, 6, 1, 2, 6, 5, 3, 0, 4, 7]
            rel material:binding = </GenericRack/Looks/Marker>
            uniform token orientation = "rightHanded"
            point3f[] points = [(0.59, -0.2685, 0.2732), (0.6, -0.2685, 0.2732), (0.6, 0.2685, 0.2732), (0.59, 0.2685, 0.2732), (0.59, -0.2685, 1.9788), (0.6, -0.2685, 1.9788), (0.6, 0.2685, 1.9788), (0.59, 0.2685, 1.9788)]
            uniform token purpose = "guide"
            uniform token subdivisionScheme = "none"
        }

        def Mesh "spt_airvent_outflow" (
            prepend apiSchemas = ["MaterialBindingAPI"]
        )
        {
            custom string aidc:connectionType = "air-outflow" (
                doc = "Connection point attribute"
            )
            custom string aidc:note = "residual air outflow, rear" (
                doc = "Connection point attribute"
            )
            float3[] extent = [(-0.6, -0.2685, 0.2732), (-0.59, 0.2685, 1.9788)]
            int[] faceVertexCounts = [4, 4, 4, 4, 4, 4]
            int[] faceVertexIndices = [0, 3, 2, 1, 4, 5, 6, 7, 0, 1, 5, 4, 2, 3, 7, 6, 1, 2, 6, 5, 3, 0, 4, 7]
            rel material:binding = </GenericRack/Looks/Marker>
            uniform token orientation = "rightHanded"
            point3f[] points = [(-0.6, -0.2685, 0.2732), (-0.59, -0.2685, 0.2732), (-0.59, 0.2685, 0.2732), (-0.6, 0.2685, 0.2732), (-0.6, -0.2685, 1.9788), (-0.59, -0.2685, 1.9788), (-0.59, 0.2685, 1.9788), (-0.6, 0.2685, 1.9788)]
            uniform token purpose = "guide"
            uniform token subdivisionScheme = "none"
        }

        def Mesh "spt_scaleout_fiber" (
            prepend apiSchemas = ["MaterialBindingAPI"]
        )
        {
            custom string aidc:connectionType = "network" (
                doc = "Connection point attribute"
            )
            custom string aidc:note = "front-end / scale-out fibre exit (front top)" (
                doc = "Connection point attribute"
            )
            float3[] extent = [(0.58, -0.13425, 2.147), (0.6, 0.13425, 2.177)]
            int[] faceVertexCounts = [4, 4, 4, 4, 4, 4]
            int[] faceVertexIndices = [0, 3, 2, 1, 4, 5, 6, 7, 0, 1, 5, 4, 2, 3, 7, 6, 1, 2, 6, 5, 3, 0, 4, 7]
            rel material:binding = </GenericRack/Looks/Marker>
            uniform token orientation = "rightHanded"
            point3f[] points = [(0.58, -0.13425, 2.147), (0.6, -0.13425, 2.147), (0.6, 0.13425, 2.147), (0.58, 0.13425, 2.147), (0.58, -0.13425, 2.177), (0.6, -0.13425, 2.177), (0.6, 0.13425, 2.177), (0.58, 0.13425, 2.177)]
            uniform token purpose = "guide"
            uniform token subdivisionScheme = "none"
        }
    }
}

